path,relative_path,surface_code,surface_name,subclass_code,crack_status,binary_label,surface_class
C:\Users\sumit\Desktop\kavita_capstone\dataset\D\CD\7009-220.jpg,dataset/D/CD/7009-220.jpg,D,Deck,CD,Cracked,1,D/CD
C:\Users\sumit\Desktop\kavita_capstone\dataset\W\UW\7103-45.jpg,dataset/W/UW/7103-45.jpg,W,Wall,UW,Uncracked,0,W/UW
C:\Users\sumit\Desktop\kavita_capstone\dataset\P\CP\014-40.jpg,dataset/P/CP/014-40.jpg,P,Pavement,CP,Cracked,1,P/CP
C:\Users\sumit\Desktop\kavita_capstone\dataset\W\UW\7123-8.jpg,dataset/W/UW/7123-8.jpg,W,Wall,UW,Uncracked,0,W/UW
C:\Users\sumit\Desktop\kavita_capstone\dataset\D\CD\7020-26.jpg,dataset/D/CD/7020-26.jpg,D,Deck,CD,Cracked,1,D/CD
C:\Users\sumit\Desktop\kavita_capstone\dataset\P\UP\085-189.jpg,dataset/P/UP/085-189.jpg,P,Pavement,UP,Uncracked,0,P/UP
C:\Users\sumit\Desktop\kavita_capstone\dataset\W\UW\7097-118.jpg,dataset/W/UW/7097-118.jpg,W,Wall,UW,Uncracked,0,W/UW
C:\Users\sumit\Desktop\kavita_capstone\dataset\W\UW\7082-36.jpg,dataset/W/UW/7082-36.jpg,W,Wall,UW,Uncracked,0,W/UW
C:\Users\sumit\Desktop\kavita_capstone\dataset\W\CW\7086-29.jpg,dataset/W/CW/7086-29.jpg,W,Wall,CW,Cracked,1,W/CW
C:\Users\sumit\Desktop\kavita_capstone\dataset\D\UD\7023-45.jpg,dataset/D/UD/7023-45.jpg,D,Deck,UD,Uncracked,0,D/UD
C:\Users\sumit\Desktop\kavita_capstone\dataset\W\CW\7090-127.jpg,dataset/W/CW/7090-127.jpg,W,Wall,CW,Cracked,1,W/CW
C:\Users\sumit\Desktop\kavita_capstone\dataset\P\CP\008-138.jpg,dataset/P/CP/008-138.jpg,P,Pavement,CP,Cracked,1,P/CP
C:\Users\sumit\Desktop\kavita_capstone\dataset\P\CP\045-5.jpg,dataset/P/CP/045-5.jpg,P,Pavement,CP,Cracked,1,P/CP
C:\Users\sumit\Desktop\kavita_capstone\dataset\P\UP\098-45.jpg,dataset/P/UP/098-45.jpg,P,Pavement,UP,Uncracked,0,P/UP
C:\Users\sumit\Desktop\kavita_capstone\dataset\P\UP\037-44.jpg,dataset/P/UP/037-44.jpg,P,Pavement,UP,Uncracked,0,P/UP
C:\Users\sumit\Desktop\kavita_capstone\dataset\W\CW\7071-155.jpg,dataset/W/CW/7071-155.jpg,W,Wall,CW,Cracked,1,W/CW
C:\Users\sumit\Desktop\kavita_capstone\dataset\W\CW\7119-125.jpg,dataset/W/CW/7119-125.jpg,W,Wall,CW,Cracked,1,W/CW
C:\Users\sumit\Desktop\kavita_capstone\dataset\W\CW\7083-105.jpg,dataset/W/CW/7083-105.jpg,W,Wall,CW,Cracked,1,W/CW
C:\Users\sumit\Desktop\kavita_capstone\dataset\P\UP\096-196.jpg,dataset/P/UP/096-196.jpg,P,Pavement,UP,Uncracked,0,P/UP
C:\Users\sumit\Desktop\kavita_capstone\dataset\W\UW\7100-190.jpg,dataset/W/UW/7100-190.jpg,W,Wall,UW,Uncracked,0,W/UW
C:\Users\sumit\Desktop\kavita_capstone\dataset\W\UW\7138-73.jpg,dataset/W/UW/7138-73.jpg,W,Wall,UW,Uncracked,0,W/UW
C:\Users\sumit\Desktop\kavita_capstone\dataset\P\UP\061-6.jpg,dataset/P/UP/061-6.jpg,P,Pavement,UP,Uncracked,0,P/UP
C:\Users\sumit\Desktop\kavita_capstone\dataset\P\UP\039-37.jpg,dataset/P/UP/039-37.jpg,P,Pavement,UP,Uncracked,0,P/UP
C:\Users\sumit\Desktop\kavita_capstone\dataset\W\UW\7138-142.jpg,dataset/W/UW/7138-142.jpg,W,Wall,UW,Uncracked,0,W/UW
C:\Users\sumit\Desktop\kavita_capstone\dataset\P\UP\078-229.jpg,dataset/P/UP/078-229.jpg,P,Pavement,UP,Uncracked,0,P/UP
C:\Users\sumit\Desktop\kavita_capstone\dataset\P\CP\071-8.jpg,dataset/P/CP/071-8.jpg,P,Pavement,CP,Cracked,1,P/CP
C:\Users\sumit\Desktop\kavita_capstone\dataset\P\UP\019-180.jpg,dataset/P/UP/019-180.jpg,P,Pavement,UP,Uncracked,0,P/UP
C:\Users\sumit\Desktop\kavita_capstone\dataset\D\CD\7029-114.jpg,dataset/D/CD/7029-114.jpg,D,Deck,CD,Cracked,1,D/CD
C:\Users\sumit\Desktop\kavita_capstone\dataset\W\UW\7086-236.jpg,dataset/W/UW/7086-236.jpg,W,Wall,UW,Uncracked,0,W/UW
C:\Users\sumit\Desktop\kavita_capstone\dataset\P\UP\004-149.jpg,dataset/P/UP/004-149.jpg,P,Pavement,UP,Uncracked,0,P/UP
C:\Users\sumit\Desktop\kavita_capstone\dataset\P\CP\090-11.jpg,dataset/P/CP/090-11.jpg,P,Pavement,CP,Cracked,1,P/CP
C:\Users\sumit\Desktop\kavita_capstone\dataset\W\UW\7082-175.jpg,dataset/W/UW/7082-175.jpg,W,Wall,UW,Uncracked,0,W/UW
C:\Users\sumit\Desktop\kavita_capstone\dataset\P\UP\072-187.jpg,dataset/P/UP/072-187.jpg,P,Pavement,UP,Uncracked,0,P/UP
C:\Users\sumit\Desktop\kavita_capstone\dataset\W\CW\7084-11.jpg,dataset/W/CW/7084-11.jpg,W,Wall,CW,Cracked,1,W/CW
C:\Users\sumit\Desktop\kavita_capstone\dataset\W\UW\7089-240.jpg,dataset/W/UW/7089-240.jpg,W,Wall,UW,Uncracked,0,W/UW
C:\Users\sumit\Desktop\kavita_capstone\dataset\P\UP\031-62.jpg,dataset/P/UP/031-62.jpg,P,Pavement,UP,Uncracked,0,P/UP
C:\Users\sumit\Desktop\kavita_capstone\dataset\D\CD\7014-186.jpg,dataset/D/CD/7014-186.jpg,D,Deck,CD,Cracked,1,D/CD
C:\Users\sumit\Desktop\kavita_capstone\dataset\P\UP\007-29.jpg,dataset/P/UP/007-29.jpg,P,Pavement,UP,Uncracked,0,P/UP
C:\Users\sumit\Desktop\kavita_capstone\dataset\W\CW\7074-75.jpg,dataset/W/CW/7074-75.jpg,W,Wall,CW,Cracked,1,W/CW
C:\Users\sumit\Desktop\kavita_capstone\dataset\D\CD\7027-151.jpg,dataset/D/CD/7027-151.jpg,D,Deck,CD,Cracked,1,D/CD
C:\Users\sumit\Desktop\kavita_capstone\dataset\W\UW\7087-185.jpg,dataset/W/UW/7087-185.jpg,W,Wall,UW,Uncracked,0,W/UW
C:\Users\sumit\Desktop\kavita_capstone\dataset\D\UD\7017-78.jpg,dataset/D/UD/7017-78.jpg,D,Deck,UD,Uncracked,0,D/UD
C:\Users\sumit\Desktop\kavita_capstone\dataset\D\CD\7004-157.jpg,dataset/D/CD/7004-157.jpg,D,Deck,CD,Cracked,1,D/CD
C:\Users\sumit\Desktop\kavita_capstone\dataset\D\UD\7031-219.jpg,dataset/D/UD/7031-219.jpg,D,Deck,UD,Uncracked,0,D/UD
C:\Users\sumit\Desktop\kavita_capstone\dataset\W\CW\7088-228.jpg,dataset/W/CW/7088-228.jpg,W,Wall,CW,Cracked,1,W/CW
C:\Users\sumit\Desktop\kavita_capstone\dataset\P\CP\079-78.jpg,dataset/P/CP/079-78.jpg,P,Pavement,CP,Cracked,1,P/CP
C:\Users\sumit\Desktop\kavita_capstone\dataset\D\CD\7035-109.jpg,dataset/D/CD/7035-109.jpg,D,Deck,CD,Cracked,1,D/CD
C:\Users\sumit\Desktop\kavita_capstone\dataset\D\CD\7044-34.jpg,dataset/D/CD/7044-34.jpg,D,Deck,CD,Cracked,1,D/CD
C:\Users\sumit\Desktop\kavita_capstone\dataset\D\CD\7023-22.jpg,dataset/D/CD/7023-22.jpg,D,Deck,CD,Cracked,1,D/CD
C:\Users\sumit\Desktop\kavita_capstone\dataset\D\UD\7051-26.jpg,dataset/D/UD/7051-26.jpg,D,Deck,UD,Uncracked,0,D/UD
C:\Users\sumit\Desktop\kavita_capstone\dataset\P\UP\098-227.jpg,dataset/P/UP/098-227.jpg,P,Pavement,UP,Uncracked,0,P/UP
C:\Users\sumit\Desktop\kavita_capstone\dataset\P\UP\034-95.jpg,dataset/P/UP/034-95.jpg,P,Pavement,UP,Uncracked,0,P/UP
C:\Users\sumit\Desktop\kavita_capstone\dataset\P\UP\078-182.jpg,dataset/P/UP/078-182.jpg,P,Pavement,UP,Uncracked,0,P/UP
C:\Users\sumit\Desktop\kavita_capstone\dataset\W\CW\7115-13.jpg,dataset/W/CW/7115-13.jpg,W,Wall,CW,Cracked,1,W/CW
C:\Users\sumit\Desktop\kavita_capstone\dataset\P\UP\053-223.jpg,dataset/P/UP/053-223.jpg,P,Pavement,UP,Uncracked,0,P/UP
C:\Users\sumit\Desktop\kavita_capstone\dataset\D\CD\7036-26.jpg,dataset/D/CD/7036-26.jpg,D,Deck,CD,Cracked,1,D/CD
C:\Users\sumit\Desktop\kavita_capstone\dataset\W\UW\7099-102.jpg,dataset/W/UW/7099-102.jpg,W,Wall,UW,Uncracked,0,W/UW
C:\Users\sumit\Desktop\kavita_capstone\dataset\W\UW\7088-218.jpg,dataset/W/UW/7088-218.jpg,W,Wall,UW,Uncracked,0,W/UW
C:\Users\sumit\Desktop\kavita_capstone\dataset\D\UD\7039-70.jpg,dataset/D/UD/7039-70.jpg,D,Deck,UD,Uncracked,0,D/UD
C:\Users\sumit\Desktop\kavita_capstone\dataset\D\CD\7050-189.jpg,dataset/D/CD/7050-189.jpg,D,Deck,CD,Cracked,1,D/CD
C:\Users\sumit\Desktop\kavita_capstone\dataset\D\CD\7007-122.jpg,dataset/D/CD/7007-122.jpg,D,Deck,CD,Cracked,1,D/CD
C:\Users\sumit\Desktop\kavita_capstone\dataset\D\CD\7004-63.jpg,dataset/D/CD/7004-63.jpg,D,Deck,CD,Cracked,1,D/CD
C:\Users\sumit\Desktop\kavita_capstone\dataset\D\CD\7028-58.jpg,dataset/D/CD/7028-58.jpg,D,Deck,CD,Cracked,1,D/CD
C:\Users\sumit\Desktop\kavita_capstone\dataset\D\UD\7020-159.jpg,dataset/D/UD/7020-159.jpg,D,Deck,UD,Uncracked,0,D/UD
C:\Users\sumit\Desktop\kavita_capstone\dataset\W\CW\7084-69.jpg,dataset/W/CW/7084-69.jpg,W,Wall,CW,Cracked,1,W/CW
C:\Users\sumit\Desktop\kavita_capstone\dataset\P\CP\020-187.jpg,dataset/P/CP/020-187.jpg,P,Pavement,CP,Cracked,1,P/CP
C:\Users\sumit\Desktop\kavita_capstone\dataset\P\CP\018-76.jpg,dataset/P/CP/018-76.jpg,P,Pavement,CP,Cracked,1,P/CP
C:\Users\sumit\Desktop\kavita_capstone\dataset\W\UW\7096-213.jpg,dataset/W/UW/7096-213.jpg,W,Wall,UW,Uncracked,0,W/UW
C:\Users\sumit\Desktop\kavita_capstone\dataset\P\CP\100-56.jpg,dataset/P/CP/100-56.jpg,P,Pavement,CP,Cracked,1,P/CP
C:\Users\sumit\Desktop\kavita_capstone\dataset\W\CW\7101-190.jpg,dataset/W/CW/7101-190.jpg,W,Wall,CW,Cracked,1,W/CW
C:\Users\sumit\Desktop\kavita_capstone\dataset\W\CW\7089-38.jpg,dataset/W/CW/7089-38.jpg,W,Wall,CW,Cracked,1,W/CW
C:\Users\sumit\Desktop\kavita_capstone\dataset\W\CW\7087-1.jpg,dataset/W/CW/7087-1.jpg,W,Wall,CW,Cracked,1,W/CW
C:\Users\sumit\Desktop\kavita_capstone\dataset\P\UP\076-57.jpg,dataset/P/UP/076-57.jpg,P,Pavement,UP,Uncracked,0,P/UP
C:\Users\sumit\Desktop\kavita_capstone\dataset\P\CP\020-126.jpg,dataset/P/CP/020-126.jpg,P,Pavement,CP,Cracked,1,P/CP
C:\Users\sumit\Desktop\kavita_capstone\dataset\W\CW\7069-47.jpg,dataset/W/CW/7069-47.jpg,W,Wall,CW,Cracked,1,W/CW
C:\Users\sumit\Desktop\kavita_capstone\dataset\W\UW\7107-243.jpg,dataset/W/UW/7107-243.jpg,W,Wall,UW,Uncracked,0,W/UW
C:\Users\sumit\Desktop\kavita_capstone\dataset\D\UD\7047-213.jpg,dataset/D/UD/7047-213.jpg,D,Deck,UD,Uncracked,0,D/UD
C:\Users\sumit\Desktop\kavita_capstone\dataset\W\CW\7135-116.jpg,dataset/W/CW/7135-116.jpg,W,Wall,CW,Cracked,1,W/CW
C:\Users\sumit\Desktop\kavita_capstone\dataset\W\CW\7079-207.jpg,dataset/W/CW/7079-207.jpg,W,Wall,CW,Cracked,1,W/CW
C:\Users\sumit\Desktop\kavita_capstone\dataset\D\CD\7010-96.jpg,dataset/D/CD/7010-96.jpg,D,Deck,CD,Cracked,1,D/CD
C:\Users\sumit\Desktop\kavita_capstone\dataset\W\CW\7102-79.jpg,dataset/W/CW/7102-79.jpg,W,Wall,CW,Cracked,1,W/CW
C:\Users\sumit\Desktop\kavita_capstone\dataset\P\UP\029-61.jpg,dataset/P/UP/029-61.jpg,P,Pavement,UP,Uncracked,0,P/UP
C:\Users\sumit\Desktop\kavita_capstone\dataset\P\CP\085-96.jpg,dataset/P/CP/085-96.jpg,P,Pavement,CP,Cracked,1,P/CP
C:\Users\sumit\Desktop\kavita_capstone\dataset\D\UD\7012-3.jpg,dataset/D/UD/7012-3.jpg,D,Deck,UD,Uncracked,0,D/UD
C:\Users\sumit\Desktop\kavita_capstone\dataset\P\UP\066-189.jpg,dataset/P/UP/066-189.jpg,P,Pavement,UP,Uncracked,0,P/UP
C:\Users\sumit\Desktop\kavita_capstone\dataset\W\UW\7073-156.jpg,dataset/W/UW/7073-156.jpg,W,Wall,UW,Uncracked,0,W/UW
C:\Users\sumit\Desktop\kavita_capstone\dataset\W\UW\7134-204.jpg,dataset/W/UW/7134-204.jpg,W,Wall,UW,Uncracked,0,W/UW
C:\Users\sumit\Desktop\kavita_capstone\dataset\D\CD\7038-107.jpg,dataset/D/CD/7038-107.jpg,D,Deck,CD,Cracked,1,D/CD
C:\Users\sumit\Desktop\kavita_capstone\dataset\W\CW\7111-171.jpg,dataset/W/CW/7111-171.jpg,W,Wall,CW,Cracked,1,W/CW
C:\Users\sumit\Desktop\kavita_capstone\dataset\D\UD\7057-14.jpg,dataset/D/UD/7057-14.jpg,D,Deck,UD,Uncracked,0,D/UD
C:\Users\sumit\Desktop\kavita_capstone\dataset\P\CP\068-101.jpg,dataset/P/CP/068-101.jpg,P,Pavement,CP,Cracked,1,P/CP
C:\Users\sumit\Desktop\kavita_capstone\dataset\P\UP\050-213.jpg,dataset/P/UP/050-213.jpg,P,Pavement,UP,Uncracked,0,P/UP
C:\Users\sumit\Desktop\kavita_capstone\dataset\W\UW\7111-200.jpg,dataset/W/UW/7111-200.jpg,W,Wall,UW,Uncracked,0,W/UW
C:\Users\sumit\Desktop\kavita_capstone\dataset\W\CW\7081-153.jpg,dataset/W/CW/7081-153.jpg,W,Wall,CW,Cracked,1,W/CW
C:\Users\sumit\Desktop\kavita_capstone\dataset\D\UD\7001-217.jpg,dataset/D/UD/7001-217.jpg,D,Deck,UD,Uncracked,0,D/UD
C:\Users\sumit\Desktop\kavita_capstone\dataset\W\UW\7134-215.jpg,dataset/W/UW/7134-215.jpg,W,Wall,UW,Uncracked,0,W/UW
C:\Users\sumit\Desktop\kavita_capstone\dataset\W\CW\7124-168.jpg,dataset/W/CW/7124-168.jpg,W,Wall,CW,Cracked,1,W/CW
C:\Users\sumit\Desktop\kavita_capstone\dataset\W\UW\7094-123.jpg,dataset/W/UW/7094-123.jpg,W,Wall,UW,Uncracked,0,W/UW
C:\Users\sumit\Desktop\kavita_capstone\dataset\D\UD\7015-57.jpg,dataset/D/UD/7015-57.jpg,D,Deck,UD,Uncracked,0,D/UD
C:\Users\sumit\Desktop\kavita_capstone\dataset\P\UP\034-130.jpg,dataset/P/UP/034-130.jpg,P,Pavement,UP,Uncracked,0,P/UP
C:\Users\sumit\Desktop\kavita_capstone\dataset\P\UP\059-186.jpg,dataset/P/UP/059-186.jpg,P,Pavement,UP,Uncracked,0,P/UP
C:\Users\sumit\Desktop\kavita_capstone\dataset\P\UP\011-147.jpg,dataset/P/UP/011-147.jpg,P,Pavement,UP,Uncracked,0,P/UP
C:\Users\sumit\Desktop\kavita_capstone\dataset\P\CP\072-106.jpg,dataset/P/CP/072-106.jpg,P,Pavement,CP,Cracked,1,P/CP
C:\Users\sumit\Desktop\kavita_capstone\dataset\P\UP\058-56.jpg,dataset/P/UP/058-56.jpg,P,Pavement,UP,Uncracked,0,P/UP
C:\Users\sumit\Desktop\kavita_capstone\dataset\W\CW\7104-245.jpg,dataset/W/CW/7104-245.jpg,W,Wall,CW,Cracked,1,W/CW
C:\Users\sumit\Desktop\kavita_capstone\dataset\P\UP\053-10.jpg,dataset/P/UP/053-10.jpg,P,Pavement,UP,Uncracked,0,P/UP
C:\Users\sumit\Desktop\kavita_capstone\dataset\D\UD\7016-13.jpg,dataset/D/UD/7016-13.jpg,D,Deck,UD,Uncracked,0,D/UD
C:\Users\sumit\Desktop\kavita_capstone\dataset\D\CD\7021-135.jpg,dataset/D/CD/7021-135.jpg,D,Deck,CD,Cracked,1,D/CD
C:\Users\sumit\Desktop\kavita_capstone\dataset\D\UD\7032-139.jpg,dataset/D/UD/7032-139.jpg,D,Deck,UD,Uncracked,0,D/UD
C:\Users\sumit\Desktop\kavita_capstone\dataset\P\UP\092-128.jpg,dataset/P/UP/092-128.jpg,P,Pavement,UP,Uncracked,0,P/UP
C:\Users\sumit\Desktop\kavita_capstone\dataset\P\UP\013-188.jpg,dataset/P/UP/013-188.jpg,P,Pavement,UP,Uncracked,0,P/UP
C:\Users\sumit\Desktop\kavita_capstone\dataset\D\CD\7018-64.jpg,dataset/D/CD/7018-64.jpg,D,Deck,CD,Cracked,1,D/CD
C:\Users\sumit\Desktop\kavita_capstone\dataset\D\UD\7016-173.jpg,dataset/D/UD/7016-173.jpg,D,Deck,UD,Uncracked,0,D/UD
C:\Users\sumit\Desktop\kavita_capstone\dataset\P\UP\028-129.jpg,dataset/P/UP/028-129.jpg,P,Pavement,UP,Uncracked,0,P/UP
C:\Users\sumit\Desktop\kavita_capstone\dataset\P\CP\102-58.jpg,dataset/P/CP/102-58.jpg,P,Pavement,CP,Cracked,1,P/CP
C:\Users\sumit\Desktop\kavita_capstone\dataset\P\CP\055-45.jpg,dataset/P/CP/055-45.jpg,P,Pavement,CP,Cracked,1,P/CP
C:\Users\sumit\Desktop\kavita_capstone\dataset\W\UW\7114-83.jpg,dataset/W/UW/7114-83.jpg,W,Wall,UW,Uncracked,0,W/UW
C:\Users\sumit\Desktop\kavita_capstone\dataset\W\UW\7106-182.jpg,dataset/W/UW/7106-182.jpg,W,Wall,UW,Uncracked,0,W/UW
C:\Users\sumit\Desktop\kavita_capstone\dataset\D\CD\7003-162.jpg,dataset/D/CD/7003-162.jpg,D,Deck,CD,Cracked,1,D/CD
C:\Users\sumit\Desktop\kavita_capstone\dataset\D\CD\7049-89.jpg,dataset/D/CD/7049-89.jpg,D,Deck,CD,Cracked,1,D/CD
C:\Users\sumit\Desktop\kavita_capstone\dataset\D\UD\7031-44.jpg,dataset/D/UD/7031-44.jpg,D,Deck,UD,Uncracked,0,D/UD
C:\Users\sumit\Desktop\kavita_capstone\dataset\D\UD\7037-72.jpg,dataset/D/UD/7037-72.jpg,D,Deck,UD,Uncracked,0,D/UD
C:\Users\sumit\Desktop\kavita_capstone\dataset\P\CP\048-95.jpg,dataset/P/CP/048-95.jpg,P,Pavement,CP,Cracked,1,P/CP
C:\Users\sumit\Desktop\kavita_capstone\dataset\P\UP\103-64.jpg,dataset/P/UP/103-64.jpg,P,Pavement,UP,Uncracked,0,P/UP
C:\Users\sumit\Desktop\kavita_capstone\dataset\P\CP\053-153.jpg,dataset/P/CP/053-153.jpg,P,Pavement,CP,Cracked,1,P/CP
C:\Users\sumit\Desktop\kavita_capstone\dataset\D\CD\7040-99.jpg,dataset/D/CD/7040-99.jpg,D,Deck,CD,Cracked,1,D/CD
C:\Users\sumit\Desktop\kavita_capstone\dataset\W\UW\7070-242.jpg,dataset/W/UW/7070-242.jpg,W,Wall,UW,Uncracked,0,W/UW
C:\Users\sumit\Desktop\kavita_capstone\dataset\D\UD\7044-47.jpg,dataset/D/UD/7044-47.jpg,D,Deck,UD,Uncracked,0,D/UD
C:\Users\sumit\Desktop\kavita_capstone\dataset\P\UP\018-72.jpg,dataset/P/UP/018-72.jpg,P,Pavement,UP,Uncracked,0,P/UP
C:\Users\sumit\Desktop\kavita_capstone\dataset\W\UW\7134-223.jpg,dataset/W/UW/7134-223.jpg,W,Wall,UW,Uncracked,0,W/UW
C:\Users\sumit\Desktop\kavita_capstone\dataset\W\UW\7071-109.jpg,dataset/W/UW/7071-109.jpg,W,Wall,UW,Uncracked,0,W/UW
C:\Users\sumit\Desktop\kavita_capstone\dataset\W\CW\7117-97.jpg,dataset/W/CW/7117-97.jpg,W,Wall,CW,Cracked,1,W/CW
C:\Users\sumit\Desktop\kavita_capstone\dataset\W\CW\7090-19.jpg,dataset/W/CW/7090-19.jpg,W,Wall,CW,Cracked,1,W/CW
C:\Users\sumit\Desktop\kavita_capstone\dataset\D\CD\7052-243.jpg,dataset/D/CD/7052-243.jpg,D,Deck,CD,Cracked,1,D/CD
C:\Users\sumit\Desktop\kavita_capstone\dataset\D\CD\7048-64.jpg,dataset/D/CD/7048-64.jpg,D,Deck,CD,Cracked,1,D/CD
C:\Users\sumit\Desktop\kavita_capstone\dataset\W\CW\7093-99.jpg,dataset/W/CW/7093-99.jpg,W,Wall,CW,Cracked,1,W/CW
C:\Users\sumit\Desktop\kavita_capstone\dataset\D\UD\7028-56.jpg,dataset/D/UD/7028-56.jpg,D,Deck,UD,Uncracked,0,D/UD
C:\Users\sumit\Desktop\kavita_capstone\dataset\P\UP\094-210.jpg,dataset/P/UP/094-210.jpg,P,Pavement,UP,Uncracked,0,P/UP
C:\Users\sumit\Desktop\kavita_capstone\dataset\D\UD\7032-245.jpg,dataset/D/UD/7032-245.jpg,D,Deck,UD,Uncracked,0,D/UD
C:\Users\sumit\Desktop\kavita_capstone\dataset\W\UW\7069-38.jpg,dataset/W/UW/7069-38.jpg,W,Wall,UW,Uncracked,0,W/UW
C:\Users\sumit\Desktop\kavita_capstone\dataset\W\CW\7093-155.jpg,dataset/W/CW/7093-155.jpg,W,Wall,CW,Cracked,1,W/CW
C:\Users\sumit\Desktop\kavita_capstone\dataset\P\UP\001-35.jpg,dataset/P/UP/001-35.jpg,P,Pavement,UP,Uncracked,0,P/UP
C:\Users\sumit\Desktop\kavita_capstone\dataset\P\CP\071-7.jpg,dataset/P/CP/071-7.jpg,P,Pavement,CP,Cracked,1,P/CP
C:\Users\sumit\Desktop\kavita_capstone\dataset\P\UP\046-118.jpg,dataset/P/UP/046-118.jpg,P,Pavement,UP,Uncracked,0,P/UP
C:\Users\sumit\Desktop\kavita_capstone\dataset\D\CD\7001-2.jpg,dataset/D/CD/7001-2.jpg,D,Deck,CD,Cracked,1,D/CD
C:\Users\sumit\Desktop\kavita_capstone\dataset\D\UD\7052-59.jpg,dataset/D/UD/7052-59.jpg,D,Deck,UD,Uncracked,0,D/UD
C:\Users\sumit\Desktop\kavita_capstone\dataset\W\CW\7087-181.jpg,dataset/W/CW/7087-181.jpg,W,Wall,CW,Cracked,1,W/CW
C:\Users\sumit\Desktop\kavita_capstone\dataset\W\CW\7091-248.jpg,dataset/W/CW/7091-248.jpg,W,Wall,CW,Cracked,1,W/CW
C:\Users\sumit\Desktop\kavita_capstone\dataset\D\CD\7052-29.jpg,dataset/D/CD/7052-29.jpg,D,Deck,CD,Cracked,1,D/CD
C:\Users\sumit\Desktop\kavita_capstone\dataset\P\CP\004-121.jpg,dataset/P/CP/004-121.jpg,P,Pavement,CP,Cracked,1,P/CP
C:\Users\sumit\Desktop\kavita_capstone\dataset\W\CW\7084-205.jpg,dataset/W/CW/7084-205.jpg,W,Wall,CW,Cracked,1,W/CW
C:\Users\sumit\Desktop\kavita_capstone\dataset\D\UD\7009-86.jpg,dataset/D/UD/7009-86.jpg,D,Deck,UD,Uncracked,0,D/UD
C:\Users\sumit\Desktop\kavita_capstone\dataset\W\CW\7128-223.jpg,dataset/W/CW/7128-223.jpg,W,Wall,CW,Cracked,1,W/CW
C:\Users\sumit\Desktop\kavita_capstone\dataset\P\UP\005-78.jpg,dataset/P/UP/005-78.jpg,P,Pavement,UP,Uncracked,0,P/UP
C:\Users\sumit\Desktop\kavita_capstone\dataset\D\CD\7038-80.jpg,dataset/D/CD/7038-80.jpg,D,Deck,CD,Cracked,1,D/CD
C:\Users\sumit\Desktop\kavita_capstone\dataset\D\UD\7021-169.jpg,dataset/D/UD/7021-169.jpg,D,Deck,UD,Uncracked,0,D/UD
C:\Users\sumit\Desktop\kavita_capstone\dataset\D\CD\7022-20.jpg,dataset/D/CD/7022-20.jpg,D,Deck,CD,Cracked,1,D/CD
C:\Users\sumit\Desktop\kavita_capstone\dataset\W\UW\7110-193.jpg,dataset/W/UW/7110-193.jpg,W,Wall,UW,Uncracked,0,W/UW
C:\Users\sumit\Desktop\kavita_capstone\dataset\P\UP\053-15.jpg,dataset/P/UP/053-15.jpg,P,Pavement,UP,Uncracked,0,P/UP
C:\Users\sumit\Desktop\kavita_capstone\dataset\D\CD\7003-16.jpg,dataset/D/CD/7003-16.jpg,D,Deck,CD,Cracked,1,D/CD
C:\Users\sumit\Desktop\kavita_capstone\dataset\W\UW\7101-126.jpg,dataset/W/UW/7101-126.jpg,W,Wall,UW,Uncracked,0,W/UW
C:\Users\sumit\Desktop\kavita_capstone\dataset\D\UD\7047-28.jpg,dataset/D/UD/7047-28.jpg,D,Deck,UD,Uncracked,0,D/UD
C:\Users\sumit\Desktop\kavita_capstone\dataset\W\CW\7093-135.jpg,dataset/W/CW/7093-135.jpg,W,Wall,CW,Cracked,1,W/CW
C:\Users\sumit\Desktop\kavita_capstone\dataset\D\UD\7011-31.jpg,dataset/D/UD/7011-31.jpg,D,Deck,UD,Uncracked,0,D/UD
C:\Users\sumit\Desktop\kavita_capstone\dataset\D\CD\7054-148.jpg,dataset/D/CD/7054-148.jpg,D,Deck,CD,Cracked,1,D/CD
C:\Users\sumit\Desktop\kavita_capstone\dataset\W\UW\7122-143.jpg,dataset/W/UW/7122-143.jpg,W,Wall,UW,Uncracked,0,W/UW
C:\Users\sumit\Desktop\kavita_capstone\dataset\P\CP\006-201.jpg,dataset/P/CP/006-201.jpg,P,Pavement,CP,Cracked,1,P/CP
C:\Users\sumit\Desktop\kavita_capstone\dataset\D\UD\7017-215.jpg,dataset/D/UD/7017-215.jpg,D,Deck,UD,Uncracked,0,D/UD
C:\Users\sumit\Desktop\kavita_capstone\dataset\W\CW\7087-107.jpg,dataset/W/CW/7087-107.jpg,W,Wall,CW,Cracked,1,W/CW
C:\Users\sumit\Desktop\kavita_capstone\dataset\W\CW\7110-28.jpg,dataset/W/CW/7110-28.jpg,W,Wall,CW,Cracked,1,W/CW
C:\Users\sumit\Desktop\kavita_capstone\dataset\P\CP\029-115.jpg,dataset/P/CP/029-115.jpg,P,Pavement,CP,Cracked,1,P/CP
C:\Users\sumit\Desktop\kavita_capstone\dataset\P\CP\046-80.jpg,dataset/P/CP/046-80.jpg,P,Pavement,CP,Cracked,1,P/CP
C:\Users\sumit\Desktop\kavita_capstone\dataset\D\CD\7022-163.jpg,dataset/D/CD/7022-163.jpg,D,Deck,CD,Cracked,1,D/CD
C:\Users\sumit\Desktop\kavita_capstone\dataset\W\UW\7120-93.jpg,dataset/W/UW/7120-93.jpg,W,Wall,UW,Uncracked,0,W/UW
C:\Users\sumit\Desktop\kavita_capstone\dataset\D\CD\7041-177.jpg,dataset/D/CD/7041-177.jpg,D,Deck,CD,Cracked,1,D/CD
C:\Users\sumit\Desktop\kavita_capstone\dataset\P\UP\077-225.jpg,dataset/P/UP/077-225.jpg,P,Pavement,UP,Uncracked,0,P/UP
C:\Users\sumit\Desktop\kavita_capstone\dataset\P\CP\087-98.jpg,dataset/P/CP/087-98.jpg,P,Pavement,CP,Cracked,1,P/CP
C:\Users\sumit\Desktop\kavita_capstone\dataset\D\UD\7048-35.jpg,dataset/D/UD/7048-35.jpg,D,Deck,UD,Uncracked,0,D/UD
C:\Users\sumit\Desktop\kavita_capstone\dataset\D\CD\7027-170.jpg,dataset/D/CD/7027-170.jpg,D,Deck,CD,Cracked,1,D/CD
C:\Users\sumit\Desktop\kavita_capstone\dataset\D\UD\7002-42.jpg,dataset/D/UD/7002-42.jpg,D,Deck,UD,Uncracked,0,D/UD
C:\Users\sumit\Desktop\kavita_capstone\dataset\W\UW\7117-181.jpg,dataset/W/UW/7117-181.jpg,W,Wall,UW,Uncracked,0,W/UW
C:\Users\sumit\Desktop\kavita_capstone\dataset\P\CP\089-60.jpg,dataset/P/CP/089-60.jpg,P,Pavement,CP,Cracked,1,P/CP
C:\Users\sumit\Desktop\kavita_capstone\dataset\D\UD\7010-10.jpg,dataset/D/UD/7010-10.jpg,D,Deck,UD,Uncracked,0,D/UD
C:\Users\sumit\Desktop\kavita_capstone\dataset\W\UW\7106-82.jpg,dataset/W/UW/7106-82.jpg,W,Wall,UW,Uncracked,0,W/UW
C:\Users\sumit\Desktop\kavita_capstone\dataset\W\UW\7100-119.jpg,dataset/W/UW/7100-119.jpg,W,Wall,UW,Uncracked,0,W/UW
C:\Users\sumit\Desktop\kavita_capstone\dataset\W\CW\7083-242.jpg,dataset/W/CW/7083-242.jpg,W,Wall,CW,Cracked,1,W/CW
C:\Users\sumit\Desktop\kavita_capstone\dataset\W\UW\7107-99_2.jpg,dataset/W/UW/7107-99_2.jpg,W,Wall,UW,Uncracked,0,W/UW
C:\Users\sumit\Desktop\kavita_capstone\dataset\D\UD\7003-220.jpg,dataset/D/UD/7003-220.jpg,D,Deck,UD,Uncracked,0,D/UD
C:\Users\sumit\Desktop\kavita_capstone\dataset\D\CD\7010-237.jpg,dataset/D/CD/7010-237.jpg,D,Deck,CD,Cracked,1,D/CD
C:\Users\sumit\Desktop\kavita_capstone\dataset\P\CP\061-115.jpg,dataset/P/CP/061-115.jpg,P,Pavement,CP,Cracked,1,P/CP
C:\Users\sumit\Desktop\kavita_capstone\dataset\D\UD\7040-202.jpg,dataset/D/UD/7040-202.jpg,D,Deck,UD,Uncracked,0,D/UD
C:\Users\sumit\Desktop\kavita_capstone\dataset\P\CP\093-15.jpg,dataset/P/CP/093-15.jpg,P,Pavement,CP,Cracked,1,P/CP
C:\Users\sumit\Desktop\kavita_capstone\dataset\W\CW\7080-72.jpg,dataset/W/CW/7080-72.jpg,W,Wall,CW,Cracked,1,W/CW
C:\Users\sumit\Desktop\kavita_capstone\dataset\D\UD\7046-142.jpg,dataset/D/UD/7046-142.jpg,D,Deck,UD,Uncracked,0,D/UD
C:\Users\sumit\Desktop\kavita_capstone\dataset\W\CW\7097-115.jpg,dataset/W/CW/7097-115.jpg,W,Wall,CW,Cracked,1,W/CW
C:\Users\sumit\Desktop\kavita_capstone\dataset\P\CP\001-98.jpg,dataset/P/CP/001-98.jpg,P,Pavement,CP,Cracked,1,P/CP
C:\Users\sumit\Desktop\kavita_capstone\dataset\W\UW\7069-129.jpg,dataset/W/UW/7069-129.jpg,W,Wall,UW,Uncracked,0,W/UW
C:\Users\sumit\Desktop\kavita_capstone\dataset\W\UW\7101-183.jpg,dataset/W/UW/7101-183.jpg,W,Wall,UW,Uncracked,0,W/UW
C:\Users\sumit\Desktop\kavita_capstone\dataset\W\CW\7078-212.jpg,dataset/W/CW/7078-212.jpg,W,Wall,CW,Cracked,1,W/CW
C:\Users\sumit\Desktop\kavita_capstone\dataset\D\CD\7021-219.jpg,dataset/D/CD/7021-219.jpg,D,Deck,CD,Cracked,1,D/CD
C:\Users\sumit\Desktop\kavita_capstone\dataset\P\CP\093-89.jpg,dataset/P/CP/093-89.jpg,P,Pavement,CP,Cracked,1,P/CP
C:\Users\sumit\Desktop\kavita_capstone\dataset\D\UD\7030-54.jpg,dataset/D/UD/7030-54.jpg,D,Deck,UD,Uncracked,0,D/UD
C:\Users\sumit\Desktop\kavita_capstone\dataset\D\CD\7028-202.jpg,dataset/D/CD/7028-202.jpg,D,Deck,CD,Cracked,1,D/CD
C:\Users\sumit\Desktop\kavita_capstone\dataset\W\CW\7088-44.jpg,dataset/W/CW/7088-44.jpg,W,Wall,CW,Cracked,1,W/CW
C:\Users\sumit\Desktop\kavita_capstone\dataset\D\CD\7033-186.jpg,dataset/D/CD/7033-186.jpg,D,Deck,CD,Cracked,1,D/CD
C:\Users\sumit\Desktop\kavita_capstone\dataset\P\UP\057-177.jpg,dataset/P/UP/057-177.jpg,P,Pavement,UP,Uncracked,0,P/UP
C:\Users\sumit\Desktop\kavita_capstone\dataset\W\CW\7069-83.jpg,dataset/W/CW/7069-83.jpg,W,Wall,CW,Cracked,1,W/CW
C:\Users\sumit\Desktop\kavita_capstone\dataset\W\CW\7110-81.jpg,dataset/W/CW/7110-81.jpg,W,Wall,CW,Cracked,1,W/CW
C:\Users\sumit\Desktop\kavita_capstone\dataset\P\CP\038-107.jpg,dataset/P/CP/038-107.jpg,P,Pavement,CP,Cracked,1,P/CP
C:\Users\sumit\Desktop\kavita_capstone\dataset\D\UD\7037-33.jpg,dataset/D/UD/7037-33.jpg,D,Deck,UD,Uncracked,0,D/UD
C:\Users\sumit\Desktop\kavita_capstone\dataset\D\CD\7053-100.jpg,dataset/D/CD/7053-100.jpg,D,Deck,CD,Cracked,1,D/CD
C:\Users\sumit\Desktop\kavita_capstone\dataset\D\UD\7028-70.jpg,dataset/D/UD/7028-70.jpg,D,Deck,UD,Uncracked,0,D/UD
C:\Users\sumit\Desktop\kavita_capstone\dataset\P\UP\019-30.jpg,dataset/P/UP/019-30.jpg,P,Pavement,UP,Uncracked,0,P/UP
C:\Users\sumit\Desktop\kavita_capstone\dataset\D\UD\7031-236.jpg,dataset/D/UD/7031-236.jpg,D,Deck,UD,Uncracked,0,D/UD
C:\Users\sumit\Desktop\kavita_capstone\dataset\D\CD\7041-241.jpg,dataset/D/CD/7041-241.jpg,D,Deck,CD,Cracked,1,D/CD
C:\Users\sumit\Desktop\kavita_capstone\dataset\W\UW\7122-86.jpg,dataset/W/UW/7122-86.jpg,W,Wall,UW,Uncracked,0,W/UW
C:\Users\sumit\Desktop\kavita_capstone\dataset\W\CW\7081-106.jpg,dataset/W/CW/7081-106.jpg,W,Wall,CW,Cracked,1,W/CW
C:\Users\sumit\Desktop\kavita_capstone\dataset\W\CW\7136-153.jpg,dataset/W/CW/7136-153.jpg,W,Wall,CW,Cracked,1,W/CW
C:\Users\sumit\Desktop\kavita_capstone\dataset\P\CP\047-87.jpg,dataset/P/CP/047-87.jpg,P,Pavement,CP,Cracked,1,P/CP
C:\Users\sumit\Desktop\kavita_capstone\dataset\D\UD\7005-72.jpg,dataset/D/UD/7005-72.jpg,D,Deck,UD,Uncracked,0,D/UD
C:\Users\sumit\Desktop\kavita_capstone\dataset\P\UP\061-111.jpg,dataset/P/UP/061-111.jpg,P,Pavement,UP,Uncracked,0,P/UP
C:\Users\sumit\Desktop\kavita_capstone\dataset\P\CP\079-101.jpg,dataset/P/CP/079-101.jpg,P,Pavement,CP,Cracked,1,P/CP
C:\Users\sumit\Desktop\kavita_capstone\dataset\P\CP\070-79.jpg,dataset/P/CP/070-79.jpg,P,Pavement,CP,Cracked,1,P/CP
C:\Users\sumit\Desktop\kavita_capstone\dataset\D\CD\7012-185.jpg,dataset/D/CD/7012-185.jpg,D,Deck,CD,Cracked,1,D/CD
C:\Users\sumit\Desktop\kavita_capstone\dataset\D\UD\7014-147.jpg,dataset/D/UD/7014-147.jpg,D,Deck,UD,Uncracked,0,D/UD
C:\Users\sumit\Desktop\kavita_capstone\dataset\P\UP\091-73.jpg,dataset/P/UP/091-73.jpg,P,Pavement,UP,Uncracked,0,P/UP
C:\Users\sumit\Desktop\kavita_capstone\dataset\P\UP\087-17.jpg,dataset/P/UP/087-17.jpg,P,Pavement,UP,Uncracked,0,P/UP
C:\Users\sumit\Desktop\kavita_capstone\dataset\W\CW\7107-118_2.jpg,dataset/W/CW/7107-118_2.jpg,W,Wall,CW,Cracked,1,W/CW
C:\Users\sumit\Desktop\kavita_capstone\dataset\W\CW\7112-233.jpg,dataset/W/CW/7112-233.jpg,W,Wall,CW,Cracked,1,W/CW
C:\Users\sumit\Desktop\kavita_capstone\dataset\D\CD\7040-203.jpg,dataset/D/CD/7040-203.jpg,D,Deck,CD,Cracked,1,D/CD
C:\Users\sumit\Desktop\kavita_capstone\dataset\D\CD\7041-226.jpg,dataset/D/CD/7041-226.jpg,D,Deck,CD,Cracked,1,D/CD
C:\Users\sumit\Desktop\kavita_capstone\dataset\P\UP\026-159.jpg,dataset/P/UP/026-159.jpg,P,Pavement,UP,Uncracked,0,P/UP
C:\Users\sumit\Desktop\kavita_capstone\dataset\W\CW\7111-106.jpg,dataset/W/CW/7111-106.jpg,W,Wall,CW,Cracked,1,W/CW
C:\Users\sumit\Desktop\kavita_capstone\dataset\P\CP\072-61.jpg,dataset/P/CP/072-61.jpg,P,Pavement,CP,Cracked,1,P/CP
C:\Users\sumit\Desktop\kavita_capstone\dataset\W\UW\7126-119.jpg,dataset/W/UW/7126-119.jpg,W,Wall,UW,Uncracked,0,W/UW
C:\Users\sumit\Desktop\kavita_capstone\dataset\P\UP\046-191.jpg,dataset/P/UP/046-191.jpg,P,Pavement,UP,Uncracked,0,P/UP
C:\Users\sumit\Desktop\kavita_capstone\dataset\W\UW\7094-12.jpg,dataset/W/UW/7094-12.jpg,W,Wall,UW,Uncracked,0,W/UW
C:\Users\sumit\Desktop\kavita_capstone\dataset\P\CP\052-98.jpg,dataset/P/CP/052-98.jpg,P,Pavement,CP,Cracked,1,P/CP
C:\Users\sumit\Desktop\kavita_capstone\dataset\P\CP\095-202.jpg,dataset/P/CP/095-202.jpg,P,Pavement,CP,Cracked,1,P/CP
C:\Users\sumit\Desktop\kavita_capstone\dataset\P\CP\093-179.jpg,dataset/P/CP/093-179.jpg,P,Pavement,CP,Cracked,1,P/CP
C:\Users\sumit\Desktop\kavita_capstone\dataset\D\UD\7004-131.jpg,dataset/D/UD/7004-131.jpg,D,Deck,UD,Uncracked,0,D/UD
C:\Users\sumit\Desktop\kavita_capstone\dataset\P\CP\050-79.jpg,dataset/P/CP/050-79.jpg,P,Pavement,CP,Cracked,1,P/CP
C:\Users\sumit\Desktop\kavita_capstone\dataset\W\CW\7084-141.jpg,dataset/W/CW/7084-141.jpg,W,Wall,CW,Cracked,1,W/CW
C:\Users\sumit\Desktop\kavita_capstone\dataset\P\UP\063-76.jpg,dataset/P/UP/063-76.jpg,P,Pavement,UP,Uncracked,0,P/UP
C:\Users\sumit\Desktop\kavita_capstone\dataset\W\CW\7082-155.jpg,dataset/W/CW/7082-155.jpg,W,Wall,CW,Cracked,1,W/CW
C:\Users\sumit\Desktop\kavita_capstone\dataset\P\UP\019-3.jpg,dataset/P/UP/019-3.jpg,P,Pavement,UP,Uncracked,0,P/UP
C:\Users\sumit\Desktop\kavita_capstone\dataset\P\UP\081-8.jpg,dataset/P/UP/081-8.jpg,P,Pavement,UP,Uncracked,0,P/UP
C:\Users\sumit\Desktop\kavita_capstone\dataset\D\CD\7021-226.jpg,dataset/D/CD/7021-226.jpg,D,Deck,CD,Cracked,1,D/CD
C:\Users\sumit\Desktop\kavita_capstone\dataset\D\CD\7012-182.jpg,dataset/D/CD/7012-182.jpg,D,Deck,CD,Cracked,1,D/CD
C:\Users\sumit\Desktop\kavita_capstone\dataset\D\UD\7050-209.jpg,dataset/D/UD/7050-209.jpg,D,Deck,UD,Uncracked,0,D/UD
C:\Users\sumit\Desktop\kavita_capstone\dataset\D\UD\7038-181.jpg,dataset/D/UD/7038-181.jpg,D,Deck,UD,Uncracked,0,D/UD
C:\Users\sumit\Desktop\kavita_capstone\dataset\D\CD\7011-171.jpg,dataset/D/CD/7011-171.jpg,D,Deck,CD,Cracked,1,D/CD
C:\Users\sumit\Desktop\kavita_capstone\dataset\P\CP\072-62.jpg,dataset/P/CP/072-62.jpg,P,Pavement,CP,Cracked,1,P/CP
C:\Users\sumit\Desktop\kavita_capstone\dataset\W\UW\7102-233.jpg,dataset/W/UW/7102-233.jpg,W,Wall,UW,Uncracked,0,W/UW
C:\Users\sumit\Desktop\kavita_capstone\dataset\W\CW\7073-99.jpg,dataset/W/CW/7073-99.jpg,W,Wall,CW,Cracked,1,W/CW
C:\Users\sumit\Desktop\kavita_capstone\dataset\D\CD\7038-25.jpg,dataset/D/CD/7038-25.jpg,D,Deck,CD,Cracked,1,D/CD
C:\Users\sumit\Desktop\kavita_capstone\dataset\P\CP\018-101.jpg,dataset/P/CP/018-101.jpg,P,Pavement,CP,Cracked,1,P/CP
C:\Users\sumit\Desktop\kavita_capstone\dataset\P\UP\024-130.jpg,dataset/P/UP/024-130.jpg,P,Pavement,UP,Uncracked,0,P/UP
C:\Users\sumit\Desktop\kavita_capstone\dataset\P\UP\073-215.jpg,dataset/P/UP/073-215.jpg,P,Pavement,UP,Uncracked,0,P/UP
C:\Users\sumit\Desktop\kavita_capstone\dataset\P\CP\061-98.jpg,dataset/P/CP/061-98.jpg,P,Pavement,CP,Cracked,1,P/CP
C:\Users\sumit\Desktop\kavita_capstone\dataset\P\CP\079-74.jpg,dataset/P/CP/079-74.jpg,P,Pavement,CP,Cracked,1,P/CP
C:\Users\sumit\Desktop\kavita_capstone\dataset\D\UD\7017-55.jpg,dataset/D/UD/7017-55.jpg,D,Deck,UD,Uncracked,0,D/UD
C:\Users\sumit\Desktop\kavita_capstone\dataset\W\CW\7079-189.jpg,dataset/W/CW/7079-189.jpg,W,Wall,CW,Cracked,1,W/CW
C:\Users\sumit\Desktop\kavita_capstone\dataset\D\CD\7031-217.jpg,dataset/D/CD/7031-217.jpg,D,Deck,CD,Cracked,1,D/CD
C:\Users\sumit\Desktop\kavita_capstone\dataset\W\CW\7133-242.jpg,dataset/W/CW/7133-242.jpg,W,Wall,CW,Cracked,1,W/CW
C:\Users\sumit\Desktop\kavita_capstone\dataset\P\CP\017-94.jpg,dataset/P/CP/017-94.jpg,P,Pavement,CP,Cracked,1,P/CP
C:\Users\sumit\Desktop\kavita_capstone\dataset\P\CP\028-29.jpg,dataset/P/CP/028-29.jpg,P,Pavement,CP,Cracked,1,P/CP
C:\Users\sumit\Desktop\kavita_capstone\dataset\W\UW\7095-69.jpg,dataset/W/UW/7095-69.jpg,W,Wall,UW,Uncracked,0,W/UW
C:\Users\sumit\Desktop\kavita_capstone\dataset\W\CW\7069-207.jpg,dataset/W/CW/7069-207.jpg,W,Wall,CW,Cracked,1,W/CW
C:\Users\sumit\Desktop\kavita_capstone\dataset\P\CP\017-101.jpg,dataset/P/CP/017-101.jpg,P,Pavement,CP,Cracked,1,P/CP
C:\Users\sumit\Desktop\kavita_capstone\dataset\D\UD\7004-245.jpg,dataset/D/UD/7004-245.jpg,D,Deck,UD,Uncracked,0,D/UD
C:\Users\sumit\Desktop\kavita_capstone\dataset\P\CP\088-119.jpg,dataset/P/CP/088-119.jpg,P,Pavement,CP,Cracked,1,P/CP
C:\Users\sumit\Desktop\kavita_capstone\dataset\D\UD\7039-56.jpg,dataset/D/UD/7039-56.jpg,D,Deck,UD,Uncracked,0,D/UD
C:\Users\sumit\Desktop\kavita_capstone\dataset\W\CW\7124-47.jpg,dataset/W/CW/7124-47.jpg,W,Wall,CW,Cracked,1,W/CW
C:\Users\sumit\Desktop\kavita_capstone\dataset\W\CW\7079-83.jpg,dataset/W/CW/7079-83.jpg,W,Wall,CW,Cracked,1,W/CW
C:\Users\sumit\Desktop\kavita_capstone\dataset\D\UD\7016-167.jpg,dataset/D/UD/7016-167.jpg,D,Deck,UD,Uncracked,0,D/UD
C:\Users\sumit\Desktop\kavita_capstone\dataset\P\UP\044-177.jpg,dataset/P/UP/044-177.jpg,P,Pavement,UP,Uncracked,0,P/UP
C:\Users\sumit\Desktop\kavita_capstone\dataset\P\UP\010-43.jpg,dataset/P/UP/010-43.jpg,P,Pavement,UP,Uncracked,0,P/UP
C:\Users\sumit\Desktop\kavita_capstone\dataset\P\CP\019-122.jpg,dataset/P/CP/019-122.jpg,P,Pavement,CP,Cracked,1,P/CP
C:\Users\sumit\Desktop\kavita_capstone\dataset\P\CP\037-55.jpg,dataset/P/CP/037-55.jpg,P,Pavement,CP,Cracked,1,P/CP
C:\Users\sumit\Desktop\kavita_capstone\dataset\D\CD\7005-92.jpg,dataset/D/CD/7005-92.jpg,D,Deck,CD,Cracked,1,D/CD
C:\Users\sumit\Desktop\kavita_capstone\dataset\D\CD\7027-132.jpg,dataset/D/CD/7027-132.jpg,D,Deck,CD,Cracked,1,D/CD
C:\Users\sumit\Desktop\kavita_capstone\dataset\W\UW\7102-222.jpg,dataset/W/UW/7102-222.jpg,W,Wall,UW,Uncracked,0,W/UW
C:\Users\sumit\Desktop\kavita_capstone\dataset\W\CW\7123-7.jpg,dataset/W/CW/7123-7.jpg,W,Wall,CW,Cracked,1,W/CW
C:\Users\sumit\Desktop\kavita_capstone\dataset\P\UP\070-139.jpg,dataset/P/UP/070-139.jpg,P,Pavement,UP,Uncracked,0,P/UP
C:\Users\sumit\Desktop\kavita_capstone\dataset\D\UD\7025-191.jpg,dataset/D/UD/7025-191.jpg,D,Deck,UD,Uncracked,0,D/UD
C:\Users\sumit\Desktop\kavita_capstone\dataset\P\CP\049-123.jpg,dataset/P/CP/049-123.jpg,P,Pavement,CP,Cracked,1,P/CP
C:\Users\sumit\Desktop\kavita_capstone\dataset\D\UD\7006-100.jpg,dataset/D/UD/7006-100.jpg,D,Deck,UD,Uncracked,0,D/UD
C:\Users\sumit\Desktop\kavita_capstone\dataset\P\UP\064-17.jpg,dataset/P/UP/064-17.jpg,P,Pavement,UP,Uncracked,0,P/UP
C:\Users\sumit\Desktop\kavita_capstone\dataset\W\UW\7121-2.jpg,dataset/W/UW/7121-2.jpg,W,Wall,UW,Uncracked,0,W/UW
C:\Users\sumit\Desktop\kavita_capstone\dataset\D\UD\7035-205.jpg,dataset/D/UD/7035-205.jpg,D,Deck,UD,Uncracked,0,D/UD
C:\Users\sumit\Desktop\kavita_capstone\dataset\W\CW\7078-22.jpg,dataset/W/CW/7078-22.jpg,W,Wall,CW,Cracked,1,W/CW
C:\Users\sumit\Desktop\kavita_capstone\dataset\W\CW\7083-149.jpg,dataset/W/CW/7083-149.jpg,W,Wall,CW,Cracked,1,W/CW
C:\Users\sumit\Desktop\kavita_capstone\dataset\D\UD\7011-113.jpg,dataset/D/UD/7011-113.jpg,D,Deck,UD,Uncracked,0,D/UD
C:\Users\sumit\Desktop\kavita_capstone\dataset\D\UD\7044-252.jpg,dataset/D/UD/7044-252.jpg,D,Deck,UD,Uncracked,0,D/UD
C:\Users\sumit\Desktop\kavita_capstone\dataset\P\UP\081-72.jpg,dataset/P/UP/081-72.jpg,P,Pavement,UP,Uncracked,0,P/UP
C:\Users\sumit\Desktop\kavita_capstone\dataset\P\UP\064-34.jpg,dataset/P/UP/064-34.jpg,P,Pavement,UP,Uncracked,0,P/UP
C:\Users\sumit\Desktop\kavita_capstone\dataset\D\UD\7017-206.jpg,dataset/D/UD/7017-206.jpg,D,Deck,UD,Uncracked,0,D/UD
C:\Users\sumit\Desktop\kavita_capstone\dataset\D\CD\7028-22.jpg,dataset/D/CD/7028-22.jpg,D,Deck,CD,Cracked,1,D/CD
C:\Users\sumit\Desktop\kavita_capstone\dataset\D\UD\7040-229.jpg,dataset/D/UD/7040-229.jpg,D,Deck,UD,Uncracked,0,D/UD
C:\Users\sumit\Desktop\kavita_capstone\dataset\W\UW\7132-88.jpg,dataset/W/UW/7132-88.jpg,W,Wall,UW,Uncracked,0,W/UW
C:\Users\sumit\Desktop\kavita_capstone\dataset\P\CP\033-107.jpg,dataset/P/CP/033-107.jpg,P,Pavement,CP,Cracked,1,P/CP
C:\Users\sumit\Desktop\kavita_capstone\dataset\W\UW\7085-92.jpg,dataset/W/UW/7085-92.jpg,W,Wall,UW,Uncracked,0,W/UW
C:\Users\sumit\Desktop\kavita_capstone\dataset\W\UW\7076-216.jpg,dataset/W/UW/7076-216.jpg,W,Wall,UW,Uncracked,0,W/UW
C:\Users\sumit\Desktop\kavita_capstone\dataset\W\CW\7097-223.jpg,dataset/W/CW/7097-223.jpg,W,Wall,CW,Cracked,1,W/CW
C:\Users\sumit\Desktop\kavita_capstone\dataset\D\UD\7050-39.jpg,dataset/D/UD/7050-39.jpg,D,Deck,UD,Uncracked,0,D/UD
C:\Users\sumit\Desktop\kavita_capstone\dataset\P\UP\037-21.jpg,dataset/P/UP/037-21.jpg,P,Pavement,UP,Uncracked,0,P/UP
C:\Users\sumit\Desktop\kavita_capstone\dataset\P\CP\044-77.jpg,dataset/P/CP/044-77.jpg,P,Pavement,CP,Cracked,1,P/CP
C:\Users\sumit\Desktop\kavita_capstone\dataset\W\CW\7075-87.jpg,dataset/W/CW/7075-87.jpg,W,Wall,CW,Cracked,1,W/CW
C:\Users\sumit\Desktop\kavita_capstone\dataset\D\UD\7012-12.jpg,dataset/D/UD/7012-12.jpg,D,Deck,UD,Uncracked,0,D/UD
C:\Users\sumit\Desktop\kavita_capstone\dataset\W\CW\7075-139.jpg,dataset/W/CW/7075-139.jpg,W,Wall,CW,Cracked,1,W/CW
C:\Users\sumit\Desktop\kavita_capstone\dataset\P\UP\100-53.jpg,dataset/P/UP/100-53.jpg,P,Pavement,UP,Uncracked,0,P/UP
C:\Users\sumit\Desktop\kavita_capstone\dataset\W\UW\7101-169.jpg,dataset/W/UW/7101-169.jpg,W,Wall,UW,Uncracked,0,W/UW
C:\Users\sumit\Desktop\kavita_capstone\dataset\D\UD\7031-64.jpg,dataset/D/UD/7031-64.jpg,D,Deck,UD,Uncracked,0,D/UD
C:\Users\sumit\Desktop\kavita_capstone\dataset\D\UD\7028-241.jpg,dataset/D/UD/7028-241.jpg,D,Deck,UD,Uncracked,0,D/UD
C:\Users\sumit\Desktop\kavita_capstone\dataset\P\CP\007-72.jpg,dataset/P/CP/007-72.jpg,P,Pavement,CP,Cracked,1,P/CP
C:\Users\sumit\Desktop\kavita_capstone\dataset\W\CW\7089-175.jpg,dataset/W/CW/7089-175.jpg,W,Wall,CW,Cracked,1,W/CW
C:\Users\sumit\Desktop\kavita_capstone\dataset\P\UP\076-45.jpg,dataset/P/UP/076-45.jpg,P,Pavement,UP,Uncracked,0,P/UP
C:\Users\sumit\Desktop\kavita_capstone\dataset\W\UW\7123-206.jpg,dataset/W/UW/7123-206.jpg,W,Wall,UW,Uncracked,0,W/UW
C:\Users\sumit\Desktop\kavita_capstone\dataset\D\UD\7005-167.jpg,dataset/D/UD/7005-167.jpg,D,Deck,UD,Uncracked,0,D/UD
C:\Users\sumit\Desktop\kavita_capstone\dataset\P\CP\008-129.jpg,dataset/P/CP/008-129.jpg,P,Pavement,CP,Cracked,1,P/CP
C:\Users\sumit\Desktop\kavita_capstone\dataset\W\CW\7111-189.jpg,dataset/W/CW/7111-189.jpg,W,Wall,CW,Cracked,1,W/CW
C:\Users\sumit\Desktop\kavita_capstone\dataset\W\CW\7136-169.jpg,dataset/W/CW/7136-169.jpg,W,Wall,CW,Cracked,1,W/CW
C:\Users\sumit\Desktop\kavita_capstone\dataset\W\UW\7135-148.jpg,dataset/W/UW/7135-148.jpg,W,Wall,UW,Uncracked,0,W/UW
C:\Users\sumit\Desktop\kavita_capstone\dataset\W\CW\7089-212.jpg,dataset/W/CW/7089-212.jpg,W,Wall,CW,Cracked,1,W/CW
C:\Users\sumit\Desktop\kavita_capstone\dataset\D\CD\7010-200.jpg,dataset/D/CD/7010-200.jpg,D,Deck,CD,Cracked,1,D/CD
C:\Users\sumit\Desktop\kavita_capstone\dataset\P\CP\042-156.jpg,dataset/P/CP/042-156.jpg,P,Pavement,CP,Cracked,1,P/CP
C:\Users\sumit\Desktop\kavita_capstone\dataset\W\CW\7071-55.jpg,dataset/W/CW/7071-55.jpg,W,Wall,CW,Cracked,1,W/CW
C:\Users\sumit\Desktop\kavita_capstone\dataset\W\CW\7124-158.jpg,dataset/W/CW/7124-158.jpg,W,Wall,CW,Cracked,1,W/CW
C:\Users\sumit\Desktop\kavita_capstone\dataset\D\CD\7018-178.jpg,dataset/D/CD/7018-178.jpg,D,Deck,CD,Cracked,1,D/CD
C:\Users\sumit\Desktop\kavita_capstone\dataset\D\CD\7014-196.jpg,dataset/D/CD/7014-196.jpg,D,Deck,CD,Cracked,1,D/CD
C:\Users\sumit\Desktop\kavita_capstone\dataset\W\UW\7129-248.jpg,dataset/W/UW/7129-248.jpg,W,Wall,UW,Uncracked,0,W/UW
C:\Users\sumit\Desktop\kavita_capstone\dataset\D\CD\7048-65.jpg,dataset/D/CD/7048-65.jpg,D,Deck,CD,Cracked,1,D/CD
C:\Users\sumit\Desktop\kavita_capstone\dataset\P\UP\073-146.jpg,dataset/P/UP/073-146.jpg,P,Pavement,UP,Uncracked,0,P/UP
C:\Users\sumit\Desktop\kavita_capstone\dataset\P\CP\012-96.jpg,dataset/P/CP/012-96.jpg,P,Pavement,CP,Cracked,1,P/CP
C:\Users\sumit\Desktop\kavita_capstone\dataset\D\UD\7043-17.jpg,dataset/D/UD/7043-17.jpg,D,Deck,UD,Uncracked,0,D/UD
C:\Users\sumit\Desktop\kavita_capstone\dataset\D\UD\7039-37.jpg,dataset/D/UD/7039-37.jpg,D,Deck,UD,Uncracked,0,D/UD
C:\Users\sumit\Desktop\kavita_capstone\dataset\D\UD\7022-112.jpg,dataset/D/UD/7022-112.jpg,D,Deck,UD,Uncracked,0,D/UD
C:\Users\sumit\Desktop\kavita_capstone\dataset\W\UW\7073-20.jpg,dataset/W/UW/7073-20.jpg,W,Wall,UW,Uncracked,0,W/UW
C:\Users\sumit\Desktop\kavita_capstone\dataset\W\CW\7126-100.jpg,dataset/W/CW/7126-100.jpg,W,Wall,CW,Cracked,1,W/CW
C:\Users\sumit\Desktop\kavita_capstone\dataset\D\UD\7046-91.jpg,dataset/D/UD/7046-91.jpg,D,Deck,UD,Uncracked,0,D/UD
C:\Users\sumit\Desktop\kavita_capstone\dataset\P\UP\083-171.jpg,dataset/P/UP/083-171.jpg,P,Pavement,UP,Uncracked,0,P/UP
C:\Users\sumit\Desktop\kavita_capstone\dataset\W\UW\7105-203.jpg,dataset/W/UW/7105-203.jpg,W,Wall,UW,Uncracked,0,W/UW
C:\Users\sumit\Desktop\kavita_capstone\dataset\D\CD\7035-40.jpg,dataset/D/CD/7035-40.jpg,D,Deck,CD,Cracked,1,D/CD
C:\Users\sumit\Desktop\kavita_capstone\dataset\W\UW\7131-171.jpg,dataset/W/UW/7131-171.jpg,W,Wall,UW,Uncracked,0,W/UW
C:\Users\sumit\Desktop\kavita_capstone\dataset\P\CP\090-100.jpg,dataset/P/CP/090-100.jpg,P,Pavement,CP,Cracked,1,P/CP
C:\Users\sumit\Desktop\kavita_capstone\dataset\D\CD\7052-202.jpg,dataset/D/CD/7052-202.jpg,D,Deck,CD,Cracked,1,D/CD
C:\Users\sumit\Desktop\kavita_capstone\dataset\P\CP\058-93.jpg,dataset/P/CP/058-93.jpg,P,Pavement,CP,Cracked,1,P/CP
C:\Users\sumit\Desktop\kavita_capstone\dataset\P\UP\020-60.jpg,dataset/P/UP/020-60.jpg,P,Pavement,UP,Uncracked,0,P/UP
C:\Users\sumit\Desktop\kavita_capstone\dataset\W\UW\7106-104.jpg,dataset/W/UW/7106-104.jpg,W,Wall,UW,Uncracked,0,W/UW
C:\Users\sumit\Desktop\kavita_capstone\dataset\D\CD\7046-215.jpg,dataset/D/CD/7046-215.jpg,D,Deck,CD,Cracked,1,D/CD
C:\Users\sumit\Desktop\kavita_capstone\dataset\W\CW\7090-102.jpg,dataset/W/CW/7090-102.jpg,W,Wall,CW,Cracked,1,W/CW
C:\Users\sumit\Desktop\kavita_capstone\dataset\D\CD\7020-147.jpg,dataset/D/CD/7020-147.jpg,D,Deck,CD,Cracked,1,D/CD
C:\Users\sumit\Desktop\kavita_capstone\dataset\D\CD\7039-81.jpg,dataset/D/CD/7039-81.jpg,D,Deck,CD,Cracked,1,D/CD
C:\Users\sumit\Desktop\kavita_capstone\dataset\D\UD\7039-8.jpg,dataset/D/UD/7039-8.jpg,D,Deck,UD,Uncracked,0,D/UD
C:\Users\sumit\Desktop\kavita_capstone\dataset\P\CP\029-119.jpg,dataset/P/CP/029-119.jpg,P,Pavement,CP,Cracked,1,P/CP
C:\Users\sumit\Desktop\kavita_capstone\dataset\P\CP\029-120.jpg,dataset/P/CP/029-120.jpg,P,Pavement,CP,Cracked,1,P/CP
C:\Users\sumit\Desktop\kavita_capstone\dataset\P\UP\045-109.jpg,dataset/P/UP/045-109.jpg,P,Pavement,UP,Uncracked,0,P/UP
C:\Users\sumit\Desktop\kavita_capstone\dataset\W\CW\7120-82.jpg,dataset/W/CW/7120-82.jpg,W,Wall,CW,Cracked,1,W/CW
C:\Users\sumit\Desktop\kavita_capstone\dataset\W\CW\7085-80.jpg,dataset/W/CW/7085-80.jpg,W,Wall,CW,Cracked,1,W/CW
C:\Users\sumit\Desktop\kavita_capstone\dataset\W\CW\7125-154.jpg,dataset/W/CW/7125-154.jpg,W,Wall,CW,Cracked,1,W/CW
C:\Users\sumit\Desktop\kavita_capstone\dataset\W\CW\7078-248.jpg,dataset/W/CW/7078-248.jpg,W,Wall,CW,Cracked,1,W/CW
C:\Users\sumit\Desktop\kavita_capstone\dataset\D\UD\7040-25.jpg,dataset/D/UD/7040-25.jpg,D,Deck,UD,Uncracked,0,D/UD
C:\Users\sumit\Desktop\kavita_capstone\dataset\D\CD\7029-62.jpg,dataset/D/CD/7029-62.jpg,D,Deck,CD,Cracked,1,D/CD
C:\Users\sumit\Desktop\kavita_capstone\dataset\D\UD\7057-239.jpg,dataset/D/UD/7057-239.jpg,D,Deck,UD,Uncracked,0,D/UD
C:\Users\sumit\Desktop\kavita_capstone\dataset\W\UW\7069-156.jpg,dataset/W/UW/7069-156.jpg,W,Wall,UW,Uncracked,0,W/UW
C:\Users\sumit\Desktop\kavita_capstone\dataset\P\CP\095-219.jpg,dataset/P/CP/095-219.jpg,P,Pavement,CP,Cracked,1,P/CP
C:\Users\sumit\Desktop\kavita_capstone\dataset\D\UD\7007-246.jpg,dataset/D/UD/7007-246.jpg,D,Deck,UD,Uncracked,0,D/UD
C:\Users\sumit\Desktop\kavita_capstone\dataset\D\UD\7022-206.jpg,dataset/D/UD/7022-206.jpg,D,Deck,UD,Uncracked,0,D/UD
C:\Users\sumit\Desktop\kavita_capstone\dataset\W\UW\7098-39.jpg,dataset/W/UW/7098-39.jpg,W,Wall,UW,Uncracked,0,W/UW
C:\Users\sumit\Desktop\kavita_capstone\dataset\W\UW\7099-166.jpg,dataset/W/UW/7099-166.jpg,W,Wall,UW,Uncracked,0,W/UW
C:\Users\sumit\Desktop\kavita_capstone\dataset\P\UP\039-143.jpg,dataset/P/UP/039-143.jpg,P,Pavement,UP,Uncracked,0,P/UP
C:\Users\sumit\Desktop\kavita_capstone\dataset\D\UD\7028-5.jpg,dataset/D/UD/7028-5.jpg,D,Deck,UD,Uncracked,0,D/UD
C:\Users\sumit\Desktop\kavita_capstone\dataset\P\CP\018-106.jpg,dataset/P/CP/018-106.jpg,P,Pavement,CP,Cracked,1,P/CP
C:\Users\sumit\Desktop\kavita_capstone\dataset\W\UW\7140-111.jpg,dataset/W/UW/7140-111.jpg,W,Wall,UW,Uncracked,0,W/UW
C:\Users\sumit\Desktop\kavita_capstone\dataset\W\UW\7130-242.jpg,dataset/W/UW/7130-242.jpg,W,Wall,UW,Uncracked,0,W/UW
C:\Users\sumit\Desktop\kavita_capstone\dataset\P\CP\031-140.jpg,dataset/P/CP/031-140.jpg,P,Pavement,CP,Cracked,1,P/CP
C:\Users\sumit\Desktop\kavita_capstone\dataset\D\CD\7001-98.jpg,dataset/D/CD/7001-98.jpg,D,Deck,CD,Cracked,1,D/CD
C:\Users\sumit\Desktop\kavita_capstone\dataset\P\CP\098-116.jpg,dataset/P/CP/098-116.jpg,P,Pavement,CP,Cracked,1,P/CP
C:\Users\sumit\Desktop\kavita_capstone\dataset\W\CW\7137-132.jpg,dataset/W/CW/7137-132.jpg,W,Wall,CW,Cracked,1,W/CW
C:\Users\sumit\Desktop\kavita_capstone\dataset\D\UD\7029-29.jpg,dataset/D/UD/7029-29.jpg,D,Deck,UD,Uncracked,0,D/UD
C:\Users\sumit\Desktop\kavita_capstone\dataset\W\UW\7075-70.jpg,dataset/W/UW/7075-70.jpg,W,Wall,UW,Uncracked,0,W/UW
C:\Users\sumit\Desktop\kavita_capstone\dataset\P\CP\021-92.jpg,dataset/P/CP/021-92.jpg,P,Pavement,CP,Cracked,1,P/CP
C:\Users\sumit\Desktop\kavita_capstone\dataset\W\UW\7099-215.jpg,dataset/W/UW/7099-215.jpg,W,Wall,UW,Uncracked,0,W/UW
C:\Users\sumit\Desktop\kavita_capstone\dataset\W\CW\7103-111.jpg,dataset/W/CW/7103-111.jpg,W,Wall,CW,Cracked,1,W/CW
C:\Users\sumit\Desktop\kavita_capstone\dataset\W\CW\7140-13_2.jpg,dataset/W/CW/7140-13_2.jpg,W,Wall,CW,Cracked,1,W/CW
C:\Users\sumit\Desktop\kavita_capstone\dataset\W\UW\7075-240.jpg,dataset/W/UW/7075-240.jpg,W,Wall,UW,Uncracked,0,W/UW
C:\Users\sumit\Desktop\kavita_capstone\dataset\W\CW\7115-171.jpg,dataset/W/CW/7115-171.jpg,W,Wall,CW,Cracked,1,W/CW
C:\Users\sumit\Desktop\kavita_capstone\dataset\P\UP\013-3.jpg,dataset/P/UP/013-3.jpg,P,Pavement,UP,Uncracked,0,P/UP
C:\Users\sumit\Desktop\kavita_capstone\dataset\P\CP\065-105.jpg,dataset/P/CP/065-105.jpg,P,Pavement,CP,Cracked,1,P/CP
C:\Users\sumit\Desktop\kavita_capstone\dataset\W\UW\7085-181.jpg,dataset/W/UW/7085-181.jpg,W,Wall,UW,Uncracked,0,W/UW
C:\Users\sumit\Desktop\kavita_capstone\dataset\W\CW\7083-191.jpg,dataset/W/CW/7083-191.jpg,W,Wall,CW,Cracked,1,W/CW
C:\Users\sumit\Desktop\kavita_capstone\dataset\P\UP\003-124.jpg,dataset/P/UP/003-124.jpg,P,Pavement,UP,Uncracked,0,P/UP
C:\Users\sumit\Desktop\kavita_capstone\dataset\W\UW\7115-184.jpg,dataset/W/UW/7115-184.jpg,W,Wall,UW,Uncracked,0,W/UW
C:\Users\sumit\Desktop\kavita_capstone\dataset\W\UW\7107-109.jpg,dataset/W/UW/7107-109.jpg,W,Wall,UW,Uncracked,0,W/UW
C:\Users\sumit\Desktop\kavita_capstone\dataset\P\CP\086-64.jpg,dataset/P/CP/086-64.jpg,P,Pavement,CP,Cracked,1,P/CP
C:\Users\sumit\Desktop\kavita_capstone\dataset\W\CW\7081-225.jpg,dataset/W/CW/7081-225.jpg,W,Wall,CW,Cracked,1,W/CW
C:\Users\sumit\Desktop\kavita_capstone\dataset\W\CW\7131-167.jpg,dataset/W/CW/7131-167.jpg,W,Wall,CW,Cracked,1,W/CW
C:\Users\sumit\Desktop\kavita_capstone\dataset\P\UP\049-134.jpg,dataset/P/UP/049-134.jpg,P,Pavement,UP,Uncracked,0,P/UP
C:\Users\sumit\Desktop\kavita_capstone\dataset\D\CD\7011-153.jpg,dataset/D/CD/7011-153.jpg,D,Deck,CD,Cracked,1,D/CD
C:\Users\sumit\Desktop\kavita_capstone\dataset\W\UW\7104-86.jpg,dataset/W/UW/7104-86.jpg,W,Wall,UW,Uncracked,0,W/UW
C:\Users\sumit\Desktop\kavita_capstone\dataset\W\UW\7108-252.jpg,dataset/W/UW/7108-252.jpg,W,Wall,UW,Uncracked,0,W/UW
C:\Users\sumit\Desktop\kavita_capstone\dataset\D\CD\7003-36.jpg,dataset/D/CD/7003-36.jpg,D,Deck,CD,Cracked,1,D/CD
C:\Users\sumit\Desktop\kavita_capstone\dataset\D\UD\7046-173.jpg,dataset/D/UD/7046-173.jpg,D,Deck,UD,Uncracked,0,D/UD
C:\Users\sumit\Desktop\kavita_capstone\dataset\D\CD\7018-159.jpg,dataset/D/CD/7018-159.jpg,D,Deck,CD,Cracked,1,D/CD
C:\Users\sumit\Desktop\kavita_capstone\dataset\W\CW\7083-153.jpg,dataset/W/CW/7083-153.jpg,W,Wall,CW,Cracked,1,W/CW
C:\Users\sumit\Desktop\kavita_capstone\dataset\P\UP\051-41.jpg,dataset/P/UP/051-41.jpg,P,Pavement,UP,Uncracked,0,P/UP
C:\Users\sumit\Desktop\kavita_capstone\dataset\W\CW\7090-140.jpg,dataset/W/CW/7090-140.jpg,W,Wall,CW,Cracked,1,W/CW
C:\Users\sumit\Desktop\kavita_capstone\dataset\P\CP\098-92.jpg,dataset/P/CP/098-92.jpg,P,Pavement,CP,Cracked,1,P/CP
C:\Users\sumit\Desktop\kavita_capstone\dataset\W\UW\7076-214.jpg,dataset/W/UW/7076-214.jpg,W,Wall,UW,Uncracked,0,W/UW
C:\Users\sumit\Desktop\kavita_capstone\dataset\P\CP\077-100.jpg,dataset/P/CP/077-100.jpg,P,Pavement,CP,Cracked,1,P/CP
C:\Users\sumit\Desktop\kavita_capstone\dataset\P\CP\080-96.jpg,dataset/P/CP/080-96.jpg,P,Pavement,CP,Cracked,1,P/CP
C:\Users\sumit\Desktop\kavita_capstone\dataset\W\CW\7075-205.jpg,dataset/W/CW/7075-205.jpg,W,Wall,CW,Cracked,1,W/CW
C:\Users\sumit\Desktop\kavita_capstone\dataset\D\CD\7049-138.jpg,dataset/D/CD/7049-138.jpg,D,Deck,CD,Cracked,1,D/CD
C:\Users\sumit\Desktop\kavita_capstone\dataset\D\CD\7041-239.jpg,dataset/D/CD/7041-239.jpg,D,Deck,CD,Cracked,1,D/CD
C:\Users\sumit\Desktop\kavita_capstone\dataset\W\CW\7113-101.jpg,dataset/W/CW/7113-101.jpg,W,Wall,CW,Cracked,1,W/CW
C:\Users\sumit\Desktop\kavita_capstone\dataset\D\UD\7009-21.jpg,dataset/D/UD/7009-21.jpg,D,Deck,UD,Uncracked,0,D/UD
C:\Users\sumit\Desktop\kavita_capstone\dataset\P\CP\064-24.jpg,dataset/P/CP/064-24.jpg,P,Pavement,CP,Cracked,1,P/CP
C:\Users\sumit\Desktop\kavita_capstone\dataset\W\UW\7129-220.jpg,dataset/W/UW/7129-220.jpg,W,Wall,UW,Uncracked,0,W/UW
C:\Users\sumit\Desktop\kavita_capstone\dataset\W\UW\7119-137.jpg,dataset/W/UW/7119-137.jpg,W,Wall,UW,Uncracked,0,W/UW
C:\Users\sumit\Desktop\kavita_capstone\dataset\D\UD\7044-130.jpg,dataset/D/UD/7044-130.jpg,D,Deck,UD,Uncracked,0,D/UD
C:\Users\sumit\Desktop\kavita_capstone\dataset\P\UP\082-215.jpg,dataset/P/UP/082-215.jpg,P,Pavement,UP,Uncracked,0,P/UP
C:\Users\sumit\Desktop\kavita_capstone\dataset\W\UW\7114-34.jpg,dataset/W/UW/7114-34.jpg,W,Wall,UW,Uncracked,0,W/UW
C:\Users\sumit\Desktop\kavita_capstone\dataset\W\CW\7092-50.jpg,dataset/W/CW/7092-50.jpg,W,Wall,CW,Cracked,1,W/CW
C:\Users\sumit\Desktop\kavita_capstone\dataset\P\CP\040-113.jpg,dataset/P/CP/040-113.jpg,P,Pavement,CP,Cracked,1,P/CP
C:\Users\sumit\Desktop\kavita_capstone\dataset\P\CP\084-117.jpg,dataset/P/CP/084-117.jpg,P,Pavement,CP,Cracked,1,P/CP
C:\Users\sumit\Desktop\kavita_capstone\dataset\D\UD\7026-41.jpg,dataset/D/UD/7026-41.jpg,D,Deck,UD,Uncracked,0,D/UD
C:\Users\sumit\Desktop\kavita_capstone\dataset\P\UP\051-183.jpg,dataset/P/UP/051-183.jpg,P,Pavement,UP,Uncracked,0,P/UP
C:\Users\sumit\Desktop\kavita_capstone\dataset\W\UW\7104-227.jpg,dataset/W/UW/7104-227.jpg,W,Wall,UW,Uncracked,0,W/UW
C:\Users\sumit\Desktop\kavita_capstone\dataset\W\CW\7081-72.jpg,dataset/W/CW/7081-72.jpg,W,Wall,CW,Cracked,1,W/CW
C:\Users\sumit\Desktop\kavita_capstone\dataset\D\UD\7036-16.jpg,dataset/D/UD/7036-16.jpg,D,Deck,UD,Uncracked,0,D/UD
C:\Users\sumit\Desktop\kavita_capstone\dataset\P\UP\033-171.jpg,dataset/P/UP/033-171.jpg,P,Pavement,UP,Uncracked,0,P/UP
C:\Users\sumit\Desktop\kavita_capstone\dataset\P\CP\008-134.jpg,dataset/P/CP/008-134.jpg,P,Pavement,CP,Cracked,1,P/CP
C:\Users\sumit\Desktop\kavita_capstone\dataset\P\UP\070-161.jpg,dataset/P/UP/070-161.jpg,P,Pavement,UP,Uncracked,0,P/UP
C:\Users\sumit\Desktop\kavita_capstone\dataset\W\UW\7073-116.jpg,dataset/W/UW/7073-116.jpg,W,Wall,UW,Uncracked,0,W/UW
C:\Users\sumit\Desktop\kavita_capstone\dataset\P\CP\051-92.jpg,dataset/P/CP/051-92.jpg,P,Pavement,CP,Cracked,1,P/CP
C:\Users\sumit\Desktop\kavita_capstone\dataset\D\CD\7024-141.jpg,dataset/D/CD/7024-141.jpg,D,Deck,CD,Cracked,1,D/CD
C:\Users\sumit\Desktop\kavita_capstone\dataset\W\UW\7116-225.jpg,dataset/W/UW/7116-225.jpg,W,Wall,UW,Uncracked,0,W/UW
C:\Users\sumit\Desktop\kavita_capstone\dataset\W\UW\7105-159.jpg,dataset/W/UW/7105-159.jpg,W,Wall,UW,Uncracked,0,W/UW
C:\Users\sumit\Desktop\kavita_capstone\dataset\D\UD\7046-154.jpg,dataset/D/UD/7046-154.jpg,D,Deck,UD,Uncracked,0,D/UD
C:\Users\sumit\Desktop\kavita_capstone\dataset\D\UD\7008-76.jpg,dataset/D/UD/7008-76.jpg,D,Deck,UD,Uncracked,0,D/UD
C:\Users\sumit\Desktop\kavita_capstone\dataset\D\CD\7045-144.jpg,dataset/D/CD/7045-144.jpg,D,Deck,CD,Cracked,1,D/CD
C:\Users\sumit\Desktop\kavita_capstone\dataset\D\CD\7034-37.jpg,dataset/D/CD/7034-37.jpg,D,Deck,CD,Cracked,1,D/CD
C:\Users\sumit\Desktop\kavita_capstone\dataset\D\UD\7029-182.jpg,dataset/D/UD/7029-182.jpg,D,Deck,UD,Uncracked,0,D/UD
C:\Users\sumit\Desktop\kavita_capstone\dataset\W\UW\7140-22.jpg,dataset/W/UW/7140-22.jpg,W,Wall,UW,Uncracked,0,W/UW
C:\Users\sumit\Desktop\kavita_capstone\dataset\P\CP\071-33.jpg,dataset/P/CP/071-33.jpg,P,Pavement,CP,Cracked,1,P/CP
C:\Users\sumit\Desktop\kavita_capstone\dataset\P\CP\100-98.jpg,dataset/P/CP/100-98.jpg,P,Pavement,CP,Cracked,1,P/CP
C:\Users\sumit\Desktop\kavita_capstone\dataset\D\CD\7028-120.jpg,dataset/D/CD/7028-120.jpg,D,Deck,CD,Cracked,1,D/CD
C:\Users\sumit\Desktop\kavita_capstone\dataset\W\CW\7086-126.jpg,dataset/W/CW/7086-126.jpg,W,Wall,CW,Cracked,1,W/CW
C:\Users\sumit\Desktop\kavita_capstone\dataset\W\UW\7132-222.jpg,dataset/W/UW/7132-222.jpg,W,Wall,UW,Uncracked,0,W/UW
C:\Users\sumit\Desktop\kavita_capstone\dataset\P\CP\017-105.jpg,dataset/P/CP/017-105.jpg,P,Pavement,CP,Cracked,1,P/CP
C:\Users\sumit\Desktop\kavita_capstone\dataset\W\UW\7104-165.jpg,dataset/W/UW/7104-165.jpg,W,Wall,UW,Uncracked,0,W/UW
C:\Users\sumit\Desktop\kavita_capstone\dataset\D\CD\7022-48.jpg,dataset/D/CD/7022-48.jpg,D,Deck,CD,Cracked,1,D/CD
C:\Users\sumit\Desktop\kavita_capstone\dataset\P\CP\029-174.jpg,dataset/P/CP/029-174.jpg,P,Pavement,CP,Cracked,1,P/CP
C:\Users\sumit\Desktop\kavita_capstone\dataset\D\CD\7009-114.jpg,dataset/D/CD/7009-114.jpg,D,Deck,CD,Cracked,1,D/CD
C:\Users\sumit\Desktop\kavita_capstone\dataset\W\UW\7125-33.jpg,dataset/W/UW/7125-33.jpg,W,Wall,UW,Uncracked,0,W/UW
C:\Users\sumit\Desktop\kavita_capstone\dataset\D\UD\7035-172.jpg,dataset/D/UD/7035-172.jpg,D,Deck,UD,Uncracked,0,D/UD
C:\Users\sumit\Desktop\kavita_capstone\dataset\D\CD\7045-106.jpg,dataset/D/CD/7045-106.jpg,D,Deck,CD,Cracked,1,D/CD
C:\Users\sumit\Desktop\kavita_capstone\dataset\W\UW\7100-218.jpg,dataset/W/UW/7100-218.jpg,W,Wall,UW,Uncracked,0,W/UW
C:\Users\sumit\Desktop\kavita_capstone\dataset\D\CD\7046-20.jpg,dataset/D/CD/7046-20.jpg,D,Deck,CD,Cracked,1,D/CD
C:\Users\sumit\Desktop\kavita_capstone\dataset\P\CP\076-177.jpg,dataset/P/CP/076-177.jpg,P,Pavement,CP,Cracked,1,P/CP
C:\Users\sumit\Desktop\kavita_capstone\dataset\W\UW\7110-88.jpg,dataset/W/UW/7110-88.jpg,W,Wall,UW,Uncracked,0,W/UW
C:\Users\sumit\Desktop\kavita_capstone\dataset\P\UP\071-6.jpg,dataset/P/UP/071-6.jpg,P,Pavement,UP,Uncracked,0,P/UP
C:\Users\sumit\Desktop\kavita_capstone\dataset\W\CW\7082-51.jpg,dataset/W/CW/7082-51.jpg,W,Wall,CW,Cracked,1,W/CW
C:\Users\sumit\Desktop\kavita_capstone\dataset\W\CW\7125-242.jpg,dataset/W/CW/7125-242.jpg,W,Wall,CW,Cracked,1,W/CW
C:\Users\sumit\Desktop\kavita_capstone\dataset\P\UP\006-53.jpg,dataset/P/UP/006-53.jpg,P,Pavement,UP,Uncracked,0,P/UP
C:\Users\sumit\Desktop\kavita_capstone\dataset\D\UD\7032-192.jpg,dataset/D/UD/7032-192.jpg,D,Deck,UD,Uncracked,0,D/UD
C:\Users\sumit\Desktop\kavita_capstone\dataset\P\UP\007-8.jpg,dataset/P/UP/007-8.jpg,P,Pavement,UP,Uncracked,0,P/UP
C:\Users\sumit\Desktop\kavita_capstone\dataset\D\CD\7036-93.jpg,dataset/D/CD/7036-93.jpg,D,Deck,CD,Cracked,1,D/CD
C:\Users\sumit\Desktop\kavita_capstone\dataset\W\CW\7088-111.jpg,dataset/W/CW/7088-111.jpg,W,Wall,CW,Cracked,1,W/CW
C:\Users\sumit\Desktop\kavita_capstone\dataset\D\CD\7022-33.jpg,dataset/D/CD/7022-33.jpg,D,Deck,CD,Cracked,1,D/CD
C:\Users\sumit\Desktop\kavita_capstone\dataset\P\UP\045-149.jpg,dataset/P/UP/045-149.jpg,P,Pavement,UP,Uncracked,0,P/UP
C:\Users\sumit\Desktop\kavita_capstone\dataset\D\UD\7026-183.jpg,dataset/D/UD/7026-183.jpg,D,Deck,UD,Uncracked,0,D/UD
C:\Users\sumit\Desktop\kavita_capstone\dataset\D\CD\7045-162.jpg,dataset/D/CD/7045-162.jpg,D,Deck,CD,Cracked,1,D/CD
C:\Users\sumit\Desktop\kavita_capstone\dataset\W\UW\7138-218.jpg,dataset/W/UW/7138-218.jpg,W,Wall,UW,Uncracked,0,W/UW
C:\Users\sumit\Desktop\kavita_capstone\dataset\D\UD\7057-180.jpg,dataset/D/UD/7057-180.jpg,D,Deck,UD,Uncracked,0,D/UD
C:\Users\sumit\Desktop\kavita_capstone\dataset\P\UP\082-96.jpg,dataset/P/UP/082-96.jpg,P,Pavement,UP,Uncracked,0,P/UP
C:\Users\sumit\Desktop\kavita_capstone\dataset\D\UD\7036-81.jpg,dataset/D/UD/7036-81.jpg,D,Deck,UD,Uncracked,0,D/UD
C:\Users\sumit\Desktop\kavita_capstone\dataset\W\CW\7084-227.jpg,dataset/W/CW/7084-227.jpg,W,Wall,CW,Cracked,1,W/CW
C:\Users\sumit\Desktop\kavita_capstone\dataset\W\CW\7078-119.jpg,dataset/W/CW/7078-119.jpg,W,Wall,CW,Cracked,1,W/CW
C:\Users\sumit\Desktop\kavita_capstone\dataset\P\UP\023-192.jpg,dataset/P/UP/023-192.jpg,P,Pavement,UP,Uncracked,0,P/UP
C:\Users\sumit\Desktop\kavita_capstone\dataset\P\UP\033-176.jpg,dataset/P/UP/033-176.jpg,P,Pavement,UP,Uncracked,0,P/UP
C:\Users\sumit\Desktop\kavita_capstone\dataset\D\CD\7049-57.jpg,dataset/D/CD/7049-57.jpg,D,Deck,CD,Cracked,1,D/CD
C:\Users\sumit\Desktop\kavita_capstone\dataset\W\UW\7094-210.jpg,dataset/W/UW/7094-210.jpg,W,Wall,UW,Uncracked,0,W/UW
C:\Users\sumit\Desktop\kavita_capstone\dataset\P\CP\082-124.jpg,dataset/P/CP/082-124.jpg,P,Pavement,CP,Cracked,1,P/CP
C:\Users\sumit\Desktop\kavita_capstone\dataset\D\CD\7009-162.jpg,dataset/D/CD/7009-162.jpg,D,Deck,CD,Cracked,1,D/CD
C:\Users\sumit\Desktop\kavita_capstone\dataset\D\CD\7048-2.jpg,dataset/D/CD/7048-2.jpg,D,Deck,CD,Cracked,1,D/CD
C:\Users\sumit\Desktop\kavita_capstone\dataset\P\UP\073-4.jpg,dataset/P/UP/073-4.jpg,P,Pavement,UP,Uncracked,0,P/UP
C:\Users\sumit\Desktop\kavita_capstone\dataset\D\UD\7043-75.jpg,dataset/D/UD/7043-75.jpg,D,Deck,UD,Uncracked,0,D/UD
C:\Users\sumit\Desktop\kavita_capstone\dataset\W\UW\7132-74.jpg,dataset/W/UW/7132-74.jpg,W,Wall,UW,Uncracked,0,W/UW
C:\Users\sumit\Desktop\kavita_capstone\dataset\D\UD\7050-182.jpg,dataset/D/UD/7050-182.jpg,D,Deck,UD,Uncracked,0,D/UD
C:\Users\sumit\Desktop\kavita_capstone\dataset\W\CW\7127-184.jpg,dataset/W/CW/7127-184.jpg,W,Wall,CW,Cracked,1,W/CW
C:\Users\sumit\Desktop\kavita_capstone\dataset\P\CP\070-81.jpg,dataset/P/CP/070-81.jpg,P,Pavement,CP,Cracked,1,P/CP
C:\Users\sumit\Desktop\kavita_capstone\dataset\W\UW\7093-160.jpg,dataset/W/UW/7093-160.jpg,W,Wall,UW,Uncracked,0,W/UW
C:\Users\sumit\Desktop\kavita_capstone\dataset\P\CP\003-79.jpg,dataset/P/CP/003-79.jpg,P,Pavement,CP,Cracked,1,P/CP
C:\Users\sumit\Desktop\kavita_capstone\dataset\D\UD\7052-60.jpg,dataset/D/UD/7052-60.jpg,D,Deck,UD,Uncracked,0,D/UD
C:\Users\sumit\Desktop\kavita_capstone\dataset\W\UW\7075-230.jpg,dataset/W/UW/7075-230.jpg,W,Wall,UW,Uncracked,0,W/UW
C:\Users\sumit\Desktop\kavita_capstone\dataset\D\CD\7014-99.jpg,dataset/D/CD/7014-99.jpg,D,Deck,CD,Cracked,1,D/CD
C:\Users\sumit\Desktop\kavita_capstone\dataset\P\UP\015-119.jpg,dataset/P/UP/015-119.jpg,P,Pavement,UP,Uncracked,0,P/UP
C:\Users\sumit\Desktop\kavita_capstone\dataset\D\CD\7013-133.jpg,dataset/D/CD/7013-133.jpg,D,Deck,CD,Cracked,1,D/CD
C:\Users\sumit\Desktop\kavita_capstone\dataset\D\CD\7014-140.jpg,dataset/D/CD/7014-140.jpg,D,Deck,CD,Cracked,1,D/CD
C:\Users\sumit\Desktop\kavita_capstone\dataset\P\UP\063-87.jpg,dataset/P/UP/063-87.jpg,P,Pavement,UP,Uncracked,0,P/UP
C:\Users\sumit\Desktop\kavita_capstone\dataset\P\CP\068-95.jpg,dataset/P/CP/068-95.jpg,P,Pavement,CP,Cracked,1,P/CP
C:\Users\sumit\Desktop\kavita_capstone\dataset\W\UW\7073-125.jpg,dataset/W/UW/7073-125.jpg,W,Wall,UW,Uncracked,0,W/UW
C:\Users\sumit\Desktop\kavita_capstone\dataset\W\CW\7115-48.jpg,dataset/W/CW/7115-48.jpg,W,Wall,CW,Cracked,1,W/CW
C:\Users\sumit\Desktop\kavita_capstone\dataset\D\CD\7004-121.jpg,dataset/D/CD/7004-121.jpg,D,Deck,CD,Cracked,1,D/CD
C:\Users\sumit\Desktop\kavita_capstone\dataset\W\UW\7133-100.jpg,dataset/W/UW/7133-100.jpg,W,Wall,UW,Uncracked,0,W/UW
C:\Users\sumit\Desktop\kavita_capstone\dataset\W\CW\7084-61.jpg,dataset/W/CW/7084-61.jpg,W,Wall,CW,Cracked,1,W/CW
C:\Users\sumit\Desktop\kavita_capstone\dataset\W\CW\7090-188.jpg,dataset/W/CW/7090-188.jpg,W,Wall,CW,Cracked,1,W/CW
C:\Users\sumit\Desktop\kavita_capstone\dataset\W\CW\7124-55.jpg,dataset/W/CW/7124-55.jpg,W,Wall,CW,Cracked,1,W/CW
C:\Users\sumit\Desktop\kavita_capstone\dataset\D\UD\7016-27.jpg,dataset/D/UD/7016-27.jpg,D,Deck,UD,Uncracked,0,D/UD
C:\Users\sumit\Desktop\kavita_capstone\dataset\P\CP\033-92.jpg,dataset/P/CP/033-92.jpg,P,Pavement,CP,Cracked,1,P/CP
C:\Users\sumit\Desktop\kavita_capstone\dataset\W\UW\7081-204.jpg,dataset/W/UW/7081-204.jpg,W,Wall,UW,Uncracked,0,W/UW
C:\Users\sumit\Desktop\kavita_capstone\dataset\D\UD\7011-62.jpg,dataset/D/UD/7011-62.jpg,D,Deck,UD,Uncracked,0,D/UD
C:\Users\sumit\Desktop\kavita_capstone\dataset\P\CP\103-118.jpg,dataset/P/CP/103-118.jpg,P,Pavement,CP,Cracked,1,P/CP
C:\Users\sumit\Desktop\kavita_capstone\dataset\P\UP\044-219.jpg,dataset/P/UP/044-219.jpg,P,Pavement,UP,Uncracked,0,P/UP
C:\Users\sumit\Desktop\kavita_capstone\dataset\W\UW\7118-204.jpg,dataset/W/UW/7118-204.jpg,W,Wall,UW,Uncracked,0,W/UW
C:\Users\sumit\Desktop\kavita_capstone\dataset\W\CW\7070-114.jpg,dataset/W/CW/7070-114.jpg,W,Wall,CW,Cracked,1,W/CW
C:\Users\sumit\Desktop\kavita_capstone\dataset\D\CD\7038-24.jpg,dataset/D/CD/7038-24.jpg,D,Deck,CD,Cracked,1,D/CD
C:\Users\sumit\Desktop\kavita_capstone\dataset\W\CW\7089-81.jpg,dataset/W/CW/7089-81.jpg,W,Wall,CW,Cracked,1,W/CW
C:\Users\sumit\Desktop\kavita_capstone\dataset\W\UW\7094-72.jpg,dataset/W/UW/7094-72.jpg,W,Wall,UW,Uncracked,0,W/UW
C:\Users\sumit\Desktop\kavita_capstone\dataset\D\UD\7029-39.jpg,dataset/D/UD/7029-39.jpg,D,Deck,UD,Uncracked,0,D/UD
C:\Users\sumit\Desktop\kavita_capstone\dataset\D\CD\7035-131.jpg,dataset/D/CD/7035-131.jpg,D,Deck,CD,Cracked,1,D/CD
C:\Users\sumit\Desktop\kavita_capstone\dataset\P\CP\083-92.jpg,dataset/P/CP/083-92.jpg,P,Pavement,CP,Cracked,1,P/CP
C:\Users\sumit\Desktop\kavita_capstone\dataset\P\UP\032-219.jpg,dataset/P/UP/032-219.jpg,P,Pavement,UP,Uncracked,0,P/UP
C:\Users\sumit\Desktop\kavita_capstone\dataset\D\CD\7011-186.jpg,dataset/D/CD/7011-186.jpg,D,Deck,CD,Cracked,1,D/CD
C:\Users\sumit\Desktop\kavita_capstone\dataset\W\UW\7115-75.jpg,dataset/W/UW/7115-75.jpg,W,Wall,UW,Uncracked,0,W/UW
C:\Users\sumit\Desktop\kavita_capstone\dataset\W\CW\7101-208.jpg,dataset/W/CW/7101-208.jpg,W,Wall,CW,Cracked,1,W/CW
C:\Users\sumit\Desktop\kavita_capstone\dataset\D\CD\7011-107.jpg,dataset/D/CD/7011-107.jpg,D,Deck,CD,Cracked,1,D/CD
C:\Users\sumit\Desktop\kavita_capstone\dataset\P\UP\022-125.jpg,dataset/P/UP/022-125.jpg,P,Pavement,UP,Uncracked,0,P/UP
C:\Users\sumit\Desktop\kavita_capstone\dataset\P\UP\048-62.jpg,dataset/P/UP/048-62.jpg,P,Pavement,UP,Uncracked,0,P/UP
C:\Users\sumit\Desktop\kavita_capstone\dataset\P\CP\023-121.jpg,dataset/P/CP/023-121.jpg,P,Pavement,CP,Cracked,1,P/CP
C:\Users\sumit\Desktop\kavita_capstone\dataset\W\UW\7093-101.jpg,dataset/W/UW/7093-101.jpg,W,Wall,UW,Uncracked,0,W/UW
C:\Users\sumit\Desktop\kavita_capstone\dataset\P\CP\067-73.jpg,dataset/P/CP/067-73.jpg,P,Pavement,CP,Cracked,1,P/CP
C:\Users\sumit\Desktop\kavita_capstone\dataset\P\CP\093-231.jpg,dataset/P/CP/093-231.jpg,P,Pavement,CP,Cracked,1,P/CP
C:\Users\sumit\Desktop\kavita_capstone\dataset\P\UP\095-89.jpg,dataset/P/UP/095-89.jpg,P,Pavement,UP,Uncracked,0,P/UP
C:\Users\sumit\Desktop\kavita_capstone\dataset\D\CD\7038-146.jpg,dataset/D/CD/7038-146.jpg,D,Deck,CD,Cracked,1,D/CD
C:\Users\sumit\Desktop\kavita_capstone\dataset\W\UW\7078-107.jpg,dataset/W/UW/7078-107.jpg,W,Wall,UW,Uncracked,0,W/UW
C:\Users\sumit\Desktop\kavita_capstone\dataset\W\CW\7078-97.jpg,dataset/W/CW/7078-97.jpg,W,Wall,CW,Cracked,1,W/CW
C:\Users\sumit\Desktop\kavita_capstone\dataset\D\CD\7005-91.jpg,dataset/D/CD/7005-91.jpg,D,Deck,CD,Cracked,1,D/CD
C:\Users\sumit\Desktop\kavita_capstone\dataset\D\UD\7022-64.jpg,dataset/D/UD/7022-64.jpg,D,Deck,UD,Uncracked,0,D/UD
C:\Users\sumit\Desktop\kavita_capstone\dataset\P\UP\104-114.jpg,dataset/P/UP/104-114.jpg,P,Pavement,UP,Uncracked,0,P/UP
C:\Users\sumit\Desktop\kavita_capstone\dataset\D\UD\7033-234.jpg,dataset/D/UD/7033-234.jpg,D,Deck,UD,Uncracked,0,D/UD
C:\Users\sumit\Desktop\kavita_capstone\dataset\D\UD\7025-139.jpg,dataset/D/UD/7025-139.jpg,D,Deck,UD,Uncracked,0,D/UD
C:\Users\sumit\Desktop\kavita_capstone\dataset\W\UW\7123-223.jpg,dataset/W/UW/7123-223.jpg,W,Wall,UW,Uncracked,0,W/UW
C:\Users\sumit\Desktop\kavita_capstone\dataset\W\UW\7105-52.jpg,dataset/W/UW/7105-52.jpg,W,Wall,UW,Uncracked,0,W/UW
C:\Users\sumit\Desktop\kavita_capstone\dataset\W\CW\7078-96.jpg,dataset/W/CW/7078-96.jpg,W,Wall,CW,Cracked,1,W/CW
C:\Users\sumit\Desktop\kavita_capstone\dataset\P\UP\070-206.jpg,dataset/P/UP/070-206.jpg,P,Pavement,UP,Uncracked,0,P/UP
C:\Users\sumit\Desktop\kavita_capstone\dataset\W\UW\7129-211.jpg,dataset/W/UW/7129-211.jpg,W,Wall,UW,Uncracked,0,W/UW
C:\Users\sumit\Desktop\kavita_capstone\dataset\D\CD\7028-167.jpg,dataset/D/CD/7028-167.jpg,D,Deck,CD,Cracked,1,D/CD
C:\Users\sumit\Desktop\kavita_capstone\dataset\D\CD\7028-26.jpg,dataset/D/CD/7028-26.jpg,D,Deck,CD,Cracked,1,D/CD
C:\Users\sumit\Desktop\kavita_capstone\dataset\D\UD\7002-21.jpg,dataset/D/UD/7002-21.jpg,D,Deck,UD,Uncracked,0,D/UD
C:\Users\sumit\Desktop\kavita_capstone\dataset\P\CP\037-102.jpg,dataset/P/CP/037-102.jpg,P,Pavement,CP,Cracked,1,P/CP
C:\Users\sumit\Desktop\kavita_capstone\dataset\P\UP\018-130.jpg,dataset/P/UP/018-130.jpg,P,Pavement,UP,Uncracked,0,P/UP
C:\Users\sumit\Desktop\kavita_capstone\dataset\D\CD\7020-56.jpg,dataset/D/CD/7020-56.jpg,D,Deck,CD,Cracked,1,D/CD
C:\Users\sumit\Desktop\kavita_capstone\dataset\P\UP\075-110.jpg,dataset/P/UP/075-110.jpg,P,Pavement,UP,Uncracked,0,P/UP
C:\Users\sumit\Desktop\kavita_capstone\dataset\D\CD\7026-151.jpg,dataset/D/CD/7026-151.jpg,D,Deck,CD,Cracked,1,D/CD
C:\Users\sumit\Desktop\kavita_capstone\dataset\W\UW\7114-59.jpg,dataset/W/UW/7114-59.jpg,W,Wall,UW,Uncracked,0,W/UW
C:\Users\sumit\Desktop\kavita_capstone\dataset\P\UP\037-131.jpg,dataset/P/UP/037-131.jpg,P,Pavement,UP,Uncracked,0,P/UP
C:\Users\sumit\Desktop\kavita_capstone\dataset\P\UP\079-2.jpg,dataset/P/UP/079-2.jpg,P,Pavement,UP,Uncracked,0,P/UP
C:\Users\sumit\Desktop\kavita_capstone\dataset\P\CP\028-66.jpg,dataset/P/CP/028-66.jpg,P,Pavement,CP,Cracked,1,P/CP
C:\Users\sumit\Desktop\kavita_capstone\dataset\D\CD\7040-100.jpg,dataset/D/CD/7040-100.jpg,D,Deck,CD,Cracked,1,D/CD
C:\Users\sumit\Desktop\kavita_capstone\dataset\W\UW\7113-188.jpg,dataset/W/UW/7113-188.jpg,W,Wall,UW,Uncracked,0,W/UW
C:\Users\sumit\Desktop\kavita_capstone\dataset\W\CW\7121-9.jpg,dataset/W/CW/7121-9.jpg,W,Wall,CW,Cracked,1,W/CW
C:\Users\sumit\Desktop\kavita_capstone\dataset\D\CD\7039-201.jpg,dataset/D/CD/7039-201.jpg,D,Deck,CD,Cracked,1,D/CD
C:\Users\sumit\Desktop\kavita_capstone\dataset\D\CD\7054-181.jpg,dataset/D/CD/7054-181.jpg,D,Deck,CD,Cracked,1,D/CD
C:\Users\sumit\Desktop\kavita_capstone\dataset\P\UP\027-114.jpg,dataset/P/UP/027-114.jpg,P,Pavement,UP,Uncracked,0,P/UP
C:\Users\sumit\Desktop\kavita_capstone\dataset\P\UP\042-123.jpg,dataset/P/UP/042-123.jpg,P,Pavement,UP,Uncracked,0,P/UP
C:\Users\sumit\Desktop\kavita_capstone\dataset\D\CD\7018-6.jpg,dataset/D/CD/7018-6.jpg,D,Deck,CD,Cracked,1,D/CD
C:\Users\sumit\Desktop\kavita_capstone\dataset\D\UD\7041-213.jpg,dataset/D/UD/7041-213.jpg,D,Deck,UD,Uncracked,0,D/UD
C:\Users\sumit\Desktop\kavita_capstone\dataset\W\UW\7138-203.jpg,dataset/W/UW/7138-203.jpg,W,Wall,UW,Uncracked,0,W/UW
C:\Users\sumit\Desktop\kavita_capstone\dataset\P\UP\059-167.jpg,dataset/P/UP/059-167.jpg,P,Pavement,UP,Uncracked,0,P/UP
C:\Users\sumit\Desktop\kavita_capstone\dataset\D\CD\7002-79.jpg,dataset/D/CD/7002-79.jpg,D,Deck,CD,Cracked,1,D/CD
C:\Users\sumit\Desktop\kavita_capstone\dataset\D\CD\7002-117.jpg,dataset/D/CD/7002-117.jpg,D,Deck,CD,Cracked,1,D/CD
C:\Users\sumit\Desktop\kavita_capstone\dataset\D\UD\7053-206.jpg,dataset/D/UD/7053-206.jpg,D,Deck,UD,Uncracked,0,D/UD
C:\Users\sumit\Desktop\kavita_capstone\dataset\D\UD\7054-76.jpg,dataset/D/UD/7054-76.jpg,D,Deck,UD,Uncracked,0,D/UD
C:\Users\sumit\Desktop\kavita_capstone\dataset\D\UD\7029-93.jpg,dataset/D/UD/7029-93.jpg,D,Deck,UD,Uncracked,0,D/UD
C:\Users\sumit\Desktop\kavita_capstone\dataset\P\UP\027-64.jpg,dataset/P/UP/027-64.jpg,P,Pavement,UP,Uncracked,0,P/UP
C:\Users\sumit\Desktop\kavita_capstone\dataset\P\UP\035-195.jpg,dataset/P/UP/035-195.jpg,P,Pavement,UP,Uncracked,0,P/UP
C:\Users\sumit\Desktop\kavita_capstone\dataset\P\UP\103-81.jpg,dataset/P/UP/103-81.jpg,P,Pavement,UP,Uncracked,0,P/UP
C:\Users\sumit\Desktop\kavita_capstone\dataset\P\UP\081-215.jpg,dataset/P/UP/081-215.jpg,P,Pavement,UP,Uncracked,0,P/UP
C:\Users\sumit\Desktop\kavita_capstone\dataset\P\UP\036-48.jpg,dataset/P/UP/036-48.jpg,P,Pavement,UP,Uncracked,0,P/UP
C:\Users\sumit\Desktop\kavita_capstone\dataset\W\UW\7092-197.jpg,dataset/W/UW/7092-197.jpg,W,Wall,UW,Uncracked,0,W/UW
C:\Users\sumit\Desktop\kavita_capstone\dataset\D\UD\7048-208.jpg,dataset/D/UD/7048-208.jpg,D,Deck,UD,Uncracked,0,D/UD
C:\Users\sumit\Desktop\kavita_capstone\dataset\P\CP\033-123.jpg,dataset/P/CP/033-123.jpg,P,Pavement,CP,Cracked,1,P/CP
C:\Users\sumit\Desktop\kavita_capstone\dataset\D\CD\7036-94.jpg,dataset/D/CD/7036-94.jpg,D,Deck,CD,Cracked,1,D/CD
C:\Users\sumit\Desktop\kavita_capstone\dataset\P\UP\067-149.jpg,dataset/P/UP/067-149.jpg,P,Pavement,UP,Uncracked,0,P/UP
C:\Users\sumit\Desktop\kavita_capstone\dataset\D\UD\7037-52.jpg,dataset/D/UD/7037-52.jpg,D,Deck,UD,Uncracked,0,D/UD
C:\Users\sumit\Desktop\kavita_capstone\dataset\D\CD\7004-60.jpg,dataset/D/CD/7004-60.jpg,D,Deck,CD,Cracked,1,D/CD
C:\Users\sumit\Desktop\kavita_capstone\dataset\P\UP\083-21.jpg,dataset/P/UP/083-21.jpg,P,Pavement,UP,Uncracked,0,P/UP
C:\Users\sumit\Desktop\kavita_capstone\dataset\D\UD\7035-86.jpg,dataset/D/UD/7035-86.jpg,D,Deck,UD,Uncracked,0,D/UD
C:\Users\sumit\Desktop\kavita_capstone\dataset\W\UW\7130-111.jpg,dataset/W/UW/7130-111.jpg,W,Wall,UW,Uncracked,0,W/UW
C:\Users\sumit\Desktop\kavita_capstone\dataset\P\UP\075-172.jpg,dataset/P/UP/075-172.jpg,P,Pavement,UP,Uncracked,0,P/UP
C:\Users\sumit\Desktop\kavita_capstone\dataset\D\UD\7006-60.jpg,dataset/D/UD/7006-60.jpg,D,Deck,UD,Uncracked,0,D/UD
C:\Users\sumit\Desktop\kavita_capstone\dataset\P\UP\082-142.jpg,dataset/P/UP/082-142.jpg,P,Pavement,UP,Uncracked,0,P/UP
C:\Users\sumit\Desktop\kavita_capstone\dataset\W\UW\7089-73.jpg,dataset/W/UW/7089-73.jpg,W,Wall,UW,Uncracked,0,W/UW
C:\Users\sumit\Desktop\kavita_capstone\dataset\P\UP\053-204.jpg,dataset/P/UP/053-204.jpg,P,Pavement,UP,Uncracked,0,P/UP
C:\Users\sumit\Desktop\kavita_capstone\dataset\D\UD\7057-156.jpg,dataset/D/UD/7057-156.jpg,D,Deck,UD,Uncracked,0,D/UD
C:\Users\sumit\Desktop\kavita_capstone\dataset\P\CP\019-12.jpg,dataset/P/CP/019-12.jpg,P,Pavement,CP,Cracked,1,P/CP
C:\Users\sumit\Desktop\kavita_capstone\dataset\W\UW\7087-120.jpg,dataset/W/UW/7087-120.jpg,W,Wall,UW,Uncracked,0,W/UW
C:\Users\sumit\Desktop\kavita_capstone\dataset\W\CW\7127-26.jpg,dataset/W/CW/7127-26.jpg,W,Wall,CW,Cracked,1,W/CW
C:\Users\sumit\Desktop\kavita_capstone\dataset\P\CP\043-176.jpg,dataset/P/CP/043-176.jpg,P,Pavement,CP,Cracked,1,P/CP
C:\Users\sumit\Desktop\kavita_capstone\dataset\D\CD\7016-184.jpg,dataset/D/CD/7016-184.jpg,D,Deck,CD,Cracked,1,D/CD
C:\Users\sumit\Desktop\kavita_capstone\dataset\D\CD\7012-165.jpg,dataset/D/CD/7012-165.jpg,D,Deck,CD,Cracked,1,D/CD
C:\Users\sumit\Desktop\kavita_capstone\dataset\D\CD\7004-26.jpg,dataset/D/CD/7004-26.jpg,D,Deck,CD,Cracked,1,D/CD
C:\Users\sumit\Desktop\kavita_capstone\dataset\P\CP\006-169.jpg,dataset/P/CP/006-169.jpg,P,Pavement,CP,Cracked,1,P/CP
C:\Users\sumit\Desktop\kavita_capstone\dataset\D\UD\7008-195.jpg,dataset/D/UD/7008-195.jpg,D,Deck,UD,Uncracked,0,D/UD
C:\Users\sumit\Desktop\kavita_capstone\dataset\D\UD\7030-224.jpg,dataset/D/UD/7030-224.jpg,D,Deck,UD,Uncracked,0,D/UD
C:\Users\sumit\Desktop\kavita_capstone\dataset\W\UW\7084-77.jpg,dataset/W/UW/7084-77.jpg,W,Wall,UW,Uncracked,0,W/UW
C:\Users\sumit\Desktop\kavita_capstone\dataset\W\CW\7070-245.jpg,dataset/W/CW/7070-245.jpg,W,Wall,CW,Cracked,1,W/CW
C:\Users\sumit\Desktop\kavita_capstone\dataset\W\CW\7077-44.jpg,dataset/W/CW/7077-44.jpg,W,Wall,CW,Cracked,1,W/CW
C:\Users\sumit\Desktop\kavita_capstone\dataset\P\CP\090-75.jpg,dataset/P/CP/090-75.jpg,P,Pavement,CP,Cracked,1,P/CP
C:\Users\sumit\Desktop\kavita_capstone\dataset\P\UP\092-38.jpg,dataset/P/UP/092-38.jpg,P,Pavement,UP,Uncracked,0,P/UP
C:\Users\sumit\Desktop\kavita_capstone\dataset\P\UP\019-48.jpg,dataset/P/UP/019-48.jpg,P,Pavement,UP,Uncracked,0,P/UP
C:\Users\sumit\Desktop\kavita_capstone\dataset\D\UD\7040-17.jpg,dataset/D/UD/7040-17.jpg,D,Deck,UD,Uncracked,0,D/UD
C:\Users\sumit\Desktop\kavita_capstone\dataset\P\UP\031-94.jpg,dataset/P/UP/031-94.jpg,P,Pavement,UP,Uncracked,0,P/UP
C:\Users\sumit\Desktop\kavita_capstone\dataset\P\CP\018-104.jpg,dataset/P/CP/018-104.jpg,P,Pavement,CP,Cracked,1,P/CP
C:\Users\sumit\Desktop\kavita_capstone\dataset\P\CP\077-104.jpg,dataset/P/CP/077-104.jpg,P,Pavement,CP,Cracked,1,P/CP
C:\Users\sumit\Desktop\kavita_capstone\dataset\P\CP\039-80.jpg,dataset/P/CP/039-80.jpg,P,Pavement,CP,Cracked,1,P/CP
C:\Users\sumit\Desktop\kavita_capstone\dataset\W\UW\7080-195.jpg,dataset/W/UW/7080-195.jpg,W,Wall,UW,Uncracked,0,W/UW
C:\Users\sumit\Desktop\kavita_capstone\dataset\D\CD\7021-210.jpg,dataset/D/CD/7021-210.jpg,D,Deck,CD,Cracked,1,D/CD
C:\Users\sumit\Desktop\kavita_capstone\dataset\W\UW\7128-12.jpg,dataset/W/UW/7128-12.jpg,W,Wall,UW,Uncracked,0,W/UW
C:\Users\sumit\Desktop\kavita_capstone\dataset\D\CD\7001-173.jpg,dataset/D/CD/7001-173.jpg,D,Deck,CD,Cracked,1,D/CD
C:\Users\sumit\Desktop\kavita_capstone\dataset\W\CW\7074-86.jpg,dataset/W/CW/7074-86.jpg,W,Wall,CW,Cracked,1,W/CW
C:\Users\sumit\Desktop\kavita_capstone\dataset\W\UW\7133-107.jpg,dataset/W/UW/7133-107.jpg,W,Wall,UW,Uncracked,0,W/UW
C:\Users\sumit\Desktop\kavita_capstone\dataset\P\CP\021-93.jpg,dataset/P/CP/021-93.jpg,P,Pavement,CP,Cracked,1,P/CP
C:\Users\sumit\Desktop\kavita_capstone\dataset\D\UD\7033-27.jpg,dataset/D/UD/7033-27.jpg,D,Deck,UD,Uncracked,0,D/UD
C:\Users\sumit\Desktop\kavita_capstone\dataset\P\UP\088-21.jpg,dataset/P/UP/088-21.jpg,P,Pavement,UP,Uncracked,0,P/UP
C:\Users\sumit\Desktop\kavita_capstone\dataset\P\CP\084-115.jpg,dataset/P/CP/084-115.jpg,P,Pavement,CP,Cracked,1,P/CP
C:\Users\sumit\Desktop\kavita_capstone\dataset\P\UP\094-95.jpg,dataset/P/UP/094-95.jpg,P,Pavement,UP,Uncracked,0,P/UP
C:\Users\sumit\Desktop\kavita_capstone\dataset\P\CP\043-75.jpg,dataset/P/CP/043-75.jpg,P,Pavement,CP,Cracked,1,P/CP
C:\Users\sumit\Desktop\kavita_capstone\dataset\W\UW\7096-64.jpg,dataset/W/UW/7096-64.jpg,W,Wall,UW,Uncracked,0,W/UW
C:\Users\sumit\Desktop\kavita_capstone\dataset\D\CD\7009-96.jpg,dataset/D/CD/7009-96.jpg,D,Deck,CD,Cracked,1,D/CD
C:\Users\sumit\Desktop\kavita_capstone\dataset\W\UW\7118-169.jpg,dataset/W/UW/7118-169.jpg,W,Wall,UW,Uncracked,0,W/UW
C:\Users\sumit\Desktop\kavita_capstone\dataset\P\CP\069-122.jpg,dataset/P/CP/069-122.jpg,P,Pavement,CP,Cracked,1,P/CP
C:\Users\sumit\Desktop\kavita_capstone\dataset\W\CW\7083-224.jpg,dataset/W/CW/7083-224.jpg,W,Wall,CW,Cracked,1,W/CW
C:\Users\sumit\Desktop\kavita_capstone\dataset\P\UP\087-26.jpg,dataset/P/UP/087-26.jpg,P,Pavement,UP,Uncracked,0,P/UP
C:\Users\sumit\Desktop\kavita_capstone\dataset\W\UW\7123-234.jpg,dataset/W/UW/7123-234.jpg,W,Wall,UW,Uncracked,0,W/UW
C:\Users\sumit\Desktop\kavita_capstone\dataset\W\UW\7116-135.jpg,dataset/W/UW/7116-135.jpg,W,Wall,UW,Uncracked,0,W/UW
C:\Users\sumit\Desktop\kavita_capstone\dataset\W\CW\7088-89.jpg,dataset/W/CW/7088-89.jpg,W,Wall,CW,Cracked,1,W/CW
C:\Users\sumit\Desktop\kavita_capstone\dataset\P\UP\086-107.jpg,dataset/P/UP/086-107.jpg,P,Pavement,UP,Uncracked,0,P/UP
C:\Users\sumit\Desktop\kavita_capstone\dataset\D\UD\7031-252.jpg,dataset/D/UD/7031-252.jpg,D,Deck,UD,Uncracked,0,D/UD
C:\Users\sumit\Desktop\kavita_capstone\dataset\D\UD\7030-40.jpg,dataset/D/UD/7030-40.jpg,D,Deck,UD,Uncracked,0,D/UD
C:\Users\sumit\Desktop\kavita_capstone\dataset\P\CP\041-59.jpg,dataset/P/CP/041-59.jpg,P,Pavement,CP,Cracked,1,P/CP
C:\Users\sumit\Desktop\kavita_capstone\dataset\P\CP\061-116.jpg,dataset/P/CP/061-116.jpg,P,Pavement,CP,Cracked,1,P/CP
C:\Users\sumit\Desktop\kavita_capstone\dataset\D\CD\7048-82.jpg,dataset/D/CD/7048-82.jpg,D,Deck,CD,Cracked,1,D/CD
C:\Users\sumit\Desktop\kavita_capstone\dataset\P\CP\089-139.jpg,dataset/P/CP/089-139.jpg,P,Pavement,CP,Cracked,1,P/CP
C:\Users\sumit\Desktop\kavita_capstone\dataset\W\UW\7124-66.jpg,dataset/W/UW/7124-66.jpg,W,Wall,UW,Uncracked,0,W/UW
C:\Users\sumit\Desktop\kavita_capstone\dataset\P\UP\005-163.jpg,dataset/P/UP/005-163.jpg,P,Pavement,UP,Uncracked,0,P/UP
C:\Users\sumit\Desktop\kavita_capstone\dataset\D\CD\7022-120.jpg,dataset/D/CD/7022-120.jpg,D,Deck,CD,Cracked,1,D/CD
C:\Users\sumit\Desktop\kavita_capstone\dataset\P\CP\036-104.jpg,dataset/P/CP/036-104.jpg,P,Pavement,CP,Cracked,1,P/CP
C:\Users\sumit\Desktop\kavita_capstone\dataset\W\CW\7115-44.jpg,dataset/W/CW/7115-44.jpg,W,Wall,CW,Cracked,1,W/CW
C:\Users\sumit\Desktop\kavita_capstone\dataset\W\CW\7089-26.jpg,dataset/W/CW/7089-26.jpg,W,Wall,CW,Cracked,1,W/CW
C:\Users\sumit\Desktop\kavita_capstone\dataset\W\CW\7078-47.jpg,dataset/W/CW/7078-47.jpg,W,Wall,CW,Cracked,1,W/CW
C:\Users\sumit\Desktop\kavita_capstone\dataset\P\UP\049-82.jpg,dataset/P/UP/049-82.jpg,P,Pavement,UP,Uncracked,0,P/UP
C:\Users\sumit\Desktop\kavita_capstone\dataset\W\UW\7079-37.jpg,dataset/W/UW/7079-37.jpg,W,Wall,UW,Uncracked,0,W/UW
C:\Users\sumit\Desktop\kavita_capstone\dataset\D\CD\7020-1.jpg,dataset/D/CD/7020-1.jpg,D,Deck,CD,Cracked,1,D/CD
C:\Users\sumit\Desktop\kavita_capstone\dataset\P\CP\032-103.jpg,dataset/P/CP/032-103.jpg,P,Pavement,CP,Cracked,1,P/CP
C:\Users\sumit\Desktop\kavita_capstone\dataset\W\UW\7072-107.jpg,dataset/W/UW/7072-107.jpg,W,Wall,UW,Uncracked,0,W/UW
C:\Users\sumit\Desktop\kavita_capstone\dataset\P\UP\080-107.jpg,dataset/P/UP/080-107.jpg,P,Pavement,UP,Uncracked,0,P/UP
C:\Users\sumit\Desktop\kavita_capstone\dataset\D\CD\7028-85.jpg,dataset/D/CD/7028-85.jpg,D,Deck,CD,Cracked,1,D/CD
C:\Users\sumit\Desktop\kavita_capstone\dataset\D\CD\7009-154.jpg,dataset/D/CD/7009-154.jpg,D,Deck,CD,Cracked,1,D/CD
C:\Users\sumit\Desktop\kavita_capstone\dataset\W\CW\7125-17.jpg,dataset/W/CW/7125-17.jpg,W,Wall,CW,Cracked,1,W/CW
C:\Users\sumit\Desktop\kavita_capstone\dataset\P\CP\037-104.jpg,dataset/P/CP/037-104.jpg,P,Pavement,CP,Cracked,1,P/CP
C:\Users\sumit\Desktop\kavita_capstone\dataset\P\UP\033-180.jpg,dataset/P/UP/033-180.jpg,P,Pavement,UP,Uncracked,0,P/UP
C:\Users\sumit\Desktop\kavita_capstone\dataset\W\CW\7116-41.jpg,dataset/W/CW/7116-41.jpg,W,Wall,CW,Cracked,1,W/CW
C:\Users\sumit\Desktop\kavita_capstone\dataset\P\CP\095-66.jpg,dataset/P/CP/095-66.jpg,P,Pavement,CP,Cracked,1,P/CP
C:\Users\sumit\Desktop\kavita_capstone\dataset\D\UD\7051-184.jpg,dataset/D/UD/7051-184.jpg,D,Deck,UD,Uncracked,0,D/UD
C:\Users\sumit\Desktop\kavita_capstone\dataset\D\CD\7006-170.jpg,dataset/D/CD/7006-170.jpg,D,Deck,CD,Cracked,1,D/CD
C:\Users\sumit\Desktop\kavita_capstone\dataset\P\UP\104-173.jpg,dataset/P/UP/104-173.jpg,P,Pavement,UP,Uncracked,0,P/UP
C:\Users\sumit\Desktop\kavita_capstone\dataset\W\CW\7115-131.jpg,dataset/W/CW/7115-131.jpg,W,Wall,CW,Cracked,1,W/CW
C:\Users\sumit\Desktop\kavita_capstone\dataset\P\CP\019-81.jpg,dataset/P/CP/019-81.jpg,P,Pavement,CP,Cracked,1,P/CP
C:\Users\sumit\Desktop\kavita_capstone\dataset\W\CW\7075-64.jpg,dataset/W/CW/7075-64.jpg,W,Wall,CW,Cracked,1,W/CW
C:\Users\sumit\Desktop\kavita_capstone\dataset\P\UP\070-182.jpg,dataset/P/UP/070-182.jpg,P,Pavement,UP,Uncracked,0,P/UP
C:\Users\sumit\Desktop\kavita_capstone\dataset\W\CW\7088-93.jpg,dataset/W/CW/7088-93.jpg,W,Wall,CW,Cracked,1,W/CW
C:\Users\sumit\Desktop\kavita_capstone\dataset\W\UW\7087-131.jpg,dataset/W/UW/7087-131.jpg,W,Wall,UW,Uncracked,0,W/UW
C:\Users\sumit\Desktop\kavita_capstone\dataset\P\UP\065-226.jpg,dataset/P/UP/065-226.jpg,P,Pavement,UP,Uncracked,0,P/UP
C:\Users\sumit\Desktop\kavita_capstone\dataset\W\CW\7074-28.jpg,dataset/W/CW/7074-28.jpg,W,Wall,CW,Cracked,1,W/CW
C:\Users\sumit\Desktop\kavita_capstone\dataset\W\CW\7074-149.jpg,dataset/W/CW/7074-149.jpg,W,Wall,CW,Cracked,1,W/CW
C:\Users\sumit\Desktop\kavita_capstone\dataset\W\UW\7122-44.jpg,dataset/W/UW/7122-44.jpg,W,Wall,UW,Uncracked,0,W/UW
C:\Users\sumit\Desktop\kavita_capstone\dataset\W\UW\7120-169.jpg,dataset/W/UW/7120-169.jpg,W,Wall,UW,Uncracked,0,W/UW
C:\Users\sumit\Desktop\kavita_capstone\dataset\D\UD\7013-27.jpg,dataset/D/UD/7013-27.jpg,D,Deck,UD,Uncracked,0,D/UD
C:\Users\sumit\Desktop\kavita_capstone\dataset\D\CD\7041-192.jpg,dataset/D/CD/7041-192.jpg,D,Deck,CD,Cracked,1,D/CD
C:\Users\sumit\Desktop\kavita_capstone\dataset\D\CD\7022-111.jpg,dataset/D/CD/7022-111.jpg,D,Deck,CD,Cracked,1,D/CD
C:\Users\sumit\Desktop\kavita_capstone\dataset\W\UW\7089-85.jpg,dataset/W/UW/7089-85.jpg,W,Wall,UW,Uncracked,0,W/UW
C:\Users\sumit\Desktop\kavita_capstone\dataset\D\CD\7048-113.jpg,dataset/D/CD/7048-113.jpg,D,Deck,CD,Cracked,1,D/CD
C:\Users\sumit\Desktop\kavita_capstone\dataset\W\UW\7103-32.jpg,dataset/W/UW/7103-32.jpg,W,Wall,UW,Uncracked,0,W/UW
C:\Users\sumit\Desktop\kavita_capstone\dataset\D\UD\7007-171.jpg,dataset/D/UD/7007-171.jpg,D,Deck,UD,Uncracked,0,D/UD
C:\Users\sumit\Desktop\kavita_capstone\dataset\P\UP\092-5.jpg,dataset/P/UP/092-5.jpg,P,Pavement,UP,Uncracked,0,P/UP
C:\Users\sumit\Desktop\kavita_capstone\dataset\W\UW\7073-179.jpg,dataset/W/UW/7073-179.jpg,W,Wall,UW,Uncracked,0,W/UW
C:\Users\sumit\Desktop\kavita_capstone\dataset\W\UW\7116-237.jpg,dataset/W/UW/7116-237.jpg,W,Wall,UW,Uncracked,0,W/UW
C:\Users\sumit\Desktop\kavita_capstone\dataset\D\CD\7027-244.jpg,dataset/D/CD/7027-244.jpg,D,Deck,CD,Cracked,1,D/CD
C:\Users\sumit\Desktop\kavita_capstone\dataset\D\CD\7028-8.jpg,dataset/D/CD/7028-8.jpg,D,Deck,CD,Cracked,1,D/CD
C:\Users\sumit\Desktop\kavita_capstone\dataset\D\CD\7037-148.jpg,dataset/D/CD/7037-148.jpg,D,Deck,CD,Cracked,1,D/CD
C:\Users\sumit\Desktop\kavita_capstone\dataset\D\UD\7011-27.jpg,dataset/D/UD/7011-27.jpg,D,Deck,UD,Uncracked,0,D/UD
C:\Users\sumit\Desktop\kavita_capstone\dataset\W\CW\7129-241.jpg,dataset/W/CW/7129-241.jpg,W,Wall,CW,Cracked,1,W/CW
C:\Users\sumit\Desktop\kavita_capstone\dataset\P\UP\022-198.jpg,dataset/P/UP/022-198.jpg,P,Pavement,UP,Uncracked,0,P/UP
C:\Users\sumit\Desktop\kavita_capstone\dataset\D\UD\7025-7.jpg,dataset/D/UD/7025-7.jpg,D,Deck,UD,Uncracked,0,D/UD
C:\Users\sumit\Desktop\kavita_capstone\dataset\D\CD\7041-240.jpg,dataset/D/CD/7041-240.jpg,D,Deck,CD,Cracked,1,D/CD
C:\Users\sumit\Desktop\kavita_capstone\dataset\W\CW\7070-132.jpg,dataset/W/CW/7070-132.jpg,W,Wall,CW,Cracked,1,W/CW
C:\Users\sumit\Desktop\kavita_capstone\dataset\P\UP\021-12.jpg,dataset/P/UP/021-12.jpg,P,Pavement,UP,Uncracked,0,P/UP
C:\Users\sumit\Desktop\kavita_capstone\dataset\P\UP\092-215.jpg,dataset/P/UP/092-215.jpg,P,Pavement,UP,Uncracked,0,P/UP
C:\Users\sumit\Desktop\kavita_capstone\dataset\P\UP\061-207.jpg,dataset/P/UP/061-207.jpg,P,Pavement,UP,Uncracked,0,P/UP
C:\Users\sumit\Desktop\kavita_capstone\dataset\W\UW\7103-121.jpg,dataset/W/UW/7103-121.jpg,W,Wall,UW,Uncracked,0,W/UW
C:\Users\sumit\Desktop\kavita_capstone\dataset\D\UD\7033-86.jpg,dataset/D/UD/7033-86.jpg,D,Deck,UD,Uncracked,0,D/UD
C:\Users\sumit\Desktop\kavita_capstone\dataset\P\UP\037-165.jpg,dataset/P/UP/037-165.jpg,P,Pavement,UP,Uncracked,0,P/UP
C:\Users\sumit\Desktop\kavita_capstone\dataset\D\UD\7031-128.jpg,dataset/D/UD/7031-128.jpg,D,Deck,UD,Uncracked,0,D/UD
C:\Users\sumit\Desktop\kavita_capstone\dataset\W\CW\7111-170.jpg,dataset/W/CW/7111-170.jpg,W,Wall,CW,Cracked,1,W/CW
C:\Users\sumit\Desktop\kavita_capstone\dataset\D\CD\7051-207.jpg,dataset/D/CD/7051-207.jpg,D,Deck,CD,Cracked,1,D/CD
C:\Users\sumit\Desktop\kavita_capstone\dataset\D\CD\7006-192.jpg,dataset/D/CD/7006-192.jpg,D,Deck,CD,Cracked,1,D/CD
C:\Users\sumit\Desktop\kavita_capstone\dataset\D\CD\7027-122.jpg,dataset/D/CD/7027-122.jpg,D,Deck,CD,Cracked,1,D/CD
C:\Users\sumit\Desktop\kavita_capstone\dataset\P\UP\093-158.jpg,dataset/P/UP/093-158.jpg,P,Pavement,UP,Uncracked,0,P/UP
C:\Users\sumit\Desktop\kavita_capstone\dataset\W\CW\7088-141.jpg,dataset/W/CW/7088-141.jpg,W,Wall,CW,Cracked,1,W/CW
C:\Users\sumit\Desktop\kavita_capstone\dataset\P\UP\039-31.jpg,dataset/P/UP/039-31.jpg,P,Pavement,UP,Uncracked,0,P/UP
C:\Users\sumit\Desktop\kavita_capstone\dataset\W\UW\7079-219.jpg,dataset/W/UW/7079-219.jpg,W,Wall,UW,Uncracked,0,W/UW
C:\Users\sumit\Desktop\kavita_capstone\dataset\P\CP\092-180.jpg,dataset/P/CP/092-180.jpg,P,Pavement,CP,Cracked,1,P/CP
C:\Users\sumit\Desktop\kavita_capstone\dataset\D\CD\7024-95.jpg,dataset/D/CD/7024-95.jpg,D,Deck,CD,Cracked,1,D/CD
C:\Users\sumit\Desktop\kavita_capstone\dataset\W\CW\7136-186.jpg,dataset/W/CW/7136-186.jpg,W,Wall,CW,Cracked,1,W/CW
C:\Users\sumit\Desktop\kavita_capstone\dataset\W\CW\7092-27.jpg,dataset/W/CW/7092-27.jpg,W,Wall,CW,Cracked,1,W/CW
C:\Users\sumit\Desktop\kavita_capstone\dataset\D\UD\7021-221.jpg,dataset/D/UD/7021-221.jpg,D,Deck,UD,Uncracked,0,D/UD
C:\Users\sumit\Desktop\kavita_capstone\dataset\D\CD\7020-142.jpg,dataset/D/CD/7020-142.jpg,D,Deck,CD,Cracked,1,D/CD
C:\Users\sumit\Desktop\kavita_capstone\dataset\P\CP\029-158.jpg,dataset/P/CP/029-158.jpg,P,Pavement,CP,Cracked,1,P/CP
C:\Users\sumit\Desktop\kavita_capstone\dataset\D\CD\7027-44.jpg,dataset/D/CD/7027-44.jpg,D,Deck,CD,Cracked,1,D/CD
C:\Users\sumit\Desktop\kavita_capstone\dataset\P\CP\071-28.jpg,dataset/P/CP/071-28.jpg,P,Pavement,CP,Cracked,1,P/CP
C:\Users\sumit\Desktop\kavita_capstone\dataset\P\UP\026-171.jpg,dataset/P/UP/026-171.jpg,P,Pavement,UP,Uncracked,0,P/UP
C:\Users\sumit\Desktop\kavita_capstone\dataset\D\UD\7008-64.jpg,dataset/D/UD/7008-64.jpg,D,Deck,UD,Uncracked,0,D/UD
C:\Users\sumit\Desktop\kavita_capstone\dataset\D\CD\7022-6.jpg,dataset/D/CD/7022-6.jpg,D,Deck,CD,Cracked,1,D/CD
C:\Users\sumit\Desktop\kavita_capstone\dataset\P\UP\060-204.jpg,dataset/P/UP/060-204.jpg,P,Pavement,UP,Uncracked,0,P/UP
C:\Users\sumit\Desktop\kavita_capstone\dataset\P\CP\076-115.jpg,dataset/P/CP/076-115.jpg,P,Pavement,CP,Cracked,1,P/CP
C:\Users\sumit\Desktop\kavita_capstone\dataset\D\CD\7026-27.jpg,dataset/D/CD/7026-27.jpg,D,Deck,CD,Cracked,1,D/CD
C:\Users\sumit\Desktop\kavita_capstone\dataset\P\UP\017-113.jpg,dataset/P/UP/017-113.jpg,P,Pavement,UP,Uncracked,0,P/UP
C:\Users\sumit\Desktop\kavita_capstone\dataset\P\CP\059-95.jpg,dataset/P/CP/059-95.jpg,P,Pavement,CP,Cracked,1,P/CP
C:\Users\sumit\Desktop\kavita_capstone\dataset\W\CW\7125-79.jpg,dataset/W/CW/7125-79.jpg,W,Wall,CW,Cracked,1,W/CW
C:\Users\sumit\Desktop\kavita_capstone\dataset\D\CD\7054-135.jpg,dataset/D/CD/7054-135.jpg,D,Deck,CD,Cracked,1,D/CD
C:\Users\sumit\Desktop\kavita_capstone\dataset\W\CW\7070-248.jpg,dataset/W/CW/7070-248.jpg,W,Wall,CW,Cracked,1,W/CW
C:\Users\sumit\Desktop\kavita_capstone\dataset\P\CP\094-4.jpg,dataset/P/CP/094-4.jpg,P,Pavement,CP,Cracked,1,P/CP
C:\Users\sumit\Desktop\kavita_capstone\dataset\P\UP\050-115.jpg,dataset/P/UP/050-115.jpg,P,Pavement,UP,Uncracked,0,P/UP
C:\Users\sumit\Desktop\kavita_capstone\dataset\D\UD\7030-223.jpg,dataset/D/UD/7030-223.jpg,D,Deck,UD,Uncracked,0,D/UD
C:\Users\sumit\Desktop\kavita_capstone\dataset\P\CP\010-124.jpg,dataset/P/CP/010-124.jpg,P,Pavement,CP,Cracked,1,P/CP
C:\Users\sumit\Desktop\kavita_capstone\dataset\P\CP\047-95.jpg,dataset/P/CP/047-95.jpg,P,Pavement,CP,Cracked,1,P/CP
C:\Users\sumit\Desktop\kavita_capstone\dataset\D\CD\7013-10.jpg,dataset/D/CD/7013-10.jpg,D,Deck,CD,Cracked,1,D/CD
C:\Users\sumit\Desktop\kavita_capstone\dataset\D\UD\7031-39.jpg,dataset/D/UD/7031-39.jpg,D,Deck,UD,Uncracked,0,D/UD
C:\Users\sumit\Desktop\kavita_capstone\dataset\P\UP\063-29.jpg,dataset/P/UP/063-29.jpg,P,Pavement,UP,Uncracked,0,P/UP
C:\Users\sumit\Desktop\kavita_capstone\dataset\P\CP\043-15.jpg,dataset/P/CP/043-15.jpg,P,Pavement,CP,Cracked,1,P/CP
C:\Users\sumit\Desktop\kavita_capstone\dataset\D\UD\7024-41.jpg,dataset/D/UD/7024-41.jpg,D,Deck,UD,Uncracked,0,D/UD
C:\Users\sumit\Desktop\kavita_capstone\dataset\W\CW\7106-202.jpg,dataset/W/CW/7106-202.jpg,W,Wall,CW,Cracked,1,W/CW
C:\Users\sumit\Desktop\kavita_capstone\dataset\D\UD\7002-158.jpg,dataset/D/UD/7002-158.jpg,D,Deck,UD,Uncracked,0,D/UD
C:\Users\sumit\Desktop\kavita_capstone\dataset\P\CP\065-155.jpg,dataset/P/CP/065-155.jpg,P,Pavement,CP,Cracked,1,P/CP
C:\Users\sumit\Desktop\kavita_capstone\dataset\D\CD\7002-67.jpg,dataset/D/CD/7002-67.jpg,D,Deck,CD,Cracked,1,D/CD
C:\Users\sumit\Desktop\kavita_capstone\dataset\P\CP\066-90.jpg,dataset/P/CP/066-90.jpg,P,Pavement,CP,Cracked,1,P/CP
C:\Users\sumit\Desktop\kavita_capstone\dataset\P\CP\104-101.jpg,dataset/P/CP/104-101.jpg,P,Pavement,CP,Cracked,1,P/CP
C:\Users\sumit\Desktop\kavita_capstone\dataset\P\UP\063-133.jpg,dataset/P/UP/063-133.jpg,P,Pavement,UP,Uncracked,0,P/UP
C:\Users\sumit\Desktop\kavita_capstone\dataset\W\CW\7129-9.jpg,dataset/W/CW/7129-9.jpg,W,Wall,CW,Cracked,1,W/CW
C:\Users\sumit\Desktop\kavita_capstone\dataset\W\CW\7070-80.jpg,dataset/W/CW/7070-80.jpg,W,Wall,CW,Cracked,1,W/CW
C:\Users\sumit\Desktop\kavita_capstone\dataset\P\CP\011-112.jpg,dataset/P/CP/011-112.jpg,P,Pavement,CP,Cracked,1,P/CP
C:\Users\sumit\Desktop\kavita_capstone\dataset\D\UD\7023-41.jpg,dataset/D/UD/7023-41.jpg,D,Deck,UD,Uncracked,0,D/UD
C:\Users\sumit\Desktop\kavita_capstone\dataset\P\CP\006-80.jpg,dataset/P/CP/006-80.jpg,P,Pavement,CP,Cracked,1,P/CP
C:\Users\sumit\Desktop\kavita_capstone\dataset\D\CD\7019-38.jpg,dataset/D/CD/7019-38.jpg,D,Deck,CD,Cracked,1,D/CD
C:\Users\sumit\Desktop\kavita_capstone\dataset\D\CD\7003-163.jpg,dataset/D/CD/7003-163.jpg,D,Deck,CD,Cracked,1,D/CD
C:\Users\sumit\Desktop\kavita_capstone\dataset\D\CD\7038-97.jpg,dataset/D/CD/7038-97.jpg,D,Deck,CD,Cracked,1,D/CD
C:\Users\sumit\Desktop\kavita_capstone\dataset\P\CP\039-99.jpg,dataset/P/CP/039-99.jpg,P,Pavement,CP,Cracked,1,P/CP
C:\Users\sumit\Desktop\kavita_capstone\dataset\W\UW\7133-119.jpg,dataset/W/UW/7133-119.jpg,W,Wall,UW,Uncracked,0,W/UW
C:\Users\sumit\Desktop\kavita_capstone\dataset\P\UP\058-188.jpg,dataset/P/UP/058-188.jpg,P,Pavement,UP,Uncracked,0,P/UP
C:\Users\sumit\Desktop\kavita_capstone\dataset\P\CP\085-93.jpg,dataset/P/CP/085-93.jpg,P,Pavement,CP,Cracked,1,P/CP
C:\Users\sumit\Desktop\kavita_capstone\dataset\W\CW\7123-201.jpg,dataset/W/CW/7123-201.jpg,W,Wall,CW,Cracked,1,W/CW
C:\Users\sumit\Desktop\kavita_capstone\dataset\W\CW\7105-135.jpg,dataset/W/CW/7105-135.jpg,W,Wall,CW,Cracked,1,W/CW
C:\Users\sumit\Desktop\kavita_capstone\dataset\P\UP\103-131.jpg,dataset/P/UP/103-131.jpg,P,Pavement,UP,Uncracked,0,P/UP
C:\Users\sumit\Desktop\kavita_capstone\dataset\W\CW\7125-52.jpg,dataset/W/CW/7125-52.jpg,W,Wall,CW,Cracked,1,W/CW
C:\Users\sumit\Desktop\kavita_capstone\dataset\W\CW\7087-46.jpg,dataset/W/CW/7087-46.jpg,W,Wall,CW,Cracked,1,W/CW
C:\Users\sumit\Desktop\kavita_capstone\dataset\D\CD\7041-48.jpg,dataset/D/CD/7041-48.jpg,D,Deck,CD,Cracked,1,D/CD
C:\Users\sumit\Desktop\kavita_capstone\dataset\W\CW\7089-8.jpg,dataset/W/CW/7089-8.jpg,W,Wall,CW,Cracked,1,W/CW
C:\Users\sumit\Desktop\kavita_capstone\dataset\W\CW\7093-76.jpg,dataset/W/CW/7093-76.jpg,W,Wall,CW,Cracked,1,W/CW
C:\Users\sumit\Desktop\kavita_capstone\dataset\W\CW\7135-64.jpg,dataset/W/CW/7135-64.jpg,W,Wall,CW,Cracked,1,W/CW
C:\Users\sumit\Desktop\kavita_capstone\dataset\W\CW\7084-81.jpg,dataset/W/CW/7084-81.jpg,W,Wall,CW,Cracked,1,W/CW
C:\Users\sumit\Desktop\kavita_capstone\dataset\D\UD\7048-56.jpg,dataset/D/UD/7048-56.jpg,D,Deck,UD,Uncracked,0,D/UD
C:\Users\sumit\Desktop\kavita_capstone\dataset\W\CW\7097-151.jpg,dataset/W/CW/7097-151.jpg,W,Wall,CW,Cracked,1,W/CW
C:\Users\sumit\Desktop\kavita_capstone\dataset\W\CW\7115-27.jpg,dataset/W/CW/7115-27.jpg,W,Wall,CW,Cracked,1,W/CW
C:\Users\sumit\Desktop\kavita_capstone\dataset\D\UD\7001-177.jpg,dataset/D/UD/7001-177.jpg,D,Deck,UD,Uncracked,0,D/UD
C:\Users\sumit\Desktop\kavita_capstone\dataset\D\CD\7008-55.jpg,dataset/D/CD/7008-55.jpg,D,Deck,CD,Cracked,1,D/CD
C:\Users\sumit\Desktop\kavita_capstone\dataset\D\UD\7037-54.jpg,dataset/D/UD/7037-54.jpg,D,Deck,UD,Uncracked,0,D/UD
C:\Users\sumit\Desktop\kavita_capstone\dataset\D\CD\7020-121.jpg,dataset/D/CD/7020-121.jpg,D,Deck,CD,Cracked,1,D/CD
C:\Users\sumit\Desktop\kavita_capstone\dataset\P\CP\021-101.jpg,dataset/P/CP/021-101.jpg,P,Pavement,CP,Cracked,1,P/CP
C:\Users\sumit\Desktop\kavita_capstone\dataset\W\UW\7090-46.jpg,dataset/W/UW/7090-46.jpg,W,Wall,UW,Uncracked,0,W/UW
C:\Users\sumit\Desktop\kavita_capstone\dataset\P\CP\087-171.jpg,dataset/P/CP/087-171.jpg,P,Pavement,CP,Cracked,1,P/CP
C:\Users\sumit\Desktop\kavita_capstone\dataset\D\UD\7034-46.jpg,dataset/D/UD/7034-46.jpg,D,Deck,UD,Uncracked,0,D/UD
C:\Users\sumit\Desktop\kavita_capstone\dataset\W\UW\7133-158.jpg,dataset/W/UW/7133-158.jpg,W,Wall,UW,Uncracked,0,W/UW
C:\Users\sumit\Desktop\kavita_capstone\dataset\W\UW\7103-94.jpg,dataset/W/UW/7103-94.jpg,W,Wall,UW,Uncracked,0,W/UW
C:\Users\sumit\Desktop\kavita_capstone\dataset\D\CD\7024-135.jpg,dataset/D/CD/7024-135.jpg,D,Deck,CD,Cracked,1,D/CD
C:\Users\sumit\Desktop\kavita_capstone\dataset\P\UP\015-140.jpg,dataset/P/UP/015-140.jpg,P,Pavement,UP,Uncracked,0,P/UP
C:\Users\sumit\Desktop\kavita_capstone\dataset\W\UW\7125-72.jpg,dataset/W/UW/7125-72.jpg,W,Wall,UW,Uncracked,0,W/UW
C:\Users\sumit\Desktop\kavita_capstone\dataset\P\UP\074-123.jpg,dataset/P/UP/074-123.jpg,P,Pavement,UP,Uncracked,0,P/UP
C:\Users\sumit\Desktop\kavita_capstone\dataset\P\CP\096-118.jpg,dataset/P/CP/096-118.jpg,P,Pavement,CP,Cracked,1,P/CP
C:\Users\sumit\Desktop\kavita_capstone\dataset\W\CW\7090-80.jpg,dataset/W/CW/7090-80.jpg,W,Wall,CW,Cracked,1,W/CW
C:\Users\sumit\Desktop\kavita_capstone\dataset\P\CP\080-118.jpg,dataset/P/CP/080-118.jpg,P,Pavement,CP,Cracked,1,P/CP
C:\Users\sumit\Desktop\kavita_capstone\dataset\D\UD\7003-212.jpg,dataset/D/UD/7003-212.jpg,D,Deck,UD,Uncracked,0,D/UD
C:\Users\sumit\Desktop\kavita_capstone\dataset\P\UP\006-180.jpg,dataset/P/UP/006-180.jpg,P,Pavement,UP,Uncracked,0,P/UP
C:\Users\sumit\Desktop\kavita_capstone\dataset\W\UW\7088-86.jpg,dataset/W/UW/7088-86.jpg,W,Wall,UW,Uncracked,0,W/UW
C:\Users\sumit\Desktop\kavita_capstone\dataset\P\CP\100-97.jpg,dataset/P/CP/100-97.jpg,P,Pavement,CP,Cracked,1,P/CP
C:\Users\sumit\Desktop\kavita_capstone\dataset\D\CD\7009-56.jpg,dataset/D/CD/7009-56.jpg,D,Deck,CD,Cracked,1,D/CD
C:\Users\sumit\Desktop\kavita_capstone\dataset\P\CP\062-101.jpg,dataset/P/CP/062-101.jpg,P,Pavement,CP,Cracked,1,P/CP
C:\Users\sumit\Desktop\kavita_capstone\dataset\P\CP\023-70.jpg,dataset/P/CP/023-70.jpg,P,Pavement,CP,Cracked,1,P/CP
C:\Users\sumit\Desktop\kavita_capstone\dataset\D\CD\7008-56.jpg,dataset/D/CD/7008-56.jpg,D,Deck,CD,Cracked,1,D/CD
C:\Users\sumit\Desktop\kavita_capstone\dataset\W\CW\7077-120.jpg,dataset/W/CW/7077-120.jpg,W,Wall,CW,Cracked,1,W/CW
C:\Users\sumit\Desktop\kavita_capstone\dataset\P\CP\092-103.jpg,dataset/P/CP/092-103.jpg,P,Pavement,CP,Cracked,1,P/CP
C:\Users\sumit\Desktop\kavita_capstone\dataset\P\UP\086-117.jpg,dataset/P/UP/086-117.jpg,P,Pavement,UP,Uncracked,0,P/UP
C:\Users\sumit\Desktop\kavita_capstone\dataset\P\UP\063-37.jpg,dataset/P/UP/063-37.jpg,P,Pavement,UP,Uncracked,0,P/UP
C:\Users\sumit\Desktop\kavita_capstone\dataset\D\CD\7005-75.jpg,dataset/D/CD/7005-75.jpg,D,Deck,CD,Cracked,1,D/CD
C:\Users\sumit\Desktop\kavita_capstone\dataset\W\UW\7105-201.jpg,dataset/W/UW/7105-201.jpg,W,Wall,UW,Uncracked,0,W/UW
C:\Users\sumit\Desktop\kavita_capstone\dataset\D\UD\7049-182.jpg,dataset/D/UD/7049-182.jpg,D,Deck,UD,Uncracked,0,D/UD
C:\Users\sumit\Desktop\kavita_capstone\dataset\W\UW\7108-219.jpg,dataset/W/UW/7108-219.jpg,W,Wall,UW,Uncracked,0,W/UW
C:\Users\sumit\Desktop\kavita_capstone\dataset\D\UD\7037-175.jpg,dataset/D/UD/7037-175.jpg,D,Deck,UD,Uncracked,0,D/UD
C:\Users\sumit\Desktop\kavita_capstone\dataset\W\CW\7088-150.jpg,dataset/W/CW/7088-150.jpg,W,Wall,CW,Cracked,1,W/CW
C:\Users\sumit\Desktop\kavita_capstone\dataset\P\CP\096-192.jpg,dataset/P/CP/096-192.jpg,P,Pavement,CP,Cracked,1,P/CP
C:\Users\sumit\Desktop\kavita_capstone\dataset\P\UP\024-156.jpg,dataset/P/UP/024-156.jpg,P,Pavement,UP,Uncracked,0,P/UP
C:\Users\sumit\Desktop\kavita_capstone\dataset\P\UP\006-224.jpg,dataset/P/UP/006-224.jpg,P,Pavement,UP,Uncracked,0,P/UP
C:\Users\sumit\Desktop\kavita_capstone\dataset\D\UD\7040-215.jpg,dataset/D/UD/7040-215.jpg,D,Deck,UD,Uncracked,0,D/UD
C:\Users\sumit\Desktop\kavita_capstone\dataset\D\CD\7024-112.jpg,dataset/D/CD/7024-112.jpg,D,Deck,CD,Cracked,1,D/CD
C:\Users\sumit\Desktop\kavita_capstone\dataset\P\UP\012-78.jpg,dataset/P/UP/012-78.jpg,P,Pavement,UP,Uncracked,0,P/UP
C:\Users\sumit\Desktop\kavita_capstone\dataset\D\CD\7026-163.jpg,dataset/D/CD/7026-163.jpg,D,Deck,CD,Cracked,1,D/CD
C:\Users\sumit\Desktop\kavita_capstone\dataset\W\CW\7113-208.jpg,dataset/W/CW/7113-208.jpg,W,Wall,CW,Cracked,1,W/CW
C:\Users\sumit\Desktop\kavita_capstone\dataset\W\CW\7089-72.jpg,dataset/W/CW/7089-72.jpg,W,Wall,CW,Cracked,1,W/CW
C:\Users\sumit\Desktop\kavita_capstone\dataset\D\UD\7029-228.jpg,dataset/D/UD/7029-228.jpg,D,Deck,UD,Uncracked,0,D/UD
C:\Users\sumit\Desktop\kavita_capstone\dataset\W\CW\7087-127.jpg,dataset/W/CW/7087-127.jpg,W,Wall,CW,Cracked,1,W/CW
C:\Users\sumit\Desktop\kavita_capstone\dataset\W\UW\7079-106.jpg,dataset/W/UW/7079-106.jpg,W,Wall,UW,Uncracked,0,W/UW
C:\Users\sumit\Desktop\kavita_capstone\dataset\P\UP\096-175.jpg,dataset/P/UP/096-175.jpg,P,Pavement,UP,Uncracked,0,P/UP
C:\Users\sumit\Desktop\kavita_capstone\dataset\P\UP\033-78.jpg,dataset/P/UP/033-78.jpg,P,Pavement,UP,Uncracked,0,P/UP
C:\Users\sumit\Desktop\kavita_capstone\dataset\D\UD\7016-11.jpg,dataset/D/UD/7016-11.jpg,D,Deck,UD,Uncracked,0,D/UD
C:\Users\sumit\Desktop\kavita_capstone\dataset\P\UP\067-140.jpg,dataset/P/UP/067-140.jpg,P,Pavement,UP,Uncracked,0,P/UP
C:\Users\sumit\Desktop\kavita_capstone\dataset\W\CW\7086-221.jpg,dataset/W/CW/7086-221.jpg,W,Wall,CW,Cracked,1,W/CW
C:\Users\sumit\Desktop\kavita_capstone\dataset\W\CW\7120-4.jpg,dataset/W/CW/7120-4.jpg,W,Wall,CW,Cracked,1,W/CW
C:\Users\sumit\Desktop\kavita_capstone\dataset\W\CW\7122-248.jpg,dataset/W/CW/7122-248.jpg,W,Wall,CW,Cracked,1,W/CW
C:\Users\sumit\Desktop\kavita_capstone\dataset\P\UP\099-47.jpg,dataset/P/UP/099-47.jpg,P,Pavement,UP,Uncracked,0,P/UP
C:\Users\sumit\Desktop\kavita_capstone\dataset\P\UP\097-214.jpg,dataset/P/UP/097-214.jpg,P,Pavement,UP,Uncracked,0,P/UP
C:\Users\sumit\Desktop\kavita_capstone\dataset\D\UD\7014-235.jpg,dataset/D/UD/7014-235.jpg,D,Deck,UD,Uncracked,0,D/UD
C:\Users\sumit\Desktop\kavita_capstone\dataset\P\UP\088-88.jpg,dataset/P/UP/088-88.jpg,P,Pavement,UP,Uncracked,0,P/UP
C:\Users\sumit\Desktop\kavita_capstone\dataset\D\UD\7004-52.jpg,dataset/D/UD/7004-52.jpg,D,Deck,UD,Uncracked,0,D/UD
C:\Users\sumit\Desktop\kavita_capstone\dataset\W\CW\7124-9.jpg,dataset/W/CW/7124-9.jpg,W,Wall,CW,Cracked,1,W/CW
C:\Users\sumit\Desktop\kavita_capstone\dataset\D\UD\7024-124.jpg,dataset/D/UD/7024-124.jpg,D,Deck,UD,Uncracked,0,D/UD
C:\Users\sumit\Desktop\kavita_capstone\dataset\D\CD\7009-30.jpg,dataset/D/CD/7009-30.jpg,D,Deck,CD,Cracked,1,D/CD
C:\Users\sumit\Desktop\kavita_capstone\dataset\W\UW\7121-158.jpg,dataset/W/UW/7121-158.jpg,W,Wall,UW,Uncracked,0,W/UW
C:\Users\sumit\Desktop\kavita_capstone\dataset\D\UD\7047-231.jpg,dataset/D/UD/7047-231.jpg,D,Deck,UD,Uncracked,0,D/UD
C:\Users\sumit\Desktop\kavita_capstone\dataset\D\UD\7020-52.jpg,dataset/D/UD/7020-52.jpg,D,Deck,UD,Uncracked,0,D/UD
C:\Users\sumit\Desktop\kavita_capstone\dataset\P\UP\015-169.jpg,dataset/P/UP/015-169.jpg,P,Pavement,UP,Uncracked,0,P/UP
C:\Users\sumit\Desktop\kavita_capstone\dataset\D\CD\7026-242.jpg,dataset/D/CD/7026-242.jpg,D,Deck,CD,Cracked,1,D/CD
C:\Users\sumit\Desktop\kavita_capstone\dataset\D\CD\7053-127.jpg,dataset/D/CD/7053-127.jpg,D,Deck,CD,Cracked,1,D/CD
C:\Users\sumit\Desktop\kavita_capstone\dataset\W\UW\7130-88.jpg,dataset/W/UW/7130-88.jpg,W,Wall,UW,Uncracked,0,W/UW
C:\Users\sumit\Desktop\kavita_capstone\dataset\W\UW\7081-31.jpg,dataset/W/UW/7081-31.jpg,W,Wall,UW,Uncracked,0,W/UW
C:\Users\sumit\Desktop\kavita_capstone\dataset\D\UD\7035-120.jpg,dataset/D/UD/7035-120.jpg,D,Deck,UD,Uncracked,0,D/UD
C:\Users\sumit\Desktop\kavita_capstone\dataset\D\UD\7035-217.jpg,dataset/D/UD/7035-217.jpg,D,Deck,UD,Uncracked,0,D/UD
C:\Users\sumit\Desktop\kavita_capstone\dataset\W\UW\7098-207.jpg,dataset/W/UW/7098-207.jpg,W,Wall,UW,Uncracked,0,W/UW
C:\Users\sumit\Desktop\kavita_capstone\dataset\P\CP\035-121.jpg,dataset/P/CP/035-121.jpg,P,Pavement,CP,Cracked,1,P/CP
C:\Users\sumit\Desktop\kavita_capstone\dataset\D\CD\7022-145.jpg,dataset/D/CD/7022-145.jpg,D,Deck,CD,Cracked,1,D/CD
C:\Users\sumit\Desktop\kavita_capstone\dataset\D\CD\7049-151.jpg,dataset/D/CD/7049-151.jpg,D,Deck,CD,Cracked,1,D/CD
C:\Users\sumit\Desktop\kavita_capstone\dataset\D\CD\7002-104.jpg,dataset/D/CD/7002-104.jpg,D,Deck,CD,Cracked,1,D/CD
C:\Users\sumit\Desktop\kavita_capstone\dataset\W\UW\7101-94.jpg,dataset/W/UW/7101-94.jpg,W,Wall,UW,Uncracked,0,W/UW
C:\Users\sumit\Desktop\kavita_capstone\dataset\W\CW\7080-250.jpg,dataset/W/CW/7080-250.jpg,W,Wall,CW,Cracked,1,W/CW
C:\Users\sumit\Desktop\kavita_capstone\dataset\P\UP\004-186.jpg,dataset/P/UP/004-186.jpg,P,Pavement,UP,Uncracked,0,P/UP
C:\Users\sumit\Desktop\kavita_capstone\dataset\W\UW\7082-233.jpg,dataset/W/UW/7082-233.jpg,W,Wall,UW,Uncracked,0,W/UW
C:\Users\sumit\Desktop\kavita_capstone\dataset\W\UW\7091-89.jpg,dataset/W/UW/7091-89.jpg,W,Wall,UW,Uncracked,0,W/UW
C:\Users\sumit\Desktop\kavita_capstone\dataset\W\UW\7069-77.jpg,dataset/W/UW/7069-77.jpg,W,Wall,UW,Uncracked,0,W/UW
C:\Users\sumit\Desktop\kavita_capstone\dataset\P\CP\047-88.jpg,dataset/P/CP/047-88.jpg,P,Pavement,CP,Cracked,1,P/CP
C:\Users\sumit\Desktop\kavita_capstone\dataset\D\CD\7028-184.jpg,dataset/D/CD/7028-184.jpg,D,Deck,CD,Cracked,1,D/CD
C:\Users\sumit\Desktop\kavita_capstone\dataset\P\CP\023-83.jpg,dataset/P/CP/023-83.jpg,P,Pavement,CP,Cracked,1,P/CP
C:\Users\sumit\Desktop\kavita_capstone\dataset\P\CP\033-121.jpg,dataset/P/CP/033-121.jpg,P,Pavement,CP,Cracked,1,P/CP
C:\Users\sumit\Desktop\kavita_capstone\dataset\W\UW\7075-33.jpg,dataset/W/UW/7075-33.jpg,W,Wall,UW,Uncracked,0,W/UW
C:\Users\sumit\Desktop\kavita_capstone\dataset\W\CW\7107-225_2.jpg,dataset/W/CW/7107-225_2.jpg,W,Wall,CW,Cracked,1,W/CW
C:\Users\sumit\Desktop\kavita_capstone\dataset\P\UP\029-193.jpg,dataset/P/UP/029-193.jpg,P,Pavement,UP,Uncracked,0,P/UP
C:\Users\sumit\Desktop\kavita_capstone\dataset\W\UW\7071-53.jpg,dataset/W/UW/7071-53.jpg,W,Wall,UW,Uncracked,0,W/UW
C:\Users\sumit\Desktop\kavita_capstone\dataset\P\CP\023-85.jpg,dataset/P/CP/023-85.jpg,P,Pavement,CP,Cracked,1,P/CP
C:\Users\sumit\Desktop\kavita_capstone\dataset\P\UP\049-151.jpg,dataset/P/UP/049-151.jpg,P,Pavement,UP,Uncracked,0,P/UP
C:\Users\sumit\Desktop\kavita_capstone\dataset\D\CD\7016-242.jpg,dataset/D/CD/7016-242.jpg,D,Deck,CD,Cracked,1,D/CD
C:\Users\sumit\Desktop\kavita_capstone\dataset\P\UP\005-161.jpg,dataset/P/UP/005-161.jpg,P,Pavement,UP,Uncracked,0,P/UP
C:\Users\sumit\Desktop\kavita_capstone\dataset\W\UW\7073-209.jpg,dataset/W/UW/7073-209.jpg,W,Wall,UW,Uncracked,0,W/UW
C:\Users\sumit\Desktop\kavita_capstone\dataset\W\CW\7113-68.jpg,dataset/W/CW/7113-68.jpg,W,Wall,CW,Cracked,1,W/CW
C:\Users\sumit\Desktop\kavita_capstone\dataset\P\CP\031-121.jpg,dataset/P/CP/031-121.jpg,P,Pavement,CP,Cracked,1,P/CP
C:\Users\sumit\Desktop\kavita_capstone\dataset\D\CD\7049-160.jpg,dataset/D/CD/7049-160.jpg,D,Deck,CD,Cracked,1,D/CD
C:\Users\sumit\Desktop\kavita_capstone\dataset\W\UW\7134-240.jpg,dataset/W/UW/7134-240.jpg,W,Wall,UW,Uncracked,0,W/UW
C:\Users\sumit\Desktop\kavita_capstone\dataset\P\CP\094-119.jpg,dataset/P/CP/094-119.jpg,P,Pavement,CP,Cracked,1,P/CP
C:\Users\sumit\Desktop\kavita_capstone\dataset\D\CD\7023-199.jpg,dataset/D/CD/7023-199.jpg,D,Deck,CD,Cracked,1,D/CD
C:\Users\sumit\Desktop\kavita_capstone\dataset\D\CD\7004-128.jpg,dataset/D/CD/7004-128.jpg,D,Deck,CD,Cracked,1,D/CD
C:\Users\sumit\Desktop\kavita_capstone\dataset\D\UD\7051-190.jpg,dataset/D/UD/7051-190.jpg,D,Deck,UD,Uncracked,0,D/UD
C:\Users\sumit\Desktop\kavita_capstone\dataset\D\CD\7051-65.jpg,dataset/D/CD/7051-65.jpg,D,Deck,CD,Cracked,1,D/CD
C:\Users\sumit\Desktop\kavita_capstone\dataset\W\UW\7134-35.jpg,dataset/W/UW/7134-35.jpg,W,Wall,UW,Uncracked,0,W/UW
C:\Users\sumit\Desktop\kavita_capstone\dataset\D\UD\7010-181.jpg,dataset/D/UD/7010-181.jpg,D,Deck,UD,Uncracked,0,D/UD
C:\Users\sumit\Desktop\kavita_capstone\dataset\P\CP\018-95.jpg,dataset/P/CP/018-95.jpg,P,Pavement,CP,Cracked,1,P/CP
C:\Users\sumit\Desktop\kavita_capstone\dataset\W\UW\7140-60.jpg,dataset/W/UW/7140-60.jpg,W,Wall,UW,Uncracked,0,W/UW
C:\Users\sumit\Desktop\kavita_capstone\dataset\D\CD\7021-27.jpg,dataset/D/CD/7021-27.jpg,D,Deck,CD,Cracked,1,D/CD
C:\Users\sumit\Desktop\kavita_capstone\dataset\W\CW\7081-9.jpg,dataset/W/CW/7081-9.jpg,W,Wall,CW,Cracked,1,W/CW
C:\Users\sumit\Desktop\kavita_capstone\dataset\W\UW\7124-93.jpg,dataset/W/UW/7124-93.jpg,W,Wall,UW,Uncracked,0,W/UW
C:\Users\sumit\Desktop\kavita_capstone\dataset\W\UW\7120-224.jpg,dataset/W/UW/7120-224.jpg,W,Wall,UW,Uncracked,0,W/UW
C:\Users\sumit\Desktop\kavita_capstone\dataset\D\UD\7003-123.jpg,dataset/D/UD/7003-123.jpg,D,Deck,UD,Uncracked,0,D/UD
C:\Users\sumit\Desktop\kavita_capstone\dataset\D\CD\7003-32.jpg,dataset/D/CD/7003-32.jpg,D,Deck,CD,Cracked,1,D/CD
C:\Users\sumit\Desktop\kavita_capstone\dataset\D\UD\7013-47.jpg,dataset/D/UD/7013-47.jpg,D,Deck,UD,Uncracked,0,D/UD
C:\Users\sumit\Desktop\kavita_capstone\dataset\D\CD\7030-225.jpg,dataset/D/CD/7030-225.jpg,D,Deck,CD,Cracked,1,D/CD
C:\Users\sumit\Desktop\kavita_capstone\dataset\D\CD\7021-29.jpg,dataset/D/CD/7021-29.jpg,D,Deck,CD,Cracked,1,D/CD
C:\Users\sumit\Desktop\kavita_capstone\dataset\W\UW\7120-210.jpg,dataset/W/UW/7120-210.jpg,W,Wall,UW,Uncracked,0,W/UW
C:\Users\sumit\Desktop\kavita_capstone\dataset\P\UP\055-74.jpg,dataset/P/UP/055-74.jpg,P,Pavement,UP,Uncracked,0,P/UP
C:\Users\sumit\Desktop\kavita_capstone\dataset\W\CW\7115-85.jpg,dataset/W/CW/7115-85.jpg,W,Wall,CW,Cracked,1,W/CW
C:\Users\sumit\Desktop\kavita_capstone\dataset\D\UD\7051-129.jpg,dataset/D/UD/7051-129.jpg,D,Deck,UD,Uncracked,0,D/UD
C:\Users\sumit\Desktop\kavita_capstone\dataset\D\UD\7001-200.jpg,dataset/D/UD/7001-200.jpg,D,Deck,UD,Uncracked,0,D/UD
C:\Users\sumit\Desktop\kavita_capstone\dataset\W\UW\7119-118.jpg,dataset/W/UW/7119-118.jpg,W,Wall,UW,Uncracked,0,W/UW
C:\Users\sumit\Desktop\kavita_capstone\dataset\P\CP\052-129.jpg,dataset/P/CP/052-129.jpg,P,Pavement,CP,Cracked,1,P/CP
C:\Users\sumit\Desktop\kavita_capstone\dataset\D\CD\7009-13.jpg,dataset/D/CD/7009-13.jpg,D,Deck,CD,Cracked,1,D/CD
C:\Users\sumit\Desktop\kavita_capstone\dataset\D\UD\7036-246.jpg,dataset/D/UD/7036-246.jpg,D,Deck,UD,Uncracked,0,D/UD
C:\Users\sumit\Desktop\kavita_capstone\dataset\D\CD\7028-147.jpg,dataset/D/CD/7028-147.jpg,D,Deck,CD,Cracked,1,D/CD
C:\Users\sumit\Desktop\kavita_capstone\dataset\D\CD\7041-176.jpg,dataset/D/CD/7041-176.jpg,D,Deck,CD,Cracked,1,D/CD
C:\Users\sumit\Desktop\kavita_capstone\dataset\P\UP\003-202.jpg,dataset/P/UP/003-202.jpg,P,Pavement,UP,Uncracked,0,P/UP
C:\Users\sumit\Desktop\kavita_capstone\dataset\P\UP\018-49.jpg,dataset/P/UP/018-49.jpg,P,Pavement,UP,Uncracked,0,P/UP
C:\Users\sumit\Desktop\kavita_capstone\dataset\D\CD\7028-180.jpg,dataset/D/CD/7028-180.jpg,D,Deck,CD,Cracked,1,D/CD
C:\Users\sumit\Desktop\kavita_capstone\dataset\W\CW\7108-63.jpg,dataset/W/CW/7108-63.jpg,W,Wall,CW,Cracked,1,W/CW
C:\Users\sumit\Desktop\kavita_capstone\dataset\P\CP\002-100.jpg,dataset/P/CP/002-100.jpg,P,Pavement,CP,Cracked,1,P/CP
C:\Users\sumit\Desktop\kavita_capstone\dataset\D\CD\7006-133.jpg,dataset/D/CD/7006-133.jpg,D,Deck,CD,Cracked,1,D/CD
C:\Users\sumit\Desktop\kavita_capstone\dataset\P\UP\074-152.jpg,dataset/P/UP/074-152.jpg,P,Pavement,UP,Uncracked,0,P/UP
C:\Users\sumit\Desktop\kavita_capstone\dataset\W\CW\7093-38.jpg,dataset/W/CW/7093-38.jpg,W,Wall,CW,Cracked,1,W/CW
C:\Users\sumit\Desktop\kavita_capstone\dataset\P\UP\079-216.jpg,dataset/P/UP/079-216.jpg,P,Pavement,UP,Uncracked,0,P/UP
C:\Users\sumit\Desktop\kavita_capstone\dataset\W\UW\7103-198.jpg,dataset/W/UW/7103-198.jpg,W,Wall,UW,Uncracked,0,W/UW
C:\Users\sumit\Desktop\kavita_capstone\dataset\W\UW\7123-47.jpg,dataset/W/UW/7123-47.jpg,W,Wall,UW,Uncracked,0,W/UW
C:\Users\sumit\Desktop\kavita_capstone\dataset\P\UP\052-131.jpg,dataset/P/UP/052-131.jpg,P,Pavement,UP,Uncracked,0,P/UP
C:\Users\sumit\Desktop\kavita_capstone\dataset\D\UD\7014-247.jpg,dataset/D/UD/7014-247.jpg,D,Deck,UD,Uncracked,0,D/UD
C:\Users\sumit\Desktop\kavita_capstone\dataset\W\CW\7077-205.jpg,dataset/W/CW/7077-205.jpg,W,Wall,CW,Cracked,1,W/CW
C:\Users\sumit\Desktop\kavita_capstone\dataset\D\CD\7026-221.jpg,dataset/D/CD/7026-221.jpg,D,Deck,CD,Cracked,1,D/CD
C:\Users\sumit\Desktop\kavita_capstone\dataset\P\CP\011-133.jpg,dataset/P/CP/011-133.jpg,P,Pavement,CP,Cracked,1,P/CP
C:\Users\sumit\Desktop\kavita_capstone\dataset\W\UW\7123-73.jpg,dataset/W/UW/7123-73.jpg,W,Wall,UW,Uncracked,0,W/UW
C:\Users\sumit\Desktop\kavita_capstone\dataset\W\UW\7116-47.jpg,dataset/W/UW/7116-47.jpg,W,Wall,UW,Uncracked,0,W/UW
C:\Users\sumit\Desktop\kavita_capstone\dataset\P\CP\013-192.jpg,dataset/P/CP/013-192.jpg,P,Pavement,CP,Cracked,1,P/CP
C:\Users\sumit\Desktop\kavita_capstone\dataset\W\UW\7100-165.jpg,dataset/W/UW/7100-165.jpg,W,Wall,UW,Uncracked,0,W/UW
C:\Users\sumit\Desktop\kavita_capstone\dataset\D\UD\7018-228.jpg,dataset/D/UD/7018-228.jpg,D,Deck,UD,Uncracked,0,D/UD
C:\Users\sumit\Desktop\kavita_capstone\dataset\W\UW\7088-132.jpg,dataset/W/UW/7088-132.jpg,W,Wall,UW,Uncracked,0,W/UW
C:\Users\sumit\Desktop\kavita_capstone\dataset\P\CP\093-161.jpg,dataset/P/CP/093-161.jpg,P,Pavement,CP,Cracked,1,P/CP
C:\Users\sumit\Desktop\kavita_capstone\dataset\W\UW\7105-78.jpg,dataset/W/UW/7105-78.jpg,W,Wall,UW,Uncracked,0,W/UW
C:\Users\sumit\Desktop\kavita_capstone\dataset\D\UD\7036-89.jpg,dataset/D/UD/7036-89.jpg,D,Deck,UD,Uncracked,0,D/UD
C:\Users\sumit\Desktop\kavita_capstone\dataset\W\CW\7120-207.jpg,dataset/W/CW/7120-207.jpg,W,Wall,CW,Cracked,1,W/CW
C:\Users\sumit\Desktop\kavita_capstone\dataset\W\UW\7124-97.jpg,dataset/W/UW/7124-97.jpg,W,Wall,UW,Uncracked,0,W/UW
C:\Users\sumit\Desktop\kavita_capstone\dataset\D\UD\7046-236.jpg,dataset/D/UD/7046-236.jpg,D,Deck,UD,Uncracked,0,D/UD
C:\Users\sumit\Desktop\kavita_capstone\dataset\P\CP\081-179.jpg,dataset/P/CP/081-179.jpg,P,Pavement,CP,Cracked,1,P/CP
C:\Users\sumit\Desktop\kavita_capstone\dataset\D\UD\7050-123.jpg,dataset/D/UD/7050-123.jpg,D,Deck,UD,Uncracked,0,D/UD
C:\Users\sumit\Desktop\kavita_capstone\dataset\W\CW\7127-76.jpg,dataset/W/CW/7127-76.jpg,W,Wall,CW,Cracked,1,W/CW
C:\Users\sumit\Desktop\kavita_capstone\dataset\P\UP\097-146.jpg,dataset/P/UP/097-146.jpg,P,Pavement,UP,Uncracked,0,P/UP
C:\Users\sumit\Desktop\kavita_capstone\dataset\D\CD\7054-105.jpg,dataset/D/CD/7054-105.jpg,D,Deck,CD,Cracked,1,D/CD
C:\Users\sumit\Desktop\kavita_capstone\dataset\W\CW\7085-132.jpg,dataset/W/CW/7085-132.jpg,W,Wall,CW,Cracked,1,W/CW
C:\Users\sumit\Desktop\kavita_capstone\dataset\D\UD\7044-212.jpg,dataset/D/UD/7044-212.jpg,D,Deck,UD,Uncracked,0,D/UD
C:\Users\sumit\Desktop\kavita_capstone\dataset\P\CP\018-79.jpg,dataset/P/CP/018-79.jpg,P,Pavement,CP,Cracked,1,P/CP
C:\Users\sumit\Desktop\kavita_capstone\dataset\D\UD\7006-121.jpg,dataset/D/UD/7006-121.jpg,D,Deck,UD,Uncracked,0,D/UD
C:\Users\sumit\Desktop\kavita_capstone\dataset\P\CP\047-111.jpg,dataset/P/CP/047-111.jpg,P,Pavement,CP,Cracked,1,P/CP
C:\Users\sumit\Desktop\kavita_capstone\dataset\P\CP\086-197.jpg,dataset/P/CP/086-197.jpg,P,Pavement,CP,Cracked,1,P/CP
C:\Users\sumit\Desktop\kavita_capstone\dataset\W\UW\7099-4.jpg,dataset/W/UW/7099-4.jpg,W,Wall,UW,Uncracked,0,W/UW
C:\Users\sumit\Desktop\kavita_capstone\dataset\W\UW\7075-42.jpg,dataset/W/UW/7075-42.jpg,W,Wall,UW,Uncracked,0,W/UW
C:\Users\sumit\Desktop\kavita_capstone\dataset\W\CW\7070-93.jpg,dataset/W/CW/7070-93.jpg,W,Wall,CW,Cracked,1,W/CW
C:\Users\sumit\Desktop\kavita_capstone\dataset\D\UD\7032-43.jpg,dataset/D/UD/7032-43.jpg,D,Deck,UD,Uncracked,0,D/UD
C:\Users\sumit\Desktop\kavita_capstone\dataset\W\UW\7136-14.jpg,dataset/W/UW/7136-14.jpg,W,Wall,UW,Uncracked,0,W/UW
C:\Users\sumit\Desktop\kavita_capstone\dataset\W\UW\7135-233.jpg,dataset/W/UW/7135-233.jpg,W,Wall,UW,Uncracked,0,W/UW
C:\Users\sumit\Desktop\kavita_capstone\dataset\D\UD\7027-175.jpg,dataset/D/UD/7027-175.jpg,D,Deck,UD,Uncracked,0,D/UD
C:\Users\sumit\Desktop\kavita_capstone\dataset\D\UD\7038-71.jpg,dataset/D/UD/7038-71.jpg,D,Deck,UD,Uncracked,0,D/UD
C:\Users\sumit\Desktop\kavita_capstone\dataset\D\CD\7007-128.jpg,dataset/D/CD/7007-128.jpg,D,Deck,CD,Cracked,1,D/CD
C:\Users\sumit\Desktop\kavita_capstone\dataset\W\UW\7100-120.jpg,dataset/W/UW/7100-120.jpg,W,Wall,UW,Uncracked,0,W/UW
C:\Users\sumit\Desktop\kavita_capstone\dataset\W\UW\7080-167.jpg,dataset/W/UW/7080-167.jpg,W,Wall,UW,Uncracked,0,W/UW
C:\Users\sumit\Desktop\kavita_capstone\dataset\W\CW\7069-118.jpg,dataset/W/CW/7069-118.jpg,W,Wall,CW,Cracked,1,W/CW
C:\Users\sumit\Desktop\kavita_capstone\dataset\W\UW\7096-210.jpg,dataset/W/UW/7096-210.jpg,W,Wall,UW,Uncracked,0,W/UW
C:\Users\sumit\Desktop\kavita_capstone\dataset\D\CD\7018-218.jpg,dataset/D/CD/7018-218.jpg,D,Deck,CD,Cracked,1,D/CD
C:\Users\sumit\Desktop\kavita_capstone\dataset\P\UP\083-156.jpg,dataset/P/UP/083-156.jpg,P,Pavement,UP,Uncracked,0,P/UP
C:\Users\sumit\Desktop\kavita_capstone\dataset\W\UW\7070-128.jpg,dataset/W/UW/7070-128.jpg,W,Wall,UW,Uncracked,0,W/UW
C:\Users\sumit\Desktop\kavita_capstone\dataset\P\UP\025-216.jpg,dataset/P/UP/025-216.jpg,P,Pavement,UP,Uncracked,0,P/UP
C:\Users\sumit\Desktop\kavita_capstone\dataset\P\UP\090-69.jpg,dataset/P/UP/090-69.jpg,P,Pavement,UP,Uncracked,0,P/UP
C:\Users\sumit\Desktop\kavita_capstone\dataset\P\CP\080-208.jpg,dataset/P/CP/080-208.jpg,P,Pavement,CP,Cracked,1,P/CP
C:\Users\sumit\Desktop\kavita_capstone\dataset\W\CW\7093-221.jpg,dataset/W/CW/7093-221.jpg,W,Wall,CW,Cracked,1,W/CW
C:\Users\sumit\Desktop\kavita_capstone\dataset\D\UD\7022-213.jpg,dataset/D/UD/7022-213.jpg,D,Deck,UD,Uncracked,0,D/UD
C:\Users\sumit\Desktop\kavita_capstone\dataset\D\CD\7040-171.jpg,dataset/D/CD/7040-171.jpg,D,Deck,CD,Cracked,1,D/CD
C:\Users\sumit\Desktop\kavita_capstone\dataset\P\CP\090-99.jpg,dataset/P/CP/090-99.jpg,P,Pavement,CP,Cracked,1,P/CP
C:\Users\sumit\Desktop\kavita_capstone\dataset\D\UD\7043-147.jpg,dataset/D/UD/7043-147.jpg,D,Deck,UD,Uncracked,0,D/UD
C:\Users\sumit\Desktop\kavita_capstone\dataset\W\CW\7087-24.jpg,dataset/W/CW/7087-24.jpg,W,Wall,CW,Cracked,1,W/CW
C:\Users\sumit\Desktop\kavita_capstone\dataset\P\CP\098-95.jpg,dataset/P/CP/098-95.jpg,P,Pavement,CP,Cracked,1,P/CP
C:\Users\sumit\Desktop\kavita_capstone\dataset\D\CD\7025-146.jpg,dataset/D/CD/7025-146.jpg,D,Deck,CD,Cracked,1,D/CD
C:\Users\sumit\Desktop\kavita_capstone\dataset\P\CP\071-75.jpg,dataset/P/CP/071-75.jpg,P,Pavement,CP,Cracked,1,P/CP
C:\Users\sumit\Desktop\kavita_capstone\dataset\W\CW\7139-151.jpg,dataset/W/CW/7139-151.jpg,W,Wall,CW,Cracked,1,W/CW
C:\Users\sumit\Desktop\kavita_capstone\dataset\D\UD\7036-242.jpg,dataset/D/UD/7036-242.jpg,D,Deck,UD,Uncracked,0,D/UD
C:\Users\sumit\Desktop\kavita_capstone\dataset\D\CD\7049-35.jpg,dataset/D/CD/7049-35.jpg,D,Deck,CD,Cracked,1,D/CD
C:\Users\sumit\Desktop\kavita_capstone\dataset\D\CD\7011-160.jpg,dataset/D/CD/7011-160.jpg,D,Deck,CD,Cracked,1,D/CD
C:\Users\sumit\Desktop\kavita_capstone\dataset\D\UD\7008-146.jpg,dataset/D/UD/7008-146.jpg,D,Deck,UD,Uncracked,0,D/UD
C:\Users\sumit\Desktop\kavita_capstone\dataset\P\CP\101-115.jpg,dataset/P/CP/101-115.jpg,P,Pavement,CP,Cracked,1,P/CP
C:\Users\sumit\Desktop\kavita_capstone\dataset\D\CD\7049-201.jpg,dataset/D/CD/7049-201.jpg,D,Deck,CD,Cracked,1,D/CD
C:\Users\sumit\Desktop\kavita_capstone\dataset\W\CW\7090-232.jpg,dataset/W/CW/7090-232.jpg,W,Wall,CW,Cracked,1,W/CW
C:\Users\sumit\Desktop\kavita_capstone\dataset\P\CP\029-99.jpg,dataset/P/CP/029-99.jpg,P,Pavement,CP,Cracked,1,P/CP
C:\Users\sumit\Desktop\kavita_capstone\dataset\W\UW\7095-4.jpg,dataset/W/UW/7095-4.jpg,W,Wall,UW,Uncracked,0,W/UW
C:\Users\sumit\Desktop\kavita_capstone\dataset\D\CD\7004-161.jpg,dataset/D/CD/7004-161.jpg,D,Deck,CD,Cracked,1,D/CD
C:\Users\sumit\Desktop\kavita_capstone\dataset\P\CP\076-78.jpg,dataset/P/CP/076-78.jpg,P,Pavement,CP,Cracked,1,P/CP
C:\Users\sumit\Desktop\kavita_capstone\dataset\D\UD\7038-252.jpg,dataset/D/UD/7038-252.jpg,D,Deck,UD,Uncracked,0,D/UD
C:\Users\sumit\Desktop\kavita_capstone\dataset\P\CP\103-163.jpg,dataset/P/CP/103-163.jpg,P,Pavement,CP,Cracked,1,P/CP
C:\Users\sumit\Desktop\kavita_capstone\dataset\P\CP\080-152.jpg,dataset/P/CP/080-152.jpg,P,Pavement,CP,Cracked,1,P/CP
C:\Users\sumit\Desktop\kavita_capstone\dataset\D\CD\7029-222.jpg,dataset/D/CD/7029-222.jpg,D,Deck,CD,Cracked,1,D/CD
C:\Users\sumit\Desktop\kavita_capstone\dataset\D\UD\7024-59.jpg,dataset/D/UD/7024-59.jpg,D,Deck,UD,Uncracked,0,D/UD
C:\Users\sumit\Desktop\kavita_capstone\dataset\W\CW\7124-218.jpg,dataset/W/CW/7124-218.jpg,W,Wall,CW,Cracked,1,W/CW
C:\Users\sumit\Desktop\kavita_capstone\dataset\P\UP\027-68.jpg,dataset/P/UP/027-68.jpg,P,Pavement,UP,Uncracked,0,P/UP
C:\Users\sumit\Desktop\kavita_capstone\dataset\W\UW\7124-22.jpg,dataset/W/UW/7124-22.jpg,W,Wall,UW,Uncracked,0,W/UW
C:\Users\sumit\Desktop\kavita_capstone\dataset\W\CW\7087-4.jpg,dataset/W/CW/7087-4.jpg,W,Wall,CW,Cracked,1,W/CW
C:\Users\sumit\Desktop\kavita_capstone\dataset\P\UP\003-147.jpg,dataset/P/UP/003-147.jpg,P,Pavement,UP,Uncracked,0,P/UP
C:\Users\sumit\Desktop\kavita_capstone\dataset\D\UD\7052-191.jpg,dataset/D/UD/7052-191.jpg,D,Deck,UD,Uncracked,0,D/UD
C:\Users\sumit\Desktop\kavita_capstone\dataset\W\UW\7094-171.jpg,dataset/W/UW/7094-171.jpg,W,Wall,UW,Uncracked,0,W/UW
C:\Users\sumit\Desktop\kavita_capstone\dataset\W\UW\7114-63.jpg,dataset/W/UW/7114-63.jpg,W,Wall,UW,Uncracked,0,W/UW
C:\Users\sumit\Desktop\kavita_capstone\dataset\W\CW\7084-96.jpg,dataset/W/CW/7084-96.jpg,W,Wall,CW,Cracked,1,W/CW
C:\Users\sumit\Desktop\kavita_capstone\dataset\D\UD\7030-55.jpg,dataset/D/UD/7030-55.jpg,D,Deck,UD,Uncracked,0,D/UD
C:\Users\sumit\Desktop\kavita_capstone\dataset\P\CP\045-156.jpg,dataset/P/CP/045-156.jpg,P,Pavement,CP,Cracked,1,P/CP
C:\Users\sumit\Desktop\kavita_capstone\dataset\D\UD\7001-23.jpg,dataset/D/UD/7001-23.jpg,D,Deck,UD,Uncracked,0,D/UD
C:\Users\sumit\Desktop\kavita_capstone\dataset\W\CW\7077-164.jpg,dataset/W/CW/7077-164.jpg,W,Wall,CW,Cracked,1,W/CW
C:\Users\sumit\Desktop\kavita_capstone\dataset\P\UP\101-107.jpg,dataset/P/UP/101-107.jpg,P,Pavement,UP,Uncracked,0,P/UP
C:\Users\sumit\Desktop\kavita_capstone\dataset\D\CD\7003-60.jpg,dataset/D/CD/7003-60.jpg,D,Deck,CD,Cracked,1,D/CD
C:\Users\sumit\Desktop\kavita_capstone\dataset\D\CD\7047-44.jpg,dataset/D/CD/7047-44.jpg,D,Deck,CD,Cracked,1,D/CD
C:\Users\sumit\Desktop\kavita_capstone\dataset\P\UP\007-9.jpg,dataset/P/UP/007-9.jpg,P,Pavement,UP,Uncracked,0,P/UP
C:\Users\sumit\Desktop\kavita_capstone\dataset\W\CW\7088-170.jpg,dataset/W/CW/7088-170.jpg,W,Wall,CW,Cracked,1,W/CW
C:\Users\sumit\Desktop\kavita_capstone\dataset\D\CD\7027-45.jpg,dataset/D/CD/7027-45.jpg,D,Deck,CD,Cracked,1,D/CD
C:\Users\sumit\Desktop\kavita_capstone\dataset\W\CW\7100-157.jpg,dataset/W/CW/7100-157.jpg,W,Wall,CW,Cracked,1,W/CW
C:\Users\sumit\Desktop\kavita_capstone\dataset\P\CP\076-159.jpg,dataset/P/CP/076-159.jpg,P,Pavement,CP,Cracked,1,P/CP
C:\Users\sumit\Desktop\kavita_capstone\dataset\P\UP\058-109.jpg,dataset/P/UP/058-109.jpg,P,Pavement,UP,Uncracked,0,P/UP
C:\Users\sumit\Desktop\kavita_capstone\dataset\W\UW\7121-173.jpg,dataset/W/UW/7121-173.jpg,W,Wall,UW,Uncracked,0,W/UW
C:\Users\sumit\Desktop\kavita_capstone\dataset\P\CP\072-124.jpg,dataset/P/CP/072-124.jpg,P,Pavement,CP,Cracked,1,P/CP
C:\Users\sumit\Desktop\kavita_capstone\dataset\D\UD\7003-167.jpg,dataset/D/UD/7003-167.jpg,D,Deck,UD,Uncracked,0,D/UD
C:\Users\sumit\Desktop\kavita_capstone\dataset\P\UP\024-50.jpg,dataset/P/UP/024-50.jpg,P,Pavement,UP,Uncracked,0,P/UP
C:\Users\sumit\Desktop\kavita_capstone\dataset\D\UD\7057-235.jpg,dataset/D/UD/7057-235.jpg,D,Deck,UD,Uncracked,0,D/UD
C:\Users\sumit\Desktop\kavita_capstone\dataset\P\CP\084-136.jpg,dataset/P/CP/084-136.jpg,P,Pavement,CP,Cracked,1,P/CP
C:\Users\sumit\Desktop\kavita_capstone\dataset\D\UD\7006-46.jpg,dataset/D/UD/7006-46.jpg,D,Deck,UD,Uncracked,0,D/UD
C:\Users\sumit\Desktop\kavita_capstone\dataset\P\CP\008-136.jpg,dataset/P/CP/008-136.jpg,P,Pavement,CP,Cracked,1,P/CP
C:\Users\sumit\Desktop\kavita_capstone\dataset\D\UD\7019-220.jpg,dataset/D/UD/7019-220.jpg,D,Deck,UD,Uncracked,0,D/UD
C:\Users\sumit\Desktop\kavita_capstone\dataset\D\UD\7044-216.jpg,dataset/D/UD/7044-216.jpg,D,Deck,UD,Uncracked,0,D/UD
C:\Users\sumit\Desktop\kavita_capstone\dataset\W\CW\7075-231.jpg,dataset/W/CW/7075-231.jpg,W,Wall,CW,Cracked,1,W/CW
C:\Users\sumit\Desktop\kavita_capstone\dataset\W\CW\7126-220.jpg,dataset/W/CW/7126-220.jpg,W,Wall,CW,Cracked,1,W/CW
C:\Users\sumit\Desktop\kavita_capstone\dataset\W\UW\7100-215.jpg,dataset/W/UW/7100-215.jpg,W,Wall,UW,Uncracked,0,W/UW
C:\Users\sumit\Desktop\kavita_capstone\dataset\W\UW\7077-112.jpg,dataset/W/UW/7077-112.jpg,W,Wall,UW,Uncracked,0,W/UW
C:\Users\sumit\Desktop\kavita_capstone\dataset\P\UP\104-222.jpg,dataset/P/UP/104-222.jpg,P,Pavement,UP,Uncracked,0,P/UP
C:\Users\sumit\Desktop\kavita_capstone\dataset\P\CP\029-207.jpg,dataset/P/CP/029-207.jpg,P,Pavement,CP,Cracked,1,P/CP
C:\Users\sumit\Desktop\kavita_capstone\dataset\P\UP\023-24.jpg,dataset/P/UP/023-24.jpg,P,Pavement,UP,Uncracked,0,P/UP
C:\Users\sumit\Desktop\kavita_capstone\dataset\W\CW\7122-172.jpg,dataset/W/CW/7122-172.jpg,W,Wall,CW,Cracked,1,W/CW
C:\Users\sumit\Desktop\kavita_capstone\dataset\W\CW\7075-165.jpg,dataset/W/CW/7075-165.jpg,W,Wall,CW,Cracked,1,W/CW
C:\Users\sumit\Desktop\kavita_capstone\dataset\W\UW\7129-33.jpg,dataset/W/UW/7129-33.jpg,W,Wall,UW,Uncracked,0,W/UW
C:\Users\sumit\Desktop\kavita_capstone\dataset\W\CW\7097-187.jpg,dataset/W/CW/7097-187.jpg,W,Wall,CW,Cracked,1,W/CW
C:\Users\sumit\Desktop\kavita_capstone\dataset\D\CD\7008-145.jpg,dataset/D/CD/7008-145.jpg,D,Deck,CD,Cracked,1,D/CD
C:\Users\sumit\Desktop\kavita_capstone\dataset\W\UW\7081-231.jpg,dataset/W/UW/7081-231.jpg,W,Wall,UW,Uncracked,0,W/UW
C:\Users\sumit\Desktop\kavita_capstone\dataset\D\UD\7001-205.jpg,dataset/D/UD/7001-205.jpg,D,Deck,UD,Uncracked,0,D/UD
C:\Users\sumit\Desktop\kavita_capstone\dataset\D\CD\7020-6.jpg,dataset/D/CD/7020-6.jpg,D,Deck,CD,Cracked,1,D/CD
C:\Users\sumit\Desktop\kavita_capstone\dataset\P\CP\007-82.jpg,dataset/P/CP/007-82.jpg,P,Pavement,CP,Cracked,1,P/CP
C:\Users\sumit\Desktop\kavita_capstone\dataset\D\CD\7031-196.jpg,dataset/D/CD/7031-196.jpg,D,Deck,CD,Cracked,1,D/CD
C:\Users\sumit\Desktop\kavita_capstone\dataset\D\CD\7004-62.jpg,dataset/D/CD/7004-62.jpg,D,Deck,CD,Cracked,1,D/CD
C:\Users\sumit\Desktop\kavita_capstone\dataset\P\CP\055-63.jpg,dataset/P/CP/055-63.jpg,P,Pavement,CP,Cracked,1,P/CP
C:\Users\sumit\Desktop\kavita_capstone\dataset\P\UP\003-175.jpg,dataset/P/UP/003-175.jpg,P,Pavement,UP,Uncracked,0,P/UP
C:\Users\sumit\Desktop\kavita_capstone\dataset\D\UD\7031-169.jpg,dataset/D/UD/7031-169.jpg,D,Deck,UD,Uncracked,0,D/UD
C:\Users\sumit\Desktop\kavita_capstone\dataset\W\UW\7132-144.jpg,dataset/W/UW/7132-144.jpg,W,Wall,UW,Uncracked,0,W/UW
C:\Users\sumit\Desktop\kavita_capstone\dataset\P\CP\059-104.jpg,dataset/P/CP/059-104.jpg,P,Pavement,CP,Cracked,1,P/CP
C:\Users\sumit\Desktop\kavita_capstone\dataset\D\CD\7057-198.jpg,dataset/D/CD/7057-198.jpg,D,Deck,CD,Cracked,1,D/CD
C:\Users\sumit\Desktop\kavita_capstone\dataset\D\CD\7029-66.jpg,dataset/D/CD/7029-66.jpg,D,Deck,CD,Cracked,1,D/CD
C:\Users\sumit\Desktop\kavita_capstone\dataset\P\UP\086-33.jpg,dataset/P/UP/086-33.jpg,P,Pavement,UP,Uncracked,0,P/UP
C:\Users\sumit\Desktop\kavita_capstone\dataset\P\CP\101-82.jpg,dataset/P/CP/101-82.jpg,P,Pavement,CP,Cracked,1,P/CP
C:\Users\sumit\Desktop\kavita_capstone\dataset\P\UP\078-22.jpg,dataset/P/UP/078-22.jpg,P,Pavement,UP,Uncracked,0,P/UP
C:\Users\sumit\Desktop\kavita_capstone\dataset\D\CD\7002-46.jpg,dataset/D/CD/7002-46.jpg,D,Deck,CD,Cracked,1,D/CD
C:\Users\sumit\Desktop\kavita_capstone\dataset\P\UP\064-145.jpg,dataset/P/UP/064-145.jpg,P,Pavement,UP,Uncracked,0,P/UP
C:\Users\sumit\Desktop\kavita_capstone\dataset\W\UW\7114-240.jpg,dataset/W/UW/7114-240.jpg,W,Wall,UW,Uncracked,0,W/UW
C:\Users\sumit\Desktop\kavita_capstone\dataset\D\CD\7001-79.jpg,dataset/D/CD/7001-79.jpg,D,Deck,CD,Cracked,1,D/CD
C:\Users\sumit\Desktop\kavita_capstone\dataset\P\CP\086-216.jpg,dataset/P/CP/086-216.jpg,P,Pavement,CP,Cracked,1,P/CP
C:\Users\sumit\Desktop\kavita_capstone\dataset\P\UP\028-149.jpg,dataset/P/UP/028-149.jpg,P,Pavement,UP,Uncracked,0,P/UP
C:\Users\sumit\Desktop\kavita_capstone\dataset\P\UP\033-40.jpg,dataset/P/UP/033-40.jpg,P,Pavement,UP,Uncracked,0,P/UP
C:\Users\sumit\Desktop\kavita_capstone\dataset\W\CW\7075-158.jpg,dataset/W/CW/7075-158.jpg,W,Wall,CW,Cracked,1,W/CW
C:\Users\sumit\Desktop\kavita_capstone\dataset\W\CW\7124-175.jpg,dataset/W/CW/7124-175.jpg,W,Wall,CW,Cracked,1,W/CW
C:\Users\sumit\Desktop\kavita_capstone\dataset\P\CP\095-81.jpg,dataset/P/CP/095-81.jpg,P,Pavement,CP,Cracked,1,P/CP
C:\Users\sumit\Desktop\kavita_capstone\dataset\D\CD\7005-78.jpg,dataset/D/CD/7005-78.jpg,D,Deck,CD,Cracked,1,D/CD
C:\Users\sumit\Desktop\kavita_capstone\dataset\P\CP\056-131.jpg,dataset/P/CP/056-131.jpg,P,Pavement,CP,Cracked,1,P/CP
C:\Users\sumit\Desktop\kavita_capstone\dataset\W\UW\7074-73.jpg,dataset/W/UW/7074-73.jpg,W,Wall,UW,Uncracked,0,W/UW
C:\Users\sumit\Desktop\kavita_capstone\dataset\W\CW\7112-227.jpg,dataset/W/CW/7112-227.jpg,W,Wall,CW,Cracked,1,W/CW
C:\Users\sumit\Desktop\kavita_capstone\dataset\P\CP\006-34.jpg,dataset/P/CP/006-34.jpg,P,Pavement,CP,Cracked,1,P/CP
C:\Users\sumit\Desktop\kavita_capstone\dataset\D\UD\7031-154.jpg,dataset/D/UD/7031-154.jpg,D,Deck,UD,Uncracked,0,D/UD
C:\Users\sumit\Desktop\kavita_capstone\dataset\P\CP\041-39.jpg,dataset/P/CP/041-39.jpg,P,Pavement,CP,Cracked,1,P/CP
C:\Users\sumit\Desktop\kavita_capstone\dataset\W\UW\7118-23.jpg,dataset/W/UW/7118-23.jpg,W,Wall,UW,Uncracked,0,W/UW
C:\Users\sumit\Desktop\kavita_capstone\dataset\D\UD\7013-140.jpg,dataset/D/UD/7013-140.jpg,D,Deck,UD,Uncracked,0,D/UD
C:\Users\sumit\Desktop\kavita_capstone\dataset\D\UD\7008-119.jpg,dataset/D/UD/7008-119.jpg,D,Deck,UD,Uncracked,0,D/UD
C:\Users\sumit\Desktop\kavita_capstone\dataset\D\UD\7043-9.jpg,dataset/D/UD/7043-9.jpg,D,Deck,UD,Uncracked,0,D/UD
C:\Users\sumit\Desktop\kavita_capstone\dataset\P\UP\011-33.jpg,dataset/P/UP/011-33.jpg,P,Pavement,UP,Uncracked,0,P/UP
C:\Users\sumit\Desktop\kavita_capstone\dataset\W\CW\7133-27.jpg,dataset/W/CW/7133-27.jpg,W,Wall,CW,Cracked,1,W/CW
C:\Users\sumit\Desktop\kavita_capstone\dataset\W\CW\7138-14.jpg,dataset/W/CW/7138-14.jpg,W,Wall,CW,Cracked,1,W/CW
C:\Users\sumit\Desktop\kavita_capstone\dataset\W\UW\7111-63.jpg,dataset/W/UW/7111-63.jpg,W,Wall,UW,Uncracked,0,W/UW
C:\Users\sumit\Desktop\kavita_capstone\dataset\W\CW\7137-83.jpg,dataset/W/CW/7137-83.jpg,W,Wall,CW,Cracked,1,W/CW
C:\Users\sumit\Desktop\kavita_capstone\dataset\P\UP\031-8.jpg,dataset/P/UP/031-8.jpg,P,Pavement,UP,Uncracked,0,P/UP
C:\Users\sumit\Desktop\kavita_capstone\dataset\W\UW\7090-70.jpg,dataset/W/UW/7090-70.jpg,W,Wall,UW,Uncracked,0,W/UW
C:\Users\sumit\Desktop\kavita_capstone\dataset\W\UW\7114-231.jpg,dataset/W/UW/7114-231.jpg,W,Wall,UW,Uncracked,0,W/UW
C:\Users\sumit\Desktop\kavita_capstone\dataset\W\CW\7085-156.jpg,dataset/W/CW/7085-156.jpg,W,Wall,CW,Cracked,1,W/CW
C:\Users\sumit\Desktop\kavita_capstone\dataset\W\UW\7092-23.jpg,dataset/W/UW/7092-23.jpg,W,Wall,UW,Uncracked,0,W/UW
C:\Users\sumit\Desktop\kavita_capstone\dataset\P\CP\072-51.jpg,dataset/P/CP/072-51.jpg,P,Pavement,CP,Cracked,1,P/CP
C:\Users\sumit\Desktop\kavita_capstone\dataset\P\UP\059-43.jpg,dataset/P/UP/059-43.jpg,P,Pavement,UP,Uncracked,0,P/UP
C:\Users\sumit\Desktop\kavita_capstone\dataset\P\UP\004-98.jpg,dataset/P/UP/004-98.jpg,P,Pavement,UP,Uncracked,0,P/UP
C:\Users\sumit\Desktop\kavita_capstone\dataset\P\CP\052-85.jpg,dataset/P/CP/052-85.jpg,P,Pavement,CP,Cracked,1,P/CP
C:\Users\sumit\Desktop\kavita_capstone\dataset\P\CP\063-131.jpg,dataset/P/CP/063-131.jpg,P,Pavement,CP,Cracked,1,P/CP
C:\Users\sumit\Desktop\kavita_capstone\dataset\D\CD\7037-131.jpg,dataset/D/CD/7037-131.jpg,D,Deck,CD,Cracked,1,D/CD
C:\Users\sumit\Desktop\kavita_capstone\dataset\W\CW\7087-96.jpg,dataset/W/CW/7087-96.jpg,W,Wall,CW,Cracked,1,W/CW
C:\Users\sumit\Desktop\kavita_capstone\dataset\W\CW\7070-45.jpg,dataset/W/CW/7070-45.jpg,W,Wall,CW,Cracked,1,W/CW
C:\Users\sumit\Desktop\kavita_capstone\dataset\D\CD\7002-122.jpg,dataset/D/CD/7002-122.jpg,D,Deck,CD,Cracked,1,D/CD
C:\Users\sumit\Desktop\kavita_capstone\dataset\P\UP\095-71.jpg,dataset/P/UP/095-71.jpg,P,Pavement,UP,Uncracked,0,P/UP
C:\Users\sumit\Desktop\kavita_capstone\dataset\D\CD\7023-21.jpg,dataset/D/CD/7023-21.jpg,D,Deck,CD,Cracked,1,D/CD
C:\Users\sumit\Desktop\kavita_capstone\dataset\W\UW\7092-100.jpg,dataset/W/UW/7092-100.jpg,W,Wall,UW,Uncracked,0,W/UW
C:\Users\sumit\Desktop\kavita_capstone\dataset\W\UW\7114-237.jpg,dataset/W/UW/7114-237.jpg,W,Wall,UW,Uncracked,0,W/UW
C:\Users\sumit\Desktop\kavita_capstone\dataset\P\UP\039-160.jpg,dataset/P/UP/039-160.jpg,P,Pavement,UP,Uncracked,0,P/UP
C:\Users\sumit\Desktop\kavita_capstone\dataset\P\UP\029-198.jpg,dataset/P/UP/029-198.jpg,P,Pavement,UP,Uncracked,0,P/UP
C:\Users\sumit\Desktop\kavita_capstone\dataset\P\CP\066-100.jpg,dataset/P/CP/066-100.jpg,P,Pavement,CP,Cracked,1,P/CP
C:\Users\sumit\Desktop\kavita_capstone\dataset\D\UD\7037-86.jpg,dataset/D/UD/7037-86.jpg,D,Deck,UD,Uncracked,0,D/UD
C:\Users\sumit\Desktop\kavita_capstone\dataset\D\UD\7040-178.jpg,dataset/D/UD/7040-178.jpg,D,Deck,UD,Uncracked,0,D/UD
C:\Users\sumit\Desktop\kavita_capstone\dataset\P\UP\011-46.jpg,dataset/P/UP/011-46.jpg,P,Pavement,UP,Uncracked,0,P/UP
C:\Users\sumit\Desktop\kavita_capstone\dataset\W\UW\7139-63.jpg,dataset/W/UW/7139-63.jpg,W,Wall,UW,Uncracked,0,W/UW
C:\Users\sumit\Desktop\kavita_capstone\dataset\P\CP\092-84.jpg,dataset/P/CP/092-84.jpg,P,Pavement,CP,Cracked,1,P/CP
C:\Users\sumit\Desktop\kavita_capstone\dataset\D\CD\7009-139.jpg,dataset/D/CD/7009-139.jpg,D,Deck,CD,Cracked,1,D/CD
C:\Users\sumit\Desktop\kavita_capstone\dataset\P\CP\090-121.jpg,dataset/P/CP/090-121.jpg,P,Pavement,CP,Cracked,1,P/CP
C:\Users\sumit\Desktop\kavita_capstone\dataset\P\CP\004-114.jpg,dataset/P/CP/004-114.jpg,P,Pavement,CP,Cracked,1,P/CP
C:\Users\sumit\Desktop\kavita_capstone\dataset\P\UP\002-185.jpg,dataset/P/UP/002-185.jpg,P,Pavement,UP,Uncracked,0,P/UP
C:\Users\sumit\Desktop\kavita_capstone\dataset\D\UD\7051-136.jpg,dataset/D/UD/7051-136.jpg,D,Deck,UD,Uncracked,0,D/UD
C:\Users\sumit\Desktop\kavita_capstone\dataset\D\UD\7034-82.jpg,dataset/D/UD/7034-82.jpg,D,Deck,UD,Uncracked,0,D/UD
C:\Users\sumit\Desktop\kavita_capstone\dataset\D\UD\7050-27.jpg,dataset/D/UD/7050-27.jpg,D,Deck,UD,Uncracked,0,D/UD
C:\Users\sumit\Desktop\kavita_capstone\dataset\W\UW\7089-133.jpg,dataset/W/UW/7089-133.jpg,W,Wall,UW,Uncracked,0,W/UW
C:\Users\sumit\Desktop\kavita_capstone\dataset\P\CP\094-134.jpg,dataset/P/CP/094-134.jpg,P,Pavement,CP,Cracked,1,P/CP
C:\Users\sumit\Desktop\kavita_capstone\dataset\D\CD\7054-182.jpg,dataset/D/CD/7054-182.jpg,D,Deck,CD,Cracked,1,D/CD
C:\Users\sumit\Desktop\kavita_capstone\dataset\W\UW\7071-241.jpg,dataset/W/UW/7071-241.jpg,W,Wall,UW,Uncracked,0,W/UW
C:\Users\sumit\Desktop\kavita_capstone\dataset\D\UD\7010-223.jpg,dataset/D/UD/7010-223.jpg,D,Deck,UD,Uncracked,0,D/UD
C:\Users\sumit\Desktop\kavita_capstone\dataset\P\UP\097-42.jpg,dataset/P/UP/097-42.jpg,P,Pavement,UP,Uncracked,0,P/UP
C:\Users\sumit\Desktop\kavita_capstone\dataset\D\CD\7038-163.jpg,dataset/D/CD/7038-163.jpg,D,Deck,CD,Cracked,1,D/CD
C:\Users\sumit\Desktop\kavita_capstone\dataset\W\CW\7086-100.jpg,dataset/W/CW/7086-100.jpg,W,Wall,CW,Cracked,1,W/CW
C:\Users\sumit\Desktop\kavita_capstone\dataset\P\UP\103-97.jpg,dataset/P/UP/103-97.jpg,P,Pavement,UP,Uncracked,0,P/UP
C:\Users\sumit\Desktop\kavita_capstone\dataset\D\UD\7025-200.jpg,dataset/D/UD/7025-200.jpg,D,Deck,UD,Uncracked,0,D/UD
C:\Users\sumit\Desktop\kavita_capstone\dataset\D\UD\7053-157.jpg,dataset/D/UD/7053-157.jpg,D,Deck,UD,Uncracked,0,D/UD
C:\Users\sumit\Desktop\kavita_capstone\dataset\P\CP\101-110.jpg,dataset/P/CP/101-110.jpg,P,Pavement,CP,Cracked,1,P/CP
C:\Users\sumit\Desktop\kavita_capstone\dataset\W\CW\7077-187.jpg,dataset/W/CW/7077-187.jpg,W,Wall,CW,Cracked,1,W/CW
C:\Users\sumit\Desktop\kavita_capstone\dataset\W\CW\7086-110.jpg,dataset/W/CW/7086-110.jpg,W,Wall,CW,Cracked,1,W/CW
C:\Users\sumit\Desktop\kavita_capstone\dataset\W\UW\7077-70.jpg,dataset/W/UW/7077-70.jpg,W,Wall,UW,Uncracked,0,W/UW
C:\Users\sumit\Desktop\kavita_capstone\dataset\D\CD\7027-19.jpg,dataset/D/CD/7027-19.jpg,D,Deck,CD,Cracked,1,D/CD
C:\Users\sumit\Desktop\kavita_capstone\dataset\W\UW\7102-69.jpg,dataset/W/UW/7102-69.jpg,W,Wall,UW,Uncracked,0,W/UW
C:\Users\sumit\Desktop\kavita_capstone\dataset\D\CD\7052-30.jpg,dataset/D/CD/7052-30.jpg,D,Deck,CD,Cracked,1,D/CD
C:\Users\sumit\Desktop\kavita_capstone\dataset\D\CD\7012-13.jpg,dataset/D/CD/7012-13.jpg,D,Deck,CD,Cracked,1,D/CD
C:\Users\sumit\Desktop\kavita_capstone\dataset\D\CD\7004-112.jpg,dataset/D/CD/7004-112.jpg,D,Deck,CD,Cracked,1,D/CD
C:\Users\sumit\Desktop\kavita_capstone\dataset\D\CD\7005-143.jpg,dataset/D/CD/7005-143.jpg,D,Deck,CD,Cracked,1,D/CD
C:\Users\sumit\Desktop\kavita_capstone\dataset\P\UP\011-207.jpg,dataset/P/UP/011-207.jpg,P,Pavement,UP,Uncracked,0,P/UP
C:\Users\sumit\Desktop\kavita_capstone\dataset\W\UW\7111-65.jpg,dataset/W/UW/7111-65.jpg,W,Wall,UW,Uncracked,0,W/UW
C:\Users\sumit\Desktop\kavita_capstone\dataset\W\UW\7091-122.jpg,dataset/W/UW/7091-122.jpg,W,Wall,UW,Uncracked,0,W/UW
C:\Users\sumit\Desktop\kavita_capstone\dataset\D\UD\7027-177.jpg,dataset/D/UD/7027-177.jpg,D,Deck,UD,Uncracked,0,D/UD
C:\Users\sumit\Desktop\kavita_capstone\dataset\P\CP\019-126.jpg,dataset/P/CP/019-126.jpg,P,Pavement,CP,Cracked,1,P/CP
C:\Users\sumit\Desktop\kavita_capstone\dataset\W\UW\7069-91.jpg,dataset/W/UW/7069-91.jpg,W,Wall,UW,Uncracked,0,W/UW
C:\Users\sumit\Desktop\kavita_capstone\dataset\W\CW\7087-14.jpg,dataset/W/CW/7087-14.jpg,W,Wall,CW,Cracked,1,W/CW
C:\Users\sumit\Desktop\kavita_capstone\dataset\W\UW\7112-142.jpg,dataset/W/UW/7112-142.jpg,W,Wall,UW,Uncracked,0,W/UW
C:\Users\sumit\Desktop\kavita_capstone\dataset\P\CP\093-119.jpg,dataset/P/CP/093-119.jpg,P,Pavement,CP,Cracked,1,P/CP
C:\Users\sumit\Desktop\kavita_capstone\dataset\P\UP\056-169.jpg,dataset/P/UP/056-169.jpg,P,Pavement,UP,Uncracked,0,P/UP
C:\Users\sumit\Desktop\kavita_capstone\dataset\D\UD\7008-28.jpg,dataset/D/UD/7008-28.jpg,D,Deck,UD,Uncracked,0,D/UD
C:\Users\sumit\Desktop\kavita_capstone\dataset\P\CP\090-73.jpg,dataset/P/CP/090-73.jpg,P,Pavement,CP,Cracked,1,P/CP
C:\Users\sumit\Desktop\kavita_capstone\dataset\W\UW\7119-3.jpg,dataset/W/UW/7119-3.jpg,W,Wall,UW,Uncracked,0,W/UW
C:\Users\sumit\Desktop\kavita_capstone\dataset\W\UW\7082-211.jpg,dataset/W/UW/7082-211.jpg,W,Wall,UW,Uncracked,0,W/UW
C:\Users\sumit\Desktop\kavita_capstone\dataset\P\CP\084-158.jpg,dataset/P/CP/084-158.jpg,P,Pavement,CP,Cracked,1,P/CP
C:\Users\sumit\Desktop\kavita_capstone\dataset\W\UW\7124-212.jpg,dataset/W/UW/7124-212.jpg,W,Wall,UW,Uncracked,0,W/UW
C:\Users\sumit\Desktop\kavita_capstone\dataset\P\UP\096-176.jpg,dataset/P/UP/096-176.jpg,P,Pavement,UP,Uncracked,0,P/UP
C:\Users\sumit\Desktop\kavita_capstone\dataset\D\CD\7020-110.jpg,dataset/D/CD/7020-110.jpg,D,Deck,CD,Cracked,1,D/CD
C:\Users\sumit\Desktop\kavita_capstone\dataset\P\CP\044-122.jpg,dataset/P/CP/044-122.jpg,P,Pavement,CP,Cracked,1,P/CP
C:\Users\sumit\Desktop\kavita_capstone\dataset\P\CP\006-210.jpg,dataset/P/CP/006-210.jpg,P,Pavement,CP,Cracked,1,P/CP
C:\Users\sumit\Desktop\kavita_capstone\dataset\W\CW\7113-103.jpg,dataset/W/CW/7113-103.jpg,W,Wall,CW,Cracked,1,W/CW
C:\Users\sumit\Desktop\kavita_capstone\dataset\D\CD\7029-67.jpg,dataset/D/CD/7029-67.jpg,D,Deck,CD,Cracked,1,D/CD
C:\Users\sumit\Desktop\kavita_capstone\dataset\P\UP\055-160.jpg,dataset/P/UP/055-160.jpg,P,Pavement,UP,Uncracked,0,P/UP
C:\Users\sumit\Desktop\kavita_capstone\dataset\W\UW\7105-147.jpg,dataset/W/UW/7105-147.jpg,W,Wall,UW,Uncracked,0,W/UW
C:\Users\sumit\Desktop\kavita_capstone\dataset\D\UD\7032-91.jpg,dataset/D/UD/7032-91.jpg,D,Deck,UD,Uncracked,0,D/UD
C:\Users\sumit\Desktop\kavita_capstone\dataset\D\CD\7049-33.jpg,dataset/D/CD/7049-33.jpg,D,Deck,CD,Cracked,1,D/CD
C:\Users\sumit\Desktop\kavita_capstone\dataset\D\CD\7028-205.jpg,dataset/D/CD/7028-205.jpg,D,Deck,CD,Cracked,1,D/CD
C:\Users\sumit\Desktop\kavita_capstone\dataset\P\UP\079-58.jpg,dataset/P/UP/079-58.jpg,P,Pavement,UP,Uncracked,0,P/UP
C:\Users\sumit\Desktop\kavita_capstone\dataset\W\UW\7105-241.jpg,dataset/W/UW/7105-241.jpg,W,Wall,UW,Uncracked,0,W/UW
C:\Users\sumit\Desktop\kavita_capstone\dataset\P\CP\084-230.jpg,dataset/P/CP/084-230.jpg,P,Pavement,CP,Cracked,1,P/CP
C:\Users\sumit\Desktop\kavita_capstone\dataset\D\CD\7052-201.jpg,dataset/D/CD/7052-201.jpg,D,Deck,CD,Cracked,1,D/CD
C:\Users\sumit\Desktop\kavita_capstone\dataset\W\UW\7076-242.jpg,dataset/W/UW/7076-242.jpg,W,Wall,UW,Uncracked,0,W/UW
C:\Users\sumit\Desktop\kavita_capstone\dataset\D\UD\7032-11.jpg,dataset/D/UD/7032-11.jpg,D,Deck,UD,Uncracked,0,D/UD
C:\Users\sumit\Desktop\kavita_capstone\dataset\D\UD\7052-15.jpg,dataset/D/UD/7052-15.jpg,D,Deck,UD,Uncracked,0,D/UD
C:\Users\sumit\Desktop\kavita_capstone\dataset\W\CW\7072-156.jpg,dataset/W/CW/7072-156.jpg,W,Wall,CW,Cracked,1,W/CW
C:\Users\sumit\Desktop\kavita_capstone\dataset\P\CP\037-58.jpg,dataset/P/CP/037-58.jpg,P,Pavement,CP,Cracked,1,P/CP
C:\Users\sumit\Desktop\kavita_capstone\dataset\W\CW\7126-183.jpg,dataset/W/CW/7126-183.jpg,W,Wall,CW,Cracked,1,W/CW
C:\Users\sumit\Desktop\kavita_capstone\dataset\D\CD\7007-218.jpg,dataset/D/CD/7007-218.jpg,D,Deck,CD,Cracked,1,D/CD
C:\Users\sumit\Desktop\kavita_capstone\dataset\P\CP\086-95.jpg,dataset/P/CP/086-95.jpg,P,Pavement,CP,Cracked,1,P/CP
C:\Users\sumit\Desktop\kavita_capstone\dataset\W\UW\7126-166.jpg,dataset/W/UW/7126-166.jpg,W,Wall,UW,Uncracked,0,W/UW
C:\Users\sumit\Desktop\kavita_capstone\dataset\W\CW\7092-60.jpg,dataset/W/CW/7092-60.jpg,W,Wall,CW,Cracked,1,W/CW
C:\Users\sumit\Desktop\kavita_capstone\dataset\P\UP\013-130.jpg,dataset/P/UP/013-130.jpg,P,Pavement,UP,Uncracked,0,P/UP
C:\Users\sumit\Desktop\kavita_capstone\dataset\D\CD\7037-58.jpg,dataset/D/CD/7037-58.jpg,D,Deck,CD,Cracked,1,D/CD
C:\Users\sumit\Desktop\kavita_capstone\dataset\W\CW\7081-124.jpg,dataset/W/CW/7081-124.jpg,W,Wall,CW,Cracked,1,W/CW
C:\Users\sumit\Desktop\kavita_capstone\dataset\P\UP\013-79.jpg,dataset/P/UP/013-79.jpg,P,Pavement,UP,Uncracked,0,P/UP
C:\Users\sumit\Desktop\kavita_capstone\dataset\W\UW\7076-150.jpg,dataset/W/UW/7076-150.jpg,W,Wall,UW,Uncracked,0,W/UW
C:\Users\sumit\Desktop\kavita_capstone\dataset\W\UW\7078-87.jpg,dataset/W/UW/7078-87.jpg,W,Wall,UW,Uncracked,0,W/UW
C:\Users\sumit\Desktop\kavita_capstone\dataset\W\UW\7104-17.jpg,dataset/W/UW/7104-17.jpg,W,Wall,UW,Uncracked,0,W/UW
C:\Users\sumit\Desktop\kavita_capstone\dataset\W\CW\7077-132.jpg,dataset/W/CW/7077-132.jpg,W,Wall,CW,Cracked,1,W/CW
C:\Users\sumit\Desktop\kavita_capstone\dataset\D\CD\7020-217.jpg,dataset/D/CD/7020-217.jpg,D,Deck,CD,Cracked,1,D/CD
C:\Users\sumit\Desktop\kavita_capstone\dataset\D\UD\7006-176.jpg,dataset/D/UD/7006-176.jpg,D,Deck,UD,Uncracked,0,D/UD
C:\Users\sumit\Desktop\kavita_capstone\dataset\D\UD\7051-225.jpg,dataset/D/UD/7051-225.jpg,D,Deck,UD,Uncracked,0,D/UD
C:\Users\sumit\Desktop\kavita_capstone\dataset\P\CP\054-83.jpg,dataset/P/CP/054-83.jpg,P,Pavement,CP,Cracked,1,P/CP
C:\Users\sumit\Desktop\kavita_capstone\dataset\W\UW\7085-110.jpg,dataset/W/UW/7085-110.jpg,W,Wall,UW,Uncracked,0,W/UW
C:\Users\sumit\Desktop\kavita_capstone\dataset\P\UP\083-216.jpg,dataset/P/UP/083-216.jpg,P,Pavement,UP,Uncracked,0,P/UP
C:\Users\sumit\Desktop\kavita_capstone\dataset\P\CP\081-97.jpg,dataset/P/CP/081-97.jpg,P,Pavement,CP,Cracked,1,P/CP
C:\Users\sumit\Desktop\kavita_capstone\dataset\P\CP\031-1.jpg,dataset/P/CP/031-1.jpg,P,Pavement,CP,Cracked,1,P/CP
C:\Users\sumit\Desktop\kavita_capstone\dataset\D\CD\7005-105.jpg,dataset/D/CD/7005-105.jpg,D,Deck,CD,Cracked,1,D/CD
C:\Users\sumit\Desktop\kavita_capstone\dataset\W\CW\7115-153.jpg,dataset/W/CW/7115-153.jpg,W,Wall,CW,Cracked,1,W/CW
C:\Users\sumit\Desktop\kavita_capstone\dataset\P\CP\057-89.jpg,dataset/P/CP/057-89.jpg,P,Pavement,CP,Cracked,1,P/CP
C:\Users\sumit\Desktop\kavita_capstone\dataset\W\CW\7085-21.jpg,dataset/W/CW/7085-21.jpg,W,Wall,CW,Cracked,1,W/CW
C:\Users\sumit\Desktop\kavita_capstone\dataset\D\UD\7035-19.jpg,dataset/D/UD/7035-19.jpg,D,Deck,UD,Uncracked,0,D/UD
C:\Users\sumit\Desktop\kavita_capstone\dataset\D\CD\7057-209.jpg,dataset/D/CD/7057-209.jpg,D,Deck,CD,Cracked,1,D/CD
C:\Users\sumit\Desktop\kavita_capstone\dataset\W\CW\7090-76.jpg,dataset/W/CW/7090-76.jpg,W,Wall,CW,Cracked,1,W/CW
C:\Users\sumit\Desktop\kavita_capstone\dataset\P\UP\054-189.jpg,dataset/P/UP/054-189.jpg,P,Pavement,UP,Uncracked,0,P/UP
C:\Users\sumit\Desktop\kavita_capstone\dataset\D\CD\7001-43.jpg,dataset/D/CD/7001-43.jpg,D,Deck,CD,Cracked,1,D/CD
C:\Users\sumit\Desktop\kavita_capstone\dataset\P\UP\062-179.jpg,dataset/P/UP/062-179.jpg,P,Pavement,UP,Uncracked,0,P/UP
C:\Users\sumit\Desktop\kavita_capstone\dataset\W\CW\7130-44.jpg,dataset/W/CW/7130-44.jpg,W,Wall,CW,Cracked,1,W/CW
C:\Users\sumit\Desktop\kavita_capstone\dataset\W\UW\7117-83.jpg,dataset/W/UW/7117-83.jpg,W,Wall,UW,Uncracked,0,W/UW
C:\Users\sumit\Desktop\kavita_capstone\dataset\W\UW\7121-205.jpg,dataset/W/UW/7121-205.jpg,W,Wall,UW,Uncracked,0,W/UW
C:\Users\sumit\Desktop\kavita_capstone\dataset\P\UP\034-220.jpg,dataset/P/UP/034-220.jpg,P,Pavement,UP,Uncracked,0,P/UP
C:\Users\sumit\Desktop\kavita_capstone\dataset\W\UW\7071-41.jpg,dataset/W/UW/7071-41.jpg,W,Wall,UW,Uncracked,0,W/UW
C:\Users\sumit\Desktop\kavita_capstone\dataset\D\CD\7039-96.jpg,dataset/D/CD/7039-96.jpg,D,Deck,CD,Cracked,1,D/CD
C:\Users\sumit\Desktop\kavita_capstone\dataset\W\UW\7130-64.jpg,dataset/W/UW/7130-64.jpg,W,Wall,UW,Uncracked,0,W/UW
C:\Users\sumit\Desktop\kavita_capstone\dataset\P\CP\065-156.jpg,dataset/P/CP/065-156.jpg,P,Pavement,CP,Cracked,1,P/CP
C:\Users\sumit\Desktop\kavita_capstone\dataset\P\UP\080-36.jpg,dataset/P/UP/080-36.jpg,P,Pavement,UP,Uncracked,0,P/UP
C:\Users\sumit\Desktop\kavita_capstone\dataset\P\UP\054-117.jpg,dataset/P/UP/054-117.jpg,P,Pavement,UP,Uncracked,0,P/UP
C:\Users\sumit\Desktop\kavita_capstone\dataset\W\UW\7111-51.jpg,dataset/W/UW/7111-51.jpg,W,Wall,UW,Uncracked,0,W/UW
C:\Users\sumit\Desktop\kavita_capstone\dataset\W\UW\7071-157.jpg,dataset/W/UW/7071-157.jpg,W,Wall,UW,Uncracked,0,W/UW
C:\Users\sumit\Desktop\kavita_capstone\dataset\D\UD\7031-81.jpg,dataset/D/UD/7031-81.jpg,D,Deck,UD,Uncracked,0,D/UD
C:\Users\sumit\Desktop\kavita_capstone\dataset\W\CW\7088-225.jpg,dataset/W/CW/7088-225.jpg,W,Wall,CW,Cracked,1,W/CW
C:\Users\sumit\Desktop\kavita_capstone\dataset\W\CW\7128-72.jpg,dataset/W/CW/7128-72.jpg,W,Wall,CW,Cracked,1,W/CW
C:\Users\sumit\Desktop\kavita_capstone\dataset\W\UW\7138-112.jpg,dataset/W/UW/7138-112.jpg,W,Wall,UW,Uncracked,0,W/UW
C:\Users\sumit\Desktop\kavita_capstone\dataset\W\UW\7137-203.jpg,dataset/W/UW/7137-203.jpg,W,Wall,UW,Uncracked,0,W/UW
C:\Users\sumit\Desktop\kavita_capstone\dataset\P\UP\015-12.jpg,dataset/P/UP/015-12.jpg,P,Pavement,UP,Uncracked,0,P/UP
C:\Users\sumit\Desktop\kavita_capstone\dataset\P\UP\046-119.jpg,dataset/P/UP/046-119.jpg,P,Pavement,UP,Uncracked,0,P/UP
C:\Users\sumit\Desktop\kavita_capstone\dataset\W\UW\7103-47.jpg,dataset/W/UW/7103-47.jpg,W,Wall,UW,Uncracked,0,W/UW
C:\Users\sumit\Desktop\kavita_capstone\dataset\P\UP\055-179.jpg,dataset/P/UP/055-179.jpg,P,Pavement,UP,Uncracked,0,P/UP
C:\Users\sumit\Desktop\kavita_capstone\dataset\D\CD\7021-165.jpg,dataset/D/CD/7021-165.jpg,D,Deck,CD,Cracked,1,D/CD
C:\Users\sumit\Desktop\kavita_capstone\dataset\P\UP\090-189.jpg,dataset/P/UP/090-189.jpg,P,Pavement,UP,Uncracked,0,P/UP
C:\Users\sumit\Desktop\kavita_capstone\dataset\D\CD\7013-184.jpg,dataset/D/CD/7013-184.jpg,D,Deck,CD,Cracked,1,D/CD
C:\Users\sumit\Desktop\kavita_capstone\dataset\P\CP\027-22_2.jpg,dataset/P/CP/027-22_2.jpg,P,Pavement,CP,Cracked,1,P/CP
C:\Users\sumit\Desktop\kavita_capstone\dataset\W\CW\7125-186.jpg,dataset/W/CW/7125-186.jpg,W,Wall,CW,Cracked,1,W/CW
C:\Users\sumit\Desktop\kavita_capstone\dataset\P\UP\049-153.jpg,dataset/P/UP/049-153.jpg,P,Pavement,UP,Uncracked,0,P/UP
C:\Users\sumit\Desktop\kavita_capstone\dataset\D\CD\7051-201.jpg,dataset/D/CD/7051-201.jpg,D,Deck,CD,Cracked,1,D/CD
C:\Users\sumit\Desktop\kavita_capstone\dataset\P\CP\055-8.jpg,dataset/P/CP/055-8.jpg,P,Pavement,CP,Cracked,1,P/CP
C:\Users\sumit\Desktop\kavita_capstone\dataset\D\UD\7038-87.jpg,dataset/D/UD/7038-87.jpg,D,Deck,UD,Uncracked,0,D/UD
C:\Users\sumit\Desktop\kavita_capstone\dataset\D\CD\7036-86.jpg,dataset/D/CD/7036-86.jpg,D,Deck,CD,Cracked,1,D/CD
C:\Users\sumit\Desktop\kavita_capstone\dataset\P\CP\001-113.jpg,dataset/P/CP/001-113.jpg,P,Pavement,CP,Cracked,1,P/CP
C:\Users\sumit\Desktop\kavita_capstone\dataset\D\CD\7011-204.jpg,dataset/D/CD/7011-204.jpg,D,Deck,CD,Cracked,1,D/CD
C:\Users\sumit\Desktop\kavita_capstone\dataset\W\UW\7077-138.jpg,dataset/W/UW/7077-138.jpg,W,Wall,UW,Uncracked,0,W/UW
C:\Users\sumit\Desktop\kavita_capstone\dataset\D\UD\7057-19.jpg,dataset/D/UD/7057-19.jpg,D,Deck,UD,Uncracked,0,D/UD
C:\Users\sumit\Desktop\kavita_capstone\dataset\P\CP\027-20_2.jpg,dataset/P/CP/027-20_2.jpg,P,Pavement,CP,Cracked,1,P/CP
C:\Users\sumit\Desktop\kavita_capstone\dataset\W\CW\7123-30.jpg,dataset/W/CW/7123-30.jpg,W,Wall,CW,Cracked,1,W/CW
C:\Users\sumit\Desktop\kavita_capstone\dataset\P\CP\083-101.jpg,dataset/P/CP/083-101.jpg,P,Pavement,CP,Cracked,1,P/CP
C:\Users\sumit\Desktop\kavita_capstone\dataset\W\CW\7098-43.jpg,dataset/W/CW/7098-43.jpg,W,Wall,CW,Cracked,1,W/CW
C:\Users\sumit\Desktop\kavita_capstone\dataset\D\UD\7053-247.jpg,dataset/D/UD/7053-247.jpg,D,Deck,UD,Uncracked,0,D/UD
C:\Users\sumit\Desktop\kavita_capstone\dataset\W\CW\7070-115.jpg,dataset/W/CW/7070-115.jpg,W,Wall,CW,Cracked,1,W/CW
C:\Users\sumit\Desktop\kavita_capstone\dataset\D\UD\7014-6.jpg,dataset/D/UD/7014-6.jpg,D,Deck,UD,Uncracked,0,D/UD
C:\Users\sumit\Desktop\kavita_capstone\dataset\D\UD\7018-22.jpg,dataset/D/UD/7018-22.jpg,D,Deck,UD,Uncracked,0,D/UD
C:\Users\sumit\Desktop\kavita_capstone\dataset\P\CP\048-109.jpg,dataset/P/CP/048-109.jpg,P,Pavement,CP,Cracked,1,P/CP
C:\Users\sumit\Desktop\kavita_capstone\dataset\P\UP\033-73.jpg,dataset/P/UP/033-73.jpg,P,Pavement,UP,Uncracked,0,P/UP
C:\Users\sumit\Desktop\kavita_capstone\dataset\P\UP\076-55.jpg,dataset/P/UP/076-55.jpg,P,Pavement,UP,Uncracked,0,P/UP
C:\Users\sumit\Desktop\kavita_capstone\dataset\P\CP\086-62.jpg,dataset/P/CP/086-62.jpg,P,Pavement,CP,Cracked,1,P/CP
C:\Users\sumit\Desktop\kavita_capstone\dataset\W\UW\7093-8.jpg,dataset/W/UW/7093-8.jpg,W,Wall,UW,Uncracked,0,W/UW
C:\Users\sumit\Desktop\kavita_capstone\dataset\D\UD\7031-119.jpg,dataset/D/UD/7031-119.jpg,D,Deck,UD,Uncracked,0,D/UD
C:\Users\sumit\Desktop\kavita_capstone\dataset\D\CD\7022-147.jpg,dataset/D/CD/7022-147.jpg,D,Deck,CD,Cracked,1,D/CD
C:\Users\sumit\Desktop\kavita_capstone\dataset\P\UP\088-124.jpg,dataset/P/UP/088-124.jpg,P,Pavement,UP,Uncracked,0,P/UP
C:\Users\sumit\Desktop\kavita_capstone\dataset\P\CP\079-124.jpg,dataset/P/CP/079-124.jpg,P,Pavement,CP,Cracked,1,P/CP
C:\Users\sumit\Desktop\kavita_capstone\dataset\W\CW\7093-60.jpg,dataset/W/CW/7093-60.jpg,W,Wall,CW,Cracked,1,W/CW
C:\Users\sumit\Desktop\kavita_capstone\dataset\W\UW\7096-56.jpg,dataset/W/UW/7096-56.jpg,W,Wall,UW,Uncracked,0,W/UW
C:\Users\sumit\Desktop\kavita_capstone\dataset\W\UW\7120-18.jpg,dataset/W/UW/7120-18.jpg,W,Wall,UW,Uncracked,0,W/UW
C:\Users\sumit\Desktop\kavita_capstone\dataset\W\CW\7125-207.jpg,dataset/W/CW/7125-207.jpg,W,Wall,CW,Cracked,1,W/CW
C:\Users\sumit\Desktop\kavita_capstone\dataset\W\UW\7072-7.jpg,dataset/W/UW/7072-7.jpg,W,Wall,UW,Uncracked,0,W/UW
C:\Users\sumit\Desktop\kavita_capstone\dataset\W\UW\7075-20.jpg,dataset/W/UW/7075-20.jpg,W,Wall,UW,Uncracked,0,W/UW
C:\Users\sumit\Desktop\kavita_capstone\dataset\W\UW\7082-115.jpg,dataset/W/UW/7082-115.jpg,W,Wall,UW,Uncracked,0,W/UW
C:\Users\sumit\Desktop\kavita_capstone\dataset\P\CP\094-101.jpg,dataset/P/CP/094-101.jpg,P,Pavement,CP,Cracked,1,P/CP
C:\Users\sumit\Desktop\kavita_capstone\dataset\D\UD\7014-198.jpg,dataset/D/UD/7014-198.jpg,D,Deck,UD,Uncracked,0,D/UD
C:\Users\sumit\Desktop\kavita_capstone\dataset\D\UD\7014-15.jpg,dataset/D/UD/7014-15.jpg,D,Deck,UD,Uncracked,0,D/UD
C:\Users\sumit\Desktop\kavita_capstone\dataset\D\UD\7023-188.jpg,dataset/D/UD/7023-188.jpg,D,Deck,UD,Uncracked,0,D/UD
C:\Users\sumit\Desktop\kavita_capstone\dataset\D\CD\7010-164.jpg,dataset/D/CD/7010-164.jpg,D,Deck,CD,Cracked,1,D/CD
C:\Users\sumit\Desktop\kavita_capstone\dataset\P\UP\034-8.jpg,dataset/P/UP/034-8.jpg,P,Pavement,UP,Uncracked,0,P/UP
C:\Users\sumit\Desktop\kavita_capstone\dataset\D\UD\7051-205.jpg,dataset/D/UD/7051-205.jpg,D,Deck,UD,Uncracked,0,D/UD
C:\Users\sumit\Desktop\kavita_capstone\dataset\D\UD\7020-211.jpg,dataset/D/UD/7020-211.jpg,D,Deck,UD,Uncracked,0,D/UD
C:\Users\sumit\Desktop\kavita_capstone\dataset\P\CP\078-71.jpg,dataset/P/CP/078-71.jpg,P,Pavement,CP,Cracked,1,P/CP
C:\Users\sumit\Desktop\kavita_capstone\dataset\W\CW\7123-236.jpg,dataset/W/CW/7123-236.jpg,W,Wall,CW,Cracked,1,W/CW
C:\Users\sumit\Desktop\kavita_capstone\dataset\W\UW\7104-9.jpg,dataset/W/UW/7104-9.jpg,W,Wall,UW,Uncracked,0,W/UW
C:\Users\sumit\Desktop\kavita_capstone\dataset\D\CD\7036-133.jpg,dataset/D/CD/7036-133.jpg,D,Deck,CD,Cracked,1,D/CD
C:\Users\sumit\Desktop\kavita_capstone\dataset\D\CD\7008-91.jpg,dataset/D/CD/7008-91.jpg,D,Deck,CD,Cracked,1,D/CD
C:\Users\sumit\Desktop\kavita_capstone\dataset\W\UW\7079-31.jpg,dataset/W/UW/7079-31.jpg,W,Wall,UW,Uncracked,0,W/UW
C:\Users\sumit\Desktop\kavita_capstone\dataset\P\CP\027-139.jpg,dataset/P/CP/027-139.jpg,P,Pavement,CP,Cracked,1,P/CP
C:\Users\sumit\Desktop\kavita_capstone\dataset\W\CW\7088-69.jpg,dataset/W/CW/7088-69.jpg,W,Wall,CW,Cracked,1,W/CW
C:\Users\sumit\Desktop\kavita_capstone\dataset\P\UP\088-105.jpg,dataset/P/UP/088-105.jpg,P,Pavement,UP,Uncracked,0,P/UP
C:\Users\sumit\Desktop\kavita_capstone\dataset\D\CD\7034-22.jpg,dataset/D/CD/7034-22.jpg,D,Deck,CD,Cracked,1,D/CD
C:\Users\sumit\Desktop\kavita_capstone\dataset\P\CP\010-91.jpg,dataset/P/CP/010-91.jpg,P,Pavement,CP,Cracked,1,P/CP
C:\Users\sumit\Desktop\kavita_capstone\dataset\P\CP\084-194.jpg,dataset/P/CP/084-194.jpg,P,Pavement,CP,Cracked,1,P/CP
C:\Users\sumit\Desktop\kavita_capstone\dataset\P\UP\071-183.jpg,dataset/P/UP/071-183.jpg,P,Pavement,UP,Uncracked,0,P/UP
C:\Users\sumit\Desktop\kavita_capstone\dataset\P\CP\011-103.jpg,dataset/P/CP/011-103.jpg,P,Pavement,CP,Cracked,1,P/CP
C:\Users\sumit\Desktop\kavita_capstone\dataset\D\CD\7038-79.jpg,dataset/D/CD/7038-79.jpg,D,Deck,CD,Cracked,1,D/CD
C:\Users\sumit\Desktop\kavita_capstone\dataset\P\CP\008-158.jpg,dataset/P/CP/008-158.jpg,P,Pavement,CP,Cracked,1,P/CP
C:\Users\sumit\Desktop\kavita_capstone\dataset\D\CD\7049-96.jpg,dataset/D/CD/7049-96.jpg,D,Deck,CD,Cracked,1,D/CD
C:\Users\sumit\Desktop\kavita_capstone\dataset\D\CD\7008-86.jpg,dataset/D/CD/7008-86.jpg,D,Deck,CD,Cracked,1,D/CD
C:\Users\sumit\Desktop\kavita_capstone\dataset\P\UP\025-120.jpg,dataset/P/UP/025-120.jpg,P,Pavement,UP,Uncracked,0,P/UP
C:\Users\sumit\Desktop\kavita_capstone\dataset\W\CW\7074-81.jpg,dataset/W/CW/7074-81.jpg,W,Wall,CW,Cracked,1,W/CW
C:\Users\sumit\Desktop\kavita_capstone\dataset\P\CP\101-52.jpg,dataset/P/CP/101-52.jpg,P,Pavement,CP,Cracked,1,P/CP
C:\Users\sumit\Desktop\kavita_capstone\dataset\D\UD\7007-206.jpg,dataset/D/UD/7007-206.jpg,D,Deck,UD,Uncracked,0,D/UD
C:\Users\sumit\Desktop\kavita_capstone\dataset\W\CW\7074-96.jpg,dataset/W/CW/7074-96.jpg,W,Wall,CW,Cracked,1,W/CW
C:\Users\sumit\Desktop\kavita_capstone\dataset\P\CP\018-100.jpg,dataset/P/CP/018-100.jpg,P,Pavement,CP,Cracked,1,P/CP
C:\Users\sumit\Desktop\kavita_capstone\dataset\W\UW\7110-26.jpg,dataset/W/UW/7110-26.jpg,W,Wall,UW,Uncracked,0,W/UW
C:\Users\sumit\Desktop\kavita_capstone\dataset\P\CP\008-139.jpg,dataset/P/CP/008-139.jpg,P,Pavement,CP,Cracked,1,P/CP
C:\Users\sumit\Desktop\kavita_capstone\dataset\P\CP\033-126.jpg,dataset/P/CP/033-126.jpg,P,Pavement,CP,Cracked,1,P/CP
C:\Users\sumit\Desktop\kavita_capstone\dataset\P\UP\093-159.jpg,dataset/P/UP/093-159.jpg,P,Pavement,UP,Uncracked,0,P/UP
C:\Users\sumit\Desktop\kavita_capstone\dataset\D\UD\7033-52.jpg,dataset/D/UD/7033-52.jpg,D,Deck,UD,Uncracked,0,D/UD
C:\Users\sumit\Desktop\kavita_capstone\dataset\D\CD\7039-92.jpg,dataset/D/CD/7039-92.jpg,D,Deck,CD,Cracked,1,D/CD
C:\Users\sumit\Desktop\kavita_capstone\dataset\P\UP\007-26.jpg,dataset/P/UP/007-26.jpg,P,Pavement,UP,Uncracked,0,P/UP
C:\Users\sumit\Desktop\kavita_capstone\dataset\W\UW\7110-188.jpg,dataset/W/UW/7110-188.jpg,W,Wall,UW,Uncracked,0,W/UW
C:\Users\sumit\Desktop\kavita_capstone\dataset\P\UP\007-39.jpg,dataset/P/UP/007-39.jpg,P,Pavement,UP,Uncracked,0,P/UP
C:\Users\sumit\Desktop\kavita_capstone\dataset\D\CD\7025-111.jpg,dataset/D/CD/7025-111.jpg,D,Deck,CD,Cracked,1,D/CD
C:\Users\sumit\Desktop\kavita_capstone\dataset\W\UW\7090-252.jpg,dataset/W/UW/7090-252.jpg,W,Wall,UW,Uncracked,0,W/UW
C:\Users\sumit\Desktop\kavita_capstone\dataset\P\UP\024-124.jpg,dataset/P/UP/024-124.jpg,P,Pavement,UP,Uncracked,0,P/UP
C:\Users\sumit\Desktop\kavita_capstone\dataset\D\CD\7035-63.jpg,dataset/D/CD/7035-63.jpg,D,Deck,CD,Cracked,1,D/CD
C:\Users\sumit\Desktop\kavita_capstone\dataset\D\UD\7037-171.jpg,dataset/D/UD/7037-171.jpg,D,Deck,UD,Uncracked,0,D/UD
C:\Users\sumit\Desktop\kavita_capstone\dataset\D\CD\7011-60.jpg,dataset/D/CD/7011-60.jpg,D,Deck,CD,Cracked,1,D/CD
C:\Users\sumit\Desktop\kavita_capstone\dataset\D\UD\7040-109.jpg,dataset/D/UD/7040-109.jpg,D,Deck,UD,Uncracked,0,D/UD
C:\Users\sumit\Desktop\kavita_capstone\dataset\D\UD\7003-111.jpg,dataset/D/UD/7003-111.jpg,D,Deck,UD,Uncracked,0,D/UD
C:\Users\sumit\Desktop\kavita_capstone\dataset\D\CD\7017-64.jpg,dataset/D/CD/7017-64.jpg,D,Deck,CD,Cracked,1,D/CD
C:\Users\sumit\Desktop\kavita_capstone\dataset\P\CP\072-116.jpg,dataset/P/CP/072-116.jpg,P,Pavement,CP,Cracked,1,P/CP
C:\Users\sumit\Desktop\kavita_capstone\dataset\P\UP\076-127.jpg,dataset/P/UP/076-127.jpg,P,Pavement,UP,Uncracked,0,P/UP
C:\Users\sumit\Desktop\kavita_capstone\dataset\P\UP\096-82.jpg,dataset/P/UP/096-82.jpg,P,Pavement,UP,Uncracked,0,P/UP
C:\Users\sumit\Desktop\kavita_capstone\dataset\W\CW\7083-101.jpg,dataset/W/CW/7083-101.jpg,W,Wall,CW,Cracked,1,W/CW
C:\Users\sumit\Desktop\kavita_capstone\dataset\D\CD\7038-62.jpg,dataset/D/CD/7038-62.jpg,D,Deck,CD,Cracked,1,D/CD
C:\Users\sumit\Desktop\kavita_capstone\dataset\W\CW\7069-197.jpg,dataset/W/CW/7069-197.jpg,W,Wall,CW,Cracked,1,W/CW
C:\Users\sumit\Desktop\kavita_capstone\dataset\W\UW\7111-235.jpg,dataset/W/UW/7111-235.jpg,W,Wall,UW,Uncracked,0,W/UW
C:\Users\sumit\Desktop\kavita_capstone\dataset\W\CW\7127-80.jpg,dataset/W/CW/7127-80.jpg,W,Wall,CW,Cracked,1,W/CW
C:\Users\sumit\Desktop\kavita_capstone\dataset\W\UW\7071-239.jpg,dataset/W/UW/7071-239.jpg,W,Wall,UW,Uncracked,0,W/UW
C:\Users\sumit\Desktop\kavita_capstone\dataset\D\UD\7012-48.jpg,dataset/D/UD/7012-48.jpg,D,Deck,UD,Uncracked,0,D/UD
C:\Users\sumit\Desktop\kavita_capstone\dataset\D\CD\7051-239.jpg,dataset/D/CD/7051-239.jpg,D,Deck,CD,Cracked,1,D/CD
C:\Users\sumit\Desktop\kavita_capstone\dataset\P\UP\076-218.jpg,dataset/P/UP/076-218.jpg,P,Pavement,UP,Uncracked,0,P/UP
C:\Users\sumit\Desktop\kavita_capstone\dataset\D\CD\7014-151.jpg,dataset/D/CD/7014-151.jpg,D,Deck,CD,Cracked,1,D/CD
C:\Users\sumit\Desktop\kavita_capstone\dataset\D\UD\7021-199.jpg,dataset/D/UD/7021-199.jpg,D,Deck,UD,Uncracked,0,D/UD
C:\Users\sumit\Desktop\kavita_capstone\dataset\P\CP\004-125.jpg,dataset/P/CP/004-125.jpg,P,Pavement,CP,Cracked,1,P/CP
C:\Users\sumit\Desktop\kavita_capstone\dataset\P\CP\085-77.jpg,dataset/P/CP/085-77.jpg,P,Pavement,CP,Cracked,1,P/CP
C:\Users\sumit\Desktop\kavita_capstone\dataset\W\CW\7110-125.jpg,dataset/W/CW/7110-125.jpg,W,Wall,CW,Cracked,1,W/CW
C:\Users\sumit\Desktop\kavita_capstone\dataset\W\CW\7135-150.jpg,dataset/W/CW/7135-150.jpg,W,Wall,CW,Cracked,1,W/CW
C:\Users\sumit\Desktop\kavita_capstone\dataset\D\CD\7035-62.jpg,dataset/D/CD/7035-62.jpg,D,Deck,CD,Cracked,1,D/CD
C:\Users\sumit\Desktop\kavita_capstone\dataset\P\CP\069-124.jpg,dataset/P/CP/069-124.jpg,P,Pavement,CP,Cracked,1,P/CP
C:\Users\sumit\Desktop\kavita_capstone\dataset\D\CD\7045-26.jpg,dataset/D/CD/7045-26.jpg,D,Deck,CD,Cracked,1,D/CD
C:\Users\sumit\Desktop\kavita_capstone\dataset\D\CD\7015-77.jpg,dataset/D/CD/7015-77.jpg,D,Deck,CD,Cracked,1,D/CD
C:\Users\sumit\Desktop\kavita_capstone\dataset\D\UD\7048-95.jpg,dataset/D/UD/7048-95.jpg,D,Deck,UD,Uncracked,0,D/UD
C:\Users\sumit\Desktop\kavita_capstone\dataset\W\UW\7089-195.jpg,dataset/W/UW/7089-195.jpg,W,Wall,UW,Uncracked,0,W/UW
C:\Users\sumit\Desktop\kavita_capstone\dataset\P\CP\062-109.jpg,dataset/P/CP/062-109.jpg,P,Pavement,CP,Cracked,1,P/CP
C:\Users\sumit\Desktop\kavita_capstone\dataset\D\UD\7019-30.jpg,dataset/D/UD/7019-30.jpg,D,Deck,UD,Uncracked,0,D/UD
C:\Users\sumit\Desktop\kavita_capstone\dataset\W\CW\7087-125.jpg,dataset/W/CW/7087-125.jpg,W,Wall,CW,Cracked,1,W/CW
C:\Users\sumit\Desktop\kavita_capstone\dataset\D\UD\7019-83.jpg,dataset/D/UD/7019-83.jpg,D,Deck,UD,Uncracked,0,D/UD
C:\Users\sumit\Desktop\kavita_capstone\dataset\W\UW\7098-232.jpg,dataset/W/UW/7098-232.jpg,W,Wall,UW,Uncracked,0,W/UW
C:\Users\sumit\Desktop\kavita_capstone\dataset\P\CP\058-23.jpg,dataset/P/CP/058-23.jpg,P,Pavement,CP,Cracked,1,P/CP
C:\Users\sumit\Desktop\kavita_capstone\dataset\W\CW\7092-125.jpg,dataset/W/CW/7092-125.jpg,W,Wall,CW,Cracked,1,W/CW
C:\Users\sumit\Desktop\kavita_capstone\dataset\W\UW\7111-179.jpg,dataset/W/UW/7111-179.jpg,W,Wall,UW,Uncracked,0,W/UW
C:\Users\sumit\Desktop\kavita_capstone\dataset\P\UP\092-148.jpg,dataset/P/UP/092-148.jpg,P,Pavement,UP,Uncracked,0,P/UP
C:\Users\sumit\Desktop\kavita_capstone\dataset\P\CP\100-123.jpg,dataset/P/CP/100-123.jpg,P,Pavement,CP,Cracked,1,P/CP
C:\Users\sumit\Desktop\kavita_capstone\dataset\D\UD\7044-46.jpg,dataset/D/UD/7044-46.jpg,D,Deck,UD,Uncracked,0,D/UD
C:\Users\sumit\Desktop\kavita_capstone\dataset\D\CD\7011-36.jpg,dataset/D/CD/7011-36.jpg,D,Deck,CD,Cracked,1,D/CD
C:\Users\sumit\Desktop\kavita_capstone\dataset\W\CW\7137-168.jpg,dataset/W/CW/7137-168.jpg,W,Wall,CW,Cracked,1,W/CW
C:\Users\sumit\Desktop\kavita_capstone\dataset\W\CW\7084-60.jpg,dataset/W/CW/7084-60.jpg,W,Wall,CW,Cracked,1,W/CW
C:\Users\sumit\Desktop\kavita_capstone\dataset\D\CD\7028-174.jpg,dataset/D/CD/7028-174.jpg,D,Deck,CD,Cracked,1,D/CD
C:\Users\sumit\Desktop\kavita_capstone\dataset\D\UD\7022-108.jpg,dataset/D/UD/7022-108.jpg,D,Deck,UD,Uncracked,0,D/UD
C:\Users\sumit\Desktop\kavita_capstone\dataset\D\CD\7015-33.jpg,dataset/D/CD/7015-33.jpg,D,Deck,CD,Cracked,1,D/CD
C:\Users\sumit\Desktop\kavita_capstone\dataset\W\CW\7091-201.jpg,dataset/W/CW/7091-201.jpg,W,Wall,CW,Cracked,1,W/CW
C:\Users\sumit\Desktop\kavita_capstone\dataset\W\UW\7092-229.jpg,dataset/W/UW/7092-229.jpg,W,Wall,UW,Uncracked,0,W/UW
C:\Users\sumit\Desktop\kavita_capstone\dataset\W\UW\7078-218.jpg,dataset/W/UW/7078-218.jpg,W,Wall,UW,Uncracked,0,W/UW
C:\Users\sumit\Desktop\kavita_capstone\dataset\D\CD\7009-97.jpg,dataset/D/CD/7009-97.jpg,D,Deck,CD,Cracked,1,D/CD
C:\Users\sumit\Desktop\kavita_capstone\dataset\D\UD\7049-190.jpg,dataset/D/UD/7049-190.jpg,D,Deck,UD,Uncracked,0,D/UD
C:\Users\sumit\Desktop\kavita_capstone\dataset\P\CP\100-95.jpg,dataset/P/CP/100-95.jpg,P,Pavement,CP,Cracked,1,P/CP
C:\Users\sumit\Desktop\kavita_capstone\dataset\W\UW\7080-117.jpg,dataset/W/UW/7080-117.jpg,W,Wall,UW,Uncracked,0,W/UW
C:\Users\sumit\Desktop\kavita_capstone\dataset\D\UD\7021-76.jpg,dataset/D/UD/7021-76.jpg,D,Deck,UD,Uncracked,0,D/UD
C:\Users\sumit\Desktop\kavita_capstone\dataset\P\CP\059-98.jpg,dataset/P/CP/059-98.jpg,P,Pavement,CP,Cracked,1,P/CP
C:\Users\sumit\Desktop\kavita_capstone\dataset\D\UD\7002-206.jpg,dataset/D/UD/7002-206.jpg,D,Deck,UD,Uncracked,0,D/UD
C:\Users\sumit\Desktop\kavita_capstone\dataset\P\UP\007-87.jpg,dataset/P/UP/007-87.jpg,P,Pavement,UP,Uncracked,0,P/UP
C:\Users\sumit\Desktop\kavita_capstone\dataset\P\UP\035-74.jpg,dataset/P/UP/035-74.jpg,P,Pavement,UP,Uncracked,0,P/UP
C:\Users\sumit\Desktop\kavita_capstone\dataset\W\UW\7134-231.jpg,dataset/W/UW/7134-231.jpg,W,Wall,UW,Uncracked,0,W/UW
C:\Users\sumit\Desktop\kavita_capstone\dataset\P\UP\038-127.jpg,dataset/P/UP/038-127.jpg,P,Pavement,UP,Uncracked,0,P/UP
C:\Users\sumit\Desktop\kavita_capstone\dataset\W\UW\7130-61.jpg,dataset/W/UW/7130-61.jpg,W,Wall,UW,Uncracked,0,W/UW
C:\Users\sumit\Desktop\kavita_capstone\dataset\W\UW\7134-167.jpg,dataset/W/UW/7134-167.jpg,W,Wall,UW,Uncracked,0,W/UW
C:\Users\sumit\Desktop\kavita_capstone\dataset\P\UP\027-213.jpg,dataset/P/UP/027-213.jpg,P,Pavement,UP,Uncracked,0,P/UP
C:\Users\sumit\Desktop\kavita_capstone\dataset\P\UP\061-21.jpg,dataset/P/UP/061-21.jpg,P,Pavement,UP,Uncracked,0,P/UP
C:\Users\sumit\Desktop\kavita_capstone\dataset\P\CP\058-68.jpg,dataset/P/CP/058-68.jpg,P,Pavement,CP,Cracked,1,P/CP
C:\Users\sumit\Desktop\kavita_capstone\dataset\P\UP\006-119.jpg,dataset/P/UP/006-119.jpg,P,Pavement,UP,Uncracked,0,P/UP
C:\Users\sumit\Desktop\kavita_capstone\dataset\W\UW\7124-72.jpg,dataset/W/UW/7124-72.jpg,W,Wall,UW,Uncracked,0,W/UW
C:\Users\sumit\Desktop\kavita_capstone\dataset\W\CW\7135-204.jpg,dataset/W/CW/7135-204.jpg,W,Wall,CW,Cracked,1,W/CW
C:\Users\sumit\Desktop\kavita_capstone\dataset\D\UD\7010-119.jpg,dataset/D/UD/7010-119.jpg,D,Deck,UD,Uncracked,0,D/UD
C:\Users\sumit\Desktop\kavita_capstone\dataset\W\CW\7077-213.jpg,dataset/W/CW/7077-213.jpg,W,Wall,CW,Cracked,1,W/CW
C:\Users\sumit\Desktop\kavita_capstone\dataset\P\UP\074-211.jpg,dataset/P/UP/074-211.jpg,P,Pavement,UP,Uncracked,0,P/UP
C:\Users\sumit\Desktop\kavita_capstone\dataset\W\CW\7084-102.jpg,dataset/W/CW/7084-102.jpg,W,Wall,CW,Cracked,1,W/CW
C:\Users\sumit\Desktop\kavita_capstone\dataset\P\CP\019-121.jpg,dataset/P/CP/019-121.jpg,P,Pavement,CP,Cracked,1,P/CP
C:\Users\sumit\Desktop\kavita_capstone\dataset\W\CW\7081-48.jpg,dataset/W/CW/7081-48.jpg,W,Wall,CW,Cracked,1,W/CW
C:\Users\sumit\Desktop\kavita_capstone\dataset\W\UW\7071-212.jpg,dataset/W/UW/7071-212.jpg,W,Wall,UW,Uncracked,0,W/UW
C:\Users\sumit\Desktop\kavita_capstone\dataset\W\CW\7074-69.jpg,dataset/W/CW/7074-69.jpg,W,Wall,CW,Cracked,1,W/CW
C:\Users\sumit\Desktop\kavita_capstone\dataset\P\UP\070-127.jpg,dataset/P/UP/070-127.jpg,P,Pavement,UP,Uncracked,0,P/UP
C:\Users\sumit\Desktop\kavita_capstone\dataset\P\UP\098-127.jpg,dataset/P/UP/098-127.jpg,P,Pavement,UP,Uncracked,0,P/UP
C:\Users\sumit\Desktop\kavita_capstone\dataset\W\CW\7078-194.jpg,dataset/W/CW/7078-194.jpg,W,Wall,CW,Cracked,1,W/CW
C:\Users\sumit\Desktop\kavita_capstone\dataset\P\CP\091-76.jpg,dataset/P/CP/091-76.jpg,P,Pavement,CP,Cracked,1,P/CP
C:\Users\sumit\Desktop\kavita_capstone\dataset\P\CP\051-131.jpg,dataset/P/CP/051-131.jpg,P,Pavement,CP,Cracked,1,P/CP
C:\Users\sumit\Desktop\kavita_capstone\dataset\D\CD\7017-93.jpg,dataset/D/CD/7017-93.jpg,D,Deck,CD,Cracked,1,D/CD
C:\Users\sumit\Desktop\kavita_capstone\dataset\W\UW\7106-96.jpg,dataset/W/UW/7106-96.jpg,W,Wall,UW,Uncracked,0,W/UW
C:\Users\sumit\Desktop\kavita_capstone\dataset\W\CW\7088-40.jpg,dataset/W/CW/7088-40.jpg,W,Wall,CW,Cracked,1,W/CW
C:\Users\sumit\Desktop\kavita_capstone\dataset\P\CP\093-123.jpg,dataset/P/CP/093-123.jpg,P,Pavement,CP,Cracked,1,P/CP
C:\Users\sumit\Desktop\kavita_capstone\dataset\P\CP\069-121.jpg,dataset/P/CP/069-121.jpg,P,Pavement,CP,Cracked,1,P/CP
C:\Users\sumit\Desktop\kavita_capstone\dataset\W\CW\7127-219.jpg,dataset/W/CW/7127-219.jpg,W,Wall,CW,Cracked,1,W/CW
C:\Users\sumit\Desktop\kavita_capstone\dataset\P\UP\007-109.jpg,dataset/P/UP/007-109.jpg,P,Pavement,UP,Uncracked,0,P/UP
C:\Users\sumit\Desktop\kavita_capstone\dataset\D\UD\7017-101.jpg,dataset/D/UD/7017-101.jpg,D,Deck,UD,Uncracked,0,D/UD
C:\Users\sumit\Desktop\kavita_capstone\dataset\W\UW\7108-115.jpg,dataset/W/UW/7108-115.jpg,W,Wall,UW,Uncracked,0,W/UW
C:\Users\sumit\Desktop\kavita_capstone\dataset\W\CW\7122-12.jpg,dataset/W/CW/7122-12.jpg,W,Wall,CW,Cracked,1,W/CW
C:\Users\sumit\Desktop\kavita_capstone\dataset\D\UD\7001-66.jpg,dataset/D/UD/7001-66.jpg,D,Deck,UD,Uncracked,0,D/UD
C:\Users\sumit\Desktop\kavita_capstone\dataset\W\UW\7097-105.jpg,dataset/W/UW/7097-105.jpg,W,Wall,UW,Uncracked,0,W/UW
C:\Users\sumit\Desktop\kavita_capstone\dataset\W\UW\7117-105.jpg,dataset/W/UW/7117-105.jpg,W,Wall,UW,Uncracked,0,W/UW
C:\Users\sumit\Desktop\kavita_capstone\dataset\D\CD\7037-146.jpg,dataset/D/CD/7037-146.jpg,D,Deck,CD,Cracked,1,D/CD
C:\Users\sumit\Desktop\kavita_capstone\dataset\P\UP\062-47.jpg,dataset/P/UP/062-47.jpg,P,Pavement,UP,Uncracked,0,P/UP
C:\Users\sumit\Desktop\kavita_capstone\dataset\D\UD\7045-178.jpg,dataset/D/UD/7045-178.jpg,D,Deck,UD,Uncracked,0,D/UD
C:\Users\sumit\Desktop\kavita_capstone\dataset\P\UP\014-138.jpg,dataset/P/UP/014-138.jpg,P,Pavement,UP,Uncracked,0,P/UP
C:\Users\sumit\Desktop\kavita_capstone\dataset\P\UP\092-88.jpg,dataset/P/UP/092-88.jpg,P,Pavement,UP,Uncracked,0,P/UP
C:\Users\sumit\Desktop\kavita_capstone\dataset\W\UW\7124-215.jpg,dataset/W/UW/7124-215.jpg,W,Wall,UW,Uncracked,0,W/UW
C:\Users\sumit\Desktop\kavita_capstone\dataset\W\CW\7088-67.jpg,dataset/W/CW/7088-67.jpg,W,Wall,CW,Cracked,1,W/CW
C:\Users\sumit\Desktop\kavita_capstone\dataset\P\UP\042-47.jpg,dataset/P/UP/042-47.jpg,P,Pavement,UP,Uncracked,0,P/UP
C:\Users\sumit\Desktop\kavita_capstone\dataset\P\CP\040-69.jpg,dataset/P/CP/040-69.jpg,P,Pavement,CP,Cracked,1,P/CP
C:\Users\sumit\Desktop\kavita_capstone\dataset\W\UW\7132-149.jpg,dataset/W/UW/7132-149.jpg,W,Wall,UW,Uncracked,0,W/UW
C:\Users\sumit\Desktop\kavita_capstone\dataset\D\UD\7007-125.jpg,dataset/D/UD/7007-125.jpg,D,Deck,UD,Uncracked,0,D/UD
C:\Users\sumit\Desktop\kavita_capstone\dataset\W\CW\7132-208.jpg,dataset/W/CW/7132-208.jpg,W,Wall,CW,Cracked,1,W/CW
C:\Users\sumit\Desktop\kavita_capstone\dataset\D\UD\7025-122.jpg,dataset/D/UD/7025-122.jpg,D,Deck,UD,Uncracked,0,D/UD
C:\Users\sumit\Desktop\kavita_capstone\dataset\D\CD\7019-40.jpg,dataset/D/CD/7019-40.jpg,D,Deck,CD,Cracked,1,D/CD
C:\Users\sumit\Desktop\kavita_capstone\dataset\P\UP\065-11.jpg,dataset/P/UP/065-11.jpg,P,Pavement,UP,Uncracked,0,P/UP
C:\Users\sumit\Desktop\kavita_capstone\dataset\W\CW\7094-209.jpg,dataset/W/CW/7094-209.jpg,W,Wall,CW,Cracked,1,W/CW
C:\Users\sumit\Desktop\kavita_capstone\dataset\D\UD\7023-3.jpg,dataset/D/UD/7023-3.jpg,D,Deck,UD,Uncracked,0,D/UD
C:\Users\sumit\Desktop\kavita_capstone\dataset\P\UP\044-63.jpg,dataset/P/UP/044-63.jpg,P,Pavement,UP,Uncracked,0,P/UP
C:\Users\sumit\Desktop\kavita_capstone\dataset\W\UW\7082-78.jpg,dataset/W/UW/7082-78.jpg,W,Wall,UW,Uncracked,0,W/UW
C:\Users\sumit\Desktop\kavita_capstone\dataset\D\UD\7054-96.jpg,dataset/D/UD/7054-96.jpg,D,Deck,UD,Uncracked,0,D/UD
C:\Users\sumit\Desktop\kavita_capstone\dataset\D\CD\7019-229.jpg,dataset/D/CD/7019-229.jpg,D,Deck,CD,Cracked,1,D/CD
C:\Users\sumit\Desktop\kavita_capstone\dataset\P\CP\022-73.jpg,dataset/P/CP/022-73.jpg,P,Pavement,CP,Cracked,1,P/CP
C:\Users\sumit\Desktop\kavita_capstone\dataset\W\UW\7071-170.jpg,dataset/W/UW/7071-170.jpg,W,Wall,UW,Uncracked,0,W/UW
C:\Users\sumit\Desktop\kavita_capstone\dataset\W\UW\7132-5.jpg,dataset/W/UW/7132-5.jpg,W,Wall,UW,Uncracked,0,W/UW
C:\Users\sumit\Desktop\kavita_capstone\dataset\W\CW\7092-249.jpg,dataset/W/CW/7092-249.jpg,W,Wall,CW,Cracked,1,W/CW
C:\Users\sumit\Desktop\kavita_capstone\dataset\D\CD\7011-229.jpg,dataset/D/CD/7011-229.jpg,D,Deck,CD,Cracked,1,D/CD
C:\Users\sumit\Desktop\kavita_capstone\dataset\P\UP\007-163.jpg,dataset/P/UP/007-163.jpg,P,Pavement,UP,Uncracked,0,P/UP
C:\Users\sumit\Desktop\kavita_capstone\dataset\W\UW\7109-185.jpg,dataset/W/UW/7109-185.jpg,W,Wall,UW,Uncracked,0,W/UW
C:\Users\sumit\Desktop\kavita_capstone\dataset\P\UP\050-170.jpg,dataset/P/UP/050-170.jpg,P,Pavement,UP,Uncracked,0,P/UP
C:\Users\sumit\Desktop\kavita_capstone\dataset\W\UW\7102-163.jpg,dataset/W/UW/7102-163.jpg,W,Wall,UW,Uncracked,0,W/UW
C:\Users\sumit\Desktop\kavita_capstone\dataset\P\UP\055-119.jpg,dataset/P/UP/055-119.jpg,P,Pavement,UP,Uncracked,0,P/UP
C:\Users\sumit\Desktop\kavita_capstone\dataset\W\CW\7083-28.jpg,dataset/W/CW/7083-28.jpg,W,Wall,CW,Cracked,1,W/CW
C:\Users\sumit\Desktop\kavita_capstone\dataset\D\CD\7046-193.jpg,dataset/D/CD/7046-193.jpg,D,Deck,CD,Cracked,1,D/CD
C:\Users\sumit\Desktop\kavita_capstone\dataset\D\UD\7050-83.jpg,dataset/D/UD/7050-83.jpg,D,Deck,UD,Uncracked,0,D/UD
C:\Users\sumit\Desktop\kavita_capstone\dataset\D\UD\7010-225.jpg,dataset/D/UD/7010-225.jpg,D,Deck,UD,Uncracked,0,D/UD
C:\Users\sumit\Desktop\kavita_capstone\dataset\W\CW\7132-153.jpg,dataset/W/CW/7132-153.jpg,W,Wall,CW,Cracked,1,W/CW
C:\Users\sumit\Desktop\kavita_capstone\dataset\D\UD\7039-65.jpg,dataset/D/UD/7039-65.jpg,D,Deck,UD,Uncracked,0,D/UD
C:\Users\sumit\Desktop\kavita_capstone\dataset\W\CW\7119-205.jpg,dataset/W/CW/7119-205.jpg,W,Wall,CW,Cracked,1,W/CW
C:\Users\sumit\Desktop\kavita_capstone\dataset\D\CD\7029-84.jpg,dataset/D/CD/7029-84.jpg,D,Deck,CD,Cracked,1,D/CD
C:\Users\sumit\Desktop\kavita_capstone\dataset\P\UP\072-169.jpg,dataset/P/UP/072-169.jpg,P,Pavement,UP,Uncracked,0,P/UP
C:\Users\sumit\Desktop\kavita_capstone\dataset\P\CP\070-101.jpg,dataset/P/CP/070-101.jpg,P,Pavement,CP,Cracked,1,P/CP
C:\Users\sumit\Desktop\kavita_capstone\dataset\D\UD\7029-239.jpg,dataset/D/UD/7029-239.jpg,D,Deck,UD,Uncracked,0,D/UD
C:\Users\sumit\Desktop\kavita_capstone\dataset\W\CW\7088-3.jpg,dataset/W/CW/7088-3.jpg,W,Wall,CW,Cracked,1,W/CW
C:\Users\sumit\Desktop\kavita_capstone\dataset\W\UW\7109-201.jpg,dataset/W/UW/7109-201.jpg,W,Wall,UW,Uncracked,0,W/UW
C:\Users\sumit\Desktop\kavita_capstone\dataset\P\CP\095-203.jpg,dataset/P/CP/095-203.jpg,P,Pavement,CP,Cracked,1,P/CP
C:\Users\sumit\Desktop\kavita_capstone\dataset\W\UW\7074-109.jpg,dataset/W/UW/7074-109.jpg,W,Wall,UW,Uncracked,0,W/UW
C:\Users\sumit\Desktop\kavita_capstone\dataset\D\CD\7003-15.jpg,dataset/D/CD/7003-15.jpg,D,Deck,CD,Cracked,1,D/CD
C:\Users\sumit\Desktop\kavita_capstone\dataset\W\UW\7088-124.jpg,dataset/W/UW/7088-124.jpg,W,Wall,UW,Uncracked,0,W/UW
C:\Users\sumit\Desktop\kavita_capstone\dataset\W\UW\7130-77.jpg,dataset/W/UW/7130-77.jpg,W,Wall,UW,Uncracked,0,W/UW
C:\Users\sumit\Desktop\kavita_capstone\dataset\D\UD\7040-144.jpg,dataset/D/UD/7040-144.jpg,D,Deck,UD,Uncracked,0,D/UD
C:\Users\sumit\Desktop\kavita_capstone\dataset\D\UD\7026-37.jpg,dataset/D/UD/7026-37.jpg,D,Deck,UD,Uncracked,0,D/UD
C:\Users\sumit\Desktop\kavita_capstone\dataset\D\UD\7023-15.jpg,dataset/D/UD/7023-15.jpg,D,Deck,UD,Uncracked,0,D/UD
C:\Users\sumit\Desktop\kavita_capstone\dataset\D\CD\7007-201.jpg,dataset/D/CD/7007-201.jpg,D,Deck,CD,Cracked,1,D/CD
C:\Users\sumit\Desktop\kavita_capstone\dataset\W\CW\7090-87.jpg,dataset/W/CW/7090-87.jpg,W,Wall,CW,Cracked,1,W/CW
C:\Users\sumit\Desktop\kavita_capstone\dataset\D\UD\7046-123.jpg,dataset/D/UD/7046-123.jpg,D,Deck,UD,Uncracked,0,D/UD
C:\Users\sumit\Desktop\kavita_capstone\dataset\W\UW\7122-177.jpg,dataset/W/UW/7122-177.jpg,W,Wall,UW,Uncracked,0,W/UW
C:\Users\sumit\Desktop\kavita_capstone\dataset\P\UP\061-179.jpg,dataset/P/UP/061-179.jpg,P,Pavement,UP,Uncracked,0,P/UP
C:\Users\sumit\Desktop\kavita_capstone\dataset\W\UW\7071-69.jpg,dataset/W/UW/7071-69.jpg,W,Wall,UW,Uncracked,0,W/UW
C:\Users\sumit\Desktop\kavita_capstone\dataset\W\UW\7072-250.jpg,dataset/W/UW/7072-250.jpg,W,Wall,UW,Uncracked,0,W/UW
C:\Users\sumit\Desktop\kavita_capstone\dataset\D\CD\7009-25.jpg,dataset/D/CD/7009-25.jpg,D,Deck,CD,Cracked,1,D/CD
C:\Users\sumit\Desktop\kavita_capstone\dataset\W\CW\7084-13.jpg,dataset/W/CW/7084-13.jpg,W,Wall,CW,Cracked,1,W/CW
C:\Users\sumit\Desktop\kavita_capstone\dataset\D\CD\7027-89.jpg,dataset/D/CD/7027-89.jpg,D,Deck,CD,Cracked,1,D/CD
C:\Users\sumit\Desktop\kavita_capstone\dataset\P\UP\079-112.jpg,dataset/P/UP/079-112.jpg,P,Pavement,UP,Uncracked,0,P/UP
C:\Users\sumit\Desktop\kavita_capstone\dataset\P\CP\065-134.jpg,dataset/P/CP/065-134.jpg,P,Pavement,CP,Cracked,1,P/CP
C:\Users\sumit\Desktop\kavita_capstone\dataset\W\CW\7113-67.jpg,dataset/W/CW/7113-67.jpg,W,Wall,CW,Cracked,1,W/CW
C:\Users\sumit\Desktop\kavita_capstone\dataset\D\UD\7019-107.jpg,dataset/D/UD/7019-107.jpg,D,Deck,UD,Uncracked,0,D/UD
C:\Users\sumit\Desktop\kavita_capstone\dataset\P\CP\029-211.jpg,dataset/P/CP/029-211.jpg,P,Pavement,CP,Cracked,1,P/CP
C:\Users\sumit\Desktop\kavita_capstone\dataset\P\UP\033-48.jpg,dataset/P/UP/033-48.jpg,P,Pavement,UP,Uncracked,0,P/UP
C:\Users\sumit\Desktop\kavita_capstone\dataset\D\UD\7036-206.jpg,dataset/D/UD/7036-206.jpg,D,Deck,UD,Uncracked,0,D/UD
C:\Users\sumit\Desktop\kavita_capstone\dataset\W\CW\7075-107.jpg,dataset/W/CW/7075-107.jpg,W,Wall,CW,Cracked,1,W/CW
C:\Users\sumit\Desktop\kavita_capstone\dataset\P\CP\047-108.jpg,dataset/P/CP/047-108.jpg,P,Pavement,CP,Cracked,1,P/CP
C:\Users\sumit\Desktop\kavita_capstone\dataset\P\CP\100-99.jpg,dataset/P/CP/100-99.jpg,P,Pavement,CP,Cracked,1,P/CP
C:\Users\sumit\Desktop\kavita_capstone\dataset\W\CW\7090-95.jpg,dataset/W/CW/7090-95.jpg,W,Wall,CW,Cracked,1,W/CW
C:\Users\sumit\Desktop\kavita_capstone\dataset\W\CW\7085-121.jpg,dataset/W/CW/7085-121.jpg,W,Wall,CW,Cracked,1,W/CW
C:\Users\sumit\Desktop\kavita_capstone\dataset\P\CP\094-138.jpg,dataset/P/CP/094-138.jpg,P,Pavement,CP,Cracked,1,P/CP
C:\Users\sumit\Desktop\kavita_capstone\dataset\P\UP\065-224.jpg,dataset/P/UP/065-224.jpg,P,Pavement,UP,Uncracked,0,P/UP
C:\Users\sumit\Desktop\kavita_capstone\dataset\P\UP\002-69.jpg,dataset/P/UP/002-69.jpg,P,Pavement,UP,Uncracked,0,P/UP
C:\Users\sumit\Desktop\kavita_capstone\dataset\D\CD\7005-156.jpg,dataset/D/CD/7005-156.jpg,D,Deck,CD,Cracked,1,D/CD
C:\Users\sumit\Desktop\kavita_capstone\dataset\P\CP\069-165.jpg,dataset/P/CP/069-165.jpg,P,Pavement,CP,Cracked,1,P/CP
C:\Users\sumit\Desktop\kavita_capstone\dataset\P\UP\079-23.jpg,dataset/P/UP/079-23.jpg,P,Pavement,UP,Uncracked,0,P/UP
C:\Users\sumit\Desktop\kavita_capstone\dataset\W\UW\7130-93.jpg,dataset/W/UW/7130-93.jpg,W,Wall,UW,Uncracked,0,W/UW
C:\Users\sumit\Desktop\kavita_capstone\dataset\W\CW\7109-19.jpg,dataset/W/CW/7109-19.jpg,W,Wall,CW,Cracked,1,W/CW
C:\Users\sumit\Desktop\kavita_capstone\dataset\W\UW\7081-14.jpg,dataset/W/UW/7081-14.jpg,W,Wall,UW,Uncracked,0,W/UW
C:\Users\sumit\Desktop\kavita_capstone\dataset\P\UP\047-206.jpg,dataset/P/UP/047-206.jpg,P,Pavement,UP,Uncracked,0,P/UP
C:\Users\sumit\Desktop\kavita_capstone\dataset\D\CD\7046-138.jpg,dataset/D/CD/7046-138.jpg,D,Deck,CD,Cracked,1,D/CD
C:\Users\sumit\Desktop\kavita_capstone\dataset\P\CP\012-99.jpg,dataset/P/CP/012-99.jpg,P,Pavement,CP,Cracked,1,P/CP
C:\Users\sumit\Desktop\kavita_capstone\dataset\D\UD\7015-86.jpg,dataset/D/UD/7015-86.jpg,D,Deck,UD,Uncracked,0,D/UD
C:\Users\sumit\Desktop\kavita_capstone\dataset\D\CD\7007-127.jpg,dataset/D/CD/7007-127.jpg,D,Deck,CD,Cracked,1,D/CD
C:\Users\sumit\Desktop\kavita_capstone\dataset\D\CD\7035-45.jpg,dataset/D/CD/7035-45.jpg,D,Deck,CD,Cracked,1,D/CD
C:\Users\sumit\Desktop\kavita_capstone\dataset\D\UD\7027-104.jpg,dataset/D/UD/7027-104.jpg,D,Deck,UD,Uncracked,0,D/UD
C:\Users\sumit\Desktop\kavita_capstone\dataset\P\CP\006-161.jpg,dataset/P/CP/006-161.jpg,P,Pavement,CP,Cracked,1,P/CP
C:\Users\sumit\Desktop\kavita_capstone\dataset\D\CD\7044-14.jpg,dataset/D/CD/7044-14.jpg,D,Deck,CD,Cracked,1,D/CD
C:\Users\sumit\Desktop\kavita_capstone\dataset\W\UW\7129-101.jpg,dataset/W/UW/7129-101.jpg,W,Wall,UW,Uncracked,0,W/UW
C:\Users\sumit\Desktop\kavita_capstone\dataset\W\CW\7086-207.jpg,dataset/W/CW/7086-207.jpg,W,Wall,CW,Cracked,1,W/CW
C:\Users\sumit\Desktop\kavita_capstone\dataset\P\CP\072-98.jpg,dataset/P/CP/072-98.jpg,P,Pavement,CP,Cracked,1,P/CP
C:\Users\sumit\Desktop\kavita_capstone\dataset\W\UW\7093-121.jpg,dataset/W/UW/7093-121.jpg,W,Wall,UW,Uncracked,0,W/UW
C:\Users\sumit\Desktop\kavita_capstone\dataset\D\UD\7033-87.jpg,dataset/D/UD/7033-87.jpg,D,Deck,UD,Uncracked,0,D/UD
C:\Users\sumit\Desktop\kavita_capstone\dataset\P\CP\104-107.jpg,dataset/P/CP/104-107.jpg,P,Pavement,CP,Cracked,1,P/CP
C:\Users\sumit\Desktop\kavita_capstone\dataset\D\CD\7040-172.jpg,dataset/D/CD/7040-172.jpg,D,Deck,CD,Cracked,1,D/CD
C:\Users\sumit\Desktop\kavita_capstone\dataset\W\CW\7122-62.jpg,dataset/W/CW/7122-62.jpg,W,Wall,CW,Cracked,1,W/CW
C:\Users\sumit\Desktop\kavita_capstone\dataset\D\CD\7011-133.jpg,dataset/D/CD/7011-133.jpg,D,Deck,CD,Cracked,1,D/CD
C:\Users\sumit\Desktop\kavita_capstone\dataset\P\UP\086-59.jpg,dataset/P/UP/086-59.jpg,P,Pavement,UP,Uncracked,0,P/UP
C:\Users\sumit\Desktop\kavita_capstone\dataset\D\UD\7014-120.jpg,dataset/D/UD/7014-120.jpg,D,Deck,UD,Uncracked,0,D/UD
C:\Users\sumit\Desktop\kavita_capstone\dataset\D\UD\7047-32.jpg,dataset/D/UD/7047-32.jpg,D,Deck,UD,Uncracked,0,D/UD
C:\Users\sumit\Desktop\kavita_capstone\dataset\D\UD\7031-78.jpg,dataset/D/UD/7031-78.jpg,D,Deck,UD,Uncracked,0,D/UD
C:\Users\sumit\Desktop\kavita_capstone\dataset\D\UD\7027-85.jpg,dataset/D/UD/7027-85.jpg,D,Deck,UD,Uncracked,0,D/UD
C:\Users\sumit\Desktop\kavita_capstone\dataset\D\CD\7009-113.jpg,dataset/D/CD/7009-113.jpg,D,Deck,CD,Cracked,1,D/CD
C:\Users\sumit\Desktop\kavita_capstone\dataset\W\CW\7070-134.jpg,dataset/W/CW/7070-134.jpg,W,Wall,CW,Cracked,1,W/CW
C:\Users\sumit\Desktop\kavita_capstone\dataset\P\CP\042-194.jpg,dataset/P/CP/042-194.jpg,P,Pavement,CP,Cracked,1,P/CP
C:\Users\sumit\Desktop\kavita_capstone\dataset\P\CP\055-117.jpg,dataset/P/CP/055-117.jpg,P,Pavement,CP,Cracked,1,P/CP
C:\Users\sumit\Desktop\kavita_capstone\dataset\W\UW\7099-79.jpg,dataset/W/UW/7099-79.jpg,W,Wall,UW,Uncracked,0,W/UW
C:\Users\sumit\Desktop\kavita_capstone\dataset\D\UD\7043-128.jpg,dataset/D/UD/7043-128.jpg,D,Deck,UD,Uncracked,0,D/UD
C:\Users\sumit\Desktop\kavita_capstone\dataset\D\UD\7003-135.jpg,dataset/D/UD/7003-135.jpg,D,Deck,UD,Uncracked,0,D/UD
C:\Users\sumit\Desktop\kavita_capstone\dataset\P\CP\076-229.jpg,dataset/P/CP/076-229.jpg,P,Pavement,CP,Cracked,1,P/CP
C:\Users\sumit\Desktop\kavita_capstone\dataset\W\CW\7077-28.jpg,dataset/W/CW/7077-28.jpg,W,Wall,CW,Cracked,1,W/CW
C:\Users\sumit\Desktop\kavita_capstone\dataset\P\CP\018-52.jpg,dataset/P/CP/018-52.jpg,P,Pavement,CP,Cracked,1,P/CP
C:\Users\sumit\Desktop\kavita_capstone\dataset\W\UW\7100-206.jpg,dataset/W/UW/7100-206.jpg,W,Wall,UW,Uncracked,0,W/UW
C:\Users\sumit\Desktop\kavita_capstone\dataset\D\CD\7046-78.jpg,dataset/D/CD/7046-78.jpg,D,Deck,CD,Cracked,1,D/CD
C:\Users\sumit\Desktop\kavita_capstone\dataset\D\CD\7021-3.jpg,dataset/D/CD/7021-3.jpg,D,Deck,CD,Cracked,1,D/CD
C:\Users\sumit\Desktop\kavita_capstone\dataset\P\UP\100-6.jpg,dataset/P/UP/100-6.jpg,P,Pavement,UP,Uncracked,0,P/UP
C:\Users\sumit\Desktop\kavita_capstone\dataset\D\CD\7040-114.jpg,dataset/D/CD/7040-114.jpg,D,Deck,CD,Cracked,1,D/CD
C:\Users\sumit\Desktop\kavita_capstone\dataset\D\CD\7010-131.jpg,dataset/D/CD/7010-131.jpg,D,Deck,CD,Cracked,1,D/CD
C:\Users\sumit\Desktop\kavita_capstone\dataset\W\CW\7122-202.jpg,dataset/W/CW/7122-202.jpg,W,Wall,CW,Cracked,1,W/CW
C:\Users\sumit\Desktop\kavita_capstone\dataset\W\CW\7090-227.jpg,dataset/W/CW/7090-227.jpg,W,Wall,CW,Cracked,1,W/CW
C:\Users\sumit\Desktop\kavita_capstone\dataset\W\CW\7111-68.jpg,dataset/W/CW/7111-68.jpg,W,Wall,CW,Cracked,1,W/CW
C:\Users\sumit\Desktop\kavita_capstone\dataset\P\CP\023-48.jpg,dataset/P/CP/023-48.jpg,P,Pavement,CP,Cracked,1,P/CP
C:\Users\sumit\Desktop\kavita_capstone\dataset\W\UW\7083-81.jpg,dataset/W/UW/7083-81.jpg,W,Wall,UW,Uncracked,0,W/UW
C:\Users\sumit\Desktop\kavita_capstone\dataset\D\UD\7021-190.jpg,dataset/D/UD/7021-190.jpg,D,Deck,UD,Uncracked,0,D/UD
C:\Users\sumit\Desktop\kavita_capstone\dataset\D\UD\7013-59.jpg,dataset/D/UD/7013-59.jpg,D,Deck,UD,Uncracked,0,D/UD
C:\Users\sumit\Desktop\kavita_capstone\dataset\W\CW\7116-211.jpg,dataset/W/CW/7116-211.jpg,W,Wall,CW,Cracked,1,W/CW
C:\Users\sumit\Desktop\kavita_capstone\dataset\W\CW\7121-100.jpg,dataset/W/CW/7121-100.jpg,W,Wall,CW,Cracked,1,W/CW
C:\Users\sumit\Desktop\kavita_capstone\dataset\W\UW\7076-110.jpg,dataset/W/UW/7076-110.jpg,W,Wall,UW,Uncracked,0,W/UW
C:\Users\sumit\Desktop\kavita_capstone\dataset\W\CW\7076-6.jpg,dataset/W/CW/7076-6.jpg,W,Wall,CW,Cracked,1,W/CW
C:\Users\sumit\Desktop\kavita_capstone\dataset\P\UP\011-69.jpg,dataset/P/UP/011-69.jpg,P,Pavement,UP,Uncracked,0,P/UP
C:\Users\sumit\Desktop\kavita_capstone\dataset\D\CD\7005-147.jpg,dataset/D/CD/7005-147.jpg,D,Deck,CD,Cracked,1,D/CD
C:\Users\sumit\Desktop\kavita_capstone\dataset\D\UD\7008-118.jpg,dataset/D/UD/7008-118.jpg,D,Deck,UD,Uncracked,0,D/UD
C:\Users\sumit\Desktop\kavita_capstone\dataset\P\CP\082-113.jpg,dataset/P/CP/082-113.jpg,P,Pavement,CP,Cracked,1,P/CP
C:\Users\sumit\Desktop\kavita_capstone\dataset\P\CP\060-82.jpg,dataset/P/CP/060-82.jpg,P,Pavement,CP,Cracked,1,P/CP
C:\Users\sumit\Desktop\kavita_capstone\dataset\D\UD\7044-122.jpg,dataset/D/UD/7044-122.jpg,D,Deck,UD,Uncracked,0,D/UD
C:\Users\sumit\Desktop\kavita_capstone\dataset\P\UP\044-38.jpg,dataset/P/UP/044-38.jpg,P,Pavement,UP,Uncracked,0,P/UP
C:\Users\sumit\Desktop\kavita_capstone\dataset\D\CD\7039-185.jpg,dataset/D/CD/7039-185.jpg,D,Deck,CD,Cracked,1,D/CD
C:\Users\sumit\Desktop\kavita_capstone\dataset\D\CD\7021-189.jpg,dataset/D/CD/7021-189.jpg,D,Deck,CD,Cracked,1,D/CD
C:\Users\sumit\Desktop\kavita_capstone\dataset\W\CW\7093-4.jpg,dataset/W/CW/7093-4.jpg,W,Wall,CW,Cracked,1,W/CW
C:\Users\sumit\Desktop\kavita_capstone\dataset\W\CW\7087-119.jpg,dataset/W/CW/7087-119.jpg,W,Wall,CW,Cracked,1,W/CW
C:\Users\sumit\Desktop\kavita_capstone\dataset\W\UW\7083-199.jpg,dataset/W/UW/7083-199.jpg,W,Wall,UW,Uncracked,0,W/UW
C:\Users\sumit\Desktop\kavita_capstone\dataset\W\UW\7101-129.jpg,dataset/W/UW/7101-129.jpg,W,Wall,UW,Uncracked,0,W/UW
C:\Users\sumit\Desktop\kavita_capstone\dataset\D\UD\7029-214.jpg,dataset/D/UD/7029-214.jpg,D,Deck,UD,Uncracked,0,D/UD
C:\Users\sumit\Desktop\kavita_capstone\dataset\P\CP\022-74.jpg,dataset/P/CP/022-74.jpg,P,Pavement,CP,Cracked,1,P/CP
C:\Users\sumit\Desktop\kavita_capstone\dataset\W\CW\7087-102.jpg,dataset/W/CW/7087-102.jpg,W,Wall,CW,Cracked,1,W/CW
C:\Users\sumit\Desktop\kavita_capstone\dataset\D\CD\7018-84.jpg,dataset/D/CD/7018-84.jpg,D,Deck,CD,Cracked,1,D/CD
C:\Users\sumit\Desktop\kavita_capstone\dataset\P\UP\029-226.jpg,dataset/P/UP/029-226.jpg,P,Pavement,UP,Uncracked,0,P/UP
C:\Users\sumit\Desktop\kavita_capstone\dataset\P\CP\084-126.jpg,dataset/P/CP/084-126.jpg,P,Pavement,CP,Cracked,1,P/CP
C:\Users\sumit\Desktop\kavita_capstone\dataset\W\CW\7071-65.jpg,dataset/W/CW/7071-65.jpg,W,Wall,CW,Cracked,1,W/CW
C:\Users\sumit\Desktop\kavita_capstone\dataset\D\UD\7026-227.jpg,dataset/D/UD/7026-227.jpg,D,Deck,UD,Uncracked,0,D/UD
C:\Users\sumit\Desktop\kavita_capstone\dataset\W\UW\7107-210.jpg,dataset/W/UW/7107-210.jpg,W,Wall,UW,Uncracked,0,W/UW
C:\Users\sumit\Desktop\kavita_capstone\dataset\D\CD\7001-68.jpg,dataset/D/CD/7001-68.jpg,D,Deck,CD,Cracked,1,D/CD
C:\Users\sumit\Desktop\kavita_capstone\dataset\W\CW\7086-120.jpg,dataset/W/CW/7086-120.jpg,W,Wall,CW,Cracked,1,W/CW
C:\Users\sumit\Desktop\kavita_capstone\dataset\P\UP\008-149.jpg,dataset/P/UP/008-149.jpg,P,Pavement,UP,Uncracked,0,P/UP
C:\Users\sumit\Desktop\kavita_capstone\dataset\D\CD\7021-117.jpg,dataset/D/CD/7021-117.jpg,D,Deck,CD,Cracked,1,D/CD
C:\Users\sumit\Desktop\kavita_capstone\dataset\D\CD\7027-64.jpg,dataset/D/CD/7027-64.jpg,D,Deck,CD,Cracked,1,D/CD
C:\Users\sumit\Desktop\kavita_capstone\dataset\W\UW\7077-38.jpg,dataset/W/UW/7077-38.jpg,W,Wall,UW,Uncracked,0,W/UW
C:\Users\sumit\Desktop\kavita_capstone\dataset\W\UW\7102-47.jpg,dataset/W/UW/7102-47.jpg,W,Wall,UW,Uncracked,0,W/UW
C:\Users\sumit\Desktop\kavita_capstone\dataset\P\CP\045-119.jpg,dataset/P/CP/045-119.jpg,P,Pavement,CP,Cracked,1,P/CP
C:\Users\sumit\Desktop\kavita_capstone\dataset\P\UP\010-71.jpg,dataset/P/UP/010-71.jpg,P,Pavement,UP,Uncracked,0,P/UP
C:\Users\sumit\Desktop\kavita_capstone\dataset\D\CD\7021-20.jpg,dataset/D/CD/7021-20.jpg,D,Deck,CD,Cracked,1,D/CD
C:\Users\sumit\Desktop\kavita_capstone\dataset\D\UD\7023-56.jpg,dataset/D/UD/7023-56.jpg,D,Deck,UD,Uncracked,0,D/UD
C:\Users\sumit\Desktop\kavita_capstone\dataset\W\CW\7103-11.jpg,dataset/W/CW/7103-11.jpg,W,Wall,CW,Cracked,1,W/CW
C:\Users\sumit\Desktop\kavita_capstone\dataset\P\CP\043-66.jpg,dataset/P/CP/043-66.jpg,P,Pavement,CP,Cracked,1,P/CP
C:\Users\sumit\Desktop\kavita_capstone\dataset\D\CD\7004-141.jpg,dataset/D/CD/7004-141.jpg,D,Deck,CD,Cracked,1,D/CD
C:\Users\sumit\Desktop\kavita_capstone\dataset\W\UW\7096-87.jpg,dataset/W/UW/7096-87.jpg,W,Wall,UW,Uncracked,0,W/UW
C:\Users\sumit\Desktop\kavita_capstone\dataset\W\CW\7109-100.jpg,dataset/W/CW/7109-100.jpg,W,Wall,CW,Cracked,1,W/CW
C:\Users\sumit\Desktop\kavita_capstone\dataset\D\CD\7041-67.jpg,dataset/D/CD/7041-67.jpg,D,Deck,CD,Cracked,1,D/CD
C:\Users\sumit\Desktop\kavita_capstone\dataset\D\CD\7021-154.jpg,dataset/D/CD/7021-154.jpg,D,Deck,CD,Cracked,1,D/CD
C:\Users\sumit\Desktop\kavita_capstone\dataset\W\UW\7081-197.jpg,dataset/W/UW/7081-197.jpg,W,Wall,UW,Uncracked,0,W/UW
C:\Users\sumit\Desktop\kavita_capstone\dataset\D\UD\7034-53.jpg,dataset/D/UD/7034-53.jpg,D,Deck,UD,Uncracked,0,D/UD
C:\Users\sumit\Desktop\kavita_capstone\dataset\P\UP\052-151.jpg,dataset/P/UP/052-151.jpg,P,Pavement,UP,Uncracked,0,P/UP
C:\Users\sumit\Desktop\kavita_capstone\dataset\W\CW\7069-158.jpg,dataset/W/CW/7069-158.jpg,W,Wall,CW,Cracked,1,W/CW
C:\Users\sumit\Desktop\kavita_capstone\dataset\W\UW\7127-41.jpg,dataset/W/UW/7127-41.jpg,W,Wall,UW,Uncracked,0,W/UW
C:\Users\sumit\Desktop\kavita_capstone\dataset\W\UW\7098-201.jpg,dataset/W/UW/7098-201.jpg,W,Wall,UW,Uncracked,0,W/UW
C:\Users\sumit\Desktop\kavita_capstone\dataset\D\CD\7005-140.jpg,dataset/D/CD/7005-140.jpg,D,Deck,CD,Cracked,1,D/CD
C:\Users\sumit\Desktop\kavita_capstone\dataset\D\CD\7027-101.jpg,dataset/D/CD/7027-101.jpg,D,Deck,CD,Cracked,1,D/CD
C:\Users\sumit\Desktop\kavita_capstone\dataset\P\CP\009-74.jpg,dataset/P/CP/009-74.jpg,P,Pavement,CP,Cracked,1,P/CP
C:\Users\sumit\Desktop\kavita_capstone\dataset\P\CP\042-118.jpg,dataset/P/CP/042-118.jpg,P,Pavement,CP,Cracked,1,P/CP
C:\Users\sumit\Desktop\kavita_capstone\dataset\D\CD\7043-35.jpg,dataset/D/CD/7043-35.jpg,D,Deck,CD,Cracked,1,D/CD
C:\Users\sumit\Desktop\kavita_capstone\dataset\P\CP\002-120.jpg,dataset/P/CP/002-120.jpg,P,Pavement,CP,Cracked,1,P/CP
C:\Users\sumit\Desktop\kavita_capstone\dataset\D\UD\7040-198.jpg,dataset/D/UD/7040-198.jpg,D,Deck,UD,Uncracked,0,D/UD
C:\Users\sumit\Desktop\kavita_capstone\dataset\D\CD\7040-235.jpg,dataset/D/CD/7040-235.jpg,D,Deck,CD,Cracked,1,D/CD
C:\Users\sumit\Desktop\kavita_capstone\dataset\D\CD\7052-17.jpg,dataset/D/CD/7052-17.jpg,D,Deck,CD,Cracked,1,D/CD
C:\Users\sumit\Desktop\kavita_capstone\dataset\P\UP\009-63.jpg,dataset/P/UP/009-63.jpg,P,Pavement,UP,Uncracked,0,P/UP
C:\Users\sumit\Desktop\kavita_capstone\dataset\P\UP\102-233.jpg,dataset/P/UP/102-233.jpg,P,Pavement,UP,Uncracked,0,P/UP
C:\Users\sumit\Desktop\kavita_capstone\dataset\W\CW\7085-85.jpg,dataset/W/CW/7085-85.jpg,W,Wall,CW,Cracked,1,W/CW
C:\Users\sumit\Desktop\kavita_capstone\dataset\D\UD\7028-221.jpg,dataset/D/UD/7028-221.jpg,D,Deck,UD,Uncracked,0,D/UD
C:\Users\sumit\Desktop\kavita_capstone\dataset\P\CP\032-142.jpg,dataset/P/CP/032-142.jpg,P,Pavement,CP,Cracked,1,P/CP
C:\Users\sumit\Desktop\kavita_capstone\dataset\P\UP\102-213.jpg,dataset/P/UP/102-213.jpg,P,Pavement,UP,Uncracked,0,P/UP
C:\Users\sumit\Desktop\kavita_capstone\dataset\W\UW\7140-237.jpg,dataset/W/UW/7140-237.jpg,W,Wall,UW,Uncracked,0,W/UW
C:\Users\sumit\Desktop\kavita_capstone\dataset\D\UD\7028-104.jpg,dataset/D/UD/7028-104.jpg,D,Deck,UD,Uncracked,0,D/UD
C:\Users\sumit\Desktop\kavita_capstone\dataset\W\CW\7086-176.jpg,dataset/W/CW/7086-176.jpg,W,Wall,CW,Cracked,1,W/CW
C:\Users\sumit\Desktop\kavita_capstone\dataset\W\UW\7073-163.jpg,dataset/W/UW/7073-163.jpg,W,Wall,UW,Uncracked,0,W/UW
C:\Users\sumit\Desktop\kavita_capstone\dataset\D\UD\7048-145.jpg,dataset/D/UD/7048-145.jpg,D,Deck,UD,Uncracked,0,D/UD
C:\Users\sumit\Desktop\kavita_capstone\dataset\D\CD\7048-132.jpg,dataset/D/CD/7048-132.jpg,D,Deck,CD,Cracked,1,D/CD
C:\Users\sumit\Desktop\kavita_capstone\dataset\W\CW\7095-82.jpg,dataset/W/CW/7095-82.jpg,W,Wall,CW,Cracked,1,W/CW
C:\Users\sumit\Desktop\kavita_capstone\dataset\P\CP\059-113.jpg,dataset/P/CP/059-113.jpg,P,Pavement,CP,Cracked,1,P/CP
C:\Users\sumit\Desktop\kavita_capstone\dataset\W\CW\7090-36.jpg,dataset/W/CW/7090-36.jpg,W,Wall,CW,Cracked,1,W/CW
C:\Users\sumit\Desktop\kavita_capstone\dataset\P\UP\074-192.jpg,dataset/P/UP/074-192.jpg,P,Pavement,UP,Uncracked,0,P/UP
C:\Users\sumit\Desktop\kavita_capstone\dataset\D\CD\7021-57.jpg,dataset/D/CD/7021-57.jpg,D,Deck,CD,Cracked,1,D/CD
C:\Users\sumit\Desktop\kavita_capstone\dataset\P\UP\017-152.jpg,dataset/P/UP/017-152.jpg,P,Pavement,UP,Uncracked,0,P/UP
C:\Users\sumit\Desktop\kavita_capstone\dataset\P\CP\075-139.jpg,dataset/P/CP/075-139.jpg,P,Pavement,CP,Cracked,1,P/CP
C:\Users\sumit\Desktop\kavita_capstone\dataset\W\UW\7094-56.jpg,dataset/W/UW/7094-56.jpg,W,Wall,UW,Uncracked,0,W/UW
C:\Users\sumit\Desktop\kavita_capstone\dataset\W\CW\7120-225.jpg,dataset/W/CW/7120-225.jpg,W,Wall,CW,Cracked,1,W/CW
C:\Users\sumit\Desktop\kavita_capstone\dataset\P\CP\001-115.jpg,dataset/P/CP/001-115.jpg,P,Pavement,CP,Cracked,1,P/CP
C:\Users\sumit\Desktop\kavita_capstone\dataset\W\CW\7087-236.jpg,dataset/W/CW/7087-236.jpg,W,Wall,CW,Cracked,1,W/CW
C:\Users\sumit\Desktop\kavita_capstone\dataset\W\UW\7112-179.jpg,dataset/W/UW/7112-179.jpg,W,Wall,UW,Uncracked,0,W/UW
C:\Users\sumit\Desktop\kavita_capstone\dataset\D\CD\7022-41.jpg,dataset/D/CD/7022-41.jpg,D,Deck,CD,Cracked,1,D/CD
C:\Users\sumit\Desktop\kavita_capstone\dataset\P\UP\034-64.jpg,dataset/P/UP/034-64.jpg,P,Pavement,UP,Uncracked,0,P/UP
C:\Users\sumit\Desktop\kavita_capstone\dataset\D\CD\7019-77.jpg,dataset/D/CD/7019-77.jpg,D,Deck,CD,Cracked,1,D/CD
C:\Users\sumit\Desktop\kavita_capstone\dataset\D\CD\7048-70.jpg,dataset/D/CD/7048-70.jpg,D,Deck,CD,Cracked,1,D/CD
C:\Users\sumit\Desktop\kavita_capstone\dataset\P\CP\023-62.jpg,dataset/P/CP/023-62.jpg,P,Pavement,CP,Cracked,1,P/CP
C:\Users\sumit\Desktop\kavita_capstone\dataset\D\CD\7010-122.jpg,dataset/D/CD/7010-122.jpg,D,Deck,CD,Cracked,1,D/CD
C:\Users\sumit\Desktop\kavita_capstone\dataset\P\UP\050-113.jpg,dataset/P/UP/050-113.jpg,P,Pavement,UP,Uncracked,0,P/UP
C:\Users\sumit\Desktop\kavita_capstone\dataset\P\CP\053-170.jpg,dataset/P/CP/053-170.jpg,P,Pavement,CP,Cracked,1,P/CP
C:\Users\sumit\Desktop\kavita_capstone\dataset\D\CD\7033-218.jpg,dataset/D/CD/7033-218.jpg,D,Deck,CD,Cracked,1,D/CD
C:\Users\sumit\Desktop\kavita_capstone\dataset\P\UP\069-172.jpg,dataset/P/UP/069-172.jpg,P,Pavement,UP,Uncracked,0,P/UP
C:\Users\sumit\Desktop\kavita_capstone\dataset\D\UD\7021-72.jpg,dataset/D/UD/7021-72.jpg,D,Deck,UD,Uncracked,0,D/UD
C:\Users\sumit\Desktop\kavita_capstone\dataset\P\UP\082-181.jpg,dataset/P/UP/082-181.jpg,P,Pavement,UP,Uncracked,0,P/UP
C:\Users\sumit\Desktop\kavita_capstone\dataset\P\CP\026-172.jpg,dataset/P/CP/026-172.jpg,P,Pavement,CP,Cracked,1,P/CP
C:\Users\sumit\Desktop\kavita_capstone\dataset\W\CW\7092-200.jpg,dataset/W/CW/7092-200.jpg,W,Wall,CW,Cracked,1,W/CW
C:\Users\sumit\Desktop\kavita_capstone\dataset\D\CD\7049-70.jpg,dataset/D/CD/7049-70.jpg,D,Deck,CD,Cracked,1,D/CD
C:\Users\sumit\Desktop\kavita_capstone\dataset\D\UD\7039-9.jpg,dataset/D/UD/7039-9.jpg,D,Deck,UD,Uncracked,0,D/UD
C:\Users\sumit\Desktop\kavita_capstone\dataset\W\CW\7081-6.jpg,dataset/W/CW/7081-6.jpg,W,Wall,CW,Cracked,1,W/CW
C:\Users\sumit\Desktop\kavita_capstone\dataset\P\CP\102-121.jpg,dataset/P/CP/102-121.jpg,P,Pavement,CP,Cracked,1,P/CP
C:\Users\sumit\Desktop\kavita_capstone\dataset\P\UP\006-173.jpg,dataset/P/UP/006-173.jpg,P,Pavement,UP,Uncracked,0,P/UP
C:\Users\sumit\Desktop\kavita_capstone\dataset\D\CD\7011-187.jpg,dataset/D/CD/7011-187.jpg,D,Deck,CD,Cracked,1,D/CD
C:\Users\sumit\Desktop\kavita_capstone\dataset\P\UP\055-178.jpg,dataset/P/UP/055-178.jpg,P,Pavement,UP,Uncracked,0,P/UP
C:\Users\sumit\Desktop\kavita_capstone\dataset\W\CW\7084-46.jpg,dataset/W/CW/7084-46.jpg,W,Wall,CW,Cracked,1,W/CW
C:\Users\sumit\Desktop\kavita_capstone\dataset\D\CD\7052-28.jpg,dataset/D/CD/7052-28.jpg,D,Deck,CD,Cracked,1,D/CD
C:\Users\sumit\Desktop\kavita_capstone\dataset\P\UP\104-5.jpg,dataset/P/UP/104-5.jpg,P,Pavement,UP,Uncracked,0,P/UP
C:\Users\sumit\Desktop\kavita_capstone\dataset\D\UD\7030-173.jpg,dataset/D/UD/7030-173.jpg,D,Deck,UD,Uncracked,0,D/UD
C:\Users\sumit\Desktop\kavita_capstone\dataset\D\UD\7020-57.jpg,dataset/D/UD/7020-57.jpg,D,Deck,UD,Uncracked,0,D/UD
C:\Users\sumit\Desktop\kavita_capstone\dataset\D\CD\7049-139.jpg,dataset/D/CD/7049-139.jpg,D,Deck,CD,Cracked,1,D/CD
C:\Users\sumit\Desktop\kavita_capstone\dataset\W\CW\7101-6.jpg,dataset/W/CW/7101-6.jpg,W,Wall,CW,Cracked,1,W/CW
C:\Users\sumit\Desktop\kavita_capstone\dataset\D\UD\7016-26.jpg,dataset/D/UD/7016-26.jpg,D,Deck,UD,Uncracked,0,D/UD
C:\Users\sumit\Desktop\kavita_capstone\dataset\D\UD\7014-67.jpg,dataset/D/UD/7014-67.jpg,D,Deck,UD,Uncracked,0,D/UD
C:\Users\sumit\Desktop\kavita_capstone\dataset\P\CP\100-168.jpg,dataset/P/CP/100-168.jpg,P,Pavement,CP,Cracked,1,P/CP
C:\Users\sumit\Desktop\kavita_capstone\dataset\W\UW\7117-176.jpg,dataset/W/UW/7117-176.jpg,W,Wall,UW,Uncracked,0,W/UW
C:\Users\sumit\Desktop\kavita_capstone\dataset\P\UP\076-163.jpg,dataset/P/UP/076-163.jpg,P,Pavement,UP,Uncracked,0,P/UP
C:\Users\sumit\Desktop\kavita_capstone\dataset\W\UW\7104-199.jpg,dataset/W/UW/7104-199.jpg,W,Wall,UW,Uncracked,0,W/UW
C:\Users\sumit\Desktop\kavita_capstone\dataset\P\CP\100-93.jpg,dataset/P/CP/100-93.jpg,P,Pavement,CP,Cracked,1,P/CP
C:\Users\sumit\Desktop\kavita_capstone\dataset\D\CD\7010-6.jpg,dataset/D/CD/7010-6.jpg,D,Deck,CD,Cracked,1,D/CD
C:\Users\sumit\Desktop\kavita_capstone\dataset\W\CW\7083-48.jpg,dataset/W/CW/7083-48.jpg,W,Wall,CW,Cracked,1,W/CW
C:\Users\sumit\Desktop\kavita_capstone\dataset\W\CW\7098-208.jpg,dataset/W/CW/7098-208.jpg,W,Wall,CW,Cracked,1,W/CW
C:\Users\sumit\Desktop\kavita_capstone\dataset\D\CD\7013-63.jpg,dataset/D/CD/7013-63.jpg,D,Deck,CD,Cracked,1,D/CD
C:\Users\sumit\Desktop\kavita_capstone\dataset\P\UP\007-17.jpg,dataset/P/UP/007-17.jpg,P,Pavement,UP,Uncracked,0,P/UP
C:\Users\sumit\Desktop\kavita_capstone\dataset\P\UP\053-128.jpg,dataset/P/UP/053-128.jpg,P,Pavement,UP,Uncracked,0,P/UP
C:\Users\sumit\Desktop\kavita_capstone\dataset\D\UD\7023-77.jpg,dataset/D/UD/7023-77.jpg,D,Deck,UD,Uncracked,0,D/UD
C:\Users\sumit\Desktop\kavita_capstone\dataset\W\CW\7070-37.jpg,dataset/W/CW/7070-37.jpg,W,Wall,CW,Cracked,1,W/CW
C:\Users\sumit\Desktop\kavita_capstone\dataset\D\UD\7031-83.jpg,dataset/D/UD/7031-83.jpg,D,Deck,UD,Uncracked,0,D/UD
C:\Users\sumit\Desktop\kavita_capstone\dataset\W\UW\7129-73.jpg,dataset/W/UW/7129-73.jpg,W,Wall,UW,Uncracked,0,W/UW
C:\Users\sumit\Desktop\kavita_capstone\dataset\D\CD\7002-28.jpg,dataset/D/CD/7002-28.jpg,D,Deck,CD,Cracked,1,D/CD
C:\Users\sumit\Desktop\kavita_capstone\dataset\P\UP\081-108.jpg,dataset/P/UP/081-108.jpg,P,Pavement,UP,Uncracked,0,P/UP
C:\Users\sumit\Desktop\kavita_capstone\dataset\P\CP\001-2.jpg,dataset/P/CP/001-2.jpg,P,Pavement,CP,Cracked,1,P/CP
C:\Users\sumit\Desktop\kavita_capstone\dataset\P\CP\073-41.jpg,dataset/P/CP/073-41.jpg,P,Pavement,CP,Cracked,1,P/CP
C:\Users\sumit\Desktop\kavita_capstone\dataset\P\UP\022-233.jpg,dataset/P/UP/022-233.jpg,P,Pavement,UP,Uncracked,0,P/UP
C:\Users\sumit\Desktop\kavita_capstone\dataset\P\CP\020-152.jpg,dataset/P/CP/020-152.jpg,P,Pavement,CP,Cracked,1,P/CP
C:\Users\sumit\Desktop\kavita_capstone\dataset\P\CP\043-192.jpg,dataset/P/CP/043-192.jpg,P,Pavement,CP,Cracked,1,P/CP
C:\Users\sumit\Desktop\kavita_capstone\dataset\W\CW\7079-8.jpg,dataset/W/CW/7079-8.jpg,W,Wall,CW,Cracked,1,W/CW
C:\Users\sumit\Desktop\kavita_capstone\dataset\P\CP\042-213.jpg,dataset/P/CP/042-213.jpg,P,Pavement,CP,Cracked,1,P/CP
C:\Users\sumit\Desktop\kavita_capstone\dataset\W\CW\7101-244.jpg,dataset/W/CW/7101-244.jpg,W,Wall,CW,Cracked,1,W/CW
C:\Users\sumit\Desktop\kavita_capstone\dataset\P\UP\065-1.jpg,dataset/P/UP/065-1.jpg,P,Pavement,UP,Uncracked,0,P/UP
C:\Users\sumit\Desktop\kavita_capstone\dataset\W\UW\7087-73.jpg,dataset/W/UW/7087-73.jpg,W,Wall,UW,Uncracked,0,W/UW
C:\Users\sumit\Desktop\kavita_capstone\dataset\W\UW\7113-219.jpg,dataset/W/UW/7113-219.jpg,W,Wall,UW,Uncracked,0,W/UW
C:\Users\sumit\Desktop\kavita_capstone\dataset\W\UW\7070-187.jpg,dataset/W/UW/7070-187.jpg,W,Wall,UW,Uncracked,0,W/UW
C:\Users\sumit\Desktop\kavita_capstone\dataset\W\UW\7129-96.jpg,dataset/W/UW/7129-96.jpg,W,Wall,UW,Uncracked,0,W/UW
C:\Users\sumit\Desktop\kavita_capstone\dataset\W\CW\7127-42.jpg,dataset/W/CW/7127-42.jpg,W,Wall,CW,Cracked,1,W/CW
C:\Users\sumit\Desktop\kavita_capstone\dataset\D\UD\7002-233.jpg,dataset/D/UD/7002-233.jpg,D,Deck,UD,Uncracked,0,D/UD
C:\Users\sumit\Desktop\kavita_capstone\dataset\D\UD\7020-77.jpg,dataset/D/UD/7020-77.jpg,D,Deck,UD,Uncracked,0,D/UD
C:\Users\sumit\Desktop\kavita_capstone\dataset\D\CD\7017-9.jpg,dataset/D/CD/7017-9.jpg,D,Deck,CD,Cracked,1,D/CD
C:\Users\sumit\Desktop\kavita_capstone\dataset\W\CW\7088-1.jpg,dataset/W/CW/7088-1.jpg,W,Wall,CW,Cracked,1,W/CW
C:\Users\sumit\Desktop\kavita_capstone\dataset\P\UP\085-165.jpg,dataset/P/UP/085-165.jpg,P,Pavement,UP,Uncracked,0,P/UP
C:\Users\sumit\Desktop\kavita_capstone\dataset\W\UW\7069-160.jpg,dataset/W/UW/7069-160.jpg,W,Wall,UW,Uncracked,0,W/UW
C:\Users\sumit\Desktop\kavita_capstone\dataset\W\UW\7110-150.jpg,dataset/W/UW/7110-150.jpg,W,Wall,UW,Uncracked,0,W/UW
C:\Users\sumit\Desktop\kavita_capstone\dataset\D\CD\7009-29.jpg,dataset/D/CD/7009-29.jpg,D,Deck,CD,Cracked,1,D/CD
C:\Users\sumit\Desktop\kavita_capstone\dataset\P\CP\026-115.jpg,dataset/P/CP/026-115.jpg,P,Pavement,CP,Cracked,1,P/CP
C:\Users\sumit\Desktop\kavita_capstone\dataset\D\CD\7004-82.jpg,dataset/D/CD/7004-82.jpg,D,Deck,CD,Cracked,1,D/CD
C:\Users\sumit\Desktop\kavita_capstone\dataset\D\CD\7036-132.jpg,dataset/D/CD/7036-132.jpg,D,Deck,CD,Cracked,1,D/CD
C:\Users\sumit\Desktop\kavita_capstone\dataset\P\CP\014-5.jpg,dataset/P/CP/014-5.jpg,P,Pavement,CP,Cracked,1,P/CP
C:\Users\sumit\Desktop\kavita_capstone\dataset\D\UD\7053-251.jpg,dataset/D/UD/7053-251.jpg,D,Deck,UD,Uncracked,0,D/UD
C:\Users\sumit\Desktop\kavita_capstone\dataset\W\UW\7080-202.jpg,dataset/W/UW/7080-202.jpg,W,Wall,UW,Uncracked,0,W/UW
C:\Users\sumit\Desktop\kavita_capstone\dataset\D\CD\7010-156.jpg,dataset/D/CD/7010-156.jpg,D,Deck,CD,Cracked,1,D/CD
C:\Users\sumit\Desktop\kavita_capstone\dataset\W\CW\7087-69.jpg,dataset/W/CW/7087-69.jpg,W,Wall,CW,Cracked,1,W/CW
C:\Users\sumit\Desktop\kavita_capstone\dataset\D\CD\7036-70.jpg,dataset/D/CD/7036-70.jpg,D,Deck,CD,Cracked,1,D/CD
C:\Users\sumit\Desktop\kavita_capstone\dataset\D\UD\7054-82.jpg,dataset/D/UD/7054-82.jpg,D,Deck,UD,Uncracked,0,D/UD
C:\Users\sumit\Desktop\kavita_capstone\dataset\W\UW\7120-32.jpg,dataset/W/UW/7120-32.jpg,W,Wall,UW,Uncracked,0,W/UW
C:\Users\sumit\Desktop\kavita_capstone\dataset\D\CD\7028-44.jpg,dataset/D/CD/7028-44.jpg,D,Deck,CD,Cracked,1,D/CD
C:\Users\sumit\Desktop\kavita_capstone\dataset\D\UD\7047-164.jpg,dataset/D/UD/7047-164.jpg,D,Deck,UD,Uncracked,0,D/UD
C:\Users\sumit\Desktop\kavita_capstone\dataset\P\CP\029-104.jpg,dataset/P/CP/029-104.jpg,P,Pavement,CP,Cracked,1,P/CP
C:\Users\sumit\Desktop\kavita_capstone\dataset\D\UD\7009-112.jpg,dataset/D/UD/7009-112.jpg,D,Deck,UD,Uncracked,0,D/UD
C:\Users\sumit\Desktop\kavita_capstone\dataset\D\UD\7014-137.jpg,dataset/D/UD/7014-137.jpg,D,Deck,UD,Uncracked,0,D/UD
C:\Users\sumit\Desktop\kavita_capstone\dataset\W\UW\7100-91.jpg,dataset/W/UW/7100-91.jpg,W,Wall,UW,Uncracked,0,W/UW
C:\Users\sumit\Desktop\kavita_capstone\dataset\W\CW\7078-32.jpg,dataset/W/CW/7078-32.jpg,W,Wall,CW,Cracked,1,W/CW
C:\Users\sumit\Desktop\kavita_capstone\dataset\D\UD\7018-130.jpg,dataset/D/UD/7018-130.jpg,D,Deck,UD,Uncracked,0,D/UD
C:\Users\sumit\Desktop\kavita_capstone\dataset\P\CP\018-224.jpg,dataset/P/CP/018-224.jpg,P,Pavement,CP,Cracked,1,P/CP
C:\Users\sumit\Desktop\kavita_capstone\dataset\W\CW\7087-66.jpg,dataset/W/CW/7087-66.jpg,W,Wall,CW,Cracked,1,W/CW
C:\Users\sumit\Desktop\kavita_capstone\dataset\P\UP\009-1.jpg,dataset/P/UP/009-1.jpg,P,Pavement,UP,Uncracked,0,P/UP
C:\Users\sumit\Desktop\kavita_capstone\dataset\D\CD\7043-54.jpg,dataset/D/CD/7043-54.jpg,D,Deck,CD,Cracked,1,D/CD
C:\Users\sumit\Desktop\kavita_capstone\dataset\D\UD\7031-69.jpg,dataset/D/UD/7031-69.jpg,D,Deck,UD,Uncracked,0,D/UD
C:\Users\sumit\Desktop\kavita_capstone\dataset\P\UP\032-36.jpg,dataset/P/UP/032-36.jpg,P,Pavement,UP,Uncracked,0,P/UP
C:\Users\sumit\Desktop\kavita_capstone\dataset\P\CP\072-33.jpg,dataset/P/CP/072-33.jpg,P,Pavement,CP,Cracked,1,P/CP
C:\Users\sumit\Desktop\kavita_capstone\dataset\P\UP\069-178.jpg,dataset/P/UP/069-178.jpg,P,Pavement,UP,Uncracked,0,P/UP
C:\Users\sumit\Desktop\kavita_capstone\dataset\P\CP\092-60.jpg,dataset/P/CP/092-60.jpg,P,Pavement,CP,Cracked,1,P/CP
C:\Users\sumit\Desktop\kavita_capstone\dataset\P\UP\006-41.jpg,dataset/P/UP/006-41.jpg,P,Pavement,UP,Uncracked,0,P/UP
C:\Users\sumit\Desktop\kavita_capstone\dataset\W\UW\7114-243.jpg,dataset/W/UW/7114-243.jpg,W,Wall,UW,Uncracked,0,W/UW
C:\Users\sumit\Desktop\kavita_capstone\dataset\W\CW\7077-80.jpg,dataset/W/CW/7077-80.jpg,W,Wall,CW,Cracked,1,W/CW
C:\Users\sumit\Desktop\kavita_capstone\dataset\D\UD\7015-16.jpg,dataset/D/UD/7015-16.jpg,D,Deck,UD,Uncracked,0,D/UD
C:\Users\sumit\Desktop\kavita_capstone\dataset\W\CW\7078-177.jpg,dataset/W/CW/7078-177.jpg,W,Wall,CW,Cracked,1,W/CW
C:\Users\sumit\Desktop\kavita_capstone\dataset\W\UW\7124-202.jpg,dataset/W/UW/7124-202.jpg,W,Wall,UW,Uncracked,0,W/UW
C:\Users\sumit\Desktop\kavita_capstone\dataset\D\CD\7045-85.jpg,dataset/D/CD/7045-85.jpg,D,Deck,CD,Cracked,1,D/CD
C:\Users\sumit\Desktop\kavita_capstone\dataset\W\UW\7125-130.jpg,dataset/W/UW/7125-130.jpg,W,Wall,UW,Uncracked,0,W/UW
C:\Users\sumit\Desktop\kavita_capstone\dataset\P\UP\055-201.jpg,dataset/P/UP/055-201.jpg,P,Pavement,UP,Uncracked,0,P/UP
C:\Users\sumit\Desktop\kavita_capstone\dataset\D\CD\7037-20.jpg,dataset/D/CD/7037-20.jpg,D,Deck,CD,Cracked,1,D/CD
C:\Users\sumit\Desktop\kavita_capstone\dataset\W\UW\7136-36.jpg,dataset/W/UW/7136-36.jpg,W,Wall,UW,Uncracked,0,W/UW
C:\Users\sumit\Desktop\kavita_capstone\dataset\W\UW\7104-92.jpg,dataset/W/UW/7104-92.jpg,W,Wall,UW,Uncracked,0,W/UW
C:\Users\sumit\Desktop\kavita_capstone\dataset\W\CW\7090-25.jpg,dataset/W/CW/7090-25.jpg,W,Wall,CW,Cracked,1,W/CW
C:\Users\sumit\Desktop\kavita_capstone\dataset\D\UD\7028-248.jpg,dataset/D/UD/7028-248.jpg,D,Deck,UD,Uncracked,0,D/UD
C:\Users\sumit\Desktop\kavita_capstone\dataset\P\CP\052-83.jpg,dataset/P/CP/052-83.jpg,P,Pavement,CP,Cracked,1,P/CP
C:\Users\sumit\Desktop\kavita_capstone\dataset\W\UW\7125-199.jpg,dataset/W/UW/7125-199.jpg,W,Wall,UW,Uncracked,0,W/UW
C:\Users\sumit\Desktop\kavita_capstone\dataset\W\CW\7074-116.jpg,dataset/W/CW/7074-116.jpg,W,Wall,CW,Cracked,1,W/CW
C:\Users\sumit\Desktop\kavita_capstone\dataset\P\UP\034-159.jpg,dataset/P/UP/034-159.jpg,P,Pavement,UP,Uncracked,0,P/UP
C:\Users\sumit\Desktop\kavita_capstone\dataset\P\CP\020-125.jpg,dataset/P/CP/020-125.jpg,P,Pavement,CP,Cracked,1,P/CP
C:\Users\sumit\Desktop\kavita_capstone\dataset\W\CW\7088-249.jpg,dataset/W/CW/7088-249.jpg,W,Wall,CW,Cracked,1,W/CW
C:\Users\sumit\Desktop\kavita_capstone\dataset\W\UW\7092-39.jpg,dataset/W/UW/7092-39.jpg,W,Wall,UW,Uncracked,0,W/UW
C:\Users\sumit\Desktop\kavita_capstone\dataset\P\UP\034-123.jpg,dataset/P/UP/034-123.jpg,P,Pavement,UP,Uncracked,0,P/UP
C:\Users\sumit\Desktop\kavita_capstone\dataset\D\UD\7029-245.jpg,dataset/D/UD/7029-245.jpg,D,Deck,UD,Uncracked,0,D/UD
C:\Users\sumit\Desktop\kavita_capstone\dataset\D\CD\7011-189.jpg,dataset/D/CD/7011-189.jpg,D,Deck,CD,Cracked,1,D/CD
C:\Users\sumit\Desktop\kavita_capstone\dataset\W\CW\7091-189.jpg,dataset/W/CW/7091-189.jpg,W,Wall,CW,Cracked,1,W/CW
C:\Users\sumit\Desktop\kavita_capstone\dataset\W\CW\7081-113.jpg,dataset/W/CW/7081-113.jpg,W,Wall,CW,Cracked,1,W/CW
C:\Users\sumit\Desktop\kavita_capstone\dataset\W\UW\7128-87.jpg,dataset/W/UW/7128-87.jpg,W,Wall,UW,Uncracked,0,W/UW
C:\Users\sumit\Desktop\kavita_capstone\dataset\W\CW\7072-24.jpg,dataset/W/CW/7072-24.jpg,W,Wall,CW,Cracked,1,W/CW
C:\Users\sumit\Desktop\kavita_capstone\dataset\W\CW\7110-24.jpg,dataset/W/CW/7110-24.jpg,W,Wall,CW,Cracked,1,W/CW
C:\Users\sumit\Desktop\kavita_capstone\dataset\D\UD\7039-193.jpg,dataset/D/UD/7039-193.jpg,D,Deck,UD,Uncracked,0,D/UD
C:\Users\sumit\Desktop\kavita_capstone\dataset\W\CW\7078-117.jpg,dataset/W/CW/7078-117.jpg,W,Wall,CW,Cracked,1,W/CW
C:\Users\sumit\Desktop\kavita_capstone\dataset\P\CP\055-99.jpg,dataset/P/CP/055-99.jpg,P,Pavement,CP,Cracked,1,P/CP
C:\Users\sumit\Desktop\kavita_capstone\dataset\D\UD\7017-12.jpg,dataset/D/UD/7017-12.jpg,D,Deck,UD,Uncracked,0,D/UD
C:\Users\sumit\Desktop\kavita_capstone\dataset\D\CD\7014-98.jpg,dataset/D/CD/7014-98.jpg,D,Deck,CD,Cracked,1,D/CD
C:\Users\sumit\Desktop\kavita_capstone\dataset\D\CD\7008-24.jpg,dataset/D/CD/7008-24.jpg,D,Deck,CD,Cracked,1,D/CD
C:\Users\sumit\Desktop\kavita_capstone\dataset\D\UD\7057-48.jpg,dataset/D/UD/7057-48.jpg,D,Deck,UD,Uncracked,0,D/UD
C:\Users\sumit\Desktop\kavita_capstone\dataset\P\UP\041-75.jpg,dataset/P/UP/041-75.jpg,P,Pavement,UP,Uncracked,0,P/UP
C:\Users\sumit\Desktop\kavita_capstone\dataset\D\UD\7014-112.jpg,dataset/D/UD/7014-112.jpg,D,Deck,UD,Uncracked,0,D/UD
C:\Users\sumit\Desktop\kavita_capstone\dataset\W\UW\7069-58.jpg,dataset/W/UW/7069-58.jpg,W,Wall,UW,Uncracked,0,W/UW
C:\Users\sumit\Desktop\kavita_capstone\dataset\D\CD\7039-98.jpg,dataset/D/CD/7039-98.jpg,D,Deck,CD,Cracked,1,D/CD
C:\Users\sumit\Desktop\kavita_capstone\dataset\D\CD\7037-116.jpg,dataset/D/CD/7037-116.jpg,D,Deck,CD,Cracked,1,D/CD
C:\Users\sumit\Desktop\kavita_capstone\dataset\D\UD\7049-88.jpg,dataset/D/UD/7049-88.jpg,D,Deck,UD,Uncracked,0,D/UD
C:\Users\sumit\Desktop\kavita_capstone\dataset\P\UP\012-30.jpg,dataset/P/UP/012-30.jpg,P,Pavement,UP,Uncracked,0,P/UP
C:\Users\sumit\Desktop\kavita_capstone\dataset\D\UD\7023-171.jpg,dataset/D/UD/7023-171.jpg,D,Deck,UD,Uncracked,0,D/UD
C:\Users\sumit\Desktop\kavita_capstone\dataset\D\UD\7033-90.jpg,dataset/D/UD/7033-90.jpg,D,Deck,UD,Uncracked,0,D/UD
C:\Users\sumit\Desktop\kavita_capstone\dataset\W\CW\7086-44.jpg,dataset/W/CW/7086-44.jpg,W,Wall,CW,Cracked,1,W/CW
C:\Users\sumit\Desktop\kavita_capstone\dataset\W\UW\7137-161.jpg,dataset/W/UW/7137-161.jpg,W,Wall,UW,Uncracked,0,W/UW
C:\Users\sumit\Desktop\kavita_capstone\dataset\D\CD\7023-219.jpg,dataset/D/CD/7023-219.jpg,D,Deck,CD,Cracked,1,D/CD
C:\Users\sumit\Desktop\kavita_capstone\dataset\W\UW\7125-122.jpg,dataset/W/UW/7125-122.jpg,W,Wall,UW,Uncracked,0,W/UW
C:\Users\sumit\Desktop\kavita_capstone\dataset\W\CW\7075-110.jpg,dataset/W/CW/7075-110.jpg,W,Wall,CW,Cracked,1,W/CW
C:\Users\sumit\Desktop\kavita_capstone\dataset\D\CD\7053-87.jpg,dataset/D/CD/7053-87.jpg,D,Deck,CD,Cracked,1,D/CD
C:\Users\sumit\Desktop\kavita_capstone\dataset\D\CD\7011-152.jpg,dataset/D/CD/7011-152.jpg,D,Deck,CD,Cracked,1,D/CD
C:\Users\sumit\Desktop\kavita_capstone\dataset\D\UD\7014-70.jpg,dataset/D/UD/7014-70.jpg,D,Deck,UD,Uncracked,0,D/UD
C:\Users\sumit\Desktop\kavita_capstone\dataset\D\CD\7020-181.jpg,dataset/D/CD/7020-181.jpg,D,Deck,CD,Cracked,1,D/CD
C:\Users\sumit\Desktop\kavita_capstone\dataset\P\UP\001-117.jpg,dataset/P/UP/001-117.jpg,P,Pavement,UP,Uncracked,0,P/UP
C:\Users\sumit\Desktop\kavita_capstone\dataset\W\CW\7122-217.jpg,dataset/W/CW/7122-217.jpg,W,Wall,CW,Cracked,1,W/CW
C:\Users\sumit\Desktop\kavita_capstone\dataset\W\UW\7130-179.jpg,dataset/W/UW/7130-179.jpg,W,Wall,UW,Uncracked,0,W/UW
C:\Users\sumit\Desktop\kavita_capstone\dataset\P\CP\057-103.jpg,dataset/P/CP/057-103.jpg,P,Pavement,CP,Cracked,1,P/CP
C:\Users\sumit\Desktop\kavita_capstone\dataset\P\UP\067-55.jpg,dataset/P/UP/067-55.jpg,P,Pavement,UP,Uncracked,0,P/UP
C:\Users\sumit\Desktop\kavita_capstone\dataset\P\UP\058-123.jpg,dataset/P/UP/058-123.jpg,P,Pavement,UP,Uncracked,0,P/UP
C:\Users\sumit\Desktop\kavita_capstone\dataset\W\UW\7133-90.jpg,dataset/W/UW/7133-90.jpg,W,Wall,UW,Uncracked,0,W/UW
C:\Users\sumit\Desktop\kavita_capstone\dataset\P\CP\100-229.jpg,dataset/P/CP/100-229.jpg,P,Pavement,CP,Cracked,1,P/CP
C:\Users\sumit\Desktop\kavita_capstone\dataset\P\CP\018-75.jpg,dataset/P/CP/018-75.jpg,P,Pavement,CP,Cracked,1,P/CP
C:\Users\sumit\Desktop\kavita_capstone\dataset\W\CW\7075-136.jpg,dataset/W/CW/7075-136.jpg,W,Wall,CW,Cracked,1,W/CW
C:\Users\sumit\Desktop\kavita_capstone\dataset\W\CW\7125-59.jpg,dataset/W/CW/7125-59.jpg,W,Wall,CW,Cracked,1,W/CW
C:\Users\sumit\Desktop\kavita_capstone\dataset\W\UW\7135-18.jpg,dataset/W/UW/7135-18.jpg,W,Wall,UW,Uncracked,0,W/UW
C:\Users\sumit\Desktop\kavita_capstone\dataset\W\CW\7125-172.jpg,dataset/W/CW/7125-172.jpg,W,Wall,CW,Cracked,1,W/CW
C:\Users\sumit\Desktop\kavita_capstone\dataset\W\UW\7074-97.jpg,dataset/W/UW/7074-97.jpg,W,Wall,UW,Uncracked,0,W/UW
C:\Users\sumit\Desktop\kavita_capstone\dataset\P\UP\024-155.jpg,dataset/P/UP/024-155.jpg,P,Pavement,UP,Uncracked,0,P/UP
C:\Users\sumit\Desktop\kavita_capstone\dataset\W\UW\7099-2.jpg,dataset/W/UW/7099-2.jpg,W,Wall,UW,Uncracked,0,W/UW
C:\Users\sumit\Desktop\kavita_capstone\dataset\W\UW\7074-182.jpg,dataset/W/UW/7074-182.jpg,W,Wall,UW,Uncracked,0,W/UW
C:\Users\sumit\Desktop\kavita_capstone\dataset\W\UW\7138-3.jpg,dataset/W/UW/7138-3.jpg,W,Wall,UW,Uncracked,0,W/UW
C:\Users\sumit\Desktop\kavita_capstone\dataset\P\CP\079-73.jpg,dataset/P/CP/079-73.jpg,P,Pavement,CP,Cracked,1,P/CP
C:\Users\sumit\Desktop\kavita_capstone\dataset\D\CD\7012-146.jpg,dataset/D/CD/7012-146.jpg,D,Deck,CD,Cracked,1,D/CD
C:\Users\sumit\Desktop\kavita_capstone\dataset\P\UP\025-55.jpg,dataset/P/UP/025-55.jpg,P,Pavement,UP,Uncracked,0,P/UP
C:\Users\sumit\Desktop\kavita_capstone\dataset\W\UW\7106-143.jpg,dataset/W/UW/7106-143.jpg,W,Wall,UW,Uncracked,0,W/UW
C:\Users\sumit\Desktop\kavita_capstone\dataset\D\UD\7015-225.jpg,dataset/D/UD/7015-225.jpg,D,Deck,UD,Uncracked,0,D/UD
C:\Users\sumit\Desktop\kavita_capstone\dataset\P\CP\076-119.jpg,dataset/P/CP/076-119.jpg,P,Pavement,CP,Cracked,1,P/CP
C:\Users\sumit\Desktop\kavita_capstone\dataset\D\UD\7021-246.jpg,dataset/D/UD/7021-246.jpg,D,Deck,UD,Uncracked,0,D/UD
C:\Users\sumit\Desktop\kavita_capstone\dataset\P\UP\017-203.jpg,dataset/P/UP/017-203.jpg,P,Pavement,UP,Uncracked,0,P/UP
C:\Users\sumit\Desktop\kavita_capstone\dataset\D\CD\7028-93.jpg,dataset/D/CD/7028-93.jpg,D,Deck,CD,Cracked,1,D/CD
C:\Users\sumit\Desktop\kavita_capstone\dataset\D\UD\7007-209.jpg,dataset/D/UD/7007-209.jpg,D,Deck,UD,Uncracked,0,D/UD
C:\Users\sumit\Desktop\kavita_capstone\dataset\W\UW\7135-217.jpg,dataset/W/UW/7135-217.jpg,W,Wall,UW,Uncracked,0,W/UW
C:\Users\sumit\Desktop\kavita_capstone\dataset\D\CD\7012-147.jpg,dataset/D/CD/7012-147.jpg,D,Deck,CD,Cracked,1,D/CD
C:\Users\sumit\Desktop\kavita_capstone\dataset\P\UP\026-21.jpg,dataset/P/UP/026-21.jpg,P,Pavement,UP,Uncracked,0,P/UP
C:\Users\sumit\Desktop\kavita_capstone\dataset\P\UP\100-47.jpg,dataset/P/UP/100-47.jpg,P,Pavement,UP,Uncracked,0,P/UP
C:\Users\sumit\Desktop\kavita_capstone\dataset\W\UW\7140-33.jpg,dataset/W/UW/7140-33.jpg,W,Wall,UW,Uncracked,0,W/UW
C:\Users\sumit\Desktop\kavita_capstone\dataset\D\UD\7032-204.jpg,dataset/D/UD/7032-204.jpg,D,Deck,UD,Uncracked,0,D/UD
C:\Users\sumit\Desktop\kavita_capstone\dataset\D\UD\7033-252.jpg,dataset/D/UD/7033-252.jpg,D,Deck,UD,Uncracked,0,D/UD
C:\Users\sumit\Desktop\kavita_capstone\dataset\D\CD\7029-201.jpg,dataset/D/CD/7029-201.jpg,D,Deck,CD,Cracked,1,D/CD
C:\Users\sumit\Desktop\kavita_capstone\dataset\W\UW\7116-43.jpg,dataset/W/UW/7116-43.jpg,W,Wall,UW,Uncracked,0,W/UW
C:\Users\sumit\Desktop\kavita_capstone\dataset\P\CP\071-69.jpg,dataset/P/CP/071-69.jpg,P,Pavement,CP,Cracked,1,P/CP
C:\Users\sumit\Desktop\kavita_capstone\dataset\D\CD\7023-131.jpg,dataset/D/CD/7023-131.jpg,D,Deck,CD,Cracked,1,D/CD
C:\Users\sumit\Desktop\kavita_capstone\dataset\W\CW\7111-213.jpg,dataset/W/CW/7111-213.jpg,W,Wall,CW,Cracked,1,W/CW
C:\Users\sumit\Desktop\kavita_capstone\dataset\D\UD\7016-106.jpg,dataset/D/UD/7016-106.jpg,D,Deck,UD,Uncracked,0,D/UD
C:\Users\sumit\Desktop\kavita_capstone\dataset\D\UD\7057-150.jpg,dataset/D/UD/7057-150.jpg,D,Deck,UD,Uncracked,0,D/UD
C:\Users\sumit\Desktop\kavita_capstone\dataset\P\UP\036-14.jpg,dataset/P/UP/036-14.jpg,P,Pavement,UP,Uncracked,0,P/UP
C:\Users\sumit\Desktop\kavita_capstone\dataset\P\UP\090-1.jpg,dataset/P/UP/090-1.jpg,P,Pavement,UP,Uncracked,0,P/UP
C:\Users\sumit\Desktop\kavita_capstone\dataset\D\CD\7006-145.jpg,dataset/D/CD/7006-145.jpg,D,Deck,CD,Cracked,1,D/CD
C:\Users\sumit\Desktop\kavita_capstone\dataset\D\UD\7014-24.jpg,dataset/D/UD/7014-24.jpg,D,Deck,UD,Uncracked,0,D/UD
C:\Users\sumit\Desktop\kavita_capstone\dataset\W\CW\7084-206.jpg,dataset/W/CW/7084-206.jpg,W,Wall,CW,Cracked,1,W/CW
C:\Users\sumit\Desktop\kavita_capstone\dataset\P\UP\003-72.jpg,dataset/P/UP/003-72.jpg,P,Pavement,UP,Uncracked,0,P/UP
C:\Users\sumit\Desktop\kavita_capstone\dataset\D\CD\7013-167.jpg,dataset/D/CD/7013-167.jpg,D,Deck,CD,Cracked,1,D/CD
C:\Users\sumit\Desktop\kavita_capstone\dataset\W\CW\7125-93.jpg,dataset/W/CW/7125-93.jpg,W,Wall,CW,Cracked,1,W/CW
C:\Users\sumit\Desktop\kavita_capstone\dataset\D\UD\7012-78.jpg,dataset/D/UD/7012-78.jpg,D,Deck,UD,Uncracked,0,D/UD
C:\Users\sumit\Desktop\kavita_capstone\dataset\D\UD\7046-140.jpg,dataset/D/UD/7046-140.jpg,D,Deck,UD,Uncracked,0,D/UD
C:\Users\sumit\Desktop\kavita_capstone\dataset\W\CW\7087-13.jpg,dataset/W/CW/7087-13.jpg,W,Wall,CW,Cracked,1,W/CW
C:\Users\sumit\Desktop\kavita_capstone\dataset\W\CW\7098-82.jpg,dataset/W/CW/7098-82.jpg,W,Wall,CW,Cracked,1,W/CW
C:\Users\sumit\Desktop\kavita_capstone\dataset\D\UD\7041-230.jpg,dataset/D/UD/7041-230.jpg,D,Deck,UD,Uncracked,0,D/UD
C:\Users\sumit\Desktop\kavita_capstone\dataset\D\CD\7027-150.jpg,dataset/D/CD/7027-150.jpg,D,Deck,CD,Cracked,1,D/CD
C:\Users\sumit\Desktop\kavita_capstone\dataset\P\UP\082-12.jpg,dataset/P/UP/082-12.jpg,P,Pavement,UP,Uncracked,0,P/UP
C:\Users\sumit\Desktop\kavita_capstone\dataset\W\CW\7078-170.jpg,dataset/W/CW/7078-170.jpg,W,Wall,CW,Cracked,1,W/CW
C:\Users\sumit\Desktop\kavita_capstone\dataset\P\CP\041-79.jpg,dataset/P/CP/041-79.jpg,P,Pavement,CP,Cracked,1,P/CP
C:\Users\sumit\Desktop\kavita_capstone\dataset\P\UP\039-212.jpg,dataset/P/UP/039-212.jpg,P,Pavement,UP,Uncracked,0,P/UP
C:\Users\sumit\Desktop\kavita_capstone\dataset\W\UW\7131-58.jpg,dataset/W/UW/7131-58.jpg,W,Wall,UW,Uncracked,0,W/UW
C:\Users\sumit\Desktop\kavita_capstone\dataset\D\UD\7020-233.jpg,dataset/D/UD/7020-233.jpg,D,Deck,UD,Uncracked,0,D/UD
C:\Users\sumit\Desktop\kavita_capstone\dataset\W\UW\7129-41.jpg,dataset/W/UW/7129-41.jpg,W,Wall,UW,Uncracked,0,W/UW
C:\Users\sumit\Desktop\kavita_capstone\dataset\W\UW\7127-104.jpg,dataset/W/UW/7127-104.jpg,W,Wall,UW,Uncracked,0,W/UW
C:\Users\sumit\Desktop\kavita_capstone\dataset\P\CP\076-25.jpg,dataset/P/CP/076-25.jpg,P,Pavement,CP,Cracked,1,P/CP
C:\Users\sumit\Desktop\kavita_capstone\dataset\D\UD\7017-125.jpg,dataset/D/UD/7017-125.jpg,D,Deck,UD,Uncracked,0,D/UD
C:\Users\sumit\Desktop\kavita_capstone\dataset\P\UP\065-62.jpg,dataset/P/UP/065-62.jpg,P,Pavement,UP,Uncracked,0,P/UP
C:\Users\sumit\Desktop\kavita_capstone\dataset\P\CP\057-133.jpg,dataset/P/CP/057-133.jpg,P,Pavement,CP,Cracked,1,P/CP
C:\Users\sumit\Desktop\kavita_capstone\dataset\W\UW\7127-217.jpg,dataset/W/UW/7127-217.jpg,W,Wall,UW,Uncracked,0,W/UW
C:\Users\sumit\Desktop\kavita_capstone\dataset\W\UW\7126-79.jpg,dataset/W/UW/7126-79.jpg,W,Wall,UW,Uncracked,0,W/UW
C:\Users\sumit\Desktop\kavita_capstone\dataset\W\UW\7129-204.jpg,dataset/W/UW/7129-204.jpg,W,Wall,UW,Uncracked,0,W/UW
C:\Users\sumit\Desktop\kavita_capstone\dataset\D\UD\7023-44.jpg,dataset/D/UD/7023-44.jpg,D,Deck,UD,Uncracked,0,D/UD
C:\Users\sumit\Desktop\kavita_capstone\dataset\D\CD\7039-93.jpg,dataset/D/CD/7039-93.jpg,D,Deck,CD,Cracked,1,D/CD
C:\Users\sumit\Desktop\kavita_capstone\dataset\D\CD\7012-169.jpg,dataset/D/CD/7012-169.jpg,D,Deck,CD,Cracked,1,D/CD
C:\Users\sumit\Desktop\kavita_capstone\dataset\D\CD\7015-140.jpg,dataset/D/CD/7015-140.jpg,D,Deck,CD,Cracked,1,D/CD
C:\Users\sumit\Desktop\kavita_capstone\dataset\D\UD\7009-144.jpg,dataset/D/UD/7009-144.jpg,D,Deck,UD,Uncracked,0,D/UD
C:\Users\sumit\Desktop\kavita_capstone\dataset\W\UW\7134-14.jpg,dataset/W/UW/7134-14.jpg,W,Wall,UW,Uncracked,0,W/UW
C:\Users\sumit\Desktop\kavita_capstone\dataset\D\UD\7005-22.jpg,dataset/D/UD/7005-22.jpg,D,Deck,UD,Uncracked,0,D/UD
C:\Users\sumit\Desktop\kavita_capstone\dataset\P\CP\027-82.jpg,dataset/P/CP/027-82.jpg,P,Pavement,CP,Cracked,1,P/CP
C:\Users\sumit\Desktop\kavita_capstone\dataset\P\CP\057-102.jpg,dataset/P/CP/057-102.jpg,P,Pavement,CP,Cracked,1,P/CP
C:\Users\sumit\Desktop\kavita_capstone\dataset\P\UP\022-101.jpg,dataset/P/UP/022-101.jpg,P,Pavement,UP,Uncracked,0,P/UP
C:\Users\sumit\Desktop\kavita_capstone\dataset\D\CD\7039-156.jpg,dataset/D/CD/7039-156.jpg,D,Deck,CD,Cracked,1,D/CD
C:\Users\sumit\Desktop\kavita_capstone\dataset\D\UD\7027-34.jpg,dataset/D/UD/7027-34.jpg,D,Deck,UD,Uncracked,0,D/UD
C:\Users\sumit\Desktop\kavita_capstone\dataset\P\UP\058-85.jpg,dataset/P/UP/058-85.jpg,P,Pavement,UP,Uncracked,0,P/UP
C:\Users\sumit\Desktop\kavita_capstone\dataset\W\CW\7090-141.jpg,dataset/W/CW/7090-141.jpg,W,Wall,CW,Cracked,1,W/CW
C:\Users\sumit\Desktop\kavita_capstone\dataset\W\UW\7108-57.jpg,dataset/W/UW/7108-57.jpg,W,Wall,UW,Uncracked,0,W/UW
C:\Users\sumit\Desktop\kavita_capstone\dataset\D\CD\7024-129.jpg,dataset/D/CD/7024-129.jpg,D,Deck,CD,Cracked,1,D/CD
C:\Users\sumit\Desktop\kavita_capstone\dataset\D\CD\7010-24.jpg,dataset/D/CD/7010-24.jpg,D,Deck,CD,Cracked,1,D/CD
C:\Users\sumit\Desktop\kavita_capstone\dataset\P\UP\077-150.jpg,dataset/P/UP/077-150.jpg,P,Pavement,UP,Uncracked,0,P/UP
C:\Users\sumit\Desktop\kavita_capstone\dataset\W\UW\7135-101.jpg,dataset/W/UW/7135-101.jpg,W,Wall,UW,Uncracked,0,W/UW
C:\Users\sumit\Desktop\kavita_capstone\dataset\P\CP\065-135.jpg,dataset/P/CP/065-135.jpg,P,Pavement,CP,Cracked,1,P/CP
C:\Users\sumit\Desktop\kavita_capstone\dataset\W\CW\7086-60.jpg,dataset/W/CW/7086-60.jpg,W,Wall,CW,Cracked,1,W/CW
C:\Users\sumit\Desktop\kavita_capstone\dataset\W\UW\7075-177.jpg,dataset/W/UW/7075-177.jpg,W,Wall,UW,Uncracked,0,W/UW
C:\Users\sumit\Desktop\kavita_capstone\dataset\P\UP\074-5.jpg,dataset/P/UP/074-5.jpg,P,Pavement,UP,Uncracked,0,P/UP
C:\Users\sumit\Desktop\kavita_capstone\dataset\D\UD\7046-130.jpg,dataset/D/UD/7046-130.jpg,D,Deck,UD,Uncracked,0,D/UD
C:\Users\sumit\Desktop\kavita_capstone\dataset\P\UP\005-3.jpg,dataset/P/UP/005-3.jpg,P,Pavement,UP,Uncracked,0,P/UP
C:\Users\sumit\Desktop\kavita_capstone\dataset\P\CP\087-46.jpg,dataset/P/CP/087-46.jpg,P,Pavement,CP,Cracked,1,P/CP
C:\Users\sumit\Desktop\kavita_capstone\dataset\D\CD\7022-218.jpg,dataset/D/CD/7022-218.jpg,D,Deck,CD,Cracked,1,D/CD
C:\Users\sumit\Desktop\kavita_capstone\dataset\P\CP\074-61.jpg,dataset/P/CP/074-61.jpg,P,Pavement,CP,Cracked,1,P/CP
C:\Users\sumit\Desktop\kavita_capstone\dataset\D\UD\7023-32.jpg,dataset/D/UD/7023-32.jpg,D,Deck,UD,Uncracked,0,D/UD
C:\Users\sumit\Desktop\kavita_capstone\dataset\P\CP\058-63.jpg,dataset/P/CP/058-63.jpg,P,Pavement,CP,Cracked,1,P/CP
C:\Users\sumit\Desktop\kavita_capstone\dataset\P\CP\005-20.jpg,dataset/P/CP/005-20.jpg,P,Pavement,CP,Cracked,1,P/CP
C:\Users\sumit\Desktop\kavita_capstone\dataset\D\CD\7014-26.jpg,dataset/D/CD/7014-26.jpg,D,Deck,CD,Cracked,1,D/CD
C:\Users\sumit\Desktop\kavita_capstone\dataset\P\CP\006-88.jpg,dataset/P/CP/006-88.jpg,P,Pavement,CP,Cracked,1,P/CP
C:\Users\sumit\Desktop\kavita_capstone\dataset\P\UP\088-152.jpg,dataset/P/UP/088-152.jpg,P,Pavement,UP,Uncracked,0,P/UP
C:\Users\sumit\Desktop\kavita_capstone\dataset\D\CD\7024-96.jpg,dataset/D/CD/7024-96.jpg,D,Deck,CD,Cracked,1,D/CD
C:\Users\sumit\Desktop\kavita_capstone\dataset\W\UW\7075-53.jpg,dataset/W/UW/7075-53.jpg,W,Wall,UW,Uncracked,0,W/UW
C:\Users\sumit\Desktop\kavita_capstone\dataset\D\CD\7026-133.jpg,dataset/D/CD/7026-133.jpg,D,Deck,CD,Cracked,1,D/CD
C:\Users\sumit\Desktop\kavita_capstone\dataset\D\UD\7048-106.jpg,dataset/D/UD/7048-106.jpg,D,Deck,UD,Uncracked,0,D/UD
C:\Users\sumit\Desktop\kavita_capstone\dataset\P\UP\047-129.jpg,dataset/P/UP/047-129.jpg,P,Pavement,UP,Uncracked,0,P/UP
C:\Users\sumit\Desktop\kavita_capstone\dataset\D\CD\7038-223.jpg,dataset/D/CD/7038-223.jpg,D,Deck,CD,Cracked,1,D/CD
C:\Users\sumit\Desktop\kavita_capstone\dataset\D\CD\7040-118.jpg,dataset/D/CD/7040-118.jpg,D,Deck,CD,Cracked,1,D/CD
C:\Users\sumit\Desktop\kavita_capstone\dataset\D\CD\7038-6.jpg,dataset/D/CD/7038-6.jpg,D,Deck,CD,Cracked,1,D/CD
C:\Users\sumit\Desktop\kavita_capstone\dataset\D\CD\7004-114.jpg,dataset/D/CD/7004-114.jpg,D,Deck,CD,Cracked,1,D/CD
C:\Users\sumit\Desktop\kavita_capstone\dataset\W\UW\7109-206.jpg,dataset/W/UW/7109-206.jpg,W,Wall,UW,Uncracked,0,W/UW
C:\Users\sumit\Desktop\kavita_capstone\dataset\W\UW\7122-13.jpg,dataset/W/UW/7122-13.jpg,W,Wall,UW,Uncracked,0,W/UW
C:\Users\sumit\Desktop\kavita_capstone\dataset\W\UW\7088-238.jpg,dataset/W/UW/7088-238.jpg,W,Wall,UW,Uncracked,0,W/UW
C:\Users\sumit\Desktop\kavita_capstone\dataset\D\CD\7051-50.jpg,dataset/D/CD/7051-50.jpg,D,Deck,CD,Cracked,1,D/CD
C:\Users\sumit\Desktop\kavita_capstone\dataset\P\CP\023-46.jpg,dataset/P/CP/023-46.jpg,P,Pavement,CP,Cracked,1,P/CP
C:\Users\sumit\Desktop\kavita_capstone\dataset\W\CW\7115-209.jpg,dataset/W/CW/7115-209.jpg,W,Wall,CW,Cracked,1,W/CW
C:\Users\sumit\Desktop\kavita_capstone\dataset\P\CP\072-82.jpg,dataset/P/CP/072-82.jpg,P,Pavement,CP,Cracked,1,P/CP
C:\Users\sumit\Desktop\kavita_capstone\dataset\W\CW\7079-233.jpg,dataset/W/CW/7079-233.jpg,W,Wall,CW,Cracked,1,W/CW
C:\Users\sumit\Desktop\kavita_capstone\dataset\W\CW\7085-12.jpg,dataset/W/CW/7085-12.jpg,W,Wall,CW,Cracked,1,W/CW
C:\Users\sumit\Desktop\kavita_capstone\dataset\W\CW\7114-62.jpg,dataset/W/CW/7114-62.jpg,W,Wall,CW,Cracked,1,W/CW
C:\Users\sumit\Desktop\kavita_capstone\dataset\P\CP\004-119.jpg,dataset/P/CP/004-119.jpg,P,Pavement,CP,Cracked,1,P/CP
C:\Users\sumit\Desktop\kavita_capstone\dataset\W\CW\7088-147.jpg,dataset/W/CW/7088-147.jpg,W,Wall,CW,Cracked,1,W/CW
C:\Users\sumit\Desktop\kavita_capstone\dataset\D\CD\7009-161.jpg,dataset/D/CD/7009-161.jpg,D,Deck,CD,Cracked,1,D/CD
C:\Users\sumit\Desktop\kavita_capstone\dataset\D\CD\7010-115.jpg,dataset/D/CD/7010-115.jpg,D,Deck,CD,Cracked,1,D/CD
C:\Users\sumit\Desktop\kavita_capstone\dataset\P\CP\073-49.jpg,dataset/P/CP/073-49.jpg,P,Pavement,CP,Cracked,1,P/CP
C:\Users\sumit\Desktop\kavita_capstone\dataset\P\UP\032-218.jpg,dataset/P/UP/032-218.jpg,P,Pavement,UP,Uncracked,0,P/UP
C:\Users\sumit\Desktop\kavita_capstone\dataset\P\UP\078-189.jpg,dataset/P/UP/078-189.jpg,P,Pavement,UP,Uncracked,0,P/UP
C:\Users\sumit\Desktop\kavita_capstone\dataset\D\CD\7027-53.jpg,dataset/D/CD/7027-53.jpg,D,Deck,CD,Cracked,1,D/CD
C:\Users\sumit\Desktop\kavita_capstone\dataset\D\CD\7010-192.jpg,dataset/D/CD/7010-192.jpg,D,Deck,CD,Cracked,1,D/CD
C:\Users\sumit\Desktop\kavita_capstone\dataset\P\CP\050-80.jpg,dataset/P/CP/050-80.jpg,P,Pavement,CP,Cracked,1,P/CP
C:\Users\sumit\Desktop\kavita_capstone\dataset\W\CW\7092-210.jpg,dataset/W/CW/7092-210.jpg,W,Wall,CW,Cracked,1,W/CW
C:\Users\sumit\Desktop\kavita_capstone\dataset\D\UD\7037-214.jpg,dataset/D/UD/7037-214.jpg,D,Deck,UD,Uncracked,0,D/UD
C:\Users\sumit\Desktop\kavita_capstone\dataset\P\CP\018-74.jpg,dataset/P/CP/018-74.jpg,P,Pavement,CP,Cracked,1,P/CP
C:\Users\sumit\Desktop\kavita_capstone\dataset\D\CD\7022-7.jpg,dataset/D/CD/7022-7.jpg,D,Deck,CD,Cracked,1,D/CD
C:\Users\sumit\Desktop\kavita_capstone\dataset\P\CP\005-61.jpg,dataset/P/CP/005-61.jpg,P,Pavement,CP,Cracked,1,P/CP
C:\Users\sumit\Desktop\kavita_capstone\dataset\P\CP\044-60.jpg,dataset/P/CP/044-60.jpg,P,Pavement,CP,Cracked,1,P/CP
C:\Users\sumit\Desktop\kavita_capstone\dataset\D\UD\7013-205.jpg,dataset/D/UD/7013-205.jpg,D,Deck,UD,Uncracked,0,D/UD
C:\Users\sumit\Desktop\kavita_capstone\dataset\P\CP\054-72.jpg,dataset/P/CP/054-72.jpg,P,Pavement,CP,Cracked,1,P/CP
C:\Users\sumit\Desktop\kavita_capstone\dataset\P\UP\034-114.jpg,dataset/P/UP/034-114.jpg,P,Pavement,UP,Uncracked,0,P/UP
C:\Users\sumit\Desktop\kavita_capstone\dataset\W\UW\7133-105.jpg,dataset/W/UW/7133-105.jpg,W,Wall,UW,Uncracked,0,W/UW
C:\Users\sumit\Desktop\kavita_capstone\dataset\P\UP\026-164.jpg,dataset/P/UP/026-164.jpg,P,Pavement,UP,Uncracked,0,P/UP
C:\Users\sumit\Desktop\kavita_capstone\dataset\W\CW\7118-63.jpg,dataset/W/CW/7118-63.jpg,W,Wall,CW,Cracked,1,W/CW
C:\Users\sumit\Desktop\kavita_capstone\dataset\W\CW\7113-139.jpg,dataset/W/CW/7113-139.jpg,W,Wall,CW,Cracked,1,W/CW
C:\Users\sumit\Desktop\kavita_capstone\dataset\P\UP\072-130.jpg,dataset/P/UP/072-130.jpg,P,Pavement,UP,Uncracked,0,P/UP
C:\Users\sumit\Desktop\kavita_capstone\dataset\W\UW\7090-37.jpg,dataset/W/UW/7090-37.jpg,W,Wall,UW,Uncracked,0,W/UW
C:\Users\sumit\Desktop\kavita_capstone\dataset\W\CW\7092-66.jpg,dataset/W/CW/7092-66.jpg,W,Wall,CW,Cracked,1,W/CW
C:\Users\sumit\Desktop\kavita_capstone\dataset\W\CW\7121-114.jpg,dataset/W/CW/7121-114.jpg,W,Wall,CW,Cracked,1,W/CW
C:\Users\sumit\Desktop\kavita_capstone\dataset\W\UW\7072-20.jpg,dataset/W/UW/7072-20.jpg,W,Wall,UW,Uncracked,0,W/UW
C:\Users\sumit\Desktop\kavita_capstone\dataset\W\UW\7137-88.jpg,dataset/W/UW/7137-88.jpg,W,Wall,UW,Uncracked,0,W/UW
C:\Users\sumit\Desktop\kavita_capstone\dataset\W\UW\7082-138.jpg,dataset/W/UW/7082-138.jpg,W,Wall,UW,Uncracked,0,W/UW
C:\Users\sumit\Desktop\kavita_capstone\dataset\P\CP\023-171.jpg,dataset/P/CP/023-171.jpg,P,Pavement,CP,Cracked,1,P/CP
C:\Users\sumit\Desktop\kavita_capstone\dataset\D\UD\7019-93.jpg,dataset/D/UD/7019-93.jpg,D,Deck,UD,Uncracked,0,D/UD
C:\Users\sumit\Desktop\kavita_capstone\dataset\D\CD\7011-108.jpg,dataset/D/CD/7011-108.jpg,D,Deck,CD,Cracked,1,D/CD
C:\Users\sumit\Desktop\kavita_capstone\dataset\P\UP\015-88.jpg,dataset/P/UP/015-88.jpg,P,Pavement,UP,Uncracked,0,P/UP
C:\Users\sumit\Desktop\kavita_capstone\dataset\W\CW\7089-161.jpg,dataset/W/CW/7089-161.jpg,W,Wall,CW,Cracked,1,W/CW
C:\Users\sumit\Desktop\kavita_capstone\dataset\P\UP\076-26.jpg,dataset/P/UP/076-26.jpg,P,Pavement,UP,Uncracked,0,P/UP
C:\Users\sumit\Desktop\kavita_capstone\dataset\D\UD\7033-11.jpg,dataset/D/UD/7033-11.jpg,D,Deck,UD,Uncracked,0,D/UD
C:\Users\sumit\Desktop\kavita_capstone\dataset\D\CD\7039-200.jpg,dataset/D/CD/7039-200.jpg,D,Deck,CD,Cracked,1,D/CD
C:\Users\sumit\Desktop\kavita_capstone\dataset\W\CW\7088-31.jpg,dataset/W/CW/7088-31.jpg,W,Wall,CW,Cracked,1,W/CW
C:\Users\sumit\Desktop\kavita_capstone\dataset\W\CW\7127-149.jpg,dataset/W/CW/7127-149.jpg,W,Wall,CW,Cracked,1,W/CW
C:\Users\sumit\Desktop\kavita_capstone\dataset\D\UD\7036-56.jpg,dataset/D/UD/7036-56.jpg,D,Deck,UD,Uncracked,0,D/UD
C:\Users\sumit\Desktop\kavita_capstone\dataset\P\UP\073-136.jpg,dataset/P/UP/073-136.jpg,P,Pavement,UP,Uncracked,0,P/UP
C:\Users\sumit\Desktop\kavita_capstone\dataset\W\UW\7113-245.jpg,dataset/W/UW/7113-245.jpg,W,Wall,UW,Uncracked,0,W/UW
C:\Users\sumit\Desktop\kavita_capstone\dataset\D\UD\7053-107.jpg,dataset/D/UD/7053-107.jpg,D,Deck,UD,Uncracked,0,D/UD
C:\Users\sumit\Desktop\kavita_capstone\dataset\W\UW\7089-174.jpg,dataset/W/UW/7089-174.jpg,W,Wall,UW,Uncracked,0,W/UW
C:\Users\sumit\Desktop\kavita_capstone\dataset\D\UD\7052-57.jpg,dataset/D/UD/7052-57.jpg,D,Deck,UD,Uncracked,0,D/UD
C:\Users\sumit\Desktop\kavita_capstone\dataset\D\UD\7023-228.jpg,dataset/D/UD/7023-228.jpg,D,Deck,UD,Uncracked,0,D/UD
C:\Users\sumit\Desktop\kavita_capstone\dataset\W\CW\7071-135.jpg,dataset/W/CW/7071-135.jpg,W,Wall,CW,Cracked,1,W/CW
C:\Users\sumit\Desktop\kavita_capstone\dataset\P\UP\015-114.jpg,dataset/P/UP/015-114.jpg,P,Pavement,UP,Uncracked,0,P/UP
C:\Users\sumit\Desktop\kavita_capstone\dataset\P\CP\056-174.jpg,dataset/P/CP/056-174.jpg,P,Pavement,CP,Cracked,1,P/CP
C:\Users\sumit\Desktop\kavita_capstone\dataset\W\UW\7130-108.jpg,dataset/W/UW/7130-108.jpg,W,Wall,UW,Uncracked,0,W/UW
C:\Users\sumit\Desktop\kavita_capstone\dataset\W\CW\7083-130.jpg,dataset/W/CW/7083-130.jpg,W,Wall,CW,Cracked,1,W/CW
C:\Users\sumit\Desktop\kavita_capstone\dataset\W\UW\7069-209.jpg,dataset/W/UW/7069-209.jpg,W,Wall,UW,Uncracked,0,W/UW
C:\Users\sumit\Desktop\kavita_capstone\dataset\D\CD\7027-57.jpg,dataset/D/CD/7027-57.jpg,D,Deck,CD,Cracked,1,D/CD
C:\Users\sumit\Desktop\kavita_capstone\dataset\D\UD\7029-107.jpg,dataset/D/UD/7029-107.jpg,D,Deck,UD,Uncracked,0,D/UD
C:\Users\sumit\Desktop\kavita_capstone\dataset\W\CW\7130-133.jpg,dataset/W/CW/7130-133.jpg,W,Wall,CW,Cracked,1,W/CW
C:\Users\sumit\Desktop\kavita_capstone\dataset\W\UW\7103-164.jpg,dataset/W/UW/7103-164.jpg,W,Wall,UW,Uncracked,0,W/UW
C:\Users\sumit\Desktop\kavita_capstone\dataset\P\UP\084-1.jpg,dataset/P/UP/084-1.jpg,P,Pavement,UP,Uncracked,0,P/UP
C:\Users\sumit\Desktop\kavita_capstone\dataset\D\CD\7046-117.jpg,dataset/D/CD/7046-117.jpg,D,Deck,CD,Cracked,1,D/CD
C:\Users\sumit\Desktop\kavita_capstone\dataset\D\CD\7038-17.jpg,dataset/D/CD/7038-17.jpg,D,Deck,CD,Cracked,1,D/CD
C:\Users\sumit\Desktop\kavita_capstone\dataset\D\CD\7037-35.jpg,dataset/D/CD/7037-35.jpg,D,Deck,CD,Cracked,1,D/CD
C:\Users\sumit\Desktop\kavita_capstone\dataset\P\UP\016-51.jpg,dataset/P/UP/016-51.jpg,P,Pavement,UP,Uncracked,0,P/UP
C:\Users\sumit\Desktop\kavita_capstone\dataset\P\CP\093-11.jpg,dataset/P/CP/093-11.jpg,P,Pavement,CP,Cracked,1,P/CP
C:\Users\sumit\Desktop\kavita_capstone\dataset\W\UW\7110-76.jpg,dataset/W/UW/7110-76.jpg,W,Wall,UW,Uncracked,0,W/UW
C:\Users\sumit\Desktop\kavita_capstone\dataset\W\CW\7071-188.jpg,dataset/W/CW/7071-188.jpg,W,Wall,CW,Cracked,1,W/CW
C:\Users\sumit\Desktop\kavita_capstone\dataset\W\UW\7108-69.jpg,dataset/W/UW/7108-69.jpg,W,Wall,UW,Uncracked,0,W/UW
C:\Users\sumit\Desktop\kavita_capstone\dataset\D\UD\7032-40.jpg,dataset/D/UD/7032-40.jpg,D,Deck,UD,Uncracked,0,D/UD
C:\Users\sumit\Desktop\kavita_capstone\dataset\P\CP\013-138.jpg,dataset/P/CP/013-138.jpg,P,Pavement,CP,Cracked,1,P/CP
C:\Users\sumit\Desktop\kavita_capstone\dataset\D\CD\7002-252.jpg,dataset/D/CD/7002-252.jpg,D,Deck,CD,Cracked,1,D/CD
C:\Users\sumit\Desktop\kavita_capstone\dataset\D\UD\7010-56.jpg,dataset/D/UD/7010-56.jpg,D,Deck,UD,Uncracked,0,D/UD
C:\Users\sumit\Desktop\kavita_capstone\dataset\D\CD\7021-116.jpg,dataset/D/CD/7021-116.jpg,D,Deck,CD,Cracked,1,D/CD
C:\Users\sumit\Desktop\kavita_capstone\dataset\D\CD\7027-86.jpg,dataset/D/CD/7027-86.jpg,D,Deck,CD,Cracked,1,D/CD
C:\Users\sumit\Desktop\kavita_capstone\dataset\W\CW\7120-99.jpg,dataset/W/CW/7120-99.jpg,W,Wall,CW,Cracked,1,W/CW
C:\Users\sumit\Desktop\kavita_capstone\dataset\P\CP\079-144.jpg,dataset/P/CP/079-144.jpg,P,Pavement,CP,Cracked,1,P/CP
C:\Users\sumit\Desktop\kavita_capstone\dataset\W\UW\7110-244.jpg,dataset/W/UW/7110-244.jpg,W,Wall,UW,Uncracked,0,W/UW
C:\Users\sumit\Desktop\kavita_capstone\dataset\W\UW\7092-182.jpg,dataset/W/UW/7092-182.jpg,W,Wall,UW,Uncracked,0,W/UW
C:\Users\sumit\Desktop\kavita_capstone\dataset\P\CP\095-156.jpg,dataset/P/CP/095-156.jpg,P,Pavement,CP,Cracked,1,P/CP
C:\Users\sumit\Desktop\kavita_capstone\dataset\P\UP\009-175.jpg,dataset/P/UP/009-175.jpg,P,Pavement,UP,Uncracked,0,P/UP
C:\Users\sumit\Desktop\kavita_capstone\dataset\W\CW\7112-5.jpg,dataset/W/CW/7112-5.jpg,W,Wall,CW,Cracked,1,W/CW
C:\Users\sumit\Desktop\kavita_capstone\dataset\P\CP\103-159.jpg,dataset/P/CP/103-159.jpg,P,Pavement,CP,Cracked,1,P/CP
C:\Users\sumit\Desktop\kavita_capstone\dataset\D\UD\7017-65.jpg,dataset/D/UD/7017-65.jpg,D,Deck,UD,Uncracked,0,D/UD
C:\Users\sumit\Desktop\kavita_capstone\dataset\D\UD\7023-243.jpg,dataset/D/UD/7023-243.jpg,D,Deck,UD,Uncracked,0,D/UD
C:\Users\sumit\Desktop\kavita_capstone\dataset\P\CP\029-89.jpg,dataset/P/CP/029-89.jpg,P,Pavement,CP,Cracked,1,P/CP
C:\Users\sumit\Desktop\kavita_capstone\dataset\D\UD\7003-151.jpg,dataset/D/UD/7003-151.jpg,D,Deck,UD,Uncracked,0,D/UD
C:\Users\sumit\Desktop\kavita_capstone\dataset\D\UD\7015-103.jpg,dataset/D/UD/7015-103.jpg,D,Deck,UD,Uncracked,0,D/UD
C:\Users\sumit\Desktop\kavita_capstone\dataset\D\UD\7043-245.jpg,dataset/D/UD/7043-245.jpg,D,Deck,UD,Uncracked,0,D/UD
C:\Users\sumit\Desktop\kavita_capstone\dataset\P\CP\005-13.jpg,dataset/P/CP/005-13.jpg,P,Pavement,CP,Cracked,1,P/CP
C:\Users\sumit\Desktop\kavita_capstone\dataset\W\UW\7112-169.jpg,dataset/W/UW/7112-169.jpg,W,Wall,UW,Uncracked,0,W/UW
C:\Users\sumit\Desktop\kavita_capstone\dataset\D\UD\7003-106.jpg,dataset/D/UD/7003-106.jpg,D,Deck,UD,Uncracked,0,D/UD
C:\Users\sumit\Desktop\kavita_capstone\dataset\W\CW\7090-207.jpg,dataset/W/CW/7090-207.jpg,W,Wall,CW,Cracked,1,W/CW
C:\Users\sumit\Desktop\kavita_capstone\dataset\P\CP\101-109.jpg,dataset/P/CP/101-109.jpg,P,Pavement,CP,Cracked,1,P/CP
C:\Users\sumit\Desktop\kavita_capstone\dataset\P\UP\047-137.jpg,dataset/P/UP/047-137.jpg,P,Pavement,UP,Uncracked,0,P/UP
C:\Users\sumit\Desktop\kavita_capstone\dataset\W\UW\7085-113.jpg,dataset/W/UW/7085-113.jpg,W,Wall,UW,Uncracked,0,W/UW
C:\Users\sumit\Desktop\kavita_capstone\dataset\W\UW\7138-217.jpg,dataset/W/UW/7138-217.jpg,W,Wall,UW,Uncracked,0,W/UW
C:\Users\sumit\Desktop\kavita_capstone\dataset\D\UD\7021-2.jpg,dataset/D/UD/7021-2.jpg,D,Deck,UD,Uncracked,0,D/UD
C:\Users\sumit\Desktop\kavita_capstone\dataset\P\UP\052-117.jpg,dataset/P/UP/052-117.jpg,P,Pavement,UP,Uncracked,0,P/UP
C:\Users\sumit\Desktop\kavita_capstone\dataset\P\CP\078-72.jpg,dataset/P/CP/078-72.jpg,P,Pavement,CP,Cracked,1,P/CP
C:\Users\sumit\Desktop\kavita_capstone\dataset\D\CD\7014-134.jpg,dataset/D/CD/7014-134.jpg,D,Deck,CD,Cracked,1,D/CD
C:\Users\sumit\Desktop\kavita_capstone\dataset\W\CW\7069-27.jpg,dataset/W/CW/7069-27.jpg,W,Wall,CW,Cracked,1,W/CW
C:\Users\sumit\Desktop\kavita_capstone\dataset\W\UW\7084-47.jpg,dataset/W/UW/7084-47.jpg,W,Wall,UW,Uncracked,0,W/UW
C:\Users\sumit\Desktop\kavita_capstone\dataset\P\CP\028-67.jpg,dataset/P/CP/028-67.jpg,P,Pavement,CP,Cracked,1,P/CP
C:\Users\sumit\Desktop\kavita_capstone\dataset\W\CW\7103-152.jpg,dataset/W/CW/7103-152.jpg,W,Wall,CW,Cracked,1,W/CW
C:\Users\sumit\Desktop\kavita_capstone\dataset\P\UP\052-61.jpg,dataset/P/UP/052-61.jpg,P,Pavement,UP,Uncracked,0,P/UP
C:\Users\sumit\Desktop\kavita_capstone\dataset\W\UW\7111-37.jpg,dataset/W/UW/7111-37.jpg,W,Wall,UW,Uncracked,0,W/UW
C:\Users\sumit\Desktop\kavita_capstone\dataset\D\UD\7035-189.jpg,dataset/D/UD/7035-189.jpg,D,Deck,UD,Uncracked,0,D/UD
C:\Users\sumit\Desktop\kavita_capstone\dataset\P\CP\019-133.jpg,dataset/P/CP/019-133.jpg,P,Pavement,CP,Cracked,1,P/CP
C:\Users\sumit\Desktop\kavita_capstone\dataset\P\CP\053-99.jpg,dataset/P/CP/053-99.jpg,P,Pavement,CP,Cracked,1,P/CP
C:\Users\sumit\Desktop\kavita_capstone\dataset\P\CP\073-72.jpg,dataset/P/CP/073-72.jpg,P,Pavement,CP,Cracked,1,P/CP
C:\Users\sumit\Desktop\kavita_capstone\dataset\D\CD\7041-209.jpg,dataset/D/CD/7041-209.jpg,D,Deck,CD,Cracked,1,D/CD
C:\Users\sumit\Desktop\kavita_capstone\dataset\D\UD\7039-203.jpg,dataset/D/UD/7039-203.jpg,D,Deck,UD,Uncracked,0,D/UD
C:\Users\sumit\Desktop\kavita_capstone\dataset\P\UP\049-52.jpg,dataset/P/UP/049-52.jpg,P,Pavement,UP,Uncracked,0,P/UP
C:\Users\sumit\Desktop\kavita_capstone\dataset\D\UD\7036-230.jpg,dataset/D/UD/7036-230.jpg,D,Deck,UD,Uncracked,0,D/UD
C:\Users\sumit\Desktop\kavita_capstone\dataset\P\UP\068-179.jpg,dataset/P/UP/068-179.jpg,P,Pavement,UP,Uncracked,0,P/UP
C:\Users\sumit\Desktop\kavita_capstone\dataset\D\CD\7010-201.jpg,dataset/D/CD/7010-201.jpg,D,Deck,CD,Cracked,1,D/CD
C:\Users\sumit\Desktop\kavita_capstone\dataset\D\CD\7003-55.jpg,dataset/D/CD/7003-55.jpg,D,Deck,CD,Cracked,1,D/CD
C:\Users\sumit\Desktop\kavita_capstone\dataset\P\UP\045-4.jpg,dataset/P/UP/045-4.jpg,P,Pavement,UP,Uncracked,0,P/UP
C:\Users\sumit\Desktop\kavita_capstone\dataset\W\CW\7124-85.jpg,dataset/W/CW/7124-85.jpg,W,Wall,CW,Cracked,1,W/CW
C:\Users\sumit\Desktop\kavita_capstone\dataset\P\UP\078-121.jpg,dataset/P/UP/078-121.jpg,P,Pavement,UP,Uncracked,0,P/UP
C:\Users\sumit\Desktop\kavita_capstone\dataset\P\CP\086-47.jpg,dataset/P/CP/086-47.jpg,P,Pavement,CP,Cracked,1,P/CP
C:\Users\sumit\Desktop\kavita_capstone\dataset\D\UD\7012-179.jpg,dataset/D/UD/7012-179.jpg,D,Deck,UD,Uncracked,0,D/UD
C:\Users\sumit\Desktop\kavita_capstone\dataset\P\UP\055-34.jpg,dataset/P/UP/055-34.jpg,P,Pavement,UP,Uncracked,0,P/UP
C:\Users\sumit\Desktop\kavita_capstone\dataset\P\CP\068-113.jpg,dataset/P/CP/068-113.jpg,P,Pavement,CP,Cracked,1,P/CP
C:\Users\sumit\Desktop\kavita_capstone\dataset\W\UW\7137-153.jpg,dataset/W/UW/7137-153.jpg,W,Wall,UW,Uncracked,0,W/UW
C:\Users\sumit\Desktop\kavita_capstone\dataset\D\UD\7012-221.jpg,dataset/D/UD/7012-221.jpg,D,Deck,UD,Uncracked,0,D/UD
C:\Users\sumit\Desktop\kavita_capstone\dataset\W\CW\7084-25.jpg,dataset/W/CW/7084-25.jpg,W,Wall,CW,Cracked,1,W/CW
C:\Users\sumit\Desktop\kavita_capstone\dataset\W\UW\7133-120.jpg,dataset/W/UW/7133-120.jpg,W,Wall,UW,Uncracked,0,W/UW
C:\Users\sumit\Desktop\kavita_capstone\dataset\P\CP\029-230.jpg,dataset/P/CP/029-230.jpg,P,Pavement,CP,Cracked,1,P/CP
C:\Users\sumit\Desktop\kavita_capstone\dataset\W\UW\7084-219.jpg,dataset/W/UW/7084-219.jpg,W,Wall,UW,Uncracked,0,W/UW
C:\Users\sumit\Desktop\kavita_capstone\dataset\W\UW\7132-2.jpg,dataset/W/UW/7132-2.jpg,W,Wall,UW,Uncracked,0,W/UW
C:\Users\sumit\Desktop\kavita_capstone\dataset\W\UW\7123-117.jpg,dataset/W/UW/7123-117.jpg,W,Wall,UW,Uncracked,0,W/UW
C:\Users\sumit\Desktop\kavita_capstone\dataset\W\CW\7078-104.jpg,dataset/W/CW/7078-104.jpg,W,Wall,CW,Cracked,1,W/CW
C:\Users\sumit\Desktop\kavita_capstone\dataset\D\CD\7009-108.jpg,dataset/D/CD/7009-108.jpg,D,Deck,CD,Cracked,1,D/CD
C:\Users\sumit\Desktop\kavita_capstone\dataset\D\UD\7002-242.jpg,dataset/D/UD/7002-242.jpg,D,Deck,UD,Uncracked,0,D/UD
C:\Users\sumit\Desktop\kavita_capstone\dataset\W\CW\7126-85.jpg,dataset/W/CW/7126-85.jpg,W,Wall,CW,Cracked,1,W/CW
C:\Users\sumit\Desktop\kavita_capstone\dataset\D\UD\7012-111.jpg,dataset/D/UD/7012-111.jpg,D,Deck,UD,Uncracked,0,D/UD
C:\Users\sumit\Desktop\kavita_capstone\dataset\W\UW\7074-163.jpg,dataset/W/UW/7074-163.jpg,W,Wall,UW,Uncracked,0,W/UW
C:\Users\sumit\Desktop\kavita_capstone\dataset\D\CD\7020-199.jpg,dataset/D/CD/7020-199.jpg,D,Deck,CD,Cracked,1,D/CD
C:\Users\sumit\Desktop\kavita_capstone\dataset\D\CD\7022-58.jpg,dataset/D/CD/7022-58.jpg,D,Deck,CD,Cracked,1,D/CD
C:\Users\sumit\Desktop\kavita_capstone\dataset\D\CD\7009-140.jpg,dataset/D/CD/7009-140.jpg,D,Deck,CD,Cracked,1,D/CD
C:\Users\sumit\Desktop\kavita_capstone\dataset\D\UD\7015-220.jpg,dataset/D/UD/7015-220.jpg,D,Deck,UD,Uncracked,0,D/UD
C:\Users\sumit\Desktop\kavita_capstone\dataset\D\UD\7015-152.jpg,dataset/D/UD/7015-152.jpg,D,Deck,UD,Uncracked,0,D/UD
C:\Users\sumit\Desktop\kavita_capstone\dataset\D\CD\7036-169.jpg,dataset/D/CD/7036-169.jpg,D,Deck,CD,Cracked,1,D/CD
C:\Users\sumit\Desktop\kavita_capstone\dataset\W\CW\7136-237.jpg,dataset/W/CW/7136-237.jpg,W,Wall,CW,Cracked,1,W/CW
C:\Users\sumit\Desktop\kavita_capstone\dataset\D\CD\7039-109.jpg,dataset/D/CD/7039-109.jpg,D,Deck,CD,Cracked,1,D/CD
C:\Users\sumit\Desktop\kavita_capstone\dataset\P\UP\077-122.jpg,dataset/P/UP/077-122.jpg,P,Pavement,UP,Uncracked,0,P/UP
C:\Users\sumit\Desktop\kavita_capstone\dataset\P\UP\040-190.jpg,dataset/P/UP/040-190.jpg,P,Pavement,UP,Uncracked,0,P/UP
C:\Users\sumit\Desktop\kavita_capstone\dataset\W\CW\7084-207.jpg,dataset/W/CW/7084-207.jpg,W,Wall,CW,Cracked,1,W/CW
C:\Users\sumit\Desktop\kavita_capstone\dataset\W\CW\7119-208.jpg,dataset/W/CW/7119-208.jpg,W,Wall,CW,Cracked,1,W/CW
C:\Users\sumit\Desktop\kavita_capstone\dataset\P\CP\048-103.jpg,dataset/P/CP/048-103.jpg,P,Pavement,CP,Cracked,1,P/CP
C:\Users\sumit\Desktop\kavita_capstone\dataset\W\UW\7117-15.jpg,dataset/W/UW/7117-15.jpg,W,Wall,UW,Uncracked,0,W/UW
C:\Users\sumit\Desktop\kavita_capstone\dataset\W\CW\7119-4.jpg,dataset/W/CW/7119-4.jpg,W,Wall,CW,Cracked,1,W/CW
C:\Users\sumit\Desktop\kavita_capstone\dataset\D\UD\7006-196.jpg,dataset/D/UD/7006-196.jpg,D,Deck,UD,Uncracked,0,D/UD
C:\Users\sumit\Desktop\kavita_capstone\dataset\D\CD\7007-189.jpg,dataset/D/CD/7007-189.jpg,D,Deck,CD,Cracked,1,D/CD
C:\Users\sumit\Desktop\kavita_capstone\dataset\W\UW\7069-234.jpg,dataset/W/UW/7069-234.jpg,W,Wall,UW,Uncracked,0,W/UW
C:\Users\sumit\Desktop\kavita_capstone\dataset\P\UP\070-184.jpg,dataset/P/UP/070-184.jpg,P,Pavement,UP,Uncracked,0,P/UP
C:\Users\sumit\Desktop\kavita_capstone\dataset\W\CW\7100-30.jpg,dataset/W/CW/7100-30.jpg,W,Wall,CW,Cracked,1,W/CW
C:\Users\sumit\Desktop\kavita_capstone\dataset\W\UW\7101-71.jpg,dataset/W/UW/7101-71.jpg,W,Wall,UW,Uncracked,0,W/UW
C:\Users\sumit\Desktop\kavita_capstone\dataset\P\UP\072-204.jpg,dataset/P/UP/072-204.jpg,P,Pavement,UP,Uncracked,0,P/UP
C:\Users\sumit\Desktop\kavita_capstone\dataset\D\CD\7038-82.jpg,dataset/D/CD/7038-82.jpg,D,Deck,CD,Cracked,1,D/CD
C:\Users\sumit\Desktop\kavita_capstone\dataset\P\CP\094-108.jpg,dataset/P/CP/094-108.jpg,P,Pavement,CP,Cracked,1,P/CP
C:\Users\sumit\Desktop\kavita_capstone\dataset\D\UD\7045-129.jpg,dataset/D/UD/7045-129.jpg,D,Deck,UD,Uncracked,0,D/UD
C:\Users\sumit\Desktop\kavita_capstone\dataset\D\CD\7048-59.jpg,dataset/D/CD/7048-59.jpg,D,Deck,CD,Cracked,1,D/CD
C:\Users\sumit\Desktop\kavita_capstone\dataset\P\CP\062-113.jpg,dataset/P/CP/062-113.jpg,P,Pavement,CP,Cracked,1,P/CP
C:\Users\sumit\Desktop\kavita_capstone\dataset\P\CP\104-61.jpg,dataset/P/CP/104-61.jpg,P,Pavement,CP,Cracked,1,P/CP
C:\Users\sumit\Desktop\kavita_capstone\dataset\P\UP\030-177.jpg,dataset/P/UP/030-177.jpg,P,Pavement,UP,Uncracked,0,P/UP
C:\Users\sumit\Desktop\kavita_capstone\dataset\P\CP\046-54.jpg,dataset/P/CP/046-54.jpg,P,Pavement,CP,Cracked,1,P/CP
C:\Users\sumit\Desktop\kavita_capstone\dataset\P\CP\082-103.jpg,dataset/P/CP/082-103.jpg,P,Pavement,CP,Cracked,1,P/CP
C:\Users\sumit\Desktop\kavita_capstone\dataset\D\CD\7002-34.jpg,dataset/D/CD/7002-34.jpg,D,Deck,CD,Cracked,1,D/CD
C:\Users\sumit\Desktop\kavita_capstone\dataset\P\UP\039-128.jpg,dataset/P/UP/039-128.jpg,P,Pavement,UP,Uncracked,0,P/UP
C:\Users\sumit\Desktop\kavita_capstone\dataset\D\UD\7037-172.jpg,dataset/D/UD/7037-172.jpg,D,Deck,UD,Uncracked,0,D/UD
C:\Users\sumit\Desktop\kavita_capstone\dataset\W\UW\7104-54.jpg,dataset/W/UW/7104-54.jpg,W,Wall,UW,Uncracked,0,W/UW
C:\Users\sumit\Desktop\kavita_capstone\dataset\D\CD\7021-171.jpg,dataset/D/CD/7021-171.jpg,D,Deck,CD,Cracked,1,D/CD
C:\Users\sumit\Desktop\kavita_capstone\dataset\D\CD\7005-20.jpg,dataset/D/CD/7005-20.jpg,D,Deck,CD,Cracked,1,D/CD
C:\Users\sumit\Desktop\kavita_capstone\dataset\P\CP\101-133.jpg,dataset/P/CP/101-133.jpg,P,Pavement,CP,Cracked,1,P/CP
C:\Users\sumit\Desktop\kavita_capstone\dataset\W\CW\7122-211.jpg,dataset/W/CW/7122-211.jpg,W,Wall,CW,Cracked,1,W/CW
C:\Users\sumit\Desktop\kavita_capstone\dataset\D\UD\7030-156.jpg,dataset/D/UD/7030-156.jpg,D,Deck,UD,Uncracked,0,D/UD
C:\Users\sumit\Desktop\kavita_capstone\dataset\D\CD\7043-15.jpg,dataset/D/CD/7043-15.jpg,D,Deck,CD,Cracked,1,D/CD
C:\Users\sumit\Desktop\kavita_capstone\dataset\D\UD\7002-236.jpg,dataset/D/UD/7002-236.jpg,D,Deck,UD,Uncracked,0,D/UD
C:\Users\sumit\Desktop\kavita_capstone\dataset\P\UP\052-176.jpg,dataset/P/UP/052-176.jpg,P,Pavement,UP,Uncracked,0,P/UP
C:\Users\sumit\Desktop\kavita_capstone\dataset\D\UD\7046-161.jpg,dataset/D/UD/7046-161.jpg,D,Deck,UD,Uncracked,0,D/UD
C:\Users\sumit\Desktop\kavita_capstone\dataset\D\UD\7044-239.jpg,dataset/D/UD/7044-239.jpg,D,Deck,UD,Uncracked,0,D/UD
C:\Users\sumit\Desktop\kavita_capstone\dataset\W\UW\7082-69.jpg,dataset/W/UW/7082-69.jpg,W,Wall,UW,Uncracked,0,W/UW
C:\Users\sumit\Desktop\kavita_capstone\dataset\D\UD\7022-113.jpg,dataset/D/UD/7022-113.jpg,D,Deck,UD,Uncracked,0,D/UD
C:\Users\sumit\Desktop\kavita_capstone\dataset\P\CP\103-61.jpg,dataset/P/CP/103-61.jpg,P,Pavement,CP,Cracked,1,P/CP
C:\Users\sumit\Desktop\kavita_capstone\dataset\D\CD\7002-47.jpg,dataset/D/CD/7002-47.jpg,D,Deck,CD,Cracked,1,D/CD
C:\Users\sumit\Desktop\kavita_capstone\dataset\D\CD\7031-125.jpg,dataset/D/CD/7031-125.jpg,D,Deck,CD,Cracked,1,D/CD
C:\Users\sumit\Desktop\kavita_capstone\dataset\W\CW\7090-26.jpg,dataset/W/CW/7090-26.jpg,W,Wall,CW,Cracked,1,W/CW
C:\Users\sumit\Desktop\kavita_capstone\dataset\W\UW\7137-4.jpg,dataset/W/UW/7137-4.jpg,W,Wall,UW,Uncracked,0,W/UW
C:\Users\sumit\Desktop\kavita_capstone\dataset\D\CD\7019-73.jpg,dataset/D/CD/7019-73.jpg,D,Deck,CD,Cracked,1,D/CD
C:\Users\sumit\Desktop\kavita_capstone\dataset\W\UW\7130-206.jpg,dataset/W/UW/7130-206.jpg,W,Wall,UW,Uncracked,0,W/UW
C:\Users\sumit\Desktop\kavita_capstone\dataset\D\UD\7006-220.jpg,dataset/D/UD/7006-220.jpg,D,Deck,UD,Uncracked,0,D/UD
C:\Users\sumit\Desktop\kavita_capstone\dataset\W\UW\7108-140.jpg,dataset/W/UW/7108-140.jpg,W,Wall,UW,Uncracked,0,W/UW
C:\Users\sumit\Desktop\kavita_capstone\dataset\P\CP\094-137.jpg,dataset/P/CP/094-137.jpg,P,Pavement,CP,Cracked,1,P/CP
C:\Users\sumit\Desktop\kavita_capstone\dataset\W\UW\7074-147.jpg,dataset/W/UW/7074-147.jpg,W,Wall,UW,Uncracked,0,W/UW
C:\Users\sumit\Desktop\kavita_capstone\dataset\D\CD\7017-82.jpg,dataset/D/CD/7017-82.jpg,D,Deck,CD,Cracked,1,D/CD
C:\Users\sumit\Desktop\kavita_capstone\dataset\P\UP\024-189.jpg,dataset/P/UP/024-189.jpg,P,Pavement,UP,Uncracked,0,P/UP
C:\Users\sumit\Desktop\kavita_capstone\dataset\W\CW\7084-41.jpg,dataset/W/CW/7084-41.jpg,W,Wall,CW,Cracked,1,W/CW
C:\Users\sumit\Desktop\kavita_capstone\dataset\P\CP\094-131.jpg,dataset/P/CP/094-131.jpg,P,Pavement,CP,Cracked,1,P/CP
C:\Users\sumit\Desktop\kavita_capstone\dataset\D\CD\7028-122.jpg,dataset/D/CD/7028-122.jpg,D,Deck,CD,Cracked,1,D/CD
C:\Users\sumit\Desktop\kavita_capstone\dataset\P\UP\079-52.jpg,dataset/P/UP/079-52.jpg,P,Pavement,UP,Uncracked,0,P/UP
C:\Users\sumit\Desktop\kavita_capstone\dataset\P\CP\008-168.jpg,dataset/P/CP/008-168.jpg,P,Pavement,CP,Cracked,1,P/CP
C:\Users\sumit\Desktop\kavita_capstone\dataset\D\CD\7027-7.jpg,dataset/D/CD/7027-7.jpg,D,Deck,CD,Cracked,1,D/CD
C:\Users\sumit\Desktop\kavita_capstone\dataset\W\UW\7085-224.jpg,dataset/W/UW/7085-224.jpg,W,Wall,UW,Uncracked,0,W/UW
C:\Users\sumit\Desktop\kavita_capstone\dataset\D\UD\7036-168.jpg,dataset/D/UD/7036-168.jpg,D,Deck,UD,Uncracked,0,D/UD
C:\Users\sumit\Desktop\kavita_capstone\dataset\W\UW\7071-142.jpg,dataset/W/UW/7071-142.jpg,W,Wall,UW,Uncracked,0,W/UW
C:\Users\sumit\Desktop\kavita_capstone\dataset\P\UP\015-120.jpg,dataset/P/UP/015-120.jpg,P,Pavement,UP,Uncracked,0,P/UP
C:\Users\sumit\Desktop\kavita_capstone\dataset\D\UD\7013-111.jpg,dataset/D/UD/7013-111.jpg,D,Deck,UD,Uncracked,0,D/UD
C:\Users\sumit\Desktop\kavita_capstone\dataset\P\UP\083-165.jpg,dataset/P/UP/083-165.jpg,P,Pavement,UP,Uncracked,0,P/UP
C:\Users\sumit\Desktop\kavita_capstone\dataset\D\UD\7048-188.jpg,dataset/D/UD/7048-188.jpg,D,Deck,UD,Uncracked,0,D/UD
C:\Users\sumit\Desktop\kavita_capstone\dataset\D\UD\7032-167.jpg,dataset/D/UD/7032-167.jpg,D,Deck,UD,Uncracked,0,D/UD
C:\Users\sumit\Desktop\kavita_capstone\dataset\W\CW\7113-204.jpg,dataset/W/CW/7113-204.jpg,W,Wall,CW,Cracked,1,W/CW
C:\Users\sumit\Desktop\kavita_capstone\dataset\P\CP\062-99.jpg,dataset/P/CP/062-99.jpg,P,Pavement,CP,Cracked,1,P/CP
C:\Users\sumit\Desktop\kavita_capstone\dataset\D\UD\7047-57.jpg,dataset/D/UD/7047-57.jpg,D,Deck,UD,Uncracked,0,D/UD
C:\Users\sumit\Desktop\kavita_capstone\dataset\D\UD\7040-125.jpg,dataset/D/UD/7040-125.jpg,D,Deck,UD,Uncracked,0,D/UD
C:\Users\sumit\Desktop\kavita_capstone\dataset\D\CD\7053-86.jpg,dataset/D/CD/7053-86.jpg,D,Deck,CD,Cracked,1,D/CD
C:\Users\sumit\Desktop\kavita_capstone\dataset\P\UP\036-161.jpg,dataset/P/UP/036-161.jpg,P,Pavement,UP,Uncracked,0,P/UP
C:\Users\sumit\Desktop\kavita_capstone\dataset\P\UP\038-228.jpg,dataset/P/UP/038-228.jpg,P,Pavement,UP,Uncracked,0,P/UP
C:\Users\sumit\Desktop\kavita_capstone\dataset\W\CW\7073-13.jpg,dataset/W/CW/7073-13.jpg,W,Wall,CW,Cracked,1,W/CW
C:\Users\sumit\Desktop\kavita_capstone\dataset\P\CP\004-120.jpg,dataset/P/CP/004-120.jpg,P,Pavement,CP,Cracked,1,P/CP
C:\Users\sumit\Desktop\kavita_capstone\dataset\W\UW\7077-251.jpg,dataset/W/UW/7077-251.jpg,W,Wall,UW,Uncracked,0,W/UW
C:\Users\sumit\Desktop\kavita_capstone\dataset\D\CD\7014-79.jpg,dataset/D/CD/7014-79.jpg,D,Deck,CD,Cracked,1,D/CD
C:\Users\sumit\Desktop\kavita_capstone\dataset\W\UW\7075-18.jpg,dataset/W/UW/7075-18.jpg,W,Wall,UW,Uncracked,0,W/UW
C:\Users\sumit\Desktop\kavita_capstone\dataset\W\CW\7086-206.jpg,dataset/W/CW/7086-206.jpg,W,Wall,CW,Cracked,1,W/CW
C:\Users\sumit\Desktop\kavita_capstone\dataset\P\UP\088-192.jpg,dataset/P/UP/088-192.jpg,P,Pavement,UP,Uncracked,0,P/UP
C:\Users\sumit\Desktop\kavita_capstone\dataset\D\UD\7002-77.jpg,dataset/D/UD/7002-77.jpg,D,Deck,UD,Uncracked,0,D/UD
C:\Users\sumit\Desktop\kavita_capstone\dataset\P\UP\082-233.jpg,dataset/P/UP/082-233.jpg,P,Pavement,UP,Uncracked,0,P/UP
C:\Users\sumit\Desktop\kavita_capstone\dataset\D\UD\7035-139.jpg,dataset/D/UD/7035-139.jpg,D,Deck,UD,Uncracked,0,D/UD
C:\Users\sumit\Desktop\kavita_capstone\dataset\W\CW\7075-147.jpg,dataset/W/CW/7075-147.jpg,W,Wall,CW,Cracked,1,W/CW
C:\Users\sumit\Desktop\kavita_capstone\dataset\P\UP\036-143.jpg,dataset/P/UP/036-143.jpg,P,Pavement,UP,Uncracked,0,P/UP
C:\Users\sumit\Desktop\kavita_capstone\dataset\P\CP\081-158.jpg,dataset/P/CP/081-158.jpg,P,Pavement,CP,Cracked,1,P/CP
C:\Users\sumit\Desktop\kavita_capstone\dataset\W\UW\7105-50.jpg,dataset/W/UW/7105-50.jpg,W,Wall,UW,Uncracked,0,W/UW
C:\Users\sumit\Desktop\kavita_capstone\dataset\P\UP\076-87.jpg,dataset/P/UP/076-87.jpg,P,Pavement,UP,Uncracked,0,P/UP
C:\Users\sumit\Desktop\kavita_capstone\dataset\P\UP\068-135.jpg,dataset/P/UP/068-135.jpg,P,Pavement,UP,Uncracked,0,P/UP
C:\Users\sumit\Desktop\kavita_capstone\dataset\P\UP\026-93.jpg,dataset/P/UP/026-93.jpg,P,Pavement,UP,Uncracked,0,P/UP
C:\Users\sumit\Desktop\kavita_capstone\dataset\W\UW\7107-66.jpg,dataset/W/UW/7107-66.jpg,W,Wall,UW,Uncracked,0,W/UW
C:\Users\sumit\Desktop\kavita_capstone\dataset\W\CW\7085-61.jpg,dataset/W/CW/7085-61.jpg,W,Wall,CW,Cracked,1,W/CW
C:\Users\sumit\Desktop\kavita_capstone\dataset\P\CP\102-97.jpg,dataset/P/CP/102-97.jpg,P,Pavement,CP,Cracked,1,P/CP
C:\Users\sumit\Desktop\kavita_capstone\dataset\D\UD\7033-240.jpg,dataset/D/UD/7033-240.jpg,D,Deck,UD,Uncracked,0,D/UD
C:\Users\sumit\Desktop\kavita_capstone\dataset\W\UW\7109-204.jpg,dataset/W/UW/7109-204.jpg,W,Wall,UW,Uncracked,0,W/UW
C:\Users\sumit\Desktop\kavita_capstone\dataset\P\UP\024-106.jpg,dataset/P/UP/024-106.jpg,P,Pavement,UP,Uncracked,0,P/UP
C:\Users\sumit\Desktop\kavita_capstone\dataset\D\UD\7037-110.jpg,dataset/D/UD/7037-110.jpg,D,Deck,UD,Uncracked,0,D/UD
C:\Users\sumit\Desktop\kavita_capstone\dataset\P\UP\083-186.jpg,dataset/P/UP/083-186.jpg,P,Pavement,UP,Uncracked,0,P/UP
C:\Users\sumit\Desktop\kavita_capstone\dataset\D\CD\7025-128.jpg,dataset/D/CD/7025-128.jpg,D,Deck,CD,Cracked,1,D/CD
C:\Users\sumit\Desktop\kavita_capstone\dataset\D\UD\7021-85.jpg,dataset/D/UD/7021-85.jpg,D,Deck,UD,Uncracked,0,D/UD
C:\Users\sumit\Desktop\kavita_capstone\dataset\P\UP\076-5.jpg,dataset/P/UP/076-5.jpg,P,Pavement,UP,Uncracked,0,P/UP
C:\Users\sumit\Desktop\kavita_capstone\dataset\W\CW\7090-214.jpg,dataset/W/CW/7090-214.jpg,W,Wall,CW,Cracked,1,W/CW
C:\Users\sumit\Desktop\kavita_capstone\dataset\W\CW\7113-84.jpg,dataset/W/CW/7113-84.jpg,W,Wall,CW,Cracked,1,W/CW
C:\Users\sumit\Desktop\kavita_capstone\dataset\D\UD\7026-192.jpg,dataset/D/UD/7026-192.jpg,D,Deck,UD,Uncracked,0,D/UD
C:\Users\sumit\Desktop\kavita_capstone\dataset\D\CD\7016-153.jpg,dataset/D/CD/7016-153.jpg,D,Deck,CD,Cracked,1,D/CD
C:\Users\sumit\Desktop\kavita_capstone\dataset\W\CW\7124-42.jpg,dataset/W/CW/7124-42.jpg,W,Wall,CW,Cracked,1,W/CW
C:\Users\sumit\Desktop\kavita_capstone\dataset\P\UP\039-138.jpg,dataset/P/UP/039-138.jpg,P,Pavement,UP,Uncracked,0,P/UP
C:\Users\sumit\Desktop\kavita_capstone\dataset\D\CD\7048-210.jpg,dataset/D/CD/7048-210.jpg,D,Deck,CD,Cracked,1,D/CD
C:\Users\sumit\Desktop\kavita_capstone\dataset\W\UW\7070-146.jpg,dataset/W/UW/7070-146.jpg,W,Wall,UW,Uncracked,0,W/UW
C:\Users\sumit\Desktop\kavita_capstone\dataset\W\UW\7096-235.jpg,dataset/W/UW/7096-235.jpg,W,Wall,UW,Uncracked,0,W/UW
C:\Users\sumit\Desktop\kavita_capstone\dataset\P\UP\081-130.jpg,dataset/P/UP/081-130.jpg,P,Pavement,UP,Uncracked,0,P/UP
C:\Users\sumit\Desktop\kavita_capstone\dataset\P\UP\094-230.jpg,dataset/P/UP/094-230.jpg,P,Pavement,UP,Uncracked,0,P/UP
C:\Users\sumit\Desktop\kavita_capstone\dataset\D\CD\7015-30.jpg,dataset/D/CD/7015-30.jpg,D,Deck,CD,Cracked,1,D/CD
C:\Users\sumit\Desktop\kavita_capstone\dataset\D\UD\7029-10.jpg,dataset/D/UD/7029-10.jpg,D,Deck,UD,Uncracked,0,D/UD
C:\Users\sumit\Desktop\kavita_capstone\dataset\D\UD\7007-178.jpg,dataset/D/UD/7007-178.jpg,D,Deck,UD,Uncracked,0,D/UD
C:\Users\sumit\Desktop\kavita_capstone\dataset\P\CP\064-121.jpg,dataset/P/CP/064-121.jpg,P,Pavement,CP,Cracked,1,P/CP
C:\Users\sumit\Desktop\kavita_capstone\dataset\W\CW\7092-94.jpg,dataset/W/CW/7092-94.jpg,W,Wall,CW,Cracked,1,W/CW
C:\Users\sumit\Desktop\kavita_capstone\dataset\P\UP\077-83.jpg,dataset/P/UP/077-83.jpg,P,Pavement,UP,Uncracked,0,P/UP
C:\Users\sumit\Desktop\kavita_capstone\dataset\W\UW\7103-62.jpg,dataset/W/UW/7103-62.jpg,W,Wall,UW,Uncracked,0,W/UW
C:\Users\sumit\Desktop\kavita_capstone\dataset\W\CW\7077-115.jpg,dataset/W/CW/7077-115.jpg,W,Wall,CW,Cracked,1,W/CW
C:\Users\sumit\Desktop\kavita_capstone\dataset\W\CW\7086-157.jpg,dataset/W/CW/7086-157.jpg,W,Wall,CW,Cracked,1,W/CW
C:\Users\sumit\Desktop\kavita_capstone\dataset\P\CP\098-115.jpg,dataset/P/CP/098-115.jpg,P,Pavement,CP,Cracked,1,P/CP
C:\Users\sumit\Desktop\kavita_capstone\dataset\P\CP\030-137.jpg,dataset/P/CP/030-137.jpg,P,Pavement,CP,Cracked,1,P/CP
C:\Users\sumit\Desktop\kavita_capstone\dataset\W\CW\7083-189.jpg,dataset/W/CW/7083-189.jpg,W,Wall,CW,Cracked,1,W/CW
C:\Users\sumit\Desktop\kavita_capstone\dataset\D\UD\7011-155.jpg,dataset/D/UD/7011-155.jpg,D,Deck,UD,Uncracked,0,D/UD
C:\Users\sumit\Desktop\kavita_capstone\dataset\P\CP\048-145.jpg,dataset/P/CP/048-145.jpg,P,Pavement,CP,Cracked,1,P/CP
C:\Users\sumit\Desktop\kavita_capstone\dataset\P\CP\048-143.jpg,dataset/P/CP/048-143.jpg,P,Pavement,CP,Cracked,1,P/CP
C:\Users\sumit\Desktop\kavita_capstone\dataset\D\UD\7050-197.jpg,dataset/D/UD/7050-197.jpg,D,Deck,UD,Uncracked,0,D/UD
C:\Users\sumit\Desktop\kavita_capstone\dataset\W\UW\7112-199.jpg,dataset/W/UW/7112-199.jpg,W,Wall,UW,Uncracked,0,W/UW
C:\Users\sumit\Desktop\kavita_capstone\dataset\D\UD\7016-77.jpg,dataset/D/UD/7016-77.jpg,D,Deck,UD,Uncracked,0,D/UD
C:\Users\sumit\Desktop\kavita_capstone\dataset\D\UD\7040-116.jpg,dataset/D/UD/7040-116.jpg,D,Deck,UD,Uncracked,0,D/UD
C:\Users\sumit\Desktop\kavita_capstone\dataset\W\UW\7125-214.jpg,dataset/W/UW/7125-214.jpg,W,Wall,UW,Uncracked,0,W/UW
C:\Users\sumit\Desktop\kavita_capstone\dataset\W\CW\7084-120.jpg,dataset/W/CW/7084-120.jpg,W,Wall,CW,Cracked,1,W/CW
C:\Users\sumit\Desktop\kavita_capstone\dataset\P\CP\078-129.jpg,dataset/P/CP/078-129.jpg,P,Pavement,CP,Cracked,1,P/CP
C:\Users\sumit\Desktop\kavita_capstone\dataset\D\CD\7040-205.jpg,dataset/D/CD/7040-205.jpg,D,Deck,CD,Cracked,1,D/CD
C:\Users\sumit\Desktop\kavita_capstone\dataset\W\UW\7135-90.jpg,dataset/W/UW/7135-90.jpg,W,Wall,UW,Uncracked,0,W/UW
C:\Users\sumit\Desktop\kavita_capstone\dataset\P\CP\067-95.jpg,dataset/P/CP/067-95.jpg,P,Pavement,CP,Cracked,1,P/CP
C:\Users\sumit\Desktop\kavita_capstone\dataset\W\CW\7077-66.jpg,dataset/W/CW/7077-66.jpg,W,Wall,CW,Cracked,1,W/CW
C:\Users\sumit\Desktop\kavita_capstone\dataset\W\CW\7087-100.jpg,dataset/W/CW/7087-100.jpg,W,Wall,CW,Cracked,1,W/CW
C:\Users\sumit\Desktop\kavita_capstone\dataset\P\CP\010-115.jpg,dataset/P/CP/010-115.jpg,P,Pavement,CP,Cracked,1,P/CP
C:\Users\sumit\Desktop\kavita_capstone\dataset\W\CW\7085-154.jpg,dataset/W/CW/7085-154.jpg,W,Wall,CW,Cracked,1,W/CW
C:\Users\sumit\Desktop\kavita_capstone\dataset\D\CD\7053-113.jpg,dataset/D/CD/7053-113.jpg,D,Deck,CD,Cracked,1,D/CD
C:\Users\sumit\Desktop\kavita_capstone\dataset\P\CP\034-82.jpg,dataset/P/CP/034-82.jpg,P,Pavement,CP,Cracked,1,P/CP
C:\Users\sumit\Desktop\kavita_capstone\dataset\D\UD\7057-168.jpg,dataset/D/UD/7057-168.jpg,D,Deck,UD,Uncracked,0,D/UD
C:\Users\sumit\Desktop\kavita_capstone\dataset\D\UD\7013-1.jpg,dataset/D/UD/7013-1.jpg,D,Deck,UD,Uncracked,0,D/UD
C:\Users\sumit\Desktop\kavita_capstone\dataset\W\CW\7139-116.jpg,dataset/W/CW/7139-116.jpg,W,Wall,CW,Cracked,1,W/CW
C:\Users\sumit\Desktop\kavita_capstone\dataset\D\CD\7031-107.jpg,dataset/D/CD/7031-107.jpg,D,Deck,CD,Cracked,1,D/CD
C:\Users\sumit\Desktop\kavita_capstone\dataset\P\CP\101-122.jpg,dataset/P/CP/101-122.jpg,P,Pavement,CP,Cracked,1,P/CP
C:\Users\sumit\Desktop\kavita_capstone\dataset\P\UP\053-118.jpg,dataset/P/UP/053-118.jpg,P,Pavement,UP,Uncracked,0,P/UP
C:\Users\sumit\Desktop\kavita_capstone\dataset\W\CW\7075-250.jpg,dataset/W/CW/7075-250.jpg,W,Wall,CW,Cracked,1,W/CW
C:\Users\sumit\Desktop\kavita_capstone\dataset\D\UD\7049-39.jpg,dataset/D/UD/7049-39.jpg,D,Deck,UD,Uncracked,0,D/UD
C:\Users\sumit\Desktop\kavita_capstone\dataset\D\CD\7051-218.jpg,dataset/D/CD/7051-218.jpg,D,Deck,CD,Cracked,1,D/CD
C:\Users\sumit\Desktop\kavita_capstone\dataset\W\CW\7086-173.jpg,dataset/W/CW/7086-173.jpg,W,Wall,CW,Cracked,1,W/CW
C:\Users\sumit\Desktop\kavita_capstone\dataset\W\CW\7083-206.jpg,dataset/W/CW/7083-206.jpg,W,Wall,CW,Cracked,1,W/CW
C:\Users\sumit\Desktop\kavita_capstone\dataset\D\UD\7048-176.jpg,dataset/D/UD/7048-176.jpg,D,Deck,UD,Uncracked,0,D/UD
C:\Users\sumit\Desktop\kavita_capstone\dataset\D\CD\7043-148.jpg,dataset/D/CD/7043-148.jpg,D,Deck,CD,Cracked,1,D/CD
C:\Users\sumit\Desktop\kavita_capstone\dataset\W\CW\7093-106.jpg,dataset/W/CW/7093-106.jpg,W,Wall,CW,Cracked,1,W/CW
C:\Users\sumit\Desktop\kavita_capstone\dataset\P\CP\022-93.jpg,dataset/P/CP/022-93.jpg,P,Pavement,CP,Cracked,1,P/CP
C:\Users\sumit\Desktop\kavita_capstone\dataset\P\CP\005-62.jpg,dataset/P/CP/005-62.jpg,P,Pavement,CP,Cracked,1,P/CP
C:\Users\sumit\Desktop\kavita_capstone\dataset\D\CD\7026-34.jpg,dataset/D/CD/7026-34.jpg,D,Deck,CD,Cracked,1,D/CD
C:\Users\sumit\Desktop\kavita_capstone\dataset\W\UW\7086-102.jpg,dataset/W/UW/7086-102.jpg,W,Wall,UW,Uncracked,0,W/UW
C:\Users\sumit\Desktop\kavita_capstone\dataset\D\UD\7022-94.jpg,dataset/D/UD/7022-94.jpg,D,Deck,UD,Uncracked,0,D/UD
C:\Users\sumit\Desktop\kavita_capstone\dataset\W\UW\7073-221.jpg,dataset/W/UW/7073-221.jpg,W,Wall,UW,Uncracked,0,W/UW
C:\Users\sumit\Desktop\kavita_capstone\dataset\D\UD\7040-55.jpg,dataset/D/UD/7040-55.jpg,D,Deck,UD,Uncracked,0,D/UD
C:\Users\sumit\Desktop\kavita_capstone\dataset\W\UW\7126-167.jpg,dataset/W/UW/7126-167.jpg,W,Wall,UW,Uncracked,0,W/UW
C:\Users\sumit\Desktop\kavita_capstone\dataset\W\UW\7118-218.jpg,dataset/W/UW/7118-218.jpg,W,Wall,UW,Uncracked,0,W/UW
C:\Users\sumit\Desktop\kavita_capstone\dataset\D\CD\7041-221.jpg,dataset/D/CD/7041-221.jpg,D,Deck,CD,Cracked,1,D/CD
C:\Users\sumit\Desktop\kavita_capstone\dataset\W\CW\7084-63.jpg,dataset/W/CW/7084-63.jpg,W,Wall,CW,Cracked,1,W/CW
C:\Users\sumit\Desktop\kavita_capstone\dataset\W\UW\7138-44.jpg,dataset/W/UW/7138-44.jpg,W,Wall,UW,Uncracked,0,W/UW
C:\Users\sumit\Desktop\kavita_capstone\dataset\P\UP\099-145.jpg,dataset/P/UP/099-145.jpg,P,Pavement,UP,Uncracked,0,P/UP
C:\Users\sumit\Desktop\kavita_capstone\dataset\W\UW\7112-39.jpg,dataset/W/UW/7112-39.jpg,W,Wall,UW,Uncracked,0,W/UW
C:\Users\sumit\Desktop\kavita_capstone\dataset\W\CW\7080-27.jpg,dataset/W/CW/7080-27.jpg,W,Wall,CW,Cracked,1,W/CW
C:\Users\sumit\Desktop\kavita_capstone\dataset\D\UD\7026-59.jpg,dataset/D/UD/7026-59.jpg,D,Deck,UD,Uncracked,0,D/UD
C:\Users\sumit\Desktop\kavita_capstone\dataset\D\UD\7047-12.jpg,dataset/D/UD/7047-12.jpg,D,Deck,UD,Uncracked,0,D/UD
C:\Users\sumit\Desktop\kavita_capstone\dataset\P\CP\009-80.jpg,dataset/P/CP/009-80.jpg,P,Pavement,CP,Cracked,1,P/CP
C:\Users\sumit\Desktop\kavita_capstone\dataset\D\UD\7057-217.jpg,dataset/D/UD/7057-217.jpg,D,Deck,UD,Uncracked,0,D/UD
C:\Users\sumit\Desktop\kavita_capstone\dataset\P\UP\001-123.jpg,dataset/P/UP/001-123.jpg,P,Pavement,UP,Uncracked,0,P/UP
C:\Users\sumit\Desktop\kavita_capstone\dataset\P\CP\010-133.jpg,dataset/P/CP/010-133.jpg,P,Pavement,CP,Cracked,1,P/CP
C:\Users\sumit\Desktop\kavita_capstone\dataset\D\UD\7037-245.jpg,dataset/D/UD/7037-245.jpg,D,Deck,UD,Uncracked,0,D/UD
C:\Users\sumit\Desktop\kavita_capstone\dataset\P\CP\014-61.jpg,dataset/P/CP/014-61.jpg,P,Pavement,CP,Cracked,1,P/CP
C:\Users\sumit\Desktop\kavita_capstone\dataset\P\CP\013-229.jpg,dataset/P/CP/013-229.jpg,P,Pavement,CP,Cracked,1,P/CP
C:\Users\sumit\Desktop\kavita_capstone\dataset\D\UD\7018-77.jpg,dataset/D/UD/7018-77.jpg,D,Deck,UD,Uncracked,0,D/UD
C:\Users\sumit\Desktop\kavita_capstone\dataset\W\UW\7120-20.jpg,dataset/W/UW/7120-20.jpg,W,Wall,UW,Uncracked,0,W/UW
C:\Users\sumit\Desktop\kavita_capstone\dataset\P\CP\044-99.jpg,dataset/P/CP/044-99.jpg,P,Pavement,CP,Cracked,1,P/CP
C:\Users\sumit\Desktop\kavita_capstone\dataset\D\CD\7046-196.jpg,dataset/D/CD/7046-196.jpg,D,Deck,CD,Cracked,1,D/CD
C:\Users\sumit\Desktop\kavita_capstone\dataset\P\UP\068-156.jpg,dataset/P/UP/068-156.jpg,P,Pavement,UP,Uncracked,0,P/UP
C:\Users\sumit\Desktop\kavita_capstone\dataset\W\UW\7088-112.jpg,dataset/W/UW/7088-112.jpg,W,Wall,UW,Uncracked,0,W/UW
C:\Users\sumit\Desktop\kavita_capstone\dataset\D\UD\7030-217.jpg,dataset/D/UD/7030-217.jpg,D,Deck,UD,Uncracked,0,D/UD
C:\Users\sumit\Desktop\kavita_capstone\dataset\W\UW\7100-170.jpg,dataset/W/UW/7100-170.jpg,W,Wall,UW,Uncracked,0,W/UW
C:\Users\sumit\Desktop\kavita_capstone\dataset\D\UD\7024-108.jpg,dataset/D/UD/7024-108.jpg,D,Deck,UD,Uncracked,0,D/UD
C:\Users\sumit\Desktop\kavita_capstone\dataset\D\UD\7006-160.jpg,dataset/D/UD/7006-160.jpg,D,Deck,UD,Uncracked,0,D/UD
C:\Users\sumit\Desktop\kavita_capstone\dataset\D\UD\7011-206.jpg,dataset/D/UD/7011-206.jpg,D,Deck,UD,Uncracked,0,D/UD
C:\Users\sumit\Desktop\kavita_capstone\dataset\D\UD\7046-189.jpg,dataset/D/UD/7046-189.jpg,D,Deck,UD,Uncracked,0,D/UD
C:\Users\sumit\Desktop\kavita_capstone\dataset\D\CD\7005-119.jpg,dataset/D/CD/7005-119.jpg,D,Deck,CD,Cracked,1,D/CD
C:\Users\sumit\Desktop\kavita_capstone\dataset\W\CW\7102-78.jpg,dataset/W/CW/7102-78.jpg,W,Wall,CW,Cracked,1,W/CW
C:\Users\sumit\Desktop\kavita_capstone\dataset\W\UW\7134-87.jpg,dataset/W/UW/7134-87.jpg,W,Wall,UW,Uncracked,0,W/UW
C:\Users\sumit\Desktop\kavita_capstone\dataset\P\UP\099-227.jpg,dataset/P/UP/099-227.jpg,P,Pavement,UP,Uncracked,0,P/UP
C:\Users\sumit\Desktop\kavita_capstone\dataset\W\CW\7115-134.jpg,dataset/W/CW/7115-134.jpg,W,Wall,CW,Cracked,1,W/CW
C:\Users\sumit\Desktop\kavita_capstone\dataset\P\UP\092-3.jpg,dataset/P/UP/092-3.jpg,P,Pavement,UP,Uncracked,0,P/UP
C:\Users\sumit\Desktop\kavita_capstone\dataset\P\CP\090-103.jpg,dataset/P/CP/090-103.jpg,P,Pavement,CP,Cracked,1,P/CP
C:\Users\sumit\Desktop\kavita_capstone\dataset\W\CW\7124-201.jpg,dataset/W/CW/7124-201.jpg,W,Wall,CW,Cracked,1,W/CW
C:\Users\sumit\Desktop\kavita_capstone\dataset\W\CW\7122-5.jpg,dataset/W/CW/7122-5.jpg,W,Wall,CW,Cracked,1,W/CW
C:\Users\sumit\Desktop\kavita_capstone\dataset\P\CP\095-221.jpg,dataset/P/CP/095-221.jpg,P,Pavement,CP,Cracked,1,P/CP
C:\Users\sumit\Desktop\kavita_capstone\dataset\W\UW\7114-87.jpg,dataset/W/UW/7114-87.jpg,W,Wall,UW,Uncracked,0,W/UW
C:\Users\sumit\Desktop\kavita_capstone\dataset\D\UD\7016-221.jpg,dataset/D/UD/7016-221.jpg,D,Deck,UD,Uncracked,0,D/UD
C:\Users\sumit\Desktop\kavita_capstone\dataset\P\CP\099-105.jpg,dataset/P/CP/099-105.jpg,P,Pavement,CP,Cracked,1,P/CP
C:\Users\sumit\Desktop\kavita_capstone\dataset\P\CP\083-121.jpg,dataset/P/CP/083-121.jpg,P,Pavement,CP,Cracked,1,P/CP
C:\Users\sumit\Desktop\kavita_capstone\dataset\D\UD\7014-167.jpg,dataset/D/UD/7014-167.jpg,D,Deck,UD,Uncracked,0,D/UD
C:\Users\sumit\Desktop\kavita_capstone\dataset\D\CD\7025-145.jpg,dataset/D/CD/7025-145.jpg,D,Deck,CD,Cracked,1,D/CD
C:\Users\sumit\Desktop\kavita_capstone\dataset\W\UW\7118-213.jpg,dataset/W/UW/7118-213.jpg,W,Wall,UW,Uncracked,0,W/UW
C:\Users\sumit\Desktop\kavita_capstone\dataset\W\UW\7095-72.jpg,dataset/W/UW/7095-72.jpg,W,Wall,UW,Uncracked,0,W/UW
C:\Users\sumit\Desktop\kavita_capstone\dataset\W\CW\7083-47.jpg,dataset/W/CW/7083-47.jpg,W,Wall,CW,Cracked,1,W/CW
C:\Users\sumit\Desktop\kavita_capstone\dataset\W\UW\7076-240.jpg,dataset/W/UW/7076-240.jpg,W,Wall,UW,Uncracked,0,W/UW
C:\Users\sumit\Desktop\kavita_capstone\dataset\D\UD\7053-210.jpg,dataset/D/UD/7053-210.jpg,D,Deck,UD,Uncracked,0,D/UD
C:\Users\sumit\Desktop\kavita_capstone\dataset\D\UD\7009-109.jpg,dataset/D/UD/7009-109.jpg,D,Deck,UD,Uncracked,0,D/UD
C:\Users\sumit\Desktop\kavita_capstone\dataset\P\UP\040-126.jpg,dataset/P/UP/040-126.jpg,P,Pavement,UP,Uncracked,0,P/UP
C:\Users\sumit\Desktop\kavita_capstone\dataset\P\UP\021-138.jpg,dataset/P/UP/021-138.jpg,P,Pavement,UP,Uncracked,0,P/UP
C:\Users\sumit\Desktop\kavita_capstone\dataset\P\UP\071-129.jpg,dataset/P/UP/071-129.jpg,P,Pavement,UP,Uncracked,0,P/UP
C:\Users\sumit\Desktop\kavita_capstone\dataset\P\CP\043-67.jpg,dataset/P/CP/043-67.jpg,P,Pavement,CP,Cracked,1,P/CP
C:\Users\sumit\Desktop\kavita_capstone\dataset\P\UP\051-13.jpg,dataset/P/UP/051-13.jpg,P,Pavement,UP,Uncracked,0,P/UP
C:\Users\sumit\Desktop\kavita_capstone\dataset\D\CD\7019-20.jpg,dataset/D/CD/7019-20.jpg,D,Deck,CD,Cracked,1,D/CD
C:\Users\sumit\Desktop\kavita_capstone\dataset\P\UP\036-68.jpg,dataset/P/UP/036-68.jpg,P,Pavement,UP,Uncracked,0,P/UP
C:\Users\sumit\Desktop\kavita_capstone\dataset\P\UP\009-227.jpg,dataset/P/UP/009-227.jpg,P,Pavement,UP,Uncracked,0,P/UP
C:\Users\sumit\Desktop\kavita_capstone\dataset\P\UP\062-68.jpg,dataset/P/UP/062-68.jpg,P,Pavement,UP,Uncracked,0,P/UP
C:\Users\sumit\Desktop\kavita_capstone\dataset\W\UW\7117-193.jpg,dataset/W/UW/7117-193.jpg,W,Wall,UW,Uncracked,0,W/UW
C:\Users\sumit\Desktop\kavita_capstone\dataset\D\CD\7010-166.jpg,dataset/D/CD/7010-166.jpg,D,Deck,CD,Cracked,1,D/CD
C:\Users\sumit\Desktop\kavita_capstone\dataset\W\UW\7121-221.jpg,dataset/W/UW/7121-221.jpg,W,Wall,UW,Uncracked,0,W/UW
C:\Users\sumit\Desktop\kavita_capstone\dataset\P\CP\074-104.jpg,dataset/P/CP/074-104.jpg,P,Pavement,CP,Cracked,1,P/CP
C:\Users\sumit\Desktop\kavita_capstone\dataset\D\UD\7041-194.jpg,dataset/D/UD/7041-194.jpg,D,Deck,UD,Uncracked,0,D/UD
C:\Users\sumit\Desktop\kavita_capstone\dataset\P\CP\003-97.jpg,dataset/P/CP/003-97.jpg,P,Pavement,CP,Cracked,1,P/CP
C:\Users\sumit\Desktop\kavita_capstone\dataset\W\CW\7113-108.jpg,dataset/W/CW/7113-108.jpg,W,Wall,CW,Cracked,1,W/CW
C:\Users\sumit\Desktop\kavita_capstone\dataset\W\CW\7108-135.jpg,dataset/W/CW/7108-135.jpg,W,Wall,CW,Cracked,1,W/CW
C:\Users\sumit\Desktop\kavita_capstone\dataset\W\UW\7127-111.jpg,dataset/W/UW/7127-111.jpg,W,Wall,UW,Uncracked,0,W/UW
C:\Users\sumit\Desktop\kavita_capstone\dataset\D\CD\7021-64.jpg,dataset/D/CD/7021-64.jpg,D,Deck,CD,Cracked,1,D/CD
C:\Users\sumit\Desktop\kavita_capstone\dataset\W\CW\7081-218.jpg,dataset/W/CW/7081-218.jpg,W,Wall,CW,Cracked,1,W/CW
C:\Users\sumit\Desktop\kavita_capstone\dataset\D\UD\7019-7.jpg,dataset/D/UD/7019-7.jpg,D,Deck,UD,Uncracked,0,D/UD
C:\Users\sumit\Desktop\kavita_capstone\dataset\P\UP\071-194.jpg,dataset/P/UP/071-194.jpg,P,Pavement,UP,Uncracked,0,P/UP
C:\Users\sumit\Desktop\kavita_capstone\dataset\D\UD\7039-237.jpg,dataset/D/UD/7039-237.jpg,D,Deck,UD,Uncracked,0,D/UD
C:\Users\sumit\Desktop\kavita_capstone\dataset\W\CW\7113-86.jpg,dataset/W/CW/7113-86.jpg,W,Wall,CW,Cracked,1,W/CW
C:\Users\sumit\Desktop\kavita_capstone\dataset\W\UW\7109-36.jpg,dataset/W/UW/7109-36.jpg,W,Wall,UW,Uncracked,0,W/UW
C:\Users\sumit\Desktop\kavita_capstone\dataset\D\CD\7011-190.jpg,dataset/D/CD/7011-190.jpg,D,Deck,CD,Cracked,1,D/CD
C:\Users\sumit\Desktop\kavita_capstone\dataset\D\UD\7048-135.jpg,dataset/D/UD/7048-135.jpg,D,Deck,UD,Uncracked,0,D/UD
C:\Users\sumit\Desktop\kavita_capstone\dataset\W\CW\7086-115.jpg,dataset/W/CW/7086-115.jpg,W,Wall,CW,Cracked,1,W/CW
C:\Users\sumit\Desktop\kavita_capstone\dataset\P\CP\023-84.jpg,dataset/P/CP/023-84.jpg,P,Pavement,CP,Cracked,1,P/CP
C:\Users\sumit\Desktop\kavita_capstone\dataset\W\UW\7084-42.jpg,dataset/W/UW/7084-42.jpg,W,Wall,UW,Uncracked,0,W/UW
C:\Users\sumit\Desktop\kavita_capstone\dataset\D\UD\7057-87.jpg,dataset/D/UD/7057-87.jpg,D,Deck,UD,Uncracked,0,D/UD
C:\Users\sumit\Desktop\kavita_capstone\dataset\D\CD\7027-103.jpg,dataset/D/CD/7027-103.jpg,D,Deck,CD,Cracked,1,D/CD
C:\Users\sumit\Desktop\kavita_capstone\dataset\W\CW\7091-237.jpg,dataset/W/CW/7091-237.jpg,W,Wall,CW,Cracked,1,W/CW
C:\Users\sumit\Desktop\kavita_capstone\dataset\P\CP\030-232.jpg,dataset/P/CP/030-232.jpg,P,Pavement,CP,Cracked,1,P/CP
C:\Users\sumit\Desktop\kavita_capstone\dataset\D\CD\7001-86.jpg,dataset/D/CD/7001-86.jpg,D,Deck,CD,Cracked,1,D/CD
C:\Users\sumit\Desktop\kavita_capstone\dataset\P\CP\071-61.jpg,dataset/P/CP/071-61.jpg,P,Pavement,CP,Cracked,1,P/CP
C:\Users\sumit\Desktop\kavita_capstone\dataset\D\UD\7032-171.jpg,dataset/D/UD/7032-171.jpg,D,Deck,UD,Uncracked,0,D/UD
C:\Users\sumit\Desktop\kavita_capstone\dataset\D\UD\7012-71.jpg,dataset/D/UD/7012-71.jpg,D,Deck,UD,Uncracked,0,D/UD
C:\Users\sumit\Desktop\kavita_capstone\dataset\W\CW\7140-31_2.jpg,dataset/W/CW/7140-31_2.jpg,W,Wall,CW,Cracked,1,W/CW
C:\Users\sumit\Desktop\kavita_capstone\dataset\P\UP\096-39.jpg,dataset/P/UP/096-39.jpg,P,Pavement,UP,Uncracked,0,P/UP
C:\Users\sumit\Desktop\kavita_capstone\dataset\D\CD\7018-158.jpg,dataset/D/CD/7018-158.jpg,D,Deck,CD,Cracked,1,D/CD
C:\Users\sumit\Desktop\kavita_capstone\dataset\W\UW\7108-158.jpg,dataset/W/UW/7108-158.jpg,W,Wall,UW,Uncracked,0,W/UW
C:\Users\sumit\Desktop\kavita_capstone\dataset\P\CP\075-118.jpg,dataset/P/CP/075-118.jpg,P,Pavement,CP,Cracked,1,P/CP
C:\Users\sumit\Desktop\kavita_capstone\dataset\P\CP\039-117.jpg,dataset/P/CP/039-117.jpg,P,Pavement,CP,Cracked,1,P/CP
C:\Users\sumit\Desktop\kavita_capstone\dataset\D\UD\7006-218.jpg,dataset/D/UD/7006-218.jpg,D,Deck,UD,Uncracked,0,D/UD
C:\Users\sumit\Desktop\kavita_capstone\dataset\P\UP\058-35.jpg,dataset/P/UP/058-35.jpg,P,Pavement,UP,Uncracked,0,P/UP
C:\Users\sumit\Desktop\kavita_capstone\dataset\W\UW\7126-175.jpg,dataset/W/UW/7126-175.jpg,W,Wall,UW,Uncracked,0,W/UW
C:\Users\sumit\Desktop\kavita_capstone\dataset\W\UW\7101-247.jpg,dataset/W/UW/7101-247.jpg,W,Wall,UW,Uncracked,0,W/UW
C:\Users\sumit\Desktop\kavita_capstone\dataset\D\CD\7005-9.jpg,dataset/D/CD/7005-9.jpg,D,Deck,CD,Cracked,1,D/CD
C:\Users\sumit\Desktop\kavita_capstone\dataset\W\CW\7119-177.jpg,dataset/W/CW/7119-177.jpg,W,Wall,CW,Cracked,1,W/CW
C:\Users\sumit\Desktop\kavita_capstone\dataset\P\UP\067-14.jpg,dataset/P/UP/067-14.jpg,P,Pavement,UP,Uncracked,0,P/UP
C:\Users\sumit\Desktop\kavita_capstone\dataset\D\UD\7006-12.jpg,dataset/D/UD/7006-12.jpg,D,Deck,UD,Uncracked,0,D/UD
C:\Users\sumit\Desktop\kavita_capstone\dataset\P\CP\072-56.jpg,dataset/P/CP/072-56.jpg,P,Pavement,CP,Cracked,1,P/CP
C:\Users\sumit\Desktop\kavita_capstone\dataset\W\CW\7077-230.jpg,dataset/W/CW/7077-230.jpg,W,Wall,CW,Cracked,1,W/CW
C:\Users\sumit\Desktop\kavita_capstone\dataset\W\CW\7075-100.jpg,dataset/W/CW/7075-100.jpg,W,Wall,CW,Cracked,1,W/CW
C:\Users\sumit\Desktop\kavita_capstone\dataset\D\UD\7003-28.jpg,dataset/D/UD/7003-28.jpg,D,Deck,UD,Uncracked,0,D/UD
C:\Users\sumit\Desktop\kavita_capstone\dataset\P\CP\076-114.jpg,dataset/P/CP/076-114.jpg,P,Pavement,CP,Cracked,1,P/CP
C:\Users\sumit\Desktop\kavita_capstone\dataset\W\CW\7084-241.jpg,dataset/W/CW/7084-241.jpg,W,Wall,CW,Cracked,1,W/CW
C:\Users\sumit\Desktop\kavita_capstone\dataset\D\CD\7019-210.jpg,dataset/D/CD/7019-210.jpg,D,Deck,CD,Cracked,1,D/CD
C:\Users\sumit\Desktop\kavita_capstone\dataset\W\UW\7082-132.jpg,dataset/W/UW/7082-132.jpg,W,Wall,UW,Uncracked,0,W/UW
C:\Users\sumit\Desktop\kavita_capstone\dataset\D\UD\7009-147.jpg,dataset/D/UD/7009-147.jpg,D,Deck,UD,Uncracked,0,D/UD
C:\Users\sumit\Desktop\kavita_capstone\dataset\D\CD\7024-242.jpg,dataset/D/CD/7024-242.jpg,D,Deck,CD,Cracked,1,D/CD
C:\Users\sumit\Desktop\kavita_capstone\dataset\D\CD\7026-187.jpg,dataset/D/CD/7026-187.jpg,D,Deck,CD,Cracked,1,D/CD
C:\Users\sumit\Desktop\kavita_capstone\dataset\W\CW\7090-192.jpg,dataset/W/CW/7090-192.jpg,W,Wall,CW,Cracked,1,W/CW
C:\Users\sumit\Desktop\kavita_capstone\dataset\D\UD\7026-200.jpg,dataset/D/UD/7026-200.jpg,D,Deck,UD,Uncracked,0,D/UD
C:\Users\sumit\Desktop\kavita_capstone\dataset\D\CD\7006-228.jpg,dataset/D/CD/7006-228.jpg,D,Deck,CD,Cracked,1,D/CD
C:\Users\sumit\Desktop\kavita_capstone\dataset\P\UP\022-110.jpg,dataset/P/UP/022-110.jpg,P,Pavement,UP,Uncracked,0,P/UP
C:\Users\sumit\Desktop\kavita_capstone\dataset\D\UD\7003-51.jpg,dataset/D/UD/7003-51.jpg,D,Deck,UD,Uncracked,0,D/UD
C:\Users\sumit\Desktop\kavita_capstone\dataset\P\UP\101-183.jpg,dataset/P/UP/101-183.jpg,P,Pavement,UP,Uncracked,0,P/UP
C:\Users\sumit\Desktop\kavita_capstone\dataset\D\UD\7035-177.jpg,dataset/D/UD/7035-177.jpg,D,Deck,UD,Uncracked,0,D/UD
C:\Users\sumit\Desktop\kavita_capstone\dataset\D\UD\7046-37.jpg,dataset/D/UD/7046-37.jpg,D,Deck,UD,Uncracked,0,D/UD
C:\Users\sumit\Desktop\kavita_capstone\dataset\W\CW\7100-231.jpg,dataset/W/CW/7100-231.jpg,W,Wall,CW,Cracked,1,W/CW
C:\Users\sumit\Desktop\kavita_capstone\dataset\W\CW\7114-154.jpg,dataset/W/CW/7114-154.jpg,W,Wall,CW,Cracked,1,W/CW
C:\Users\sumit\Desktop\kavita_capstone\dataset\W\CW\7069-138.jpg,dataset/W/CW/7069-138.jpg,W,Wall,CW,Cracked,1,W/CW
C:\Users\sumit\Desktop\kavita_capstone\dataset\D\CD\7004-122.jpg,dataset/D/CD/7004-122.jpg,D,Deck,CD,Cracked,1,D/CD
C:\Users\sumit\Desktop\kavita_capstone\dataset\W\UW\7140-169.jpg,dataset/W/UW/7140-169.jpg,W,Wall,UW,Uncracked,0,W/UW
C:\Users\sumit\Desktop\kavita_capstone\dataset\P\CP\006-105.jpg,dataset/P/CP/006-105.jpg,P,Pavement,CP,Cracked,1,P/CP
C:\Users\sumit\Desktop\kavita_capstone\dataset\W\UW\7118-54.jpg,dataset/W/UW/7118-54.jpg,W,Wall,UW,Uncracked,0,W/UW
C:\Users\sumit\Desktop\kavita_capstone\dataset\W\CW\7085-16.jpg,dataset/W/CW/7085-16.jpg,W,Wall,CW,Cracked,1,W/CW
C:\Users\sumit\Desktop\kavita_capstone\dataset\W\UW\7125-14.jpg,dataset/W/UW/7125-14.jpg,W,Wall,UW,Uncracked,0,W/UW
C:\Users\sumit\Desktop\kavita_capstone\dataset\D\CD\7027-188.jpg,dataset/D/CD/7027-188.jpg,D,Deck,CD,Cracked,1,D/CD
C:\Users\sumit\Desktop\kavita_capstone\dataset\D\CD\7012-137.jpg,dataset/D/CD/7012-137.jpg,D,Deck,CD,Cracked,1,D/CD
C:\Users\sumit\Desktop\kavita_capstone\dataset\W\CW\7098-25.jpg,dataset/W/CW/7098-25.jpg,W,Wall,CW,Cracked,1,W/CW
C:\Users\sumit\Desktop\kavita_capstone\dataset\D\UD\7008-71.jpg,dataset/D/UD/7008-71.jpg,D,Deck,UD,Uncracked,0,D/UD
C:\Users\sumit\Desktop\kavita_capstone\dataset\P\UP\069-229.jpg,dataset/P/UP/069-229.jpg,P,Pavement,UP,Uncracked,0,P/UP
C:\Users\sumit\Desktop\kavita_capstone\dataset\W\CW\7105-171.jpg,dataset/W/CW/7105-171.jpg,W,Wall,CW,Cracked,1,W/CW
C:\Users\sumit\Desktop\kavita_capstone\dataset\W\CW\7090-85.jpg,dataset/W/CW/7090-85.jpg,W,Wall,CW,Cracked,1,W/CW
C:\Users\sumit\Desktop\kavita_capstone\dataset\W\CW\7074-118.jpg,dataset/W/CW/7074-118.jpg,W,Wall,CW,Cracked,1,W/CW
C:\Users\sumit\Desktop\kavita_capstone\dataset\P\CP\052-84.jpg,dataset/P/CP/052-84.jpg,P,Pavement,CP,Cracked,1,P/CP
C:\Users\sumit\Desktop\kavita_capstone\dataset\P\CP\093-14.jpg,dataset/P/CP/093-14.jpg,P,Pavement,CP,Cracked,1,P/CP
C:\Users\sumit\Desktop\kavita_capstone\dataset\D\CD\7036-222.jpg,dataset/D/CD/7036-222.jpg,D,Deck,CD,Cracked,1,D/CD
C:\Users\sumit\Desktop\kavita_capstone\dataset\P\UP\093-214.jpg,dataset/P/UP/093-214.jpg,P,Pavement,UP,Uncracked,0,P/UP
C:\Users\sumit\Desktop\kavita_capstone\dataset\W\UW\7121-89.jpg,dataset/W/UW/7121-89.jpg,W,Wall,UW,Uncracked,0,W/UW
C:\Users\sumit\Desktop\kavita_capstone\dataset\D\CD\7052-61.jpg,dataset/D/CD/7052-61.jpg,D,Deck,CD,Cracked,1,D/CD
C:\Users\sumit\Desktop\kavita_capstone\dataset\P\UP\026-47.jpg,dataset/P/UP/026-47.jpg,P,Pavement,UP,Uncracked,0,P/UP
C:\Users\sumit\Desktop\kavita_capstone\dataset\P\UP\058-120.jpg,dataset/P/UP/058-120.jpg,P,Pavement,UP,Uncracked,0,P/UP
C:\Users\sumit\Desktop\kavita_capstone\dataset\D\UD\7013-226.jpg,dataset/D/UD/7013-226.jpg,D,Deck,UD,Uncracked,0,D/UD
C:\Users\sumit\Desktop\kavita_capstone\dataset\W\UW\7082-109.jpg,dataset/W/UW/7082-109.jpg,W,Wall,UW,Uncracked,0,W/UW
C:\Users\sumit\Desktop\kavita_capstone\dataset\D\CD\7002-41.jpg,dataset/D/CD/7002-41.jpg,D,Deck,CD,Cracked,1,D/CD
C:\Users\sumit\Desktop\kavita_capstone\dataset\D\CD\7029-148.jpg,dataset/D/CD/7029-148.jpg,D,Deck,CD,Cracked,1,D/CD
C:\Users\sumit\Desktop\kavita_capstone\dataset\D\UD\7023-191.jpg,dataset/D/UD/7023-191.jpg,D,Deck,UD,Uncracked,0,D/UD
C:\Users\sumit\Desktop\kavita_capstone\dataset\D\UD\7006-186.jpg,dataset/D/UD/7006-186.jpg,D,Deck,UD,Uncracked,0,D/UD
C:\Users\sumit\Desktop\kavita_capstone\dataset\W\UW\7082-11.jpg,dataset/W/UW/7082-11.jpg,W,Wall,UW,Uncracked,0,W/UW
C:\Users\sumit\Desktop\kavita_capstone\dataset\D\UD\7015-34.jpg,dataset/D/UD/7015-34.jpg,D,Deck,UD,Uncracked,0,D/UD
C:\Users\sumit\Desktop\kavita_capstone\dataset\P\CP\020-44.jpg,dataset/P/CP/020-44.jpg,P,Pavement,CP,Cracked,1,P/CP
C:\Users\sumit\Desktop\kavita_capstone\dataset\W\CW\7093-112.jpg,dataset/W/CW/7093-112.jpg,W,Wall,CW,Cracked,1,W/CW
C:\Users\sumit\Desktop\kavita_capstone\dataset\W\UW\7114-193.jpg,dataset/W/UW/7114-193.jpg,W,Wall,UW,Uncracked,0,W/UW
C:\Users\sumit\Desktop\kavita_capstone\dataset\D\UD\7026-97.jpg,dataset/D/UD/7026-97.jpg,D,Deck,UD,Uncracked,0,D/UD
C:\Users\sumit\Desktop\kavita_capstone\dataset\D\UD\7046-54.jpg,dataset/D/UD/7046-54.jpg,D,Deck,UD,Uncracked,0,D/UD
C:\Users\sumit\Desktop\kavita_capstone\dataset\W\UW\7073-51.jpg,dataset/W/UW/7073-51.jpg,W,Wall,UW,Uncracked,0,W/UW
C:\Users\sumit\Desktop\kavita_capstone\dataset\P\UP\006-13.jpg,dataset/P/UP/006-13.jpg,P,Pavement,UP,Uncracked,0,P/UP
C:\Users\sumit\Desktop\kavita_capstone\dataset\P\CP\008-146.jpg,dataset/P/CP/008-146.jpg,P,Pavement,CP,Cracked,1,P/CP
C:\Users\sumit\Desktop\kavita_capstone\dataset\P\UP\011-110.jpg,dataset/P/UP/011-110.jpg,P,Pavement,UP,Uncracked,0,P/UP
C:\Users\sumit\Desktop\kavita_capstone\dataset\D\UD\7014-46.jpg,dataset/D/UD/7014-46.jpg,D,Deck,UD,Uncracked,0,D/UD
C:\Users\sumit\Desktop\kavita_capstone\dataset\P\UP\085-107.jpg,dataset/P/UP/085-107.jpg,P,Pavement,UP,Uncracked,0,P/UP
C:\Users\sumit\Desktop\kavita_capstone\dataset\P\UP\069-147.jpg,dataset/P/UP/069-147.jpg,P,Pavement,UP,Uncracked,0,P/UP
C:\Users\sumit\Desktop\kavita_capstone\dataset\P\CP\034-78.jpg,dataset/P/CP/034-78.jpg,P,Pavement,CP,Cracked,1,P/CP
C:\Users\sumit\Desktop\kavita_capstone\dataset\P\UP\104-154.jpg,dataset/P/UP/104-154.jpg,P,Pavement,UP,Uncracked,0,P/UP
C:\Users\sumit\Desktop\kavita_capstone\dataset\W\UW\7071-252.jpg,dataset/W/UW/7071-252.jpg,W,Wall,UW,Uncracked,0,W/UW
C:\Users\sumit\Desktop\kavita_capstone\dataset\P\UP\076-166.jpg,dataset/P/UP/076-166.jpg,P,Pavement,UP,Uncracked,0,P/UP
C:\Users\sumit\Desktop\kavita_capstone\dataset\D\CD\7057-222.jpg,dataset/D/CD/7057-222.jpg,D,Deck,CD,Cracked,1,D/CD
C:\Users\sumit\Desktop\kavita_capstone\dataset\D\CD\7029-141.jpg,dataset/D/CD/7029-141.jpg,D,Deck,CD,Cracked,1,D/CD
C:\Users\sumit\Desktop\kavita_capstone\dataset\W\UW\7104-182.jpg,dataset/W/UW/7104-182.jpg,W,Wall,UW,Uncracked,0,W/UW
C:\Users\sumit\Desktop\kavita_capstone\dataset\W\CW\7072-196.jpg,dataset/W/CW/7072-196.jpg,W,Wall,CW,Cracked,1,W/CW
C:\Users\sumit\Desktop\kavita_capstone\dataset\P\CP\088-139.jpg,dataset/P/CP/088-139.jpg,P,Pavement,CP,Cracked,1,P/CP
C:\Users\sumit\Desktop\kavita_capstone\dataset\W\UW\7075-32.jpg,dataset/W/UW/7075-32.jpg,W,Wall,UW,Uncracked,0,W/UW
C:\Users\sumit\Desktop\kavita_capstone\dataset\P\CP\041-144.jpg,dataset/P/CP/041-144.jpg,P,Pavement,CP,Cracked,1,P/CP
C:\Users\sumit\Desktop\kavita_capstone\dataset\D\CD\7020-224.jpg,dataset/D/CD/7020-224.jpg,D,Deck,CD,Cracked,1,D/CD
C:\Users\sumit\Desktop\kavita_capstone\dataset\P\UP\047-147.jpg,dataset/P/UP/047-147.jpg,P,Pavement,UP,Uncracked,0,P/UP
C:\Users\sumit\Desktop\kavita_capstone\dataset\P\CP\011-113.jpg,dataset/P/CP/011-113.jpg,P,Pavement,CP,Cracked,1,P/CP
C:\Users\sumit\Desktop\kavita_capstone\dataset\P\UP\076-33.jpg,dataset/P/UP/076-33.jpg,P,Pavement,UP,Uncracked,0,P/UP
C:\Users\sumit\Desktop\kavita_capstone\dataset\P\CP\069-55.jpg,dataset/P/CP/069-55.jpg,P,Pavement,CP,Cracked,1,P/CP
C:\Users\sumit\Desktop\kavita_capstone\dataset\D\CD\7033-188.jpg,dataset/D/CD/7033-188.jpg,D,Deck,CD,Cracked,1,D/CD
C:\Users\sumit\Desktop\kavita_capstone\dataset\P\CP\019-119.jpg,dataset/P/CP/019-119.jpg,P,Pavement,CP,Cracked,1,P/CP
C:\Users\sumit\Desktop\kavita_capstone\dataset\W\UW\7123-90.jpg,dataset/W/UW/7123-90.jpg,W,Wall,UW,Uncracked,0,W/UW
C:\Users\sumit\Desktop\kavita_capstone\dataset\W\CW\7077-5.jpg,dataset/W/CW/7077-5.jpg,W,Wall,CW,Cracked,1,W/CW
C:\Users\sumit\Desktop\kavita_capstone\dataset\P\CP\059-73.jpg,dataset/P/CP/059-73.jpg,P,Pavement,CP,Cracked,1,P/CP
C:\Users\sumit\Desktop\kavita_capstone\dataset\D\UD\7012-62.jpg,dataset/D/UD/7012-62.jpg,D,Deck,UD,Uncracked,0,D/UD
C:\Users\sumit\Desktop\kavita_capstone\dataset\W\UW\7119-44.jpg,dataset/W/UW/7119-44.jpg,W,Wall,UW,Uncracked,0,W/UW
C:\Users\sumit\Desktop\kavita_capstone\dataset\P\CP\044-102.jpg,dataset/P/CP/044-102.jpg,P,Pavement,CP,Cracked,1,P/CP
C:\Users\sumit\Desktop\kavita_capstone\dataset\D\UD\7037-103.jpg,dataset/D/UD/7037-103.jpg,D,Deck,UD,Uncracked,0,D/UD
C:\Users\sumit\Desktop\kavita_capstone\dataset\D\CD\7035-15.jpg,dataset/D/CD/7035-15.jpg,D,Deck,CD,Cracked,1,D/CD
C:\Users\sumit\Desktop\kavita_capstone\dataset\P\CP\068-91.jpg,dataset/P/CP/068-91.jpg,P,Pavement,CP,Cracked,1,P/CP
C:\Users\sumit\Desktop\kavita_capstone\dataset\P\CP\072-42.jpg,dataset/P/CP/072-42.jpg,P,Pavement,CP,Cracked,1,P/CP
C:\Users\sumit\Desktop\kavita_capstone\dataset\D\CD\7013-168.jpg,dataset/D/CD/7013-168.jpg,D,Deck,CD,Cracked,1,D/CD
C:\Users\sumit\Desktop\kavita_capstone\dataset\D\UD\7044-132.jpg,dataset/D/UD/7044-132.jpg,D,Deck,UD,Uncracked,0,D/UD
C:\Users\sumit\Desktop\kavita_capstone\dataset\W\UW\7106-166.jpg,dataset/W/UW/7106-166.jpg,W,Wall,UW,Uncracked,0,W/UW
C:\Users\sumit\Desktop\kavita_capstone\dataset\D\UD\7036-141.jpg,dataset/D/UD/7036-141.jpg,D,Deck,UD,Uncracked,0,D/UD
C:\Users\sumit\Desktop\kavita_capstone\dataset\D\UD\7023-169.jpg,dataset/D/UD/7023-169.jpg,D,Deck,UD,Uncracked,0,D/UD
C:\Users\sumit\Desktop\kavita_capstone\dataset\P\CP\095-228.jpg,dataset/P/CP/095-228.jpg,P,Pavement,CP,Cracked,1,P/CP
C:\Users\sumit\Desktop\kavita_capstone\dataset\P\UP\049-227.jpg,dataset/P/UP/049-227.jpg,P,Pavement,UP,Uncracked,0,P/UP
C:\Users\sumit\Desktop\kavita_capstone\dataset\P\CP\017-106.jpg,dataset/P/CP/017-106.jpg,P,Pavement,CP,Cracked,1,P/CP
C:\Users\sumit\Desktop\kavita_capstone\dataset\D\UD\7050-46.jpg,dataset/D/UD/7050-46.jpg,D,Deck,UD,Uncracked,0,D/UD
C:\Users\sumit\Desktop\kavita_capstone\dataset\P\UP\028-46.jpg,dataset/P/UP/028-46.jpg,P,Pavement,UP,Uncracked,0,P/UP
C:\Users\sumit\Desktop\kavita_capstone\dataset\W\CW\7127-166.jpg,dataset/W/CW/7127-166.jpg,W,Wall,CW,Cracked,1,W/CW
C:\Users\sumit\Desktop\kavita_capstone\dataset\D\UD\7047-39.jpg,dataset/D/UD/7047-39.jpg,D,Deck,UD,Uncracked,0,D/UD
C:\Users\sumit\Desktop\kavita_capstone\dataset\W\UW\7075-168.jpg,dataset/W/UW/7075-168.jpg,W,Wall,UW,Uncracked,0,W/UW
C:\Users\sumit\Desktop\kavita_capstone\dataset\W\CW\7102-59.jpg,dataset/W/CW/7102-59.jpg,W,Wall,CW,Cracked,1,W/CW
C:\Users\sumit\Desktop\kavita_capstone\dataset\W\UW\7122-197.jpg,dataset/W/UW/7122-197.jpg,W,Wall,UW,Uncracked,0,W/UW
C:\Users\sumit\Desktop\kavita_capstone\dataset\P\CP\094-79.jpg,dataset/P/CP/094-79.jpg,P,Pavement,CP,Cracked,1,P/CP
C:\Users\sumit\Desktop\kavita_capstone\dataset\D\CD\7014-81.jpg,dataset/D/CD/7014-81.jpg,D,Deck,CD,Cracked,1,D/CD
C:\Users\sumit\Desktop\kavita_capstone\dataset\D\UD\7035-116.jpg,dataset/D/UD/7035-116.jpg,D,Deck,UD,Uncracked,0,D/UD
C:\Users\sumit\Desktop\kavita_capstone\dataset\P\CP\007-94.jpg,dataset/P/CP/007-94.jpg,P,Pavement,CP,Cracked,1,P/CP
C:\Users\sumit\Desktop\kavita_capstone\dataset\P\CP\084-157.jpg,dataset/P/CP/084-157.jpg,P,Pavement,CP,Cracked,1,P/CP
C:\Users\sumit\Desktop\kavita_capstone\dataset\P\UP\027-196.jpg,dataset/P/UP/027-196.jpg,P,Pavement,UP,Uncracked,0,P/UP
C:\Users\sumit\Desktop\kavita_capstone\dataset\P\CP\094-167.jpg,dataset/P/CP/094-167.jpg,P,Pavement,CP,Cracked,1,P/CP
C:\Users\sumit\Desktop\kavita_capstone\dataset\W\UW\7077-76.jpg,dataset/W/UW/7077-76.jpg,W,Wall,UW,Uncracked,0,W/UW
C:\Users\sumit\Desktop\kavita_capstone\dataset\P\UP\002-71.jpg,dataset/P/UP/002-71.jpg,P,Pavement,UP,Uncracked,0,P/UP
C:\Users\sumit\Desktop\kavita_capstone\dataset\D\UD\7057-41.jpg,dataset/D/UD/7057-41.jpg,D,Deck,UD,Uncracked,0,D/UD
C:\Users\sumit\Desktop\kavita_capstone\dataset\W\CW\7092-189.jpg,dataset/W/CW/7092-189.jpg,W,Wall,CW,Cracked,1,W/CW
C:\Users\sumit\Desktop\kavita_capstone\dataset\D\CD\7035-11.jpg,dataset/D/CD/7035-11.jpg,D,Deck,CD,Cracked,1,D/CD
C:\Users\sumit\Desktop\kavita_capstone\dataset\P\UP\006-154.jpg,dataset/P/UP/006-154.jpg,P,Pavement,UP,Uncracked,0,P/UP
C:\Users\sumit\Desktop\kavita_capstone\dataset\W\UW\7106-128.jpg,dataset/W/UW/7106-128.jpg,W,Wall,UW,Uncracked,0,W/UW
C:\Users\sumit\Desktop\kavita_capstone\dataset\W\UW\7096-85.jpg,dataset/W/UW/7096-85.jpg,W,Wall,UW,Uncracked,0,W/UW
C:\Users\sumit\Desktop\kavita_capstone\dataset\D\CD\7005-142.jpg,dataset/D/CD/7005-142.jpg,D,Deck,CD,Cracked,1,D/CD
C:\Users\sumit\Desktop\kavita_capstone\dataset\P\CP\083-142.jpg,dataset/P/CP/083-142.jpg,P,Pavement,CP,Cracked,1,P/CP
C:\Users\sumit\Desktop\kavita_capstone\dataset\P\UP\024-211.jpg,dataset/P/UP/024-211.jpg,P,Pavement,UP,Uncracked,0,P/UP
C:\Users\sumit\Desktop\kavita_capstone\dataset\P\CP\050-78.jpg,dataset/P/CP/050-78.jpg,P,Pavement,CP,Cracked,1,P/CP
C:\Users\sumit\Desktop\kavita_capstone\dataset\W\CW\7124-75.jpg,dataset/W/CW/7124-75.jpg,W,Wall,CW,Cracked,1,W/CW
C:\Users\sumit\Desktop\kavita_capstone\dataset\D\UD\7045-47.jpg,dataset/D/UD/7045-47.jpg,D,Deck,UD,Uncracked,0,D/UD
C:\Users\sumit\Desktop\kavita_capstone\dataset\W\UW\7104-62.jpg,dataset/W/UW/7104-62.jpg,W,Wall,UW,Uncracked,0,W/UW
C:\Users\sumit\Desktop\kavita_capstone\dataset\P\CP\095-74.jpg,dataset/P/CP/095-74.jpg,P,Pavement,CP,Cracked,1,P/CP
C:\Users\sumit\Desktop\kavita_capstone\dataset\D\CD\7023-46.jpg,dataset/D/CD/7023-46.jpg,D,Deck,CD,Cracked,1,D/CD
C:\Users\sumit\Desktop\kavita_capstone\dataset\P\UP\058-99.jpg,dataset/P/UP/058-99.jpg,P,Pavement,UP,Uncracked,0,P/UP
C:\Users\sumit\Desktop\kavita_capstone\dataset\D\UD\7009-28.jpg,dataset/D/UD/7009-28.jpg,D,Deck,UD,Uncracked,0,D/UD
C:\Users\sumit\Desktop\kavita_capstone\dataset\W\UW\7093-236.jpg,dataset/W/UW/7093-236.jpg,W,Wall,UW,Uncracked,0,W/UW
C:\Users\sumit\Desktop\kavita_capstone\dataset\P\UP\099-142.jpg,dataset/P/UP/099-142.jpg,P,Pavement,UP,Uncracked,0,P/UP
C:\Users\sumit\Desktop\kavita_capstone\dataset\W\CW\7069-170.jpg,dataset/W/CW/7069-170.jpg,W,Wall,CW,Cracked,1,W/CW
C:\Users\sumit\Desktop\kavita_capstone\dataset\D\UD\7008-84.jpg,dataset/D/UD/7008-84.jpg,D,Deck,UD,Uncracked,0,D/UD
C:\Users\sumit\Desktop\kavita_capstone\dataset\W\CW\7115-188.jpg,dataset/W/CW/7115-188.jpg,W,Wall,CW,Cracked,1,W/CW
C:\Users\sumit\Desktop\kavita_capstone\dataset\P\CP\071-60.jpg,dataset/P/CP/071-60.jpg,P,Pavement,CP,Cracked,1,P/CP
C:\Users\sumit\Desktop\kavita_capstone\dataset\P\UP\065-12.jpg,dataset/P/UP/065-12.jpg,P,Pavement,UP,Uncracked,0,P/UP
C:\Users\sumit\Desktop\kavita_capstone\dataset\W\UW\7114-57.jpg,dataset/W/UW/7114-57.jpg,W,Wall,UW,Uncracked,0,W/UW
C:\Users\sumit\Desktop\kavita_capstone\dataset\P\CP\018-84.jpg,dataset/P/CP/018-84.jpg,P,Pavement,CP,Cracked,1,P/CP
C:\Users\sumit\Desktop\kavita_capstone\dataset\P\UP\020-232.jpg,dataset/P/UP/020-232.jpg,P,Pavement,UP,Uncracked,0,P/UP
C:\Users\sumit\Desktop\kavita_capstone\dataset\D\CD\7036-219.jpg,dataset/D/CD/7036-219.jpg,D,Deck,CD,Cracked,1,D/CD
C:\Users\sumit\Desktop\kavita_capstone\dataset\P\UP\092-108.jpg,dataset/P/UP/092-108.jpg,P,Pavement,UP,Uncracked,0,P/UP
C:\Users\sumit\Desktop\kavita_capstone\dataset\W\UW\7109-12.jpg,dataset/W/UW/7109-12.jpg,W,Wall,UW,Uncracked,0,W/UW
C:\Users\sumit\Desktop\kavita_capstone\dataset\D\UD\7014-234.jpg,dataset/D/UD/7014-234.jpg,D,Deck,UD,Uncracked,0,D/UD
C:\Users\sumit\Desktop\kavita_capstone\dataset\P\UP\072-91.jpg,dataset/P/UP/072-91.jpg,P,Pavement,UP,Uncracked,0,P/UP
C:\Users\sumit\Desktop\kavita_capstone\dataset\W\UW\7070-121.jpg,dataset/W/UW/7070-121.jpg,W,Wall,UW,Uncracked,0,W/UW
C:\Users\sumit\Desktop\kavita_capstone\dataset\D\CD\7011-43.jpg,dataset/D/CD/7011-43.jpg,D,Deck,CD,Cracked,1,D/CD
C:\Users\sumit\Desktop\kavita_capstone\dataset\P\CP\095-98.jpg,dataset/P/CP/095-98.jpg,P,Pavement,CP,Cracked,1,P/CP
C:\Users\sumit\Desktop\kavita_capstone\dataset\P\CP\100-94.jpg,dataset/P/CP/100-94.jpg,P,Pavement,CP,Cracked,1,P/CP
C:\Users\sumit\Desktop\kavita_capstone\dataset\P\UP\077-154.jpg,dataset/P/UP/077-154.jpg,P,Pavement,UP,Uncracked,0,P/UP
C:\Users\sumit\Desktop\kavita_capstone\dataset\W\CW\7086-172.jpg,dataset/W/CW/7086-172.jpg,W,Wall,CW,Cracked,1,W/CW
C:\Users\sumit\Desktop\kavita_capstone\dataset\P\UP\050-227.jpg,dataset/P/UP/050-227.jpg,P,Pavement,UP,Uncracked,0,P/UP
C:\Users\sumit\Desktop\kavita_capstone\dataset\W\CW\7077-48.jpg,dataset/W/CW/7077-48.jpg,W,Wall,CW,Cracked,1,W/CW
C:\Users\sumit\Desktop\kavita_capstone\dataset\W\CW\7086-88.jpg,dataset/W/CW/7086-88.jpg,W,Wall,CW,Cracked,1,W/CW
C:\Users\sumit\Desktop\kavita_capstone\dataset\W\UW\7069-103.jpg,dataset/W/UW/7069-103.jpg,W,Wall,UW,Uncracked,0,W/UW
C:\Users\sumit\Desktop\kavita_capstone\dataset\P\UP\073-184.jpg,dataset/P/UP/073-184.jpg,P,Pavement,UP,Uncracked,0,P/UP
C:\Users\sumit\Desktop\kavita_capstone\dataset\D\CD\7002-86.jpg,dataset/D/CD/7002-86.jpg,D,Deck,CD,Cracked,1,D/CD
C:\Users\sumit\Desktop\kavita_capstone\dataset\D\CD\7026-239.jpg,dataset/D/CD/7026-239.jpg,D,Deck,CD,Cracked,1,D/CD
C:\Users\sumit\Desktop\kavita_capstone\dataset\P\CP\104-106.jpg,dataset/P/CP/104-106.jpg,P,Pavement,CP,Cracked,1,P/CP
C:\Users\sumit\Desktop\kavita_capstone\dataset\W\UW\7128-131.jpg,dataset/W/UW/7128-131.jpg,W,Wall,UW,Uncracked,0,W/UW
C:\Users\sumit\Desktop\kavita_capstone\dataset\P\UP\056-141.jpg,dataset/P/UP/056-141.jpg,P,Pavement,UP,Uncracked,0,P/UP
C:\Users\sumit\Desktop\kavita_capstone\dataset\P\CP\061-100.jpg,dataset/P/CP/061-100.jpg,P,Pavement,CP,Cracked,1,P/CP
C:\Users\sumit\Desktop\kavita_capstone\dataset\D\UD\7022-146.jpg,dataset/D/UD/7022-146.jpg,D,Deck,UD,Uncracked,0,D/UD
C:\Users\sumit\Desktop\kavita_capstone\dataset\D\CD\7049-63.jpg,dataset/D/CD/7049-63.jpg,D,Deck,CD,Cracked,1,D/CD
C:\Users\sumit\Desktop\kavita_capstone\dataset\D\UD\7033-157.jpg,dataset/D/UD/7033-157.jpg,D,Deck,UD,Uncracked,0,D/UD
C:\Users\sumit\Desktop\kavita_capstone\dataset\D\CD\7012-37.jpg,dataset/D/CD/7012-37.jpg,D,Deck,CD,Cracked,1,D/CD
C:\Users\sumit\Desktop\kavita_capstone\dataset\D\CD\7011-177.jpg,dataset/D/CD/7011-177.jpg,D,Deck,CD,Cracked,1,D/CD
C:\Users\sumit\Desktop\kavita_capstone\dataset\D\CD\7034-11.jpg,dataset/D/CD/7034-11.jpg,D,Deck,CD,Cracked,1,D/CD
C:\Users\sumit\Desktop\kavita_capstone\dataset\P\UP\084-128.jpg,dataset/P/UP/084-128.jpg,P,Pavement,UP,Uncracked,0,P/UP
C:\Users\sumit\Desktop\kavita_capstone\dataset\P\CP\088-101.jpg,dataset/P/CP/088-101.jpg,P,Pavement,CP,Cracked,1,P/CP
C:\Users\sumit\Desktop\kavita_capstone\dataset\P\UP\072-175.jpg,dataset/P/UP/072-175.jpg,P,Pavement,UP,Uncracked,0,P/UP
C:\Users\sumit\Desktop\kavita_capstone\dataset\W\CW\7081-196.jpg,dataset/W/CW/7081-196.jpg,W,Wall,CW,Cracked,1,W/CW
C:\Users\sumit\Desktop\kavita_capstone\dataset\W\CW\7096-140.jpg,dataset/W/CW/7096-140.jpg,W,Wall,CW,Cracked,1,W/CW
C:\Users\sumit\Desktop\kavita_capstone\dataset\D\CD\7024-127.jpg,dataset/D/CD/7024-127.jpg,D,Deck,CD,Cracked,1,D/CD
C:\Users\sumit\Desktop\kavita_capstone\dataset\D\CD\7027-189.jpg,dataset/D/CD/7027-189.jpg,D,Deck,CD,Cracked,1,D/CD
C:\Users\sumit\Desktop\kavita_capstone\dataset\W\CW\7136-48.jpg,dataset/W/CW/7136-48.jpg,W,Wall,CW,Cracked,1,W/CW
C:\Users\sumit\Desktop\kavita_capstone\dataset\D\UD\7001-232.jpg,dataset/D/UD/7001-232.jpg,D,Deck,UD,Uncracked,0,D/UD
C:\Users\sumit\Desktop\kavita_capstone\dataset\W\CW\7076-26.jpg,dataset/W/CW/7076-26.jpg,W,Wall,CW,Cracked,1,W/CW
C:\Users\sumit\Desktop\kavita_capstone\dataset\P\CP\095-9.jpg,dataset/P/CP/095-9.jpg,P,Pavement,CP,Cracked,1,P/CP
C:\Users\sumit\Desktop\kavita_capstone\dataset\D\UD\7030-181.jpg,dataset/D/UD/7030-181.jpg,D,Deck,UD,Uncracked,0,D/UD
C:\Users\sumit\Desktop\kavita_capstone\dataset\W\UW\7130-96.jpg,dataset/W/UW/7130-96.jpg,W,Wall,UW,Uncracked,0,W/UW
C:\Users\sumit\Desktop\kavita_capstone\dataset\D\CD\7032-214.jpg,dataset/D/CD/7032-214.jpg,D,Deck,CD,Cracked,1,D/CD
C:\Users\sumit\Desktop\kavita_capstone\dataset\P\UP\008-74.jpg,dataset/P/UP/008-74.jpg,P,Pavement,UP,Uncracked,0,P/UP
C:\Users\sumit\Desktop\kavita_capstone\dataset\W\CW\7086-149.jpg,dataset/W/CW/7086-149.jpg,W,Wall,CW,Cracked,1,W/CW
C:\Users\sumit\Desktop\kavita_capstone\dataset\P\CP\019-185.jpg,dataset/P/CP/019-185.jpg,P,Pavement,CP,Cracked,1,P/CP
C:\Users\sumit\Desktop\kavita_capstone\dataset\P\UP\031-169.jpg,dataset/P/UP/031-169.jpg,P,Pavement,UP,Uncracked,0,P/UP
C:\Users\sumit\Desktop\kavita_capstone\dataset\W\UW\7114-186.jpg,dataset/W/UW/7114-186.jpg,W,Wall,UW,Uncracked,0,W/UW
C:\Users\sumit\Desktop\kavita_capstone\dataset\P\CP\018-97.jpg,dataset/P/CP/018-97.jpg,P,Pavement,CP,Cracked,1,P/CP
C:\Users\sumit\Desktop\kavita_capstone\dataset\D\CD\7045-84.jpg,dataset/D/CD/7045-84.jpg,D,Deck,CD,Cracked,1,D/CD
C:\Users\sumit\Desktop\kavita_capstone\dataset\W\UW\7117-200.jpg,dataset/W/UW/7117-200.jpg,W,Wall,UW,Uncracked,0,W/UW
C:\Users\sumit\Desktop\kavita_capstone\dataset\W\CW\7086-107.jpg,dataset/W/CW/7086-107.jpg,W,Wall,CW,Cracked,1,W/CW
C:\Users\sumit\Desktop\kavita_capstone\dataset\P\UP\050-233.jpg,dataset/P/UP/050-233.jpg,P,Pavement,UP,Uncracked,0,P/UP
C:\Users\sumit\Desktop\kavita_capstone\dataset\D\CD\7006-96.jpg,dataset/D/CD/7006-96.jpg,D,Deck,CD,Cracked,1,D/CD
C:\Users\sumit\Desktop\kavita_capstone\dataset\D\CD\7004-197.jpg,dataset/D/CD/7004-197.jpg,D,Deck,CD,Cracked,1,D/CD
C:\Users\sumit\Desktop\kavita_capstone\dataset\D\UD\7010-45.jpg,dataset/D/UD/7010-45.jpg,D,Deck,UD,Uncracked,0,D/UD
C:\Users\sumit\Desktop\kavita_capstone\dataset\D\UD\7022-16.jpg,dataset/D/UD/7022-16.jpg,D,Deck,UD,Uncracked,0,D/UD
C:\Users\sumit\Desktop\kavita_capstone\dataset\W\CW\7078-128.jpg,dataset/W/CW/7078-128.jpg,W,Wall,CW,Cracked,1,W/CW
C:\Users\sumit\Desktop\kavita_capstone\dataset\P\CP\074-62.jpg,dataset/P/CP/074-62.jpg,P,Pavement,CP,Cracked,1,P/CP
C:\Users\sumit\Desktop\kavita_capstone\dataset\W\CW\7093-250.jpg,dataset/W/CW/7093-250.jpg,W,Wall,CW,Cracked,1,W/CW
C:\Users\sumit\Desktop\kavita_capstone\dataset\W\CW\7129-27.jpg,dataset/W/CW/7129-27.jpg,W,Wall,CW,Cracked,1,W/CW
C:\Users\sumit\Desktop\kavita_capstone\dataset\D\CD\7003-229.jpg,dataset/D/CD/7003-229.jpg,D,Deck,CD,Cracked,1,D/CD
C:\Users\sumit\Desktop\kavita_capstone\dataset\D\CD\7015-97.jpg,dataset/D/CD/7015-97.jpg,D,Deck,CD,Cracked,1,D/CD
C:\Users\sumit\Desktop\kavita_capstone\dataset\D\CD\7021-153.jpg,dataset/D/CD/7021-153.jpg,D,Deck,CD,Cracked,1,D/CD
C:\Users\sumit\Desktop\kavita_capstone\dataset\W\CW\7074-187.jpg,dataset/W/CW/7074-187.jpg,W,Wall,CW,Cracked,1,W/CW
C:\Users\sumit\Desktop\kavita_capstone\dataset\W\UW\7078-23.jpg,dataset/W/UW/7078-23.jpg,W,Wall,UW,Uncracked,0,W/UW
C:\Users\sumit\Desktop\kavita_capstone\dataset\P\UP\059-146.jpg,dataset/P/UP/059-146.jpg,P,Pavement,UP,Uncracked,0,P/UP
C:\Users\sumit\Desktop\kavita_capstone\dataset\P\UP\067-31.jpg,dataset/P/UP/067-31.jpg,P,Pavement,UP,Uncracked,0,P/UP
C:\Users\sumit\Desktop\kavita_capstone\dataset\P\CP\029-195.jpg,dataset/P/CP/029-195.jpg,P,Pavement,CP,Cracked,1,P/CP
C:\Users\sumit\Desktop\kavita_capstone\dataset\P\UP\063-69.jpg,dataset/P/UP/063-69.jpg,P,Pavement,UP,Uncracked,0,P/UP
C:\Users\sumit\Desktop\kavita_capstone\dataset\D\UD\7049-80.jpg,dataset/D/UD/7049-80.jpg,D,Deck,UD,Uncracked,0,D/UD
C:\Users\sumit\Desktop\kavita_capstone\dataset\W\CW\7078-49.jpg,dataset/W/CW/7078-49.jpg,W,Wall,CW,Cracked,1,W/CW
C:\Users\sumit\Desktop\kavita_capstone\dataset\P\CP\073-53.jpg,dataset/P/CP/073-53.jpg,P,Pavement,CP,Cracked,1,P/CP
C:\Users\sumit\Desktop\kavita_capstone\dataset\P\UP\075-165.jpg,dataset/P/UP/075-165.jpg,P,Pavement,UP,Uncracked,0,P/UP
C:\Users\sumit\Desktop\kavita_capstone\dataset\W\UW\7117-184.jpg,dataset/W/UW/7117-184.jpg,W,Wall,UW,Uncracked,0,W/UW
C:\Users\sumit\Desktop\kavita_capstone\dataset\W\CW\7095-245.jpg,dataset/W/CW/7095-245.jpg,W,Wall,CW,Cracked,1,W/CW
C:\Users\sumit\Desktop\kavita_capstone\dataset\P\CP\008-159.jpg,dataset/P/CP/008-159.jpg,P,Pavement,CP,Cracked,1,P/CP
C:\Users\sumit\Desktop\kavita_capstone\dataset\W\CW\7095-62.jpg,dataset/W/CW/7095-62.jpg,W,Wall,CW,Cracked,1,W/CW
C:\Users\sumit\Desktop\kavita_capstone\dataset\W\UW\7108-60.jpg,dataset/W/UW/7108-60.jpg,W,Wall,UW,Uncracked,0,W/UW
C:\Users\sumit\Desktop\kavita_capstone\dataset\D\CD\7015-111.jpg,dataset/D/CD/7015-111.jpg,D,Deck,CD,Cracked,1,D/CD
C:\Users\sumit\Desktop\kavita_capstone\dataset\W\CW\7114-39.jpg,dataset/W/CW/7114-39.jpg,W,Wall,CW,Cracked,1,W/CW
C:\Users\sumit\Desktop\kavita_capstone\dataset\W\UW\7129-17.jpg,dataset/W/UW/7129-17.jpg,W,Wall,UW,Uncracked,0,W/UW
C:\Users\sumit\Desktop\kavita_capstone\dataset\D\CD\7020-37.jpg,dataset/D/CD/7020-37.jpg,D,Deck,CD,Cracked,1,D/CD
C:\Users\sumit\Desktop\kavita_capstone\dataset\P\UP\017-129.jpg,dataset/P/UP/017-129.jpg,P,Pavement,UP,Uncracked,0,P/UP
C:\Users\sumit\Desktop\kavita_capstone\dataset\D\CD\7012-154.jpg,dataset/D/CD/7012-154.jpg,D,Deck,CD,Cracked,1,D/CD
C:\Users\sumit\Desktop\kavita_capstone\dataset\D\CD\7030-203.jpg,dataset/D/CD/7030-203.jpg,D,Deck,CD,Cracked,1,D/CD
C:\Users\sumit\Desktop\kavita_capstone\dataset\W\UW\7106-36.jpg,dataset/W/UW/7106-36.jpg,W,Wall,UW,Uncracked,0,W/UW
C:\Users\sumit\Desktop\kavita_capstone\dataset\P\CP\020-124.jpg,dataset/P/CP/020-124.jpg,P,Pavement,CP,Cracked,1,P/CP
C:\Users\sumit\Desktop\kavita_capstone\dataset\P\UP\080-60.jpg,dataset/P/UP/080-60.jpg,P,Pavement,UP,Uncracked,0,P/UP
C:\Users\sumit\Desktop\kavita_capstone\dataset\D\UD\7009-151.jpg,dataset/D/UD/7009-151.jpg,D,Deck,UD,Uncracked,0,D/UD
C:\Users\sumit\Desktop\kavita_capstone\dataset\D\UD\7003-26.jpg,dataset/D/UD/7003-26.jpg,D,Deck,UD,Uncracked,0,D/UD
C:\Users\sumit\Desktop\kavita_capstone\dataset\D\CD\7049-115.jpg,dataset/D/CD/7049-115.jpg,D,Deck,CD,Cracked,1,D/CD
C:\Users\sumit\Desktop\kavita_capstone\dataset\D\CD\7007-185.jpg,dataset/D/CD/7007-185.jpg,D,Deck,CD,Cracked,1,D/CD
C:\Users\sumit\Desktop\kavita_capstone\dataset\D\CD\7006-188.jpg,dataset/D/CD/7006-188.jpg,D,Deck,CD,Cracked,1,D/CD
C:\Users\sumit\Desktop\kavita_capstone\dataset\D\CD\7009-95.jpg,dataset/D/CD/7009-95.jpg,D,Deck,CD,Cracked,1,D/CD
C:\Users\sumit\Desktop\kavita_capstone\dataset\W\UW\7118-187.jpg,dataset/W/UW/7118-187.jpg,W,Wall,UW,Uncracked,0,W/UW
C:\Users\sumit\Desktop\kavita_capstone\dataset\P\CP\019-123.jpg,dataset/P/CP/019-123.jpg,P,Pavement,CP,Cracked,1,P/CP
C:\Users\sumit\Desktop\kavita_capstone\dataset\D\UD\7022-210.jpg,dataset/D/UD/7022-210.jpg,D,Deck,UD,Uncracked,0,D/UD
C:\Users\sumit\Desktop\kavita_capstone\dataset\D\CD\7048-200.jpg,dataset/D/CD/7048-200.jpg,D,Deck,CD,Cracked,1,D/CD
C:\Users\sumit\Desktop\kavita_capstone\dataset\D\UD\7008-186.jpg,dataset/D/UD/7008-186.jpg,D,Deck,UD,Uncracked,0,D/UD
C:\Users\sumit\Desktop\kavita_capstone\dataset\W\CW\7090-93.jpg,dataset/W/CW/7090-93.jpg,W,Wall,CW,Cracked,1,W/CW
C:\Users\sumit\Desktop\kavita_capstone\dataset\W\UW\7129-185.jpg,dataset/W/UW/7129-185.jpg,W,Wall,UW,Uncracked,0,W/UW
C:\Users\sumit\Desktop\kavita_capstone\dataset\P\UP\027-110.jpg,dataset/P/UP/027-110.jpg,P,Pavement,UP,Uncracked,0,P/UP
C:\Users\sumit\Desktop\kavita_capstone\dataset\P\UP\012-88.jpg,dataset/P/UP/012-88.jpg,P,Pavement,UP,Uncracked,0,P/UP
C:\Users\sumit\Desktop\kavita_capstone\dataset\D\UD\7038-229.jpg,dataset/D/UD/7038-229.jpg,D,Deck,UD,Uncracked,0,D/UD
C:\Users\sumit\Desktop\kavita_capstone\dataset\W\CW\7092-149.jpg,dataset/W/CW/7092-149.jpg,W,Wall,CW,Cracked,1,W/CW
C:\Users\sumit\Desktop\kavita_capstone\dataset\P\CP\094-136.jpg,dataset/P/CP/094-136.jpg,P,Pavement,CP,Cracked,1,P/CP
C:\Users\sumit\Desktop\kavita_capstone\dataset\W\CW\7083-185.jpg,dataset/W/CW/7083-185.jpg,W,Wall,CW,Cracked,1,W/CW
C:\Users\sumit\Desktop\kavita_capstone\dataset\D\UD\7037-139.jpg,dataset/D/UD/7037-139.jpg,D,Deck,UD,Uncracked,0,D/UD
C:\Users\sumit\Desktop\kavita_capstone\dataset\D\CD\7052-32.jpg,dataset/D/CD/7052-32.jpg,D,Deck,CD,Cracked,1,D/CD
C:\Users\sumit\Desktop\kavita_capstone\dataset\W\UW\7082-61.jpg,dataset/W/UW/7082-61.jpg,W,Wall,UW,Uncracked,0,W/UW
C:\Users\sumit\Desktop\kavita_capstone\dataset\D\CD\7039-94.jpg,dataset/D/CD/7039-94.jpg,D,Deck,CD,Cracked,1,D/CD
C:\Users\sumit\Desktop\kavita_capstone\dataset\D\CD\7048-72.jpg,dataset/D/CD/7048-72.jpg,D,Deck,CD,Cracked,1,D/CD
C:\Users\sumit\Desktop\kavita_capstone\dataset\W\UW\7101-136.jpg,dataset/W/UW/7101-136.jpg,W,Wall,UW,Uncracked,0,W/UW
C:\Users\sumit\Desktop\kavita_capstone\dataset\D\UD\7019-44.jpg,dataset/D/UD/7019-44.jpg,D,Deck,UD,Uncracked,0,D/UD
C:\Users\sumit\Desktop\kavita_capstone\dataset\W\UW\7071-61.jpg,dataset/W/UW/7071-61.jpg,W,Wall,UW,Uncracked,0,W/UW
C:\Users\sumit\Desktop\kavita_capstone\dataset\P\UP\024-81.jpg,dataset/P/UP/024-81.jpg,P,Pavement,UP,Uncracked,0,P/UP
C:\Users\sumit\Desktop\kavita_capstone\dataset\P\UP\059-125.jpg,dataset/P/UP/059-125.jpg,P,Pavement,UP,Uncracked,0,P/UP
C:\Users\sumit\Desktop\kavita_capstone\dataset\W\UW\7128-59.jpg,dataset/W/UW/7128-59.jpg,W,Wall,UW,Uncracked,0,W/UW
C:\Users\sumit\Desktop\kavita_capstone\dataset\W\CW\7076-94.jpg,dataset/W/CW/7076-94.jpg,W,Wall,CW,Cracked,1,W/CW
C:\Users\sumit\Desktop\kavita_capstone\dataset\D\CD\7021-151.jpg,dataset/D/CD/7021-151.jpg,D,Deck,CD,Cracked,1,D/CD
C:\Users\sumit\Desktop\kavita_capstone\dataset\P\CP\063-88.jpg,dataset/P/CP/063-88.jpg,P,Pavement,CP,Cracked,1,P/CP
C:\Users\sumit\Desktop\kavita_capstone\dataset\D\UD\7053-44.jpg,dataset/D/UD/7053-44.jpg,D,Deck,UD,Uncracked,0,D/UD
C:\Users\sumit\Desktop\kavita_capstone\dataset\D\CD\7014-240.jpg,dataset/D/CD/7014-240.jpg,D,Deck,CD,Cracked,1,D/CD
C:\Users\sumit\Desktop\kavita_capstone\dataset\W\UW\7140-206.jpg,dataset/W/UW/7140-206.jpg,W,Wall,UW,Uncracked,0,W/UW
C:\Users\sumit\Desktop\kavita_capstone\dataset\W\CW\7087-179.jpg,dataset/W/CW/7087-179.jpg,W,Wall,CW,Cracked,1,W/CW
C:\Users\sumit\Desktop\kavita_capstone\dataset\D\UD\7053-116.jpg,dataset/D/UD/7053-116.jpg,D,Deck,UD,Uncracked,0,D/UD
C:\Users\sumit\Desktop\kavita_capstone\dataset\P\UP\089-1.jpg,dataset/P/UP/089-1.jpg,P,Pavement,UP,Uncracked,0,P/UP
C:\Users\sumit\Desktop\kavita_capstone\dataset\W\CW\7125-80.jpg,dataset/W/CW/7125-80.jpg,W,Wall,CW,Cracked,1,W/CW
C:\Users\sumit\Desktop\kavita_capstone\dataset\D\CD\7008-73.jpg,dataset/D/CD/7008-73.jpg,D,Deck,CD,Cracked,1,D/CD
C:\Users\sumit\Desktop\kavita_capstone\dataset\P\UP\034-171.jpg,dataset/P/UP/034-171.jpg,P,Pavement,UP,Uncracked,0,P/UP
C:\Users\sumit\Desktop\kavita_capstone\dataset\D\UD\7005-148.jpg,dataset/D/UD/7005-148.jpg,D,Deck,UD,Uncracked,0,D/UD
C:\Users\sumit\Desktop\kavita_capstone\dataset\P\UP\087-169.jpg,dataset/P/UP/087-169.jpg,P,Pavement,UP,Uncracked,0,P/UP
C:\Users\sumit\Desktop\kavita_capstone\dataset\D\UD\7013-41.jpg,dataset/D/UD/7013-41.jpg,D,Deck,UD,Uncracked,0,D/UD
C:\Users\sumit\Desktop\kavita_capstone\dataset\W\CW\7122-165.jpg,dataset/W/CW/7122-165.jpg,W,Wall,CW,Cracked,1,W/CW
C:\Users\sumit\Desktop\kavita_capstone\dataset\P\CP\071-46.jpg,dataset/P/CP/071-46.jpg,P,Pavement,CP,Cracked,1,P/CP
C:\Users\sumit\Desktop\kavita_capstone\dataset\D\CD\7035-96.jpg,dataset/D/CD/7035-96.jpg,D,Deck,CD,Cracked,1,D/CD
C:\Users\sumit\Desktop\kavita_capstone\dataset\P\UP\016-141.jpg,dataset/P/UP/016-141.jpg,P,Pavement,UP,Uncracked,0,P/UP
C:\Users\sumit\Desktop\kavita_capstone\dataset\D\CD\7057-226.jpg,dataset/D/CD/7057-226.jpg,D,Deck,CD,Cracked,1,D/CD
C:\Users\sumit\Desktop\kavita_capstone\dataset\D\UD\7038-185.jpg,dataset/D/UD/7038-185.jpg,D,Deck,UD,Uncracked,0,D/UD
C:\Users\sumit\Desktop\kavita_capstone\dataset\D\UD\7010-140.jpg,dataset/D/UD/7010-140.jpg,D,Deck,UD,Uncracked,0,D/UD
C:\Users\sumit\Desktop\kavita_capstone\dataset\P\CP\082-123.jpg,dataset/P/CP/082-123.jpg,P,Pavement,CP,Cracked,1,P/CP
C:\Users\sumit\Desktop\kavita_capstone\dataset\W\CW\7092-212.jpg,dataset/W/CW/7092-212.jpg,W,Wall,CW,Cracked,1,W/CW
C:\Users\sumit\Desktop\kavita_capstone\dataset\W\CW\7076-135.jpg,dataset/W/CW/7076-135.jpg,W,Wall,CW,Cracked,1,W/CW
C:\Users\sumit\Desktop\kavita_capstone\dataset\W\UW\7140-39.jpg,dataset/W/UW/7140-39.jpg,W,Wall,UW,Uncracked,0,W/UW
C:\Users\sumit\Desktop\kavita_capstone\dataset\P\CP\049-61.jpg,dataset/P/CP/049-61.jpg,P,Pavement,CP,Cracked,1,P/CP
C:\Users\sumit\Desktop\kavita_capstone\dataset\D\CD\7022-4.jpg,dataset/D/CD/7022-4.jpg,D,Deck,CD,Cracked,1,D/CD
C:\Users\sumit\Desktop\kavita_capstone\dataset\D\CD\7054-136.jpg,dataset/D/CD/7054-136.jpg,D,Deck,CD,Cracked,1,D/CD
C:\Users\sumit\Desktop\kavita_capstone\dataset\D\UD\7004-169.jpg,dataset/D/UD/7004-169.jpg,D,Deck,UD,Uncracked,0,D/UD
C:\Users\sumit\Desktop\kavita_capstone\dataset\P\CP\062-114.jpg,dataset/P/CP/062-114.jpg,P,Pavement,CP,Cracked,1,P/CP
C:\Users\sumit\Desktop\kavita_capstone\dataset\D\UD\7053-20.jpg,dataset/D/UD/7053-20.jpg,D,Deck,UD,Uncracked,0,D/UD
C:\Users\sumit\Desktop\kavita_capstone\dataset\D\UD\7004-80.jpg,dataset/D/UD/7004-80.jpg,D,Deck,UD,Uncracked,0,D/UD
C:\Users\sumit\Desktop\kavita_capstone\dataset\P\CP\069-149.jpg,dataset/P/CP/069-149.jpg,P,Pavement,CP,Cracked,1,P/CP
C:\Users\sumit\Desktop\kavita_capstone\dataset\D\UD\7034-54.jpg,dataset/D/UD/7034-54.jpg,D,Deck,UD,Uncracked,0,D/UD
C:\Users\sumit\Desktop\kavita_capstone\dataset\P\CP\090-8.jpg,dataset/P/CP/090-8.jpg,P,Pavement,CP,Cracked,1,P/CP
C:\Users\sumit\Desktop\kavita_capstone\dataset\P\CP\050-77.jpg,dataset/P/CP/050-77.jpg,P,Pavement,CP,Cracked,1,P/CP
C:\Users\sumit\Desktop\kavita_capstone\dataset\P\UP\072-205.jpg,dataset/P/UP/072-205.jpg,P,Pavement,UP,Uncracked,0,P/UP
C:\Users\sumit\Desktop\kavita_capstone\dataset\P\UP\044-21.jpg,dataset/P/UP/044-21.jpg,P,Pavement,UP,Uncracked,0,P/UP
C:\Users\sumit\Desktop\kavita_capstone\dataset\P\UP\040-31.jpg,dataset/P/UP/040-31.jpg,P,Pavement,UP,Uncracked,0,P/UP
C:\Users\sumit\Desktop\kavita_capstone\dataset\D\CD\7028-212.jpg,dataset/D/CD/7028-212.jpg,D,Deck,CD,Cracked,1,D/CD
C:\Users\sumit\Desktop\kavita_capstone\dataset\P\UP\050-186.jpg,dataset/P/UP/050-186.jpg,P,Pavement,UP,Uncracked,0,P/UP
C:\Users\sumit\Desktop\kavita_capstone\dataset\D\CD\7020-84.jpg,dataset/D/CD/7020-84.jpg,D,Deck,CD,Cracked,1,D/CD
C:\Users\sumit\Desktop\kavita_capstone\dataset\W\CW\7114-136.jpg,dataset/W/CW/7114-136.jpg,W,Wall,CW,Cracked,1,W/CW
C:\Users\sumit\Desktop\kavita_capstone\dataset\D\UD\7037-24.jpg,dataset/D/UD/7037-24.jpg,D,Deck,UD,Uncracked,0,D/UD
C:\Users\sumit\Desktop\kavita_capstone\dataset\W\UW\7109-73.jpg,dataset/W/UW/7109-73.jpg,W,Wall,UW,Uncracked,0,W/UW
C:\Users\sumit\Desktop\kavita_capstone\dataset\W\UW\7104-117.jpg,dataset/W/UW/7104-117.jpg,W,Wall,UW,Uncracked,0,W/UW
C:\Users\sumit\Desktop\kavita_capstone\dataset\D\UD\7045-211.jpg,dataset/D/UD/7045-211.jpg,D,Deck,UD,Uncracked,0,D/UD
C:\Users\sumit\Desktop\kavita_capstone\dataset\P\UP\067-183.jpg,dataset/P/UP/067-183.jpg,P,Pavement,UP,Uncracked,0,P/UP
C:\Users\sumit\Desktop\kavita_capstone\dataset\D\CD\7009-69.jpg,dataset/D/CD/7009-69.jpg,D,Deck,CD,Cracked,1,D/CD
C:\Users\sumit\Desktop\kavita_capstone\dataset\W\CW\7093-61.jpg,dataset/W/CW/7093-61.jpg,W,Wall,CW,Cracked,1,W/CW
C:\Users\sumit\Desktop\kavita_capstone\dataset\D\CD\7034-122.jpg,dataset/D/CD/7034-122.jpg,D,Deck,CD,Cracked,1,D/CD
C:\Users\sumit\Desktop\kavita_capstone\dataset\P\UP\020-16.jpg,dataset/P/UP/020-16.jpg,P,Pavement,UP,Uncracked,0,P/UP
C:\Users\sumit\Desktop\kavita_capstone\dataset\D\UD\7057-131.jpg,dataset/D/UD/7057-131.jpg,D,Deck,UD,Uncracked,0,D/UD
C:\Users\sumit\Desktop\kavita_capstone\dataset\D\UD\7030-44.jpg,dataset/D/UD/7030-44.jpg,D,Deck,UD,Uncracked,0,D/UD
C:\Users\sumit\Desktop\kavita_capstone\dataset\W\UW\7111-81.jpg,dataset/W/UW/7111-81.jpg,W,Wall,UW,Uncracked,0,W/UW
C:\Users\sumit\Desktop\kavita_capstone\dataset\P\CP\079-123.jpg,dataset/P/CP/079-123.jpg,P,Pavement,CP,Cracked,1,P/CP
C:\Users\sumit\Desktop\kavita_capstone\dataset\W\CW\7111-76.jpg,dataset/W/CW/7111-76.jpg,W,Wall,CW,Cracked,1,W/CW
C:\Users\sumit\Desktop\kavita_capstone\dataset\P\CP\065-90.jpg,dataset/P/CP/065-90.jpg,P,Pavement,CP,Cracked,1,P/CP
C:\Users\sumit\Desktop\kavita_capstone\dataset\W\UW\7105-139.jpg,dataset/W/UW/7105-139.jpg,W,Wall,UW,Uncracked,0,W/UW
C:\Users\sumit\Desktop\kavita_capstone\dataset\D\CD\7011-115.jpg,dataset/D/CD/7011-115.jpg,D,Deck,CD,Cracked,1,D/CD
C:\Users\sumit\Desktop\kavita_capstone\dataset\W\UW\7113-181.jpg,dataset/W/UW/7113-181.jpg,W,Wall,UW,Uncracked,0,W/UW
C:\Users\sumit\Desktop\kavita_capstone\dataset\W\CW\7115-162.jpg,dataset/W/CW/7115-162.jpg,W,Wall,CW,Cracked,1,W/CW
C:\Users\sumit\Desktop\kavita_capstone\dataset\W\UW\7104-34.jpg,dataset/W/UW/7104-34.jpg,W,Wall,UW,Uncracked,0,W/UW
C:\Users\sumit\Desktop\kavita_capstone\dataset\P\UP\002-86.jpg,dataset/P/UP/002-86.jpg,P,Pavement,UP,Uncracked,0,P/UP
C:\Users\sumit\Desktop\kavita_capstone\dataset\P\UP\016-197.jpg,dataset/P/UP/016-197.jpg,P,Pavement,UP,Uncracked,0,P/UP
C:\Users\sumit\Desktop\kavita_capstone\dataset\P\CP\074-38.jpg,dataset/P/CP/074-38.jpg,P,Pavement,CP,Cracked,1,P/CP
C:\Users\sumit\Desktop\kavita_capstone\dataset\P\UP\092-4.jpg,dataset/P/UP/092-4.jpg,P,Pavement,UP,Uncracked,0,P/UP
C:\Users\sumit\Desktop\kavita_capstone\dataset\D\UD\7013-222.jpg,dataset/D/UD/7013-222.jpg,D,Deck,UD,Uncracked,0,D/UD
C:\Users\sumit\Desktop\kavita_capstone\dataset\W\CW\7080-53.jpg,dataset/W/CW/7080-53.jpg,W,Wall,CW,Cracked,1,W/CW
C:\Users\sumit\Desktop\kavita_capstone\dataset\P\CP\096-101.jpg,dataset/P/CP/096-101.jpg,P,Pavement,CP,Cracked,1,P/CP
C:\Users\sumit\Desktop\kavita_capstone\dataset\W\CW\7083-126.jpg,dataset/W/CW/7083-126.jpg,W,Wall,CW,Cracked,1,W/CW
C:\Users\sumit\Desktop\kavita_capstone\dataset\D\CD\7007-109.jpg,dataset/D/CD/7007-109.jpg,D,Deck,CD,Cracked,1,D/CD
C:\Users\sumit\Desktop\kavita_capstone\dataset\D\CD\7018-120.jpg,dataset/D/CD/7018-120.jpg,D,Deck,CD,Cracked,1,D/CD
C:\Users\sumit\Desktop\kavita_capstone\dataset\W\UW\7112-67.jpg,dataset/W/UW/7112-67.jpg,W,Wall,UW,Uncracked,0,W/UW
C:\Users\sumit\Desktop\kavita_capstone\dataset\W\CW\7088-229.jpg,dataset/W/CW/7088-229.jpg,W,Wall,CW,Cracked,1,W/CW
C:\Users\sumit\Desktop\kavita_capstone\dataset\D\CD\7015-217.jpg,dataset/D/CD/7015-217.jpg,D,Deck,CD,Cracked,1,D/CD
C:\Users\sumit\Desktop\kavita_capstone\dataset\P\CP\032-80.jpg,dataset/P/CP/032-80.jpg,P,Pavement,CP,Cracked,1,P/CP
C:\Users\sumit\Desktop\kavita_capstone\dataset\P\UP\071-126.jpg,dataset/P/UP/071-126.jpg,P,Pavement,UP,Uncracked,0,P/UP
C:\Users\sumit\Desktop\kavita_capstone\dataset\P\CP\030-41.jpg,dataset/P/CP/030-41.jpg,P,Pavement,CP,Cracked,1,P/CP
C:\Users\sumit\Desktop\kavita_capstone\dataset\P\CP\101-100.jpg,dataset/P/CP/101-100.jpg,P,Pavement,CP,Cracked,1,P/CP
C:\Users\sumit\Desktop\kavita_capstone\dataset\D\CD\7014-204.jpg,dataset/D/CD/7014-204.jpg,D,Deck,CD,Cracked,1,D/CD
C:\Users\sumit\Desktop\kavita_capstone\dataset\D\UD\7005-23.jpg,dataset/D/UD/7005-23.jpg,D,Deck,UD,Uncracked,0,D/UD
C:\Users\sumit\Desktop\kavita_capstone\dataset\D\UD\7004-69.jpg,dataset/D/UD/7004-69.jpg,D,Deck,UD,Uncracked,0,D/UD
C:\Users\sumit\Desktop\kavita_capstone\dataset\P\CP\017-104.jpg,dataset/P/CP/017-104.jpg,P,Pavement,CP,Cracked,1,P/CP
C:\Users\sumit\Desktop\kavita_capstone\dataset\W\CW\7102-117.jpg,dataset/W/CW/7102-117.jpg,W,Wall,CW,Cracked,1,W/CW
C:\Users\sumit\Desktop\kavita_capstone\dataset\P\UP\099-158.jpg,dataset/P/UP/099-158.jpg,P,Pavement,UP,Uncracked,0,P/UP
C:\Users\sumit\Desktop\kavita_capstone\dataset\W\CW\7069-24.jpg,dataset/W/CW/7069-24.jpg,W,Wall,CW,Cracked,1,W/CW
C:\Users\sumit\Desktop\kavita_capstone\dataset\P\CP\065-121.jpg,dataset/P/CP/065-121.jpg,P,Pavement,CP,Cracked,1,P/CP
C:\Users\sumit\Desktop\kavita_capstone\dataset\P\CP\008-161.jpg,dataset/P/CP/008-161.jpg,P,Pavement,CP,Cracked,1,P/CP
C:\Users\sumit\Desktop\kavita_capstone\dataset\D\UD\7008-52.jpg,dataset/D/UD/7008-52.jpg,D,Deck,UD,Uncracked,0,D/UD
C:\Users\sumit\Desktop\kavita_capstone\dataset\P\UP\085-138.jpg,dataset/P/UP/085-138.jpg,P,Pavement,UP,Uncracked,0,P/UP
C:\Users\sumit\Desktop\kavita_capstone\dataset\P\UP\029-74.jpg,dataset/P/UP/029-74.jpg,P,Pavement,UP,Uncracked,0,P/UP
C:\Users\sumit\Desktop\kavita_capstone\dataset\W\CW\7087-32.jpg,dataset/W/CW/7087-32.jpg,W,Wall,CW,Cracked,1,W/CW
C:\Users\sumit\Desktop\kavita_capstone\dataset\W\UW\7078-204.jpg,dataset/W/UW/7078-204.jpg,W,Wall,UW,Uncracked,0,W/UW
C:\Users\sumit\Desktop\kavita_capstone\dataset\D\CD\7021-152.jpg,dataset/D/CD/7021-152.jpg,D,Deck,CD,Cracked,1,D/CD
C:\Users\sumit\Desktop\kavita_capstone\dataset\P\CP\061-107.jpg,dataset/P/CP/061-107.jpg,P,Pavement,CP,Cracked,1,P/CP
C:\Users\sumit\Desktop\kavita_capstone\dataset\W\CW\7075-244.jpg,dataset/W/CW/7075-244.jpg,W,Wall,CW,Cracked,1,W/CW
C:\Users\sumit\Desktop\kavita_capstone\dataset\D\UD\7052-2.jpg,dataset/D/UD/7052-2.jpg,D,Deck,UD,Uncracked,0,D/UD
C:\Users\sumit\Desktop\kavita_capstone\dataset\P\UP\009-183.jpg,dataset/P/UP/009-183.jpg,P,Pavement,UP,Uncracked,0,P/UP
C:\Users\sumit\Desktop\kavita_capstone\dataset\D\UD\7030-16.jpg,dataset/D/UD/7030-16.jpg,D,Deck,UD,Uncracked,0,D/UD
C:\Users\sumit\Desktop\kavita_capstone\dataset\P\UP\023-152.jpg,dataset/P/UP/023-152.jpg,P,Pavement,UP,Uncracked,0,P/UP
C:\Users\sumit\Desktop\kavita_capstone\dataset\W\CW\7102-41.jpg,dataset/W/CW/7102-41.jpg,W,Wall,CW,Cracked,1,W/CW
C:\Users\sumit\Desktop\kavita_capstone\dataset\W\UW\7108-20.jpg,dataset/W/UW/7108-20.jpg,W,Wall,UW,Uncracked,0,W/UW
C:\Users\sumit\Desktop\kavita_capstone\dataset\D\UD\7027-81.jpg,dataset/D/UD/7027-81.jpg,D,Deck,UD,Uncracked,0,D/UD
C:\Users\sumit\Desktop\kavita_capstone\dataset\D\UD\7001-197.jpg,dataset/D/UD/7001-197.jpg,D,Deck,UD,Uncracked,0,D/UD
C:\Users\sumit\Desktop\kavita_capstone\dataset\W\CW\7072-135.jpg,dataset/W/CW/7072-135.jpg,W,Wall,CW,Cracked,1,W/CW
C:\Users\sumit\Desktop\kavita_capstone\dataset\P\CP\034-102.jpg,dataset/P/CP/034-102.jpg,P,Pavement,CP,Cracked,1,P/CP
C:\Users\sumit\Desktop\kavita_capstone\dataset\W\CW\7087-88.jpg,dataset/W/CW/7087-88.jpg,W,Wall,CW,Cracked,1,W/CW
C:\Users\sumit\Desktop\kavita_capstone\dataset\P\CP\085-75.jpg,dataset/P/CP/085-75.jpg,P,Pavement,CP,Cracked,1,P/CP
C:\Users\sumit\Desktop\kavita_capstone\dataset\P\CP\090-76.jpg,dataset/P/CP/090-76.jpg,P,Pavement,CP,Cracked,1,P/CP
C:\Users\sumit\Desktop\kavita_capstone\dataset\P\UP\029-57.jpg,dataset/P/UP/029-57.jpg,P,Pavement,UP,Uncracked,0,P/UP
C:\Users\sumit\Desktop\kavita_capstone\dataset\D\CD\7048-153.jpg,dataset/D/CD/7048-153.jpg,D,Deck,CD,Cracked,1,D/CD
C:\Users\sumit\Desktop\kavita_capstone\dataset\D\UD\7057-93.jpg,dataset/D/UD/7057-93.jpg,D,Deck,UD,Uncracked,0,D/UD
C:\Users\sumit\Desktop\kavita_capstone\dataset\D\UD\7052-98.jpg,dataset/D/UD/7052-98.jpg,D,Deck,UD,Uncracked,0,D/UD
C:\Users\sumit\Desktop\kavita_capstone\dataset\P\CP\029-62.jpg,dataset/P/CP/029-62.jpg,P,Pavement,CP,Cracked,1,P/CP
C:\Users\sumit\Desktop\kavita_capstone\dataset\D\CD\7046-157.jpg,dataset/D/CD/7046-157.jpg,D,Deck,CD,Cracked,1,D/CD
C:\Users\sumit\Desktop\kavita_capstone\dataset\W\CW\7111-160.jpg,dataset/W/CW/7111-160.jpg,W,Wall,CW,Cracked,1,W/CW
C:\Users\sumit\Desktop\kavita_capstone\dataset\P\CP\030-231.jpg,dataset/P/CP/030-231.jpg,P,Pavement,CP,Cracked,1,P/CP
C:\Users\sumit\Desktop\kavita_capstone\dataset\P\CP\019-146.jpg,dataset/P/CP/019-146.jpg,P,Pavement,CP,Cracked,1,P/CP
C:\Users\sumit\Desktop\kavita_capstone\dataset\P\UP\016-61.jpg,dataset/P/UP/016-61.jpg,P,Pavement,UP,Uncracked,0,P/UP
C:\Users\sumit\Desktop\kavita_capstone\dataset\W\UW\7112-240.jpg,dataset/W/UW/7112-240.jpg,W,Wall,UW,Uncracked,0,W/UW
C:\Users\sumit\Desktop\kavita_capstone\dataset\P\UP\055-125.jpg,dataset/P/UP/055-125.jpg,P,Pavement,UP,Uncracked,0,P/UP
C:\Users\sumit\Desktop\kavita_capstone\dataset\W\CW\7086-108.jpg,dataset/W/CW/7086-108.jpg,W,Wall,CW,Cracked,1,W/CW
C:\Users\sumit\Desktop\kavita_capstone\dataset\W\UW\7092-43.jpg,dataset/W/UW/7092-43.jpg,W,Wall,UW,Uncracked,0,W/UW
C:\Users\sumit\Desktop\kavita_capstone\dataset\D\UD\7032-247.jpg,dataset/D/UD/7032-247.jpg,D,Deck,UD,Uncracked,0,D/UD
C:\Users\sumit\Desktop\kavita_capstone\dataset\P\UP\042-77.jpg,dataset/P/UP/042-77.jpg,P,Pavement,UP,Uncracked,0,P/UP
C:\Users\sumit\Desktop\kavita_capstone\dataset\D\CD\7015-96.jpg,dataset/D/CD/7015-96.jpg,D,Deck,CD,Cracked,1,D/CD
C:\Users\sumit\Desktop\kavita_capstone\dataset\D\CD\7038-145.jpg,dataset/D/CD/7038-145.jpg,D,Deck,CD,Cracked,1,D/CD
C:\Users\sumit\Desktop\kavita_capstone\dataset\D\CD\7012-20.jpg,dataset/D/CD/7012-20.jpg,D,Deck,CD,Cracked,1,D/CD
C:\Users\sumit\Desktop\kavita_capstone\dataset\P\CP\099-91.jpg,dataset/P/CP/099-91.jpg,P,Pavement,CP,Cracked,1,P/CP
C:\Users\sumit\Desktop\kavita_capstone\dataset\D\CD\7018-243.jpg,dataset/D/CD/7018-243.jpg,D,Deck,CD,Cracked,1,D/CD
C:\Users\sumit\Desktop\kavita_capstone\dataset\D\CD\7030-172.jpg,dataset/D/CD/7030-172.jpg,D,Deck,CD,Cracked,1,D/CD
C:\Users\sumit\Desktop\kavita_capstone\dataset\D\UD\7013-212.jpg,dataset/D/UD/7013-212.jpg,D,Deck,UD,Uncracked,0,D/UD
C:\Users\sumit\Desktop\kavita_capstone\dataset\W\CW\7113-212.jpg,dataset/W/CW/7113-212.jpg,W,Wall,CW,Cracked,1,W/CW
C:\Users\sumit\Desktop\kavita_capstone\dataset\D\UD\7041-6.jpg,dataset/D/UD/7041-6.jpg,D,Deck,UD,Uncracked,0,D/UD
C:\Users\sumit\Desktop\kavita_capstone\dataset\P\CP\062-105.jpg,dataset/P/CP/062-105.jpg,P,Pavement,CP,Cracked,1,P/CP
C:\Users\sumit\Desktop\kavita_capstone\dataset\P\CP\009-83.jpg,dataset/P/CP/009-83.jpg,P,Pavement,CP,Cracked,1,P/CP
C:\Users\sumit\Desktop\kavita_capstone\dataset\W\UW\7074-59.jpg,dataset/W/UW/7074-59.jpg,W,Wall,UW,Uncracked,0,W/UW
C:\Users\sumit\Desktop\kavita_capstone\dataset\P\UP\056-101.jpg,dataset/P/UP/056-101.jpg,P,Pavement,UP,Uncracked,0,P/UP
C:\Users\sumit\Desktop\kavita_capstone\dataset\D\UD\7009-117.jpg,dataset/D/UD/7009-117.jpg,D,Deck,UD,Uncracked,0,D/UD
C:\Users\sumit\Desktop\kavita_capstone\dataset\P\CP\034-104.jpg,dataset/P/CP/034-104.jpg,P,Pavement,CP,Cracked,1,P/CP
C:\Users\sumit\Desktop\kavita_capstone\dataset\D\UD\7048-57.jpg,dataset/D/UD/7048-57.jpg,D,Deck,UD,Uncracked,0,D/UD
C:\Users\sumit\Desktop\kavita_capstone\dataset\D\UD\7034-80.jpg,dataset/D/UD/7034-80.jpg,D,Deck,UD,Uncracked,0,D/UD
C:\Users\sumit\Desktop\kavita_capstone\dataset\D\UD\7044-153.jpg,dataset/D/UD/7044-153.jpg,D,Deck,UD,Uncracked,0,D/UD
C:\Users\sumit\Desktop\kavita_capstone\dataset\D\UD\7024-152.jpg,dataset/D/UD/7024-152.jpg,D,Deck,UD,Uncracked,0,D/UD
C:\Users\sumit\Desktop\kavita_capstone\dataset\W\UW\7093-216.jpg,dataset/W/UW/7093-216.jpg,W,Wall,UW,Uncracked,0,W/UW
C:\Users\sumit\Desktop\kavita_capstone\dataset\D\CD\7005-155.jpg,dataset/D/CD/7005-155.jpg,D,Deck,CD,Cracked,1,D/CD
C:\Users\sumit\Desktop\kavita_capstone\dataset\W\CW\7091-105.jpg,dataset/W/CW/7091-105.jpg,W,Wall,CW,Cracked,1,W/CW
C:\Users\sumit\Desktop\kavita_capstone\dataset\P\CP\062-111.jpg,dataset/P/CP/062-111.jpg,P,Pavement,CP,Cracked,1,P/CP
C:\Users\sumit\Desktop\kavita_capstone\dataset\P\UP\061-171.jpg,dataset/P/UP/061-171.jpg,P,Pavement,UP,Uncracked,0,P/UP
C:\Users\sumit\Desktop\kavita_capstone\dataset\W\UW\7104-56.jpg,dataset/W/UW/7104-56.jpg,W,Wall,UW,Uncracked,0,W/UW
C:\Users\sumit\Desktop\kavita_capstone\dataset\P\CP\075-99.jpg,dataset/P/CP/075-99.jpg,P,Pavement,CP,Cracked,1,P/CP
C:\Users\sumit\Desktop\kavita_capstone\dataset\P\CP\103-164.jpg,dataset/P/CP/103-164.jpg,P,Pavement,CP,Cracked,1,P/CP
C:\Users\sumit\Desktop\kavita_capstone\dataset\W\UW\7079-165.jpg,dataset/W/UW/7079-165.jpg,W,Wall,UW,Uncracked,0,W/UW
C:\Users\sumit\Desktop\kavita_capstone\dataset\P\CP\076-99.jpg,dataset/P/CP/076-99.jpg,P,Pavement,CP,Cracked,1,P/CP
C:\Users\sumit\Desktop\kavita_capstone\dataset\W\UW\7139-17.jpg,dataset/W/UW/7139-17.jpg,W,Wall,UW,Uncracked,0,W/UW
C:\Users\sumit\Desktop\kavita_capstone\dataset\P\UP\004-150.jpg,dataset/P/UP/004-150.jpg,P,Pavement,UP,Uncracked,0,P/UP
C:\Users\sumit\Desktop\kavita_capstone\dataset\P\CP\085-134.jpg,dataset/P/CP/085-134.jpg,P,Pavement,CP,Cracked,1,P/CP
C:\Users\sumit\Desktop\kavita_capstone\dataset\W\UW\7095-138.jpg,dataset/W/UW/7095-138.jpg,W,Wall,UW,Uncracked,0,W/UW
C:\Users\sumit\Desktop\kavita_capstone\dataset\D\UD\7035-121.jpg,dataset/D/UD/7035-121.jpg,D,Deck,UD,Uncracked,0,D/UD
C:\Users\sumit\Desktop\kavita_capstone\dataset\D\CD\7025-63.jpg,dataset/D/CD/7025-63.jpg,D,Deck,CD,Cracked,1,D/CD
C:\Users\sumit\Desktop\kavita_capstone\dataset\W\UW\7088-117.jpg,dataset/W/UW/7088-117.jpg,W,Wall,UW,Uncracked,0,W/UW
C:\Users\sumit\Desktop\kavita_capstone\dataset\P\CP\078-86.jpg,dataset/P/CP/078-86.jpg,P,Pavement,CP,Cracked,1,P/CP
C:\Users\sumit\Desktop\kavita_capstone\dataset\D\CD\7029-153.jpg,dataset/D/CD/7029-153.jpg,D,Deck,CD,Cracked,1,D/CD
C:\Users\sumit\Desktop\kavita_capstone\dataset\D\CD\7015-62.jpg,dataset/D/CD/7015-62.jpg,D,Deck,CD,Cracked,1,D/CD
C:\Users\sumit\Desktop\kavita_capstone\dataset\P\UP\083-193.jpg,dataset/P/UP/083-193.jpg,P,Pavement,UP,Uncracked,0,P/UP
C:\Users\sumit\Desktop\kavita_capstone\dataset\W\CW\7073-182.jpg,dataset/W/CW/7073-182.jpg,W,Wall,CW,Cracked,1,W/CW
C:\Users\sumit\Desktop\kavita_capstone\dataset\W\UW\7123-168.jpg,dataset/W/UW/7123-168.jpg,W,Wall,UW,Uncracked,0,W/UW
C:\Users\sumit\Desktop\kavita_capstone\dataset\P\UP\102-199.jpg,dataset/P/UP/102-199.jpg,P,Pavement,UP,Uncracked,0,P/UP
C:\Users\sumit\Desktop\kavita_capstone\dataset\D\UD\7016-97.jpg,dataset/D/UD/7016-97.jpg,D,Deck,UD,Uncracked,0,D/UD
C:\Users\sumit\Desktop\kavita_capstone\dataset\P\UP\018-178.jpg,dataset/P/UP/018-178.jpg,P,Pavement,UP,Uncracked,0,P/UP
C:\Users\sumit\Desktop\kavita_capstone\dataset\D\UD\7050-244.jpg,dataset/D/UD/7050-244.jpg,D,Deck,UD,Uncracked,0,D/UD
C:\Users\sumit\Desktop\kavita_capstone\dataset\W\UW\7134-149.jpg,dataset/W/UW/7134-149.jpg,W,Wall,UW,Uncracked,0,W/UW
C:\Users\sumit\Desktop\kavita_capstone\dataset\D\CD\7022-219.jpg,dataset/D/CD/7022-219.jpg,D,Deck,CD,Cracked,1,D/CD
C:\Users\sumit\Desktop\kavita_capstone\dataset\W\CW\7124-45.jpg,dataset/W/CW/7124-45.jpg,W,Wall,CW,Cracked,1,W/CW
C:\Users\sumit\Desktop\kavita_capstone\dataset\D\CD\7009-47.jpg,dataset/D/CD/7009-47.jpg,D,Deck,CD,Cracked,1,D/CD
C:\Users\sumit\Desktop\kavita_capstone\dataset\W\UW\7140-222.jpg,dataset/W/UW/7140-222.jpg,W,Wall,UW,Uncracked,0,W/UW
C:\Users\sumit\Desktop\kavita_capstone\dataset\P\UP\035-41.jpg,dataset/P/UP/035-41.jpg,P,Pavement,UP,Uncracked,0,P/UP
C:\Users\sumit\Desktop\kavita_capstone\dataset\W\CW\7126-184.jpg,dataset/W/CW/7126-184.jpg,W,Wall,CW,Cracked,1,W/CW
C:\Users\sumit\Desktop\kavita_capstone\dataset\P\CP\095-75.jpg,dataset/P/CP/095-75.jpg,P,Pavement,CP,Cracked,1,P/CP
C:\Users\sumit\Desktop\kavita_capstone\dataset\D\UD\7004-170.jpg,dataset/D/UD/7004-170.jpg,D,Deck,UD,Uncracked,0,D/UD
C:\Users\sumit\Desktop\kavita_capstone\dataset\P\UP\020-205.jpg,dataset/P/UP/020-205.jpg,P,Pavement,UP,Uncracked,0,P/UP
C:\Users\sumit\Desktop\kavita_capstone\dataset\P\UP\051-47.jpg,dataset/P/UP/051-47.jpg,P,Pavement,UP,Uncracked,0,P/UP
C:\Users\sumit\Desktop\kavita_capstone\dataset\D\CD\7006-76.jpg,dataset/D/CD/7006-76.jpg,D,Deck,CD,Cracked,1,D/CD
C:\Users\sumit\Desktop\kavita_capstone\dataset\P\CP\063-82.jpg,dataset/P/CP/063-82.jpg,P,Pavement,CP,Cracked,1,P/CP
C:\Users\sumit\Desktop\kavita_capstone\dataset\P\UP\090-219.jpg,dataset/P/UP/090-219.jpg,P,Pavement,UP,Uncracked,0,P/UP
C:\Users\sumit\Desktop\kavita_capstone\dataset\D\CD\7048-252.jpg,dataset/D/CD/7048-252.jpg,D,Deck,CD,Cracked,1,D/CD
C:\Users\sumit\Desktop\kavita_capstone\dataset\W\CW\7125-134.jpg,dataset/W/CW/7125-134.jpg,W,Wall,CW,Cracked,1,W/CW
C:\Users\sumit\Desktop\kavita_capstone\dataset\D\CD\7012-153.jpg,dataset/D/CD/7012-153.jpg,D,Deck,CD,Cracked,1,D/CD
C:\Users\sumit\Desktop\kavita_capstone\dataset\P\CP\075-62.jpg,dataset/P/CP/075-62.jpg,P,Pavement,CP,Cracked,1,P/CP
C:\Users\sumit\Desktop\kavita_capstone\dataset\P\CP\031-41.jpg,dataset/P/CP/031-41.jpg,P,Pavement,CP,Cracked,1,P/CP
C:\Users\sumit\Desktop\kavita_capstone\dataset\D\CD\7015-181.jpg,dataset/D/CD/7015-181.jpg,D,Deck,CD,Cracked,1,D/CD
C:\Users\sumit\Desktop\kavita_capstone\dataset\D\CD\7023-182.jpg,dataset/D/CD/7023-182.jpg,D,Deck,CD,Cracked,1,D/CD
C:\Users\sumit\Desktop\kavita_capstone\dataset\P\UP\080-167.jpg,dataset/P/UP/080-167.jpg,P,Pavement,UP,Uncracked,0,P/UP
C:\Users\sumit\Desktop\kavita_capstone\dataset\D\UD\7007-5.jpg,dataset/D/UD/7007-5.jpg,D,Deck,UD,Uncracked,0,D/UD
C:\Users\sumit\Desktop\kavita_capstone\dataset\P\UP\082-184.jpg,dataset/P/UP/082-184.jpg,P,Pavement,UP,Uncracked,0,P/UP
C:\Users\sumit\Desktop\kavita_capstone\dataset\P\CP\019-99.jpg,dataset/P/CP/019-99.jpg,P,Pavement,CP,Cracked,1,P/CP
C:\Users\sumit\Desktop\kavita_capstone\dataset\D\CD\7007-184.jpg,dataset/D/CD/7007-184.jpg,D,Deck,CD,Cracked,1,D/CD
C:\Users\sumit\Desktop\kavita_capstone\dataset\D\CD\7046-118.jpg,dataset/D/CD/7046-118.jpg,D,Deck,CD,Cracked,1,D/CD
C:\Users\sumit\Desktop\kavita_capstone\dataset\W\UW\7084-71.jpg,dataset/W/UW/7084-71.jpg,W,Wall,UW,Uncracked,0,W/UW
C:\Users\sumit\Desktop\kavita_capstone\dataset\W\CW\7087-229.jpg,dataset/W/CW/7087-229.jpg,W,Wall,CW,Cracked,1,W/CW
C:\Users\sumit\Desktop\kavita_capstone\dataset\W\UW\7107-248.jpg,dataset/W/UW/7107-248.jpg,W,Wall,UW,Uncracked,0,W/UW
C:\Users\sumit\Desktop\kavita_capstone\dataset\P\UP\002-139.jpg,dataset/P/UP/002-139.jpg,P,Pavement,UP,Uncracked,0,P/UP
C:\Users\sumit\Desktop\kavita_capstone\dataset\P\CP\095-217.jpg,dataset/P/CP/095-217.jpg,P,Pavement,CP,Cracked,1,P/CP
C:\Users\sumit\Desktop\kavita_capstone\dataset\P\UP\054-185.jpg,dataset/P/UP/054-185.jpg,P,Pavement,UP,Uncracked,0,P/UP
C:\Users\sumit\Desktop\kavita_capstone\dataset\W\CW\7115-47.jpg,dataset/W/CW/7115-47.jpg,W,Wall,CW,Cracked,1,W/CW
C:\Users\sumit\Desktop\kavita_capstone\dataset\P\CP\102-110.jpg,dataset/P/CP/102-110.jpg,P,Pavement,CP,Cracked,1,P/CP
C:\Users\sumit\Desktop\kavita_capstone\dataset\P\CP\088-177.jpg,dataset/P/CP/088-177.jpg,P,Pavement,CP,Cracked,1,P/CP
C:\Users\sumit\Desktop\kavita_capstone\dataset\W\CW\7080-230.jpg,dataset/W/CW/7080-230.jpg,W,Wall,CW,Cracked,1,W/CW
C:\Users\sumit\Desktop\kavita_capstone\dataset\D\UD\7016-197.jpg,dataset/D/UD/7016-197.jpg,D,Deck,UD,Uncracked,0,D/UD
C:\Users\sumit\Desktop\kavita_capstone\dataset\W\UW\7118-18.jpg,dataset/W/UW/7118-18.jpg,W,Wall,UW,Uncracked,0,W/UW
C:\Users\sumit\Desktop\kavita_capstone\dataset\W\UW\7100-19.jpg,dataset/W/UW/7100-19.jpg,W,Wall,UW,Uncracked,0,W/UW
C:\Users\sumit\Desktop\kavita_capstone\dataset\D\CD\7039-97.jpg,dataset/D/CD/7039-97.jpg,D,Deck,CD,Cracked,1,D/CD
C:\Users\sumit\Desktop\kavita_capstone\dataset\W\CW\7083-173.jpg,dataset/W/CW/7083-173.jpg,W,Wall,CW,Cracked,1,W/CW
C:\Users\sumit\Desktop\kavita_capstone\dataset\P\UP\016-115.jpg,dataset/P/UP/016-115.jpg,P,Pavement,UP,Uncracked,0,P/UP
C:\Users\sumit\Desktop\kavita_capstone\dataset\P\CP\009-86.jpg,dataset/P/CP/009-86.jpg,P,Pavement,CP,Cracked,1,P/CP
C:\Users\sumit\Desktop\kavita_capstone\dataset\D\UD\7025-32.jpg,dataset/D/UD/7025-32.jpg,D,Deck,UD,Uncracked,0,D/UD
C:\Users\sumit\Desktop\kavita_capstone\dataset\D\CD\7013-45.jpg,dataset/D/CD/7013-45.jpg,D,Deck,CD,Cracked,1,D/CD
C:\Users\sumit\Desktop\kavita_capstone\dataset\D\CD\7012-186.jpg,dataset/D/CD/7012-186.jpg,D,Deck,CD,Cracked,1,D/CD
C:\Users\sumit\Desktop\kavita_capstone\dataset\P\UP\043-120.jpg,dataset/P/UP/043-120.jpg,P,Pavement,UP,Uncracked,0,P/UP
C:\Users\sumit\Desktop\kavita_capstone\dataset\P\CP\020-118.jpg,dataset/P/CP/020-118.jpg,P,Pavement,CP,Cracked,1,P/CP
C:\Users\sumit\Desktop\kavita_capstone\dataset\W\UW\7112-223.jpg,dataset/W/UW/7112-223.jpg,W,Wall,UW,Uncracked,0,W/UW
C:\Users\sumit\Desktop\kavita_capstone\dataset\P\CP\003-61.jpg,dataset/P/CP/003-61.jpg,P,Pavement,CP,Cracked,1,P/CP
C:\Users\sumit\Desktop\kavita_capstone\dataset\D\CD\7037-114.jpg,dataset/D/CD/7037-114.jpg,D,Deck,CD,Cracked,1,D/CD
C:\Users\sumit\Desktop\kavita_capstone\dataset\D\UD\7011-138.jpg,dataset/D/UD/7011-138.jpg,D,Deck,UD,Uncracked,0,D/UD
C:\Users\sumit\Desktop\kavita_capstone\dataset\W\CW\7085-187.jpg,dataset/W/CW/7085-187.jpg,W,Wall,CW,Cracked,1,W/CW
C:\Users\sumit\Desktop\kavita_capstone\dataset\W\CW\7082-173.jpg,dataset/W/CW/7082-173.jpg,W,Wall,CW,Cracked,1,W/CW
C:\Users\sumit\Desktop\kavita_capstone\dataset\W\UW\7127-129.jpg,dataset/W/UW/7127-129.jpg,W,Wall,UW,Uncracked,0,W/UW
C:\Users\sumit\Desktop\kavita_capstone\dataset\D\UD\7034-236.jpg,dataset/D/UD/7034-236.jpg,D,Deck,UD,Uncracked,0,D/UD
C:\Users\sumit\Desktop\kavita_capstone\dataset\P\UP\011-14.jpg,dataset/P/UP/011-14.jpg,P,Pavement,UP,Uncracked,0,P/UP
C:\Users\sumit\Desktop\kavita_capstone\dataset\D\UD\7039-208.jpg,dataset/D/UD/7039-208.jpg,D,Deck,UD,Uncracked,0,D/UD
C:\Users\sumit\Desktop\kavita_capstone\dataset\D\CD\7039-74.jpg,dataset/D/CD/7039-74.jpg,D,Deck,CD,Cracked,1,D/CD
C:\Users\sumit\Desktop\kavita_capstone\dataset\W\CW\7118-101.jpg,dataset/W/CW/7118-101.jpg,W,Wall,CW,Cracked,1,W/CW
C:\Users\sumit\Desktop\kavita_capstone\dataset\D\CD\7005-104.jpg,dataset/D/CD/7005-104.jpg,D,Deck,CD,Cracked,1,D/CD
C:\Users\sumit\Desktop\kavita_capstone\dataset\P\CP\023-190.jpg,dataset/P/CP/023-190.jpg,P,Pavement,CP,Cracked,1,P/CP
C:\Users\sumit\Desktop\kavita_capstone\dataset\W\UW\7079-242.jpg,dataset/W/UW/7079-242.jpg,W,Wall,UW,Uncracked,0,W/UW
C:\Users\sumit\Desktop\kavita_capstone\dataset\D\CD\7026-102.jpg,dataset/D/CD/7026-102.jpg,D,Deck,CD,Cracked,1,D/CD
C:\Users\sumit\Desktop\kavita_capstone\dataset\W\UW\7071-146.jpg,dataset/W/UW/7071-146.jpg,W,Wall,UW,Uncracked,0,W/UW
C:\Users\sumit\Desktop\kavita_capstone\dataset\D\UD\7010-249.jpg,dataset/D/UD/7010-249.jpg,D,Deck,UD,Uncracked,0,D/UD
C:\Users\sumit\Desktop\kavita_capstone\dataset\P\UP\016-103.jpg,dataset/P/UP/016-103.jpg,P,Pavement,UP,Uncracked,0,P/UP
C:\Users\sumit\Desktop\kavita_capstone\dataset\P\CP\074-58.jpg,dataset/P/CP/074-58.jpg,P,Pavement,CP,Cracked,1,P/CP
C:\Users\sumit\Desktop\kavita_capstone\dataset\P\UP\081-39.jpg,dataset/P/UP/081-39.jpg,P,Pavement,UP,Uncracked,0,P/UP
C:\Users\sumit\Desktop\kavita_capstone\dataset\P\UP\027-145.jpg,dataset/P/UP/027-145.jpg,P,Pavement,UP,Uncracked,0,P/UP
C:\Users\sumit\Desktop\kavita_capstone\dataset\D\UD\7002-231.jpg,dataset/D/UD/7002-231.jpg,D,Deck,UD,Uncracked,0,D/UD
C:\Users\sumit\Desktop\kavita_capstone\dataset\P\CP\094-135.jpg,dataset/P/CP/094-135.jpg,P,Pavement,CP,Cracked,1,P/CP
C:\Users\sumit\Desktop\kavita_capstone\dataset\P\CP\019-202.jpg,dataset/P/CP/019-202.jpg,P,Pavement,CP,Cracked,1,P/CP
C:\Users\sumit\Desktop\kavita_capstone\dataset\P\UP\016-201.jpg,dataset/P/UP/016-201.jpg,P,Pavement,UP,Uncracked,0,P/UP
C:\Users\sumit\Desktop\kavita_capstone\dataset\D\CD\7051-206.jpg,dataset/D/CD/7051-206.jpg,D,Deck,CD,Cracked,1,D/CD
C:\Users\sumit\Desktop\kavita_capstone\dataset\D\UD\7027-79.jpg,dataset/D/UD/7027-79.jpg,D,Deck,UD,Uncracked,0,D/UD
C:\Users\sumit\Desktop\kavita_capstone\dataset\P\CP\021-100.jpg,dataset/P/CP/021-100.jpg,P,Pavement,CP,Cracked,1,P/CP
C:\Users\sumit\Desktop\kavita_capstone\dataset\D\CD\7050-158.jpg,dataset/D/CD/7050-158.jpg,D,Deck,CD,Cracked,1,D/CD
C:\Users\sumit\Desktop\kavita_capstone\dataset\D\UD\7023-117.jpg,dataset/D/UD/7023-117.jpg,D,Deck,UD,Uncracked,0,D/UD
C:\Users\sumit\Desktop\kavita_capstone\dataset\D\UD\7035-50.jpg,dataset/D/UD/7035-50.jpg,D,Deck,UD,Uncracked,0,D/UD
C:\Users\sumit\Desktop\kavita_capstone\dataset\P\CP\021-106.jpg,dataset/P/CP/021-106.jpg,P,Pavement,CP,Cracked,1,P/CP
C:\Users\sumit\Desktop\kavita_capstone\dataset\D\CD\7005-141.jpg,dataset/D/CD/7005-141.jpg,D,Deck,CD,Cracked,1,D/CD
C:\Users\sumit\Desktop\kavita_capstone\dataset\D\UD\7050-16.jpg,dataset/D/UD/7050-16.jpg,D,Deck,UD,Uncracked,0,D/UD
C:\Users\sumit\Desktop\kavita_capstone\dataset\W\CW\7077-221.jpg,dataset/W/CW/7077-221.jpg,W,Wall,CW,Cracked,1,W/CW
C:\Users\sumit\Desktop\kavita_capstone\dataset\D\CD\7033-192.jpg,dataset/D/CD/7033-192.jpg,D,Deck,CD,Cracked,1,D/CD
C:\Users\sumit\Desktop\kavita_capstone\dataset\W\CW\7070-31.jpg,dataset/W/CW/7070-31.jpg,W,Wall,CW,Cracked,1,W/CW
C:\Users\sumit\Desktop\kavita_capstone\dataset\D\CD\7013-185.jpg,dataset/D/CD/7013-185.jpg,D,Deck,CD,Cracked,1,D/CD
C:\Users\sumit\Desktop\kavita_capstone\dataset\W\CW\7084-45.jpg,dataset/W/CW/7084-45.jpg,W,Wall,CW,Cracked,1,W/CW
C:\Users\sumit\Desktop\kavita_capstone\dataset\D\CD\7034-24.jpg,dataset/D/CD/7034-24.jpg,D,Deck,CD,Cracked,1,D/CD
C:\Users\sumit\Desktop\kavita_capstone\dataset\P\CP\104-89.jpg,dataset/P/CP/104-89.jpg,P,Pavement,CP,Cracked,1,P/CP
C:\Users\sumit\Desktop\kavita_capstone\dataset\P\UP\026-198.jpg,dataset/P/UP/026-198.jpg,P,Pavement,UP,Uncracked,0,P/UP
C:\Users\sumit\Desktop\kavita_capstone\dataset\D\UD\7019-104.jpg,dataset/D/UD/7019-104.jpg,D,Deck,UD,Uncracked,0,D/UD
C:\Users\sumit\Desktop\kavita_capstone\dataset\P\UP\040-209.jpg,dataset/P/UP/040-209.jpg,P,Pavement,UP,Uncracked,0,P/UP
C:\Users\sumit\Desktop\kavita_capstone\dataset\P\UP\041-185.jpg,dataset/P/UP/041-185.jpg,P,Pavement,UP,Uncracked,0,P/UP
C:\Users\sumit\Desktop\kavita_capstone\dataset\P\CP\101-226.jpg,dataset/P/CP/101-226.jpg,P,Pavement,CP,Cracked,1,P/CP
C:\Users\sumit\Desktop\kavita_capstone\dataset\P\UP\075-67.jpg,dataset/P/UP/075-67.jpg,P,Pavement,UP,Uncracked,0,P/UP
C:\Users\sumit\Desktop\kavita_capstone\dataset\P\UP\043-231.jpg,dataset/P/UP/043-231.jpg,P,Pavement,UP,Uncracked,0,P/UP
C:\Users\sumit\Desktop\kavita_capstone\dataset\P\CP\074-37.jpg,dataset/P/CP/074-37.jpg,P,Pavement,CP,Cracked,1,P/CP
C:\Users\sumit\Desktop\kavita_capstone\dataset\P\CP\090-26.jpg,dataset/P/CP/090-26.jpg,P,Pavement,CP,Cracked,1,P/CP
C:\Users\sumit\Desktop\kavita_capstone\dataset\P\UP\030-23.jpg,dataset/P/UP/030-23.jpg,P,Pavement,UP,Uncracked,0,P/UP
C:\Users\sumit\Desktop\kavita_capstone\dataset\D\CD\7036-76.jpg,dataset/D/CD/7036-76.jpg,D,Deck,CD,Cracked,1,D/CD
C:\Users\sumit\Desktop\kavita_capstone\dataset\P\CP\030-212.jpg,dataset/P/CP/030-212.jpg,P,Pavement,CP,Cracked,1,P/CP
C:\Users\sumit\Desktop\kavita_capstone\dataset\W\CW\7097-43.jpg,dataset/W/CW/7097-43.jpg,W,Wall,CW,Cracked,1,W/CW
C:\Users\sumit\Desktop\kavita_capstone\dataset\W\UW\7097-5.jpg,dataset/W/UW/7097-5.jpg,W,Wall,UW,Uncracked,0,W/UW
C:\Users\sumit\Desktop\kavita_capstone\dataset\D\CD\7053-88.jpg,dataset/D/CD/7053-88.jpg,D,Deck,CD,Cracked,1,D/CD
C:\Users\sumit\Desktop\kavita_capstone\dataset\W\UW\7100-79.jpg,dataset/W/UW/7100-79.jpg,W,Wall,UW,Uncracked,0,W/UW
C:\Users\sumit\Desktop\kavita_capstone\dataset\W\UW\7079-127.jpg,dataset/W/UW/7079-127.jpg,W,Wall,UW,Uncracked,0,W/UW
C:\Users\sumit\Desktop\kavita_capstone\dataset\D\UD\7032-14.jpg,dataset/D/UD/7032-14.jpg,D,Deck,UD,Uncracked,0,D/UD
C:\Users\sumit\Desktop\kavita_capstone\dataset\W\CW\7137-29.jpg,dataset/W/CW/7137-29.jpg,W,Wall,CW,Cracked,1,W/CW
C:\Users\sumit\Desktop\kavita_capstone\dataset\D\CD\7029-238.jpg,dataset/D/CD/7029-238.jpg,D,Deck,CD,Cracked,1,D/CD
C:\Users\sumit\Desktop\kavita_capstone\dataset\W\UW\7098-222.jpg,dataset/W/UW/7098-222.jpg,W,Wall,UW,Uncracked,0,W/UW
C:\Users\sumit\Desktop\kavita_capstone\dataset\D\CD\7022-11.jpg,dataset/D/CD/7022-11.jpg,D,Deck,CD,Cracked,1,D/CD
C:\Users\sumit\Desktop\kavita_capstone\dataset\W\UW\7098-88.jpg,dataset/W/UW/7098-88.jpg,W,Wall,UW,Uncracked,0,W/UW
C:\Users\sumit\Desktop\kavita_capstone\dataset\W\UW\7099-57.jpg,dataset/W/UW/7099-57.jpg,W,Wall,UW,Uncracked,0,W/UW
C:\Users\sumit\Desktop\kavita_capstone\dataset\D\UD\7049-9.jpg,dataset/D/UD/7049-9.jpg,D,Deck,UD,Uncracked,0,D/UD
C:\Users\sumit\Desktop\kavita_capstone\dataset\W\CW\7079-104.jpg,dataset/W/CW/7079-104.jpg,W,Wall,CW,Cracked,1,W/CW
C:\Users\sumit\Desktop\kavita_capstone\dataset\W\CW\7100-102.jpg,dataset/W/CW/7100-102.jpg,W,Wall,CW,Cracked,1,W/CW
C:\Users\sumit\Desktop\kavita_capstone\dataset\W\CW\7120-189.jpg,dataset/W/CW/7120-189.jpg,W,Wall,CW,Cracked,1,W/CW
C:\Users\sumit\Desktop\kavita_capstone\dataset\P\UP\076-144.jpg,dataset/P/UP/076-144.jpg,P,Pavement,UP,Uncracked,0,P/UP
C:\Users\sumit\Desktop\kavita_capstone\dataset\W\UW\7102-96.jpg,dataset/W/UW/7102-96.jpg,W,Wall,UW,Uncracked,0,W/UW
C:\Users\sumit\Desktop\kavita_capstone\dataset\W\CW\7070-116.jpg,dataset/W/CW/7070-116.jpg,W,Wall,CW,Cracked,1,W/CW
C:\Users\sumit\Desktop\kavita_capstone\dataset\W\CW\7122-219.jpg,dataset/W/CW/7122-219.jpg,W,Wall,CW,Cracked,1,W/CW
C:\Users\sumit\Desktop\kavita_capstone\dataset\P\CP\086-128.jpg,dataset/P/CP/086-128.jpg,P,Pavement,CP,Cracked,1,P/CP
C:\Users\sumit\Desktop\kavita_capstone\dataset\D\CD\7023-200.jpg,dataset/D/CD/7023-200.jpg,D,Deck,CD,Cracked,1,D/CD
C:\Users\sumit\Desktop\kavita_capstone\dataset\W\UW\7087-242.jpg,dataset/W/UW/7087-242.jpg,W,Wall,UW,Uncracked,0,W/UW
C:\Users\sumit\Desktop\kavita_capstone\dataset\P\CP\067-81.jpg,dataset/P/CP/067-81.jpg,P,Pavement,CP,Cracked,1,P/CP
C:\Users\sumit\Desktop\kavita_capstone\dataset\D\UD\7033-19.jpg,dataset/D/UD/7033-19.jpg,D,Deck,UD,Uncracked,0,D/UD
C:\Users\sumit\Desktop\kavita_capstone\dataset\W\UW\7130-59.jpg,dataset/W/UW/7130-59.jpg,W,Wall,UW,Uncracked,0,W/UW
C:\Users\sumit\Desktop\kavita_capstone\dataset\D\CD\7024-197.jpg,dataset/D/CD/7024-197.jpg,D,Deck,CD,Cracked,1,D/CD
C:\Users\sumit\Desktop\kavita_capstone\dataset\D\UD\7013-169.jpg,dataset/D/UD/7013-169.jpg,D,Deck,UD,Uncracked,0,D/UD
C:\Users\sumit\Desktop\kavita_capstone\dataset\P\CP\078-113.jpg,dataset/P/CP/078-113.jpg,P,Pavement,CP,Cracked,1,P/CP
C:\Users\sumit\Desktop\kavita_capstone\dataset\D\CD\7026-238.jpg,dataset/D/CD/7026-238.jpg,D,Deck,CD,Cracked,1,D/CD
C:\Users\sumit\Desktop\kavita_capstone\dataset\D\CD\7048-233.jpg,dataset/D/CD/7048-233.jpg,D,Deck,CD,Cracked,1,D/CD
C:\Users\sumit\Desktop\kavita_capstone\dataset\P\CP\079-79.jpg,dataset/P/CP/079-79.jpg,P,Pavement,CP,Cracked,1,P/CP
C:\Users\sumit\Desktop\kavita_capstone\dataset\W\UW\7139-193.jpg,dataset/W/UW/7139-193.jpg,W,Wall,UW,Uncracked,0,W/UW
C:\Users\sumit\Desktop\kavita_capstone\dataset\W\UW\7075-13.jpg,dataset/W/UW/7075-13.jpg,W,Wall,UW,Uncracked,0,W/UW
C:\Users\sumit\Desktop\kavita_capstone\dataset\P\UP\039-133.jpg,dataset/P/UP/039-133.jpg,P,Pavement,UP,Uncracked,0,P/UP
C:\Users\sumit\Desktop\kavita_capstone\dataset\D\UD\7038-101.jpg,dataset/D/UD/7038-101.jpg,D,Deck,UD,Uncracked,0,D/UD
C:\Users\sumit\Desktop\kavita_capstone\dataset\W\UW\7101-42.jpg,dataset/W/UW/7101-42.jpg,W,Wall,UW,Uncracked,0,W/UW
C:\Users\sumit\Desktop\kavita_capstone\dataset\D\CD\7010-17.jpg,dataset/D/CD/7010-17.jpg,D,Deck,CD,Cracked,1,D/CD
C:\Users\sumit\Desktop\kavita_capstone\dataset\D\CD\7027-71.jpg,dataset/D/CD/7027-71.jpg,D,Deck,CD,Cracked,1,D/CD
C:\Users\sumit\Desktop\kavita_capstone\dataset\P\UP\096-217.jpg,dataset/P/UP/096-217.jpg,P,Pavement,UP,Uncracked,0,P/UP
C:\Users\sumit\Desktop\kavita_capstone\dataset\P\UP\033-83.jpg,dataset/P/UP/033-83.jpg,P,Pavement,UP,Uncracked,0,P/UP
C:\Users\sumit\Desktop\kavita_capstone\dataset\W\UW\7072-49.jpg,dataset/W/UW/7072-49.jpg,W,Wall,UW,Uncracked,0,W/UW
C:\Users\sumit\Desktop\kavita_capstone\dataset\W\CW\7096-27.jpg,dataset/W/CW/7096-27.jpg,W,Wall,CW,Cracked,1,W/CW
C:\Users\sumit\Desktop\kavita_capstone\dataset\P\UP\075-60.jpg,dataset/P/UP/075-60.jpg,P,Pavement,UP,Uncracked,0,P/UP
C:\Users\sumit\Desktop\kavita_capstone\dataset\P\UP\002-17.jpg,dataset/P/UP/002-17.jpg,P,Pavement,UP,Uncracked,0,P/UP
C:\Users\sumit\Desktop\kavita_capstone\dataset\P\CP\052-97.jpg,dataset/P/CP/052-97.jpg,P,Pavement,CP,Cracked,1,P/CP
C:\Users\sumit\Desktop\kavita_capstone\dataset\D\UD\7047-169.jpg,dataset/D/UD/7047-169.jpg,D,Deck,UD,Uncracked,0,D/UD
C:\Users\sumit\Desktop\kavita_capstone\dataset\P\UP\019-186.jpg,dataset/P/UP/019-186.jpg,P,Pavement,UP,Uncracked,0,P/UP
C:\Users\sumit\Desktop\kavita_capstone\dataset\W\UW\7111-157.jpg,dataset/W/UW/7111-157.jpg,W,Wall,UW,Uncracked,0,W/UW
C:\Users\sumit\Desktop\kavita_capstone\dataset\W\UW\7109-84.jpg,dataset/W/UW/7109-84.jpg,W,Wall,UW,Uncracked,0,W/UW
C:\Users\sumit\Desktop\kavita_capstone\dataset\D\UD\7035-68.jpg,dataset/D/UD/7035-68.jpg,D,Deck,UD,Uncracked,0,D/UD
C:\Users\sumit\Desktop\kavita_capstone\dataset\P\UP\070-119.jpg,dataset/P/UP/070-119.jpg,P,Pavement,UP,Uncracked,0,P/UP
C:\Users\sumit\Desktop\kavita_capstone\dataset\D\CD\7026-118.jpg,dataset/D/CD/7026-118.jpg,D,Deck,CD,Cracked,1,D/CD
C:\Users\sumit\Desktop\kavita_capstone\dataset\W\CW\7075-86.jpg,dataset/W/CW/7075-86.jpg,W,Wall,CW,Cracked,1,W/CW
C:\Users\sumit\Desktop\kavita_capstone\dataset\W\CW\7091-81.jpg,dataset/W/CW/7091-81.jpg,W,Wall,CW,Cracked,1,W/CW
C:\Users\sumit\Desktop\kavita_capstone\dataset\W\UW\7101-110.jpg,dataset/W/UW/7101-110.jpg,W,Wall,UW,Uncracked,0,W/UW
C:\Users\sumit\Desktop\kavita_capstone\dataset\P\CP\045-230.jpg,dataset/P/CP/045-230.jpg,P,Pavement,CP,Cracked,1,P/CP
C:\Users\sumit\Desktop\kavita_capstone\dataset\P\UP\066-179.jpg,dataset/P/UP/066-179.jpg,P,Pavement,UP,Uncracked,0,P/UP
C:\Users\sumit\Desktop\kavita_capstone\dataset\P\CP\087-11.jpg,dataset/P/CP/087-11.jpg,P,Pavement,CP,Cracked,1,P/CP
C:\Users\sumit\Desktop\kavita_capstone\dataset\W\UW\7080-239.jpg,dataset/W/UW/7080-239.jpg,W,Wall,UW,Uncracked,0,W/UW
C:\Users\sumit\Desktop\kavita_capstone\dataset\D\UD\7013-13.jpg,dataset/D/UD/7013-13.jpg,D,Deck,UD,Uncracked,0,D/UD
C:\Users\sumit\Desktop\kavita_capstone\dataset\W\CW\7072-116.jpg,dataset/W/CW/7072-116.jpg,W,Wall,CW,Cracked,1,W/CW
C:\Users\sumit\Desktop\kavita_capstone\dataset\P\UP\015-109.jpg,dataset/P/UP/015-109.jpg,P,Pavement,UP,Uncracked,0,P/UP
C:\Users\sumit\Desktop\kavita_capstone\dataset\D\CD\7011-61.jpg,dataset/D/CD/7011-61.jpg,D,Deck,CD,Cracked,1,D/CD
C:\Users\sumit\Desktop\kavita_capstone\dataset\P\UP\049-86.jpg,dataset/P/UP/049-86.jpg,P,Pavement,UP,Uncracked,0,P/UP
C:\Users\sumit\Desktop\kavita_capstone\dataset\P\CP\057-120.jpg,dataset/P/CP/057-120.jpg,P,Pavement,CP,Cracked,1,P/CP
C:\Users\sumit\Desktop\kavita_capstone\dataset\P\CP\090-101.jpg,dataset/P/CP/090-101.jpg,P,Pavement,CP,Cracked,1,P/CP
C:\Users\sumit\Desktop\kavita_capstone\dataset\D\UD\7040-156.jpg,dataset/D/UD/7040-156.jpg,D,Deck,UD,Uncracked,0,D/UD
C:\Users\sumit\Desktop\kavita_capstone\dataset\P\UP\004-91.jpg,dataset/P/UP/004-91.jpg,P,Pavement,UP,Uncracked,0,P/UP
C:\Users\sumit\Desktop\kavita_capstone\dataset\W\UW\7122-32.jpg,dataset/W/UW/7122-32.jpg,W,Wall,UW,Uncracked,0,W/UW
C:\Users\sumit\Desktop\kavita_capstone\dataset\P\CP\068-90.jpg,dataset/P/CP/068-90.jpg,P,Pavement,CP,Cracked,1,P/CP
C:\Users\sumit\Desktop\kavita_capstone\dataset\W\CW\7076-225.jpg,dataset/W/CW/7076-225.jpg,W,Wall,CW,Cracked,1,W/CW
C:\Users\sumit\Desktop\kavita_capstone\dataset\W\CW\7092-87.jpg,dataset/W/CW/7092-87.jpg,W,Wall,CW,Cracked,1,W/CW
C:\Users\sumit\Desktop\kavita_capstone\dataset\P\CP\093-62.jpg,dataset/P/CP/093-62.jpg,P,Pavement,CP,Cracked,1,P/CP
C:\Users\sumit\Desktop\kavita_capstone\dataset\W\CW\7115-149.jpg,dataset/W/CW/7115-149.jpg,W,Wall,CW,Cracked,1,W/CW
C:\Users\sumit\Desktop\kavita_capstone\dataset\P\UP\104-171.jpg,dataset/P/UP/104-171.jpg,P,Pavement,UP,Uncracked,0,P/UP
C:\Users\sumit\Desktop\kavita_capstone\dataset\P\CP\096-202.jpg,dataset/P/CP/096-202.jpg,P,Pavement,CP,Cracked,1,P/CP
C:\Users\sumit\Desktop\kavita_capstone\dataset\D\CD\7020-218.jpg,dataset/D/CD/7020-218.jpg,D,Deck,CD,Cracked,1,D/CD
C:\Users\sumit\Desktop\kavita_capstone\dataset\P\UP\021-139.jpg,dataset/P/UP/021-139.jpg,P,Pavement,UP,Uncracked,0,P/UP
C:\Users\sumit\Desktop\kavita_capstone\dataset\W\CW\7074-93.jpg,dataset/W/CW/7074-93.jpg,W,Wall,CW,Cracked,1,W/CW
C:\Users\sumit\Desktop\kavita_capstone\dataset\D\UD\7013-103.jpg,dataset/D/UD/7013-103.jpg,D,Deck,UD,Uncracked,0,D/UD
C:\Users\sumit\Desktop\kavita_capstone\dataset\W\CW\7090-121.jpg,dataset/W/CW/7090-121.jpg,W,Wall,CW,Cracked,1,W/CW
C:\Users\sumit\Desktop\kavita_capstone\dataset\W\UW\7121-203.jpg,dataset/W/UW/7121-203.jpg,W,Wall,UW,Uncracked,0,W/UW
C:\Users\sumit\Desktop\kavita_capstone\dataset\P\UP\010-213.jpg,dataset/P/UP/010-213.jpg,P,Pavement,UP,Uncracked,0,P/UP
C:\Users\sumit\Desktop\kavita_capstone\dataset\D\CD\7038-225.jpg,dataset/D/CD/7038-225.jpg,D,Deck,CD,Cracked,1,D/CD
C:\Users\sumit\Desktop\kavita_capstone\dataset\P\UP\104-174.jpg,dataset/P/UP/104-174.jpg,P,Pavement,UP,Uncracked,0,P/UP
C:\Users\sumit\Desktop\kavita_capstone\dataset\W\UW\7116-10.jpg,dataset/W/UW/7116-10.jpg,W,Wall,UW,Uncracked,0,W/UW
C:\Users\sumit\Desktop\kavita_capstone\dataset\D\CD\7004-78.jpg,dataset/D/CD/7004-78.jpg,D,Deck,CD,Cracked,1,D/CD
C:\Users\sumit\Desktop\kavita_capstone\dataset\D\UD\7057-181.jpg,dataset/D/UD/7057-181.jpg,D,Deck,UD,Uncracked,0,D/UD
C:\Users\sumit\Desktop\kavita_capstone\dataset\P\CP\087-80.jpg,dataset/P/CP/087-80.jpg,P,Pavement,CP,Cracked,1,P/CP
C:\Users\sumit\Desktop\kavita_capstone\dataset\W\UW\7094-41.jpg,dataset/W/UW/7094-41.jpg,W,Wall,UW,Uncracked,0,W/UW
C:\Users\sumit\Desktop\kavita_capstone\dataset\D\UD\7003-209.jpg,dataset/D/UD/7003-209.jpg,D,Deck,UD,Uncracked,0,D/UD
C:\Users\sumit\Desktop\kavita_capstone\dataset\P\UP\058-154.jpg,dataset/P/UP/058-154.jpg,P,Pavement,UP,Uncracked,0,P/UP
C:\Users\sumit\Desktop\kavita_capstone\dataset\P\UP\036-178.jpg,dataset/P/UP/036-178.jpg,P,Pavement,UP,Uncracked,0,P/UP
C:\Users\sumit\Desktop\kavita_capstone\dataset\W\UW\7092-10.jpg,dataset/W/UW/7092-10.jpg,W,Wall,UW,Uncracked,0,W/UW
C:\Users\sumit\Desktop\kavita_capstone\dataset\P\UP\025-60.jpg,dataset/P/UP/025-60.jpg,P,Pavement,UP,Uncracked,0,P/UP
C:\Users\sumit\Desktop\kavita_capstone\dataset\D\UD\7032-188.jpg,dataset/D/UD/7032-188.jpg,D,Deck,UD,Uncracked,0,D/UD
C:\Users\sumit\Desktop\kavita_capstone\dataset\W\UW\7075-25.jpg,dataset/W/UW/7075-25.jpg,W,Wall,UW,Uncracked,0,W/UW
C:\Users\sumit\Desktop\kavita_capstone\dataset\D\CD\7009-119.jpg,dataset/D/CD/7009-119.jpg,D,Deck,CD,Cracked,1,D/CD
C:\Users\sumit\Desktop\kavita_capstone\dataset\P\CP\044-76.jpg,dataset/P/CP/044-76.jpg,P,Pavement,CP,Cracked,1,P/CP
C:\Users\sumit\Desktop\kavita_capstone\dataset\P\CP\103-25.jpg,dataset/P/CP/103-25.jpg,P,Pavement,CP,Cracked,1,P/CP
C:\Users\sumit\Desktop\kavita_capstone\dataset\P\UP\087-32.jpg,dataset/P/UP/087-32.jpg,P,Pavement,UP,Uncracked,0,P/UP
C:\Users\sumit\Desktop\kavita_capstone\dataset\P\CP\049-103.jpg,dataset/P/CP/049-103.jpg,P,Pavement,CP,Cracked,1,P/CP
C:\Users\sumit\Desktop\kavita_capstone\dataset\P\CP\023-225.jpg,dataset/P/CP/023-225.jpg,P,Pavement,CP,Cracked,1,P/CP
C:\Users\sumit\Desktop\kavita_capstone\dataset\W\CW\7103-231.jpg,dataset/W/CW/7103-231.jpg,W,Wall,CW,Cracked,1,W/CW
C:\Users\sumit\Desktop\kavita_capstone\dataset\P\UP\085-163.jpg,dataset/P/UP/085-163.jpg,P,Pavement,UP,Uncracked,0,P/UP
C:\Users\sumit\Desktop\kavita_capstone\dataset\P\UP\072-2.jpg,dataset/P/UP/072-2.jpg,P,Pavement,UP,Uncracked,0,P/UP
C:\Users\sumit\Desktop\kavita_capstone\dataset\P\UP\010-82.jpg,dataset/P/UP/010-82.jpg,P,Pavement,UP,Uncracked,0,P/UP
C:\Users\sumit\Desktop\kavita_capstone\dataset\W\CW\7090-59.jpg,dataset/W/CW/7090-59.jpg,W,Wall,CW,Cracked,1,W/CW
C:\Users\sumit\Desktop\kavita_capstone\dataset\P\CP\069-73.jpg,dataset/P/CP/069-73.jpg,P,Pavement,CP,Cracked,1,P/CP
C:\Users\sumit\Desktop\kavita_capstone\dataset\W\UW\7075-22.jpg,dataset/W/UW/7075-22.jpg,W,Wall,UW,Uncracked,0,W/UW
C:\Users\sumit\Desktop\kavita_capstone\dataset\D\UD\7048-202.jpg,dataset/D/UD/7048-202.jpg,D,Deck,UD,Uncracked,0,D/UD
C:\Users\sumit\Desktop\kavita_capstone\dataset\W\CW\7133-188.jpg,dataset/W/CW/7133-188.jpg,W,Wall,CW,Cracked,1,W/CW
C:\Users\sumit\Desktop\kavita_capstone\dataset\D\CD\7016-104.jpg,dataset/D/CD/7016-104.jpg,D,Deck,CD,Cracked,1,D/CD
C:\Users\sumit\Desktop\kavita_capstone\dataset\W\UW\7085-149.jpg,dataset/W/UW/7085-149.jpg,W,Wall,UW,Uncracked,0,W/UW
C:\Users\sumit\Desktop\kavita_capstone\dataset\W\CW\7071-14.jpg,dataset/W/CW/7071-14.jpg,W,Wall,CW,Cracked,1,W/CW
C:\Users\sumit\Desktop\kavita_capstone\dataset\P\CP\102-138.jpg,dataset/P/CP/102-138.jpg,P,Pavement,CP,Cracked,1,P/CP
C:\Users\sumit\Desktop\kavita_capstone\dataset\W\UW\7135-72.jpg,dataset/W/UW/7135-72.jpg,W,Wall,UW,Uncracked,0,W/UW
C:\Users\sumit\Desktop\kavita_capstone\dataset\D\CD\7017-76.jpg,dataset/D/CD/7017-76.jpg,D,Deck,CD,Cracked,1,D/CD
C:\Users\sumit\Desktop\kavita_capstone\dataset\W\CW\7084-126.jpg,dataset/W/CW/7084-126.jpg,W,Wall,CW,Cracked,1,W/CW
C:\Users\sumit\Desktop\kavita_capstone\dataset\W\UW\7131-195.jpg,dataset/W/UW/7131-195.jpg,W,Wall,UW,Uncracked,0,W/UW
C:\Users\sumit\Desktop\kavita_capstone\dataset\W\CW\7138-84.jpg,dataset/W/CW/7138-84.jpg,W,Wall,CW,Cracked,1,W/CW
C:\Users\sumit\Desktop\kavita_capstone\dataset\W\UW\7136-159.jpg,dataset/W/UW/7136-159.jpg,W,Wall,UW,Uncracked,0,W/UW
C:\Users\sumit\Desktop\kavita_capstone\dataset\D\CD\7039-202.jpg,dataset/D/CD/7039-202.jpg,D,Deck,CD,Cracked,1,D/CD
C:\Users\sumit\Desktop\kavita_capstone\dataset\P\UP\013-110.jpg,dataset/P/UP/013-110.jpg,P,Pavement,UP,Uncracked,0,P/UP
C:\Users\sumit\Desktop\kavita_capstone\dataset\P\UP\083-151.jpg,dataset/P/UP/083-151.jpg,P,Pavement,UP,Uncracked,0,P/UP
C:\Users\sumit\Desktop\kavita_capstone\dataset\P\UP\012-141.jpg,dataset/P/UP/012-141.jpg,P,Pavement,UP,Uncracked,0,P/UP
C:\Users\sumit\Desktop\kavita_capstone\dataset\W\CW\7115-46.jpg,dataset/W/CW/7115-46.jpg,W,Wall,CW,Cracked,1,W/CW
C:\Users\sumit\Desktop\kavita_capstone\dataset\W\CW\7124-103.jpg,dataset/W/CW/7124-103.jpg,W,Wall,CW,Cracked,1,W/CW
C:\Users\sumit\Desktop\kavita_capstone\dataset\D\UD\7044-189.jpg,dataset/D/UD/7044-189.jpg,D,Deck,UD,Uncracked,0,D/UD
C:\Users\sumit\Desktop\kavita_capstone\dataset\P\CP\099-94.jpg,dataset/P/CP/099-94.jpg,P,Pavement,CP,Cracked,1,P/CP
C:\Users\sumit\Desktop\kavita_capstone\dataset\P\UP\069-210.jpg,dataset/P/UP/069-210.jpg,P,Pavement,UP,Uncracked,0,P/UP
C:\Users\sumit\Desktop\kavita_capstone\dataset\W\CW\7086-189.jpg,dataset/W/CW/7086-189.jpg,W,Wall,CW,Cracked,1,W/CW
C:\Users\sumit\Desktop\kavita_capstone\dataset\P\CP\065-132.jpg,dataset/P/CP/065-132.jpg,P,Pavement,CP,Cracked,1,P/CP
C:\Users\sumit\Desktop\kavita_capstone\dataset\P\UP\038-164.jpg,dataset/P/UP/038-164.jpg,P,Pavement,UP,Uncracked,0,P/UP
C:\Users\sumit\Desktop\kavita_capstone\dataset\W\CW\7080-82.jpg,dataset/W/CW/7080-82.jpg,W,Wall,CW,Cracked,1,W/CW
C:\Users\sumit\Desktop\kavita_capstone\dataset\D\CD\7012-14.jpg,dataset/D/CD/7012-14.jpg,D,Deck,CD,Cracked,1,D/CD
C:\Users\sumit\Desktop\kavita_capstone\dataset\P\CP\029-176.jpg,dataset/P/CP/029-176.jpg,P,Pavement,CP,Cracked,1,P/CP
C:\Users\sumit\Desktop\kavita_capstone\dataset\P\UP\057-208.jpg,dataset/P/UP/057-208.jpg,P,Pavement,UP,Uncracked,0,P/UP
C:\Users\sumit\Desktop\kavita_capstone\dataset\P\CP\007-105.jpg,dataset/P/CP/007-105.jpg,P,Pavement,CP,Cracked,1,P/CP
C:\Users\sumit\Desktop\kavita_capstone\dataset\P\UP\052-143.jpg,dataset/P/UP/052-143.jpg,P,Pavement,UP,Uncracked,0,P/UP
C:\Users\sumit\Desktop\kavita_capstone\dataset\D\CD\7001-97.jpg,dataset/D/CD/7001-97.jpg,D,Deck,CD,Cracked,1,D/CD
C:\Users\sumit\Desktop\kavita_capstone\dataset\P\UP\018-233.jpg,dataset/P/UP/018-233.jpg,P,Pavement,UP,Uncracked,0,P/UP
C:\Users\sumit\Desktop\kavita_capstone\dataset\W\UW\7112-193.jpg,dataset/W/UW/7112-193.jpg,W,Wall,UW,Uncracked,0,W/UW
C:\Users\sumit\Desktop\kavita_capstone\dataset\P\UP\043-128.jpg,dataset/P/UP/043-128.jpg,P,Pavement,UP,Uncracked,0,P/UP
C:\Users\sumit\Desktop\kavita_capstone\dataset\W\CW\7135-134.jpg,dataset/W/CW/7135-134.jpg,W,Wall,CW,Cracked,1,W/CW
C:\Users\sumit\Desktop\kavita_capstone\dataset\W\CW\7071-64.jpg,dataset/W/CW/7071-64.jpg,W,Wall,CW,Cracked,1,W/CW
C:\Users\sumit\Desktop\kavita_capstone\dataset\W\UW\7097-129.jpg,dataset/W/UW/7097-129.jpg,W,Wall,UW,Uncracked,0,W/UW
C:\Users\sumit\Desktop\kavita_capstone\dataset\W\CW\7069-182.jpg,dataset/W/CW/7069-182.jpg,W,Wall,CW,Cracked,1,W/CW
C:\Users\sumit\Desktop\kavita_capstone\dataset\W\CW\7124-249.jpg,dataset/W/CW/7124-249.jpg,W,Wall,CW,Cracked,1,W/CW
C:\Users\sumit\Desktop\kavita_capstone\dataset\P\UP\074-177.jpg,dataset/P/UP/074-177.jpg,P,Pavement,UP,Uncracked,0,P/UP
C:\Users\sumit\Desktop\kavita_capstone\dataset\W\CW\7085-75.jpg,dataset/W/CW/7085-75.jpg,W,Wall,CW,Cracked,1,W/CW
C:\Users\sumit\Desktop\kavita_capstone\dataset\W\CW\7119-161.jpg,dataset/W/CW/7119-161.jpg,W,Wall,CW,Cracked,1,W/CW
C:\Users\sumit\Desktop\kavita_capstone\dataset\W\CW\7086-53.jpg,dataset/W/CW/7086-53.jpg,W,Wall,CW,Cracked,1,W/CW
C:\Users\sumit\Desktop\kavita_capstone\dataset\D\UD\7027-13.jpg,dataset/D/UD/7027-13.jpg,D,Deck,UD,Uncracked,0,D/UD
C:\Users\sumit\Desktop\kavita_capstone\dataset\W\UW\7096-50.jpg,dataset/W/UW/7096-50.jpg,W,Wall,UW,Uncracked,0,W/UW
C:\Users\sumit\Desktop\kavita_capstone\dataset\W\CW\7092-47.jpg,dataset/W/CW/7092-47.jpg,W,Wall,CW,Cracked,1,W/CW
C:\Users\sumit\Desktop\kavita_capstone\dataset\W\UW\7108-240.jpg,dataset/W/UW/7108-240.jpg,W,Wall,UW,Uncracked,0,W/UW
C:\Users\sumit\Desktop\kavita_capstone\dataset\W\CW\7121-27.jpg,dataset/W/CW/7121-27.jpg,W,Wall,CW,Cracked,1,W/CW
C:\Users\sumit\Desktop\kavita_capstone\dataset\W\UW\7071-224.jpg,dataset/W/UW/7071-224.jpg,W,Wall,UW,Uncracked,0,W/UW
C:\Users\sumit\Desktop\kavita_capstone\dataset\P\CP\044-100.jpg,dataset/P/CP/044-100.jpg,P,Pavement,CP,Cracked,1,P/CP
C:\Users\sumit\Desktop\kavita_capstone\dataset\P\CP\013-102.jpg,dataset/P/CP/013-102.jpg,P,Pavement,CP,Cracked,1,P/CP
C:\Users\sumit\Desktop\kavita_capstone\dataset\D\UD\7030-10.jpg,dataset/D/UD/7030-10.jpg,D,Deck,UD,Uncracked,0,D/UD
C:\Users\sumit\Desktop\kavita_capstone\dataset\D\UD\7040-58.jpg,dataset/D/UD/7040-58.jpg,D,Deck,UD,Uncracked,0,D/UD
C:\Users\sumit\Desktop\kavita_capstone\dataset\D\UD\7025-33.jpg,dataset/D/UD/7025-33.jpg,D,Deck,UD,Uncracked,0,D/UD
C:\Users\sumit\Desktop\kavita_capstone\dataset\D\CD\7049-178.jpg,dataset/D/CD/7049-178.jpg,D,Deck,CD,Cracked,1,D/CD
C:\Users\sumit\Desktop\kavita_capstone\dataset\P\UP\078-17.jpg,dataset/P/UP/078-17.jpg,P,Pavement,UP,Uncracked,0,P/UP
C:\Users\sumit\Desktop\kavita_capstone\dataset\D\CD\7003-233.jpg,dataset/D/CD/7003-233.jpg,D,Deck,CD,Cracked,1,D/CD
C:\Users\sumit\Desktop\kavita_capstone\dataset\W\UW\7103-205.jpg,dataset/W/UW/7103-205.jpg,W,Wall,UW,Uncracked,0,W/UW
C:\Users\sumit\Desktop\kavita_capstone\dataset\W\UW\7102-20.jpg,dataset/W/UW/7102-20.jpg,W,Wall,UW,Uncracked,0,W/UW
C:\Users\sumit\Desktop\kavita_capstone\dataset\W\UW\7080-44.jpg,dataset/W/UW/7080-44.jpg,W,Wall,UW,Uncracked,0,W/UW
C:\Users\sumit\Desktop\kavita_capstone\dataset\W\CW\7093-11.jpg,dataset/W/CW/7093-11.jpg,W,Wall,CW,Cracked,1,W/CW
C:\Users\sumit\Desktop\kavita_capstone\dataset\W\UW\7094-177.jpg,dataset/W/UW/7094-177.jpg,W,Wall,UW,Uncracked,0,W/UW
C:\Users\sumit\Desktop\kavita_capstone\dataset\D\CD\7002-81.jpg,dataset/D/CD/7002-81.jpg,D,Deck,CD,Cracked,1,D/CD
C:\Users\sumit\Desktop\kavita_capstone\dataset\D\CD\7005-27.jpg,dataset/D/CD/7005-27.jpg,D,Deck,CD,Cracked,1,D/CD
C:\Users\sumit\Desktop\kavita_capstone\dataset\D\CD\7004-102.jpg,dataset/D/CD/7004-102.jpg,D,Deck,CD,Cracked,1,D/CD
C:\Users\sumit\Desktop\kavita_capstone\dataset\P\CP\077-109.jpg,dataset/P/CP/077-109.jpg,P,Pavement,CP,Cracked,1,P/CP
C:\Users\sumit\Desktop\kavita_capstone\dataset\P\CP\012-108.jpg,dataset/P/CP/012-108.jpg,P,Pavement,CP,Cracked,1,P/CP
C:\Users\sumit\Desktop\kavita_capstone\dataset\W\CW\7119-102.jpg,dataset/W/CW/7119-102.jpg,W,Wall,CW,Cracked,1,W/CW
C:\Users\sumit\Desktop\kavita_capstone\dataset\W\UW\7116-206.jpg,dataset/W/UW/7116-206.jpg,W,Wall,UW,Uncracked,0,W/UW
C:\Users\sumit\Desktop\kavita_capstone\dataset\W\CW\7120-171.jpg,dataset/W/CW/7120-171.jpg,W,Wall,CW,Cracked,1,W/CW
C:\Users\sumit\Desktop\kavita_capstone\dataset\W\UW\7108-146.jpg,dataset/W/UW/7108-146.jpg,W,Wall,UW,Uncracked,0,W/UW
C:\Users\sumit\Desktop\kavita_capstone\dataset\W\UW\7107-209.jpg,dataset/W/UW/7107-209.jpg,W,Wall,UW,Uncracked,0,W/UW
C:\Users\sumit\Desktop\kavita_capstone\dataset\W\UW\7075-68.jpg,dataset/W/UW/7075-68.jpg,W,Wall,UW,Uncracked,0,W/UW
C:\Users\sumit\Desktop\kavita_capstone\dataset\D\UD\7039-192.jpg,dataset/D/UD/7039-192.jpg,D,Deck,UD,Uncracked,0,D/UD
C:\Users\sumit\Desktop\kavita_capstone\dataset\D\UD\7019-146.jpg,dataset/D/UD/7019-146.jpg,D,Deck,UD,Uncracked,0,D/UD
C:\Users\sumit\Desktop\kavita_capstone\dataset\D\CD\7046-21.jpg,dataset/D/CD/7046-21.jpg,D,Deck,CD,Cracked,1,D/CD
C:\Users\sumit\Desktop\kavita_capstone\dataset\D\UD\7053-129.jpg,dataset/D/UD/7053-129.jpg,D,Deck,UD,Uncracked,0,D/UD
C:\Users\sumit\Desktop\kavita_capstone\dataset\D\CD\7002-50.jpg,dataset/D/CD/7002-50.jpg,D,Deck,CD,Cracked,1,D/CD
C:\Users\sumit\Desktop\kavita_capstone\dataset\W\CW\7086-247.jpg,dataset/W/CW/7086-247.jpg,W,Wall,CW,Cracked,1,W/CW
C:\Users\sumit\Desktop\kavita_capstone\dataset\D\CD\7020-123.jpg,dataset/D/CD/7020-123.jpg,D,Deck,CD,Cracked,1,D/CD
C:\Users\sumit\Desktop\kavita_capstone\dataset\P\CP\042-79.jpg,dataset/P/CP/042-79.jpg,P,Pavement,CP,Cracked,1,P/CP
C:\Users\sumit\Desktop\kavita_capstone\dataset\W\CW\7113-72.jpg,dataset/W/CW/7113-72.jpg,W,Wall,CW,Cracked,1,W/CW
C:\Users\sumit\Desktop\kavita_capstone\dataset\P\UP\103-57.jpg,dataset/P/UP/103-57.jpg,P,Pavement,UP,Uncracked,0,P/UP
C:\Users\sumit\Desktop\kavita_capstone\dataset\D\UD\7025-227.jpg,dataset/D/UD/7025-227.jpg,D,Deck,UD,Uncracked,0,D/UD
C:\Users\sumit\Desktop\kavita_capstone\dataset\D\CD\7035-32.jpg,dataset/D/CD/7035-32.jpg,D,Deck,CD,Cracked,1,D/CD
C:\Users\sumit\Desktop\kavita_capstone\dataset\D\CD\7015-123.jpg,dataset/D/CD/7015-123.jpg,D,Deck,CD,Cracked,1,D/CD
C:\Users\sumit\Desktop\kavita_capstone\dataset\W\CW\7139-16.jpg,dataset/W/CW/7139-16.jpg,W,Wall,CW,Cracked,1,W/CW
C:\Users\sumit\Desktop\kavita_capstone\dataset\W\CW\7070-212.jpg,dataset/W/CW/7070-212.jpg,W,Wall,CW,Cracked,1,W/CW
C:\Users\sumit\Desktop\kavita_capstone\dataset\D\UD\7033-13.jpg,dataset/D/UD/7033-13.jpg,D,Deck,UD,Uncracked,0,D/UD
C:\Users\sumit\Desktop\kavita_capstone\dataset\W\CW\7076-76.jpg,dataset/W/CW/7076-76.jpg,W,Wall,CW,Cracked,1,W/CW
C:\Users\sumit\Desktop\kavita_capstone\dataset\D\CD\7047-225.jpg,dataset/D/CD/7047-225.jpg,D,Deck,CD,Cracked,1,D/CD
C:\Users\sumit\Desktop\kavita_capstone\dataset\D\UD\7050-111.jpg,dataset/D/UD/7050-111.jpg,D,Deck,UD,Uncracked,0,D/UD
C:\Users\sumit\Desktop\kavita_capstone\dataset\D\CD\7016-29.jpg,dataset/D/CD/7016-29.jpg,D,Deck,CD,Cracked,1,D/CD
C:\Users\sumit\Desktop\kavita_capstone\dataset\W\CW\7109-98.jpg,dataset/W/CW/7109-98.jpg,W,Wall,CW,Cracked,1,W/CW
C:\Users\sumit\Desktop\kavita_capstone\dataset\W\UW\7140-179.jpg,dataset/W/UW/7140-179.jpg,W,Wall,UW,Uncracked,0,W/UW
C:\Users\sumit\Desktop\kavita_capstone\dataset\P\UP\062-46.jpg,dataset/P/UP/062-46.jpg,P,Pavement,UP,Uncracked,0,P/UP
C:\Users\sumit\Desktop\kavita_capstone\dataset\D\UD\7014-29.jpg,dataset/D/UD/7014-29.jpg,D,Deck,UD,Uncracked,0,D/UD
C:\Users\sumit\Desktop\kavita_capstone\dataset\P\UP\033-33.jpg,dataset/P/UP/033-33.jpg,P,Pavement,UP,Uncracked,0,P/UP
C:\Users\sumit\Desktop\kavita_capstone\dataset\D\UD\7037-128.jpg,dataset/D/UD/7037-128.jpg,D,Deck,UD,Uncracked,0,D/UD
C:\Users\sumit\Desktop\kavita_capstone\dataset\D\CD\7011-40.jpg,dataset/D/CD/7011-40.jpg,D,Deck,CD,Cracked,1,D/CD
C:\Users\sumit\Desktop\kavita_capstone\dataset\P\UP\036-152.jpg,dataset/P/UP/036-152.jpg,P,Pavement,UP,Uncracked,0,P/UP
C:\Users\sumit\Desktop\kavita_capstone\dataset\P\UP\006-124.jpg,dataset/P/UP/006-124.jpg,P,Pavement,UP,Uncracked,0,P/UP
C:\Users\sumit\Desktop\kavita_capstone\dataset\W\UW\7120-139.jpg,dataset/W/UW/7120-139.jpg,W,Wall,UW,Uncracked,0,W/UW
C:\Users\sumit\Desktop\kavita_capstone\dataset\D\CD\7051-34.jpg,dataset/D/CD/7051-34.jpg,D,Deck,CD,Cracked,1,D/CD
C:\Users\sumit\Desktop\kavita_capstone\dataset\D\CD\7038-106.jpg,dataset/D/CD/7038-106.jpg,D,Deck,CD,Cracked,1,D/CD
C:\Users\sumit\Desktop\kavita_capstone\dataset\W\CW\7083-98.jpg,dataset/W/CW/7083-98.jpg,W,Wall,CW,Cracked,1,W/CW
C:\Users\sumit\Desktop\kavita_capstone\dataset\P\CP\068-103.jpg,dataset/P/CP/068-103.jpg,P,Pavement,CP,Cracked,1,P/CP
C:\Users\sumit\Desktop\kavita_capstone\dataset\P\UP\049-158.jpg,dataset/P/UP/049-158.jpg,P,Pavement,UP,Uncracked,0,P/UP
C:\Users\sumit\Desktop\kavita_capstone\dataset\P\UP\062-27.jpg,dataset/P/UP/062-27.jpg,P,Pavement,UP,Uncracked,0,P/UP
C:\Users\sumit\Desktop\kavita_capstone\dataset\P\UP\046-89.jpg,dataset/P/UP/046-89.jpg,P,Pavement,UP,Uncracked,0,P/UP
C:\Users\sumit\Desktop\kavita_capstone\dataset\D\CD\7023-4.jpg,dataset/D/CD/7023-4.jpg,D,Deck,CD,Cracked,1,D/CD
C:\Users\sumit\Desktop\kavita_capstone\dataset\P\UP\098-52.jpg,dataset/P/UP/098-52.jpg,P,Pavement,UP,Uncracked,0,P/UP
C:\Users\sumit\Desktop\kavita_capstone\dataset\D\CD\7005-81.jpg,dataset/D/CD/7005-81.jpg,D,Deck,CD,Cracked,1,D/CD
C:\Users\sumit\Desktop\kavita_capstone\dataset\W\UW\7078-233.jpg,dataset/W/UW/7078-233.jpg,W,Wall,UW,Uncracked,0,W/UW
C:\Users\sumit\Desktop\kavita_capstone\dataset\W\CW\7074-172.jpg,dataset/W/CW/7074-172.jpg,W,Wall,CW,Cracked,1,W/CW
C:\Users\sumit\Desktop\kavita_capstone\dataset\D\CD\7006-205.jpg,dataset/D/CD/7006-205.jpg,D,Deck,CD,Cracked,1,D/CD
C:\Users\sumit\Desktop\kavita_capstone\dataset\D\UD\7004-116.jpg,dataset/D/UD/7004-116.jpg,D,Deck,UD,Uncracked,0,D/UD
C:\Users\sumit\Desktop\kavita_capstone\dataset\P\UP\099-136.jpg,dataset/P/UP/099-136.jpg,P,Pavement,UP,Uncracked,0,P/UP
C:\Users\sumit\Desktop\kavita_capstone\dataset\P\CP\035-19.jpg,dataset/P/CP/035-19.jpg,P,Pavement,CP,Cracked,1,P/CP
C:\Users\sumit\Desktop\kavita_capstone\dataset\W\CW\7089-82.jpg,dataset/W/CW/7089-82.jpg,W,Wall,CW,Cracked,1,W/CW
C:\Users\sumit\Desktop\kavita_capstone\dataset\W\CW\7087-221.jpg,dataset/W/CW/7087-221.jpg,W,Wall,CW,Cracked,1,W/CW
C:\Users\sumit\Desktop\kavita_capstone\dataset\D\CD\7022-183.jpg,dataset/D/CD/7022-183.jpg,D,Deck,CD,Cracked,1,D/CD
C:\Users\sumit\Desktop\kavita_capstone\dataset\P\CP\021-99.jpg,dataset/P/CP/021-99.jpg,P,Pavement,CP,Cracked,1,P/CP
C:\Users\sumit\Desktop\kavita_capstone\dataset\P\CP\091-125.jpg,dataset/P/CP/091-125.jpg,P,Pavement,CP,Cracked,1,P/CP
C:\Users\sumit\Desktop\kavita_capstone\dataset\P\CP\033-106.jpg,dataset/P/CP/033-106.jpg,P,Pavement,CP,Cracked,1,P/CP
C:\Users\sumit\Desktop\kavita_capstone\dataset\P\UP\029-225.jpg,dataset/P/UP/029-225.jpg,P,Pavement,UP,Uncracked,0,P/UP
C:\Users\sumit\Desktop\kavita_capstone\dataset\W\UW\7135-168.jpg,dataset/W/UW/7135-168.jpg,W,Wall,UW,Uncracked,0,W/UW
C:\Users\sumit\Desktop\kavita_capstone\dataset\W\UW\7072-226.jpg,dataset/W/UW/7072-226.jpg,W,Wall,UW,Uncracked,0,W/UW
C:\Users\sumit\Desktop\kavita_capstone\dataset\W\CW\7087-29.jpg,dataset/W/CW/7087-29.jpg,W,Wall,CW,Cracked,1,W/CW
C:\Users\sumit\Desktop\kavita_capstone\dataset\P\UP\062-219.jpg,dataset/P/UP/062-219.jpg,P,Pavement,UP,Uncracked,0,P/UP
C:\Users\sumit\Desktop\kavita_capstone\dataset\W\CW\7119-163.jpg,dataset/W/CW/7119-163.jpg,W,Wall,CW,Cracked,1,W/CW
C:\Users\sumit\Desktop\kavita_capstone\dataset\P\CP\071-90.jpg,dataset/P/CP/071-90.jpg,P,Pavement,CP,Cracked,1,P/CP
C:\Users\sumit\Desktop\kavita_capstone\dataset\P\CP\086-94.jpg,dataset/P/CP/086-94.jpg,P,Pavement,CP,Cracked,1,P/CP
C:\Users\sumit\Desktop\kavita_capstone\dataset\P\CP\043-160.jpg,dataset/P/CP/043-160.jpg,P,Pavement,CP,Cracked,1,P/CP
C:\Users\sumit\Desktop\kavita_capstone\dataset\P\UP\095-35.jpg,dataset/P/UP/095-35.jpg,P,Pavement,UP,Uncracked,0,P/UP
C:\Users\sumit\Desktop\kavita_capstone\dataset\D\CD\7026-235.jpg,dataset/D/CD/7026-235.jpg,D,Deck,CD,Cracked,1,D/CD
C:\Users\sumit\Desktop\kavita_capstone\dataset\P\CP\036-105.jpg,dataset/P/CP/036-105.jpg,P,Pavement,CP,Cracked,1,P/CP
C:\Users\sumit\Desktop\kavita_capstone\dataset\P\UP\096-160.jpg,dataset/P/UP/096-160.jpg,P,Pavement,UP,Uncracked,0,P/UP
C:\Users\sumit\Desktop\kavita_capstone\dataset\P\CP\027-119.jpg,dataset/P/CP/027-119.jpg,P,Pavement,CP,Cracked,1,P/CP
C:\Users\sumit\Desktop\kavita_capstone\dataset\W\UW\7107-184.jpg,dataset/W/UW/7107-184.jpg,W,Wall,UW,Uncracked,0,W/UW
C:\Users\sumit\Desktop\kavita_capstone\dataset\P\UP\069-23.jpg,dataset/P/UP/069-23.jpg,P,Pavement,UP,Uncracked,0,P/UP
C:\Users\sumit\Desktop\kavita_capstone\dataset\D\UD\7034-216.jpg,dataset/D/UD/7034-216.jpg,D,Deck,UD,Uncracked,0,D/UD
C:\Users\sumit\Desktop\kavita_capstone\dataset\W\UW\7101-147.jpg,dataset/W/UW/7101-147.jpg,W,Wall,UW,Uncracked,0,W/UW
C:\Users\sumit\Desktop\kavita_capstone\dataset\W\CW\7078-166.jpg,dataset/W/CW/7078-166.jpg,W,Wall,CW,Cracked,1,W/CW
C:\Users\sumit\Desktop\kavita_capstone\dataset\P\UP\029-219.jpg,dataset/P/UP/029-219.jpg,P,Pavement,UP,Uncracked,0,P/UP
C:\Users\sumit\Desktop\kavita_capstone\dataset\P\CP\048-119.jpg,dataset/P/CP/048-119.jpg,P,Pavement,CP,Cracked,1,P/CP
C:\Users\sumit\Desktop\kavita_capstone\dataset\P\UP\085-168.jpg,dataset/P/UP/085-168.jpg,P,Pavement,UP,Uncracked,0,P/UP
C:\Users\sumit\Desktop\kavita_capstone\dataset\P\CP\043-57.jpg,dataset/P/CP/043-57.jpg,P,Pavement,CP,Cracked,1,P/CP
C:\Users\sumit\Desktop\kavita_capstone\dataset\D\UD\7026-111.jpg,dataset/D/UD/7026-111.jpg,D,Deck,UD,Uncracked,0,D/UD
C:\Users\sumit\Desktop\kavita_capstone\dataset\W\UW\7110-8.jpg,dataset/W/UW/7110-8.jpg,W,Wall,UW,Uncracked,0,W/UW
C:\Users\sumit\Desktop\kavita_capstone\dataset\P\CP\071-101.jpg,dataset/P/CP/071-101.jpg,P,Pavement,CP,Cracked,1,P/CP
C:\Users\sumit\Desktop\kavita_capstone\dataset\D\UD\7024-131.jpg,dataset/D/UD/7024-131.jpg,D,Deck,UD,Uncracked,0,D/UD
C:\Users\sumit\Desktop\kavita_capstone\dataset\D\CD\7008-7.jpg,dataset/D/CD/7008-7.jpg,D,Deck,CD,Cracked,1,D/CD
C:\Users\sumit\Desktop\kavita_capstone\dataset\W\UW\7114-164.jpg,dataset/W/UW/7114-164.jpg,W,Wall,UW,Uncracked,0,W/UW
C:\Users\sumit\Desktop\kavita_capstone\dataset\W\UW\7120-35.jpg,dataset/W/UW/7120-35.jpg,W,Wall,UW,Uncracked,0,W/UW
C:\Users\sumit\Desktop\kavita_capstone\dataset\W\UW\7113-80.jpg,dataset/W/UW/7113-80.jpg,W,Wall,UW,Uncracked,0,W/UW
C:\Users\sumit\Desktop\kavita_capstone\dataset\P\UP\104-63.jpg,dataset/P/UP/104-63.jpg,P,Pavement,UP,Uncracked,0,P/UP
C:\Users\sumit\Desktop\kavita_capstone\dataset\D\CD\7025-129.jpg,dataset/D/CD/7025-129.jpg,D,Deck,CD,Cracked,1,D/CD
C:\Users\sumit\Desktop\kavita_capstone\dataset\W\CW\7088-155.jpg,dataset/W/CW/7088-155.jpg,W,Wall,CW,Cracked,1,W/CW
C:\Users\sumit\Desktop\kavita_capstone\dataset\P\CP\069-63.jpg,dataset/P/CP/069-63.jpg,P,Pavement,CP,Cracked,1,P/CP
C:\Users\sumit\Desktop\kavita_capstone\dataset\D\UD\7049-196.jpg,dataset/D/UD/7049-196.jpg,D,Deck,UD,Uncracked,0,D/UD
C:\Users\sumit\Desktop\kavita_capstone\dataset\W\CW\7078-220.jpg,dataset/W/CW/7078-220.jpg,W,Wall,CW,Cracked,1,W/CW
C:\Users\sumit\Desktop\kavita_capstone\dataset\D\UD\7017-25.jpg,dataset/D/UD/7017-25.jpg,D,Deck,UD,Uncracked,0,D/UD
C:\Users\sumit\Desktop\kavita_capstone\dataset\W\CW\7089-111.jpg,dataset/W/CW/7089-111.jpg,W,Wall,CW,Cracked,1,W/CW
C:\Users\sumit\Desktop\kavita_capstone\dataset\D\CD\7041-219.jpg,dataset/D/CD/7041-219.jpg,D,Deck,CD,Cracked,1,D/CD
C:\Users\sumit\Desktop\kavita_capstone\dataset\P\UP\099-46.jpg,dataset/P/UP/099-46.jpg,P,Pavement,UP,Uncracked,0,P/UP
C:\Users\sumit\Desktop\kavita_capstone\dataset\W\UW\7096-133.jpg,dataset/W/UW/7096-133.jpg,W,Wall,UW,Uncracked,0,W/UW
C:\Users\sumit\Desktop\kavita_capstone\dataset\P\UP\084-183.jpg,dataset/P/UP/084-183.jpg,P,Pavement,UP,Uncracked,0,P/UP
C:\Users\sumit\Desktop\kavita_capstone\dataset\P\UP\004-155.jpg,dataset/P/UP/004-155.jpg,P,Pavement,UP,Uncracked,0,P/UP
C:\Users\sumit\Desktop\kavita_capstone\dataset\P\UP\013-45.jpg,dataset/P/UP/013-45.jpg,P,Pavement,UP,Uncracked,0,P/UP
C:\Users\sumit\Desktop\kavita_capstone\dataset\P\UP\099-117.jpg,dataset/P/UP/099-117.jpg,P,Pavement,UP,Uncracked,0,P/UP
C:\Users\sumit\Desktop\kavita_capstone\dataset\P\UP\006-71.jpg,dataset/P/UP/006-71.jpg,P,Pavement,UP,Uncracked,0,P/UP
C:\Users\sumit\Desktop\kavita_capstone\dataset\W\CW\7069-190.jpg,dataset/W/CW/7069-190.jpg,W,Wall,CW,Cracked,1,W/CW
C:\Users\sumit\Desktop\kavita_capstone\dataset\P\UP\009-52.jpg,dataset/P/UP/009-52.jpg,P,Pavement,UP,Uncracked,0,P/UP
C:\Users\sumit\Desktop\kavita_capstone\dataset\D\CD\7027-208.jpg,dataset/D/CD/7027-208.jpg,D,Deck,CD,Cracked,1,D/CD
C:\Users\sumit\Desktop\kavita_capstone\dataset\P\CP\022-116.jpg,dataset/P/CP/022-116.jpg,P,Pavement,CP,Cracked,1,P/CP
C:\Users\sumit\Desktop\kavita_capstone\dataset\P\UP\084-71.jpg,dataset/P/UP/084-71.jpg,P,Pavement,UP,Uncracked,0,P/UP
C:\Users\sumit\Desktop\kavita_capstone\dataset\D\UD\7023-85.jpg,dataset/D/UD/7023-85.jpg,D,Deck,UD,Uncracked,0,D/UD
C:\Users\sumit\Desktop\kavita_capstone\dataset\P\CP\075-100.jpg,dataset/P/CP/075-100.jpg,P,Pavement,CP,Cracked,1,P/CP
C:\Users\sumit\Desktop\kavita_capstone\dataset\D\CD\7034-38.jpg,dataset/D/CD/7034-38.jpg,D,Deck,CD,Cracked,1,D/CD
C:\Users\sumit\Desktop\kavita_capstone\dataset\D\UD\7003-164.jpg,dataset/D/UD/7003-164.jpg,D,Deck,UD,Uncracked,0,D/UD
C:\Users\sumit\Desktop\kavita_capstone\dataset\W\CW\7093-91.jpg,dataset/W/CW/7093-91.jpg,W,Wall,CW,Cracked,1,W/CW
C:\Users\sumit\Desktop\kavita_capstone\dataset\D\CD\7028-151.jpg,dataset/D/CD/7028-151.jpg,D,Deck,CD,Cracked,1,D/CD
C:\Users\sumit\Desktop\kavita_capstone\dataset\D\CD\7052-204.jpg,dataset/D/CD/7052-204.jpg,D,Deck,CD,Cracked,1,D/CD
C:\Users\sumit\Desktop\kavita_capstone\dataset\P\UP\010-166.jpg,dataset/P/UP/010-166.jpg,P,Pavement,UP,Uncracked,0,P/UP
C:\Users\sumit\Desktop\kavita_capstone\dataset\D\UD\7024-132.jpg,dataset/D/UD/7024-132.jpg,D,Deck,UD,Uncracked,0,D/UD
C:\Users\sumit\Desktop\kavita_capstone\dataset\W\UW\7124-71.jpg,dataset/W/UW/7124-71.jpg,W,Wall,UW,Uncracked,0,W/UW
C:\Users\sumit\Desktop\kavita_capstone\dataset\P\CP\042-41.jpg,dataset/P/CP/042-41.jpg,P,Pavement,CP,Cracked,1,P/CP
C:\Users\sumit\Desktop\kavita_capstone\dataset\P\UP\016-46.jpg,dataset/P/UP/016-46.jpg,P,Pavement,UP,Uncracked,0,P/UP
C:\Users\sumit\Desktop\kavita_capstone\dataset\P\UP\050-98.jpg,dataset/P/UP/050-98.jpg,P,Pavement,UP,Uncracked,0,P/UP
C:\Users\sumit\Desktop\kavita_capstone\dataset\W\CW\7116-4.jpg,dataset/W/CW/7116-4.jpg,W,Wall,CW,Cracked,1,W/CW
C:\Users\sumit\Desktop\kavita_capstone\dataset\D\UD\7029-132.jpg,dataset/D/UD/7029-132.jpg,D,Deck,UD,Uncracked,0,D/UD
C:\Users\sumit\Desktop\kavita_capstone\dataset\D\UD\7015-142.jpg,dataset/D/UD/7015-142.jpg,D,Deck,UD,Uncracked,0,D/UD
C:\Users\sumit\Desktop\kavita_capstone\dataset\D\CD\7041-208.jpg,dataset/D/CD/7041-208.jpg,D,Deck,CD,Cracked,1,D/CD
C:\Users\sumit\Desktop\kavita_capstone\dataset\P\CP\068-98.jpg,dataset/P/CP/068-98.jpg,P,Pavement,CP,Cracked,1,P/CP
C:\Users\sumit\Desktop\kavita_capstone\dataset\P\UP\049-34.jpg,dataset/P/UP/049-34.jpg,P,Pavement,UP,Uncracked,0,P/UP
C:\Users\sumit\Desktop\kavita_capstone\dataset\P\CP\067-3.jpg,dataset/P/CP/067-3.jpg,P,Pavement,CP,Cracked,1,P/CP
C:\Users\sumit\Desktop\kavita_capstone\dataset\D\UD\7025-194.jpg,dataset/D/UD/7025-194.jpg,D,Deck,UD,Uncracked,0,D/UD
C:\Users\sumit\Desktop\kavita_capstone\dataset\D\CD\7020-79.jpg,dataset/D/CD/7020-79.jpg,D,Deck,CD,Cracked,1,D/CD
C:\Users\sumit\Desktop\kavita_capstone\dataset\W\UW\7103-85.jpg,dataset/W/UW/7103-85.jpg,W,Wall,UW,Uncracked,0,W/UW
C:\Users\sumit\Desktop\kavita_capstone\dataset\W\UW\7102-126.jpg,dataset/W/UW/7102-126.jpg,W,Wall,UW,Uncracked,0,W/UW
C:\Users\sumit\Desktop\kavita_capstone\dataset\D\CD\7027-226.jpg,dataset/D/CD/7027-226.jpg,D,Deck,CD,Cracked,1,D/CD
C:\Users\sumit\Desktop\kavita_capstone\dataset\D\CD\7003-145.jpg,dataset/D/CD/7003-145.jpg,D,Deck,CD,Cracked,1,D/CD
C:\Users\sumit\Desktop\kavita_capstone\dataset\D\CD\7036-27.jpg,dataset/D/CD/7036-27.jpg,D,Deck,CD,Cracked,1,D/CD
C:\Users\sumit\Desktop\kavita_capstone\dataset\P\CP\019-120.jpg,dataset/P/CP/019-120.jpg,P,Pavement,CP,Cracked,1,P/CP
C:\Users\sumit\Desktop\kavita_capstone\dataset\W\UW\7130-25.jpg,dataset/W/UW/7130-25.jpg,W,Wall,UW,Uncracked,0,W/UW
C:\Users\sumit\Desktop\kavita_capstone\dataset\W\CW\7119-157.jpg,dataset/W/CW/7119-157.jpg,W,Wall,CW,Cracked,1,W/CW
C:\Users\sumit\Desktop\kavita_capstone\dataset\P\UP\061-65.jpg,dataset/P/UP/061-65.jpg,P,Pavement,UP,Uncracked,0,P/UP
C:\Users\sumit\Desktop\kavita_capstone\dataset\D\UD\7023-103.jpg,dataset/D/UD/7023-103.jpg,D,Deck,UD,Uncracked,0,D/UD
C:\Users\sumit\Desktop\kavita_capstone\dataset\W\CW\7122-67.jpg,dataset/W/CW/7122-67.jpg,W,Wall,CW,Cracked,1,W/CW
C:\Users\sumit\Desktop\kavita_capstone\dataset\D\UD\7017-151.jpg,dataset/D/UD/7017-151.jpg,D,Deck,UD,Uncracked,0,D/UD
C:\Users\sumit\Desktop\kavita_capstone\dataset\P\UP\016-158.jpg,dataset/P/UP/016-158.jpg,P,Pavement,UP,Uncracked,0,P/UP
C:\Users\sumit\Desktop\kavita_capstone\dataset\D\UD\7021-121.jpg,dataset/D/UD/7021-121.jpg,D,Deck,UD,Uncracked,0,D/UD
C:\Users\sumit\Desktop\kavita_capstone\dataset\P\CP\019-136.jpg,dataset/P/CP/019-136.jpg,P,Pavement,CP,Cracked,1,P/CP
C:\Users\sumit\Desktop\kavita_capstone\dataset\D\CD\7002-176.jpg,dataset/D/CD/7002-176.jpg,D,Deck,CD,Cracked,1,D/CD
C:\Users\sumit\Desktop\kavita_capstone\dataset\W\UW\7102-67.jpg,dataset/W/UW/7102-67.jpg,W,Wall,UW,Uncracked,0,W/UW
C:\Users\sumit\Desktop\kavita_capstone\dataset\W\CW\7119-22.jpg,dataset/W/CW/7119-22.jpg,W,Wall,CW,Cracked,1,W/CW
C:\Users\sumit\Desktop\kavita_capstone\dataset\D\CD\7007-114.jpg,dataset/D/CD/7007-114.jpg,D,Deck,CD,Cracked,1,D/CD
C:\Users\sumit\Desktop\kavita_capstone\dataset\D\UD\7028-199.jpg,dataset/D/UD/7028-199.jpg,D,Deck,UD,Uncracked,0,D/UD
C:\Users\sumit\Desktop\kavita_capstone\dataset\W\CW\7120-9.jpg,dataset/W/CW/7120-9.jpg,W,Wall,CW,Cracked,1,W/CW
C:\Users\sumit\Desktop\kavita_capstone\dataset\D\CD\7040-207.jpg,dataset/D/CD/7040-207.jpg,D,Deck,CD,Cracked,1,D/CD
C:\Users\sumit\Desktop\kavita_capstone\dataset\P\CP\058-67.jpg,dataset/P/CP/058-67.jpg,P,Pavement,CP,Cracked,1,P/CP
C:\Users\sumit\Desktop\kavita_capstone\dataset\P\UP\046-1.jpg,dataset/P/UP/046-1.jpg,P,Pavement,UP,Uncracked,0,P/UP
C:\Users\sumit\Desktop\kavita_capstone\dataset\W\UW\7119-119.jpg,dataset/W/UW/7119-119.jpg,W,Wall,UW,Uncracked,0,W/UW
C:\Users\sumit\Desktop\kavita_capstone\dataset\D\CD\7020-44.jpg,dataset/D/CD/7020-44.jpg,D,Deck,CD,Cracked,1,D/CD
C:\Users\sumit\Desktop\kavita_capstone\dataset\P\UP\012-221.jpg,dataset/P/UP/012-221.jpg,P,Pavement,UP,Uncracked,0,P/UP
C:\Users\sumit\Desktop\kavita_capstone\dataset\D\UD\7033-5.jpg,dataset/D/UD/7033-5.jpg,D,Deck,UD,Uncracked,0,D/UD
C:\Users\sumit\Desktop\kavita_capstone\dataset\D\CD\7027-54.jpg,dataset/D/CD/7027-54.jpg,D,Deck,CD,Cracked,1,D/CD
C:\Users\sumit\Desktop\kavita_capstone\dataset\D\UD\7036-237.jpg,dataset/D/UD/7036-237.jpg,D,Deck,UD,Uncracked,0,D/UD
C:\Users\sumit\Desktop\kavita_capstone\dataset\P\UP\099-211.jpg,dataset/P/UP/099-211.jpg,P,Pavement,UP,Uncracked,0,P/UP
C:\Users\sumit\Desktop\kavita_capstone\dataset\W\UW\7096-78.jpg,dataset/W/UW/7096-78.jpg,W,Wall,UW,Uncracked,0,W/UW
C:\Users\sumit\Desktop\kavita_capstone\dataset\P\CP\101-207.jpg,dataset/P/CP/101-207.jpg,P,Pavement,CP,Cracked,1,P/CP
C:\Users\sumit\Desktop\kavita_capstone\dataset\W\CW\7124-169.jpg,dataset/W/CW/7124-169.jpg,W,Wall,CW,Cracked,1,W/CW
C:\Users\sumit\Desktop\kavita_capstone\dataset\D\CD\7019-209.jpg,dataset/D/CD/7019-209.jpg,D,Deck,CD,Cracked,1,D/CD
C:\Users\sumit\Desktop\kavita_capstone\dataset\P\UP\052-132.jpg,dataset/P/UP/052-132.jpg,P,Pavement,UP,Uncracked,0,P/UP
C:\Users\sumit\Desktop\kavita_capstone\dataset\P\CP\102-95.jpg,dataset/P/CP/102-95.jpg,P,Pavement,CP,Cracked,1,P/CP
C:\Users\sumit\Desktop\kavita_capstone\dataset\P\CP\066-104.jpg,dataset/P/CP/066-104.jpg,P,Pavement,CP,Cracked,1,P/CP
C:\Users\sumit\Desktop\kavita_capstone\dataset\D\UD\7025-101.jpg,dataset/D/UD/7025-101.jpg,D,Deck,UD,Uncracked,0,D/UD
C:\Users\sumit\Desktop\kavita_capstone\dataset\D\CD\7018-65.jpg,dataset/D/CD/7018-65.jpg,D,Deck,CD,Cracked,1,D/CD
C:\Users\sumit\Desktop\kavita_capstone\dataset\D\CD\7010-171.jpg,dataset/D/CD/7010-171.jpg,D,Deck,CD,Cracked,1,D/CD
C:\Users\sumit\Desktop\kavita_capstone\dataset\P\UP\033-178.jpg,dataset/P/UP/033-178.jpg,P,Pavement,UP,Uncracked,0,P/UP
C:\Users\sumit\Desktop\kavita_capstone\dataset\P\UP\041-66.jpg,dataset/P/UP/041-66.jpg,P,Pavement,UP,Uncracked,0,P/UP
C:\Users\sumit\Desktop\kavita_capstone\dataset\P\UP\086-102.jpg,dataset/P/UP/086-102.jpg,P,Pavement,UP,Uncracked,0,P/UP
C:\Users\sumit\Desktop\kavita_capstone\dataset\D\CD\7048-251.jpg,dataset/D/CD/7048-251.jpg,D,Deck,CD,Cracked,1,D/CD
C:\Users\sumit\Desktop\kavita_capstone\dataset\D\CD\7041-114.jpg,dataset/D/CD/7041-114.jpg,D,Deck,CD,Cracked,1,D/CD
C:\Users\sumit\Desktop\kavita_capstone\dataset\D\CD\7034-115.jpg,dataset/D/CD/7034-115.jpg,D,Deck,CD,Cracked,1,D/CD
C:\Users\sumit\Desktop\kavita_capstone\dataset\W\CW\7092-51.jpg,dataset/W/CW/7092-51.jpg,W,Wall,CW,Cracked,1,W/CW
C:\Users\sumit\Desktop\kavita_capstone\dataset\W\CW\7084-247.jpg,dataset/W/CW/7084-247.jpg,W,Wall,CW,Cracked,1,W/CW
C:\Users\sumit\Desktop\kavita_capstone\dataset\P\CP\063-81.jpg,dataset/P/CP/063-81.jpg,P,Pavement,CP,Cracked,1,P/CP
C:\Users\sumit\Desktop\kavita_capstone\dataset\W\CW\7103-228.jpg,dataset/W/CW/7103-228.jpg,W,Wall,CW,Cracked,1,W/CW
C:\Users\sumit\Desktop\kavita_capstone\dataset\W\UW\7071-236.jpg,dataset/W/UW/7071-236.jpg,W,Wall,UW,Uncracked,0,W/UW
C:\Users\sumit\Desktop\kavita_capstone\dataset\D\UD\7005-32.jpg,dataset/D/UD/7005-32.jpg,D,Deck,UD,Uncracked,0,D/UD
C:\Users\sumit\Desktop\kavita_capstone\dataset\P\UP\045-60.jpg,dataset/P/UP/045-60.jpg,P,Pavement,UP,Uncracked,0,P/UP
C:\Users\sumit\Desktop\kavita_capstone\dataset\P\UP\019-68.jpg,dataset/P/UP/019-68.jpg,P,Pavement,UP,Uncracked,0,P/UP
C:\Users\sumit\Desktop\kavita_capstone\dataset\P\CP\043-177.jpg,dataset/P/CP/043-177.jpg,P,Pavement,CP,Cracked,1,P/CP
C:\Users\sumit\Desktop\kavita_capstone\dataset\W\CW\7126-22.jpg,dataset/W/CW/7126-22.jpg,W,Wall,CW,Cracked,1,W/CW
C:\Users\sumit\Desktop\kavita_capstone\dataset\D\UD\7005-53.jpg,dataset/D/UD/7005-53.jpg,D,Deck,UD,Uncracked,0,D/UD
C:\Users\sumit\Desktop\kavita_capstone\dataset\P\UP\025-48.jpg,dataset/P/UP/025-48.jpg,P,Pavement,UP,Uncracked,0,P/UP
C:\Users\sumit\Desktop\kavita_capstone\dataset\P\CP\081-138.jpg,dataset/P/CP/081-138.jpg,P,Pavement,CP,Cracked,1,P/CP
C:\Users\sumit\Desktop\kavita_capstone\dataset\D\CD\7020-131.jpg,dataset/D/CD/7020-131.jpg,D,Deck,CD,Cracked,1,D/CD
C:\Users\sumit\Desktop\kavita_capstone\dataset\W\UW\7111-70.jpg,dataset/W/UW/7111-70.jpg,W,Wall,UW,Uncracked,0,W/UW
C:\Users\sumit\Desktop\kavita_capstone\dataset\D\UD\7040-13.jpg,dataset/D/UD/7040-13.jpg,D,Deck,UD,Uncracked,0,D/UD
C:\Users\sumit\Desktop\kavita_capstone\dataset\W\UW\7093-206.jpg,dataset/W/UW/7093-206.jpg,W,Wall,UW,Uncracked,0,W/UW
C:\Users\sumit\Desktop\kavita_capstone\dataset\W\UW\7077-15.jpg,dataset/W/UW/7077-15.jpg,W,Wall,UW,Uncracked,0,W/UW
C:\Users\sumit\Desktop\kavita_capstone\dataset\P\UP\006-42.jpg,dataset/P/UP/006-42.jpg,P,Pavement,UP,Uncracked,0,P/UP
C:\Users\sumit\Desktop\kavita_capstone\dataset\W\UW\7098-229.jpg,dataset/W/UW/7098-229.jpg,W,Wall,UW,Uncracked,0,W/UW
C:\Users\sumit\Desktop\kavita_capstone\dataset\P\UP\068-140.jpg,dataset/P/UP/068-140.jpg,P,Pavement,UP,Uncracked,0,P/UP
C:\Users\sumit\Desktop\kavita_capstone\dataset\W\CW\7090-189.jpg,dataset/W/CW/7090-189.jpg,W,Wall,CW,Cracked,1,W/CW
C:\Users\sumit\Desktop\kavita_capstone\dataset\W\CW\7100-176.jpg,dataset/W/CW/7100-176.jpg,W,Wall,CW,Cracked,1,W/CW
C:\Users\sumit\Desktop\kavita_capstone\dataset\D\CD\7010-123.jpg,dataset/D/CD/7010-123.jpg,D,Deck,CD,Cracked,1,D/CD
C:\Users\sumit\Desktop\kavita_capstone\dataset\D\UD\7031-15.jpg,dataset/D/UD/7031-15.jpg,D,Deck,UD,Uncracked,0,D/UD
C:\Users\sumit\Desktop\kavita_capstone\dataset\W\UW\7125-251.jpg,dataset/W/UW/7125-251.jpg,W,Wall,UW,Uncracked,0,W/UW
C:\Users\sumit\Desktop\kavita_capstone\dataset\W\UW\7107-246.jpg,dataset/W/UW/7107-246.jpg,W,Wall,UW,Uncracked,0,W/UW
C:\Users\sumit\Desktop\kavita_capstone\dataset\P\UP\036-50.jpg,dataset/P/UP/036-50.jpg,P,Pavement,UP,Uncracked,0,P/UP
C:\Users\sumit\Desktop\kavita_capstone\dataset\P\UP\085-79.jpg,dataset/P/UP/085-79.jpg,P,Pavement,UP,Uncracked,0,P/UP
C:\Users\sumit\Desktop\kavita_capstone\dataset\D\UD\7020-221.jpg,dataset/D/UD/7020-221.jpg,D,Deck,UD,Uncracked,0,D/UD
C:\Users\sumit\Desktop\kavita_capstone\dataset\D\UD\7057-97.jpg,dataset/D/UD/7057-97.jpg,D,Deck,UD,Uncracked,0,D/UD
C:\Users\sumit\Desktop\kavita_capstone\dataset\D\UD\7052-103.jpg,dataset/D/UD/7052-103.jpg,D,Deck,UD,Uncracked,0,D/UD
C:\Users\sumit\Desktop\kavita_capstone\dataset\D\UD\7057-6.jpg,dataset/D/UD/7057-6.jpg,D,Deck,UD,Uncracked,0,D/UD
C:\Users\sumit\Desktop\kavita_capstone\dataset\P\CP\062-120.jpg,dataset/P/CP/062-120.jpg,P,Pavement,CP,Cracked,1,P/CP
C:\Users\sumit\Desktop\kavita_capstone\dataset\D\CD\7036-220.jpg,dataset/D/CD/7036-220.jpg,D,Deck,CD,Cracked,1,D/CD
C:\Users\sumit\Desktop\kavita_capstone\dataset\W\CW\7088-84.jpg,dataset/W/CW/7088-84.jpg,W,Wall,CW,Cracked,1,W/CW
C:\Users\sumit\Desktop\kavita_capstone\dataset\W\CW\7077-9.jpg,dataset/W/CW/7077-9.jpg,W,Wall,CW,Cracked,1,W/CW
C:\Users\sumit\Desktop\kavita_capstone\dataset\P\CP\095-94.jpg,dataset/P/CP/095-94.jpg,P,Pavement,CP,Cracked,1,P/CP
C:\Users\sumit\Desktop\kavita_capstone\dataset\P\UP\082-203.jpg,dataset/P/UP/082-203.jpg,P,Pavement,UP,Uncracked,0,P/UP
C:\Users\sumit\Desktop\kavita_capstone\dataset\D\UD\7043-66.jpg,dataset/D/UD/7043-66.jpg,D,Deck,UD,Uncracked,0,D/UD
C:\Users\sumit\Desktop\kavita_capstone\dataset\P\UP\077-34.jpg,dataset/P/UP/077-34.jpg,P,Pavement,UP,Uncracked,0,P/UP
C:\Users\sumit\Desktop\kavita_capstone\dataset\D\UD\7036-243.jpg,dataset/D/UD/7036-243.jpg,D,Deck,UD,Uncracked,0,D/UD
C:\Users\sumit\Desktop\kavita_capstone\dataset\W\UW\7107-20.jpg,dataset/W/UW/7107-20.jpg,W,Wall,UW,Uncracked,0,W/UW
C:\Users\sumit\Desktop\kavita_capstone\dataset\W\UW\7098-90.jpg,dataset/W/UW/7098-90.jpg,W,Wall,UW,Uncracked,0,W/UW
C:\Users\sumit\Desktop\kavita_capstone\dataset\D\UD\7003-215.jpg,dataset/D/UD/7003-215.jpg,D,Deck,UD,Uncracked,0,D/UD
C:\Users\sumit\Desktop\kavita_capstone\dataset\D\CD\7028-237.jpg,dataset/D/CD/7028-237.jpg,D,Deck,CD,Cracked,1,D/CD
C:\Users\sumit\Desktop\kavita_capstone\dataset\D\CD\7052-205.jpg,dataset/D/CD/7052-205.jpg,D,Deck,CD,Cracked,1,D/CD
C:\Users\sumit\Desktop\kavita_capstone\dataset\W\CW\7088-180.jpg,dataset/W/CW/7088-180.jpg,W,Wall,CW,Cracked,1,W/CW
C:\Users\sumit\Desktop\kavita_capstone\dataset\P\CP\058-79.jpg,dataset/P/CP/058-79.jpg,P,Pavement,CP,Cracked,1,P/CP
C:\Users\sumit\Desktop\kavita_capstone\dataset\D\CD\7054-107.jpg,dataset/D/CD/7054-107.jpg,D,Deck,CD,Cracked,1,D/CD
C:\Users\sumit\Desktop\kavita_capstone\dataset\P\UP\095-164.jpg,dataset/P/UP/095-164.jpg,P,Pavement,UP,Uncracked,0,P/UP
C:\Users\sumit\Desktop\kavita_capstone\dataset\P\UP\010-137.jpg,dataset/P/UP/010-137.jpg,P,Pavement,UP,Uncracked,0,P/UP
C:\Users\sumit\Desktop\kavita_capstone\dataset\P\CP\019-124.jpg,dataset/P/CP/019-124.jpg,P,Pavement,CP,Cracked,1,P/CP
C:\Users\sumit\Desktop\kavita_capstone\dataset\P\CP\027-21_2.jpg,dataset/P/CP/027-21_2.jpg,P,Pavement,CP,Cracked,1,P/CP
C:\Users\sumit\Desktop\kavita_capstone\dataset\D\UD\7005-85.jpg,dataset/D/UD/7005-85.jpg,D,Deck,UD,Uncracked,0,D/UD
C:\Users\sumit\Desktop\kavita_capstone\dataset\D\UD\7025-23.jpg,dataset/D/UD/7025-23.jpg,D,Deck,UD,Uncracked,0,D/UD
C:\Users\sumit\Desktop\kavita_capstone\dataset\W\CW\7086-98.jpg,dataset/W/CW/7086-98.jpg,W,Wall,CW,Cracked,1,W/CW
C:\Users\sumit\Desktop\kavita_capstone\dataset\D\UD\7030-166.jpg,dataset/D/UD/7030-166.jpg,D,Deck,UD,Uncracked,0,D/UD
C:\Users\sumit\Desktop\kavita_capstone\dataset\W\UW\7126-1.jpg,dataset/W/UW/7126-1.jpg,W,Wall,UW,Uncracked,0,W/UW
C:\Users\sumit\Desktop\kavita_capstone\dataset\W\CW\7108-10.jpg,dataset/W/CW/7108-10.jpg,W,Wall,CW,Cracked,1,W/CW
C:\Users\sumit\Desktop\kavita_capstone\dataset\P\CP\084-139.jpg,dataset/P/CP/084-139.jpg,P,Pavement,CP,Cracked,1,P/CP
C:\Users\sumit\Desktop\kavita_capstone\dataset\D\CD\7021-229.jpg,dataset/D/CD/7021-229.jpg,D,Deck,CD,Cracked,1,D/CD
C:\Users\sumit\Desktop\kavita_capstone\dataset\W\CW\7069-25.jpg,dataset/W/CW/7069-25.jpg,W,Wall,CW,Cracked,1,W/CW
C:\Users\sumit\Desktop\kavita_capstone\dataset\P\UP\025-102.jpg,dataset/P/UP/025-102.jpg,P,Pavement,UP,Uncracked,0,P/UP
C:\Users\sumit\Desktop\kavita_capstone\dataset\D\CD\7015-80.jpg,dataset/D/CD/7015-80.jpg,D,Deck,CD,Cracked,1,D/CD
C:\Users\sumit\Desktop\kavita_capstone\dataset\W\UW\7095-50.jpg,dataset/W/UW/7095-50.jpg,W,Wall,UW,Uncracked,0,W/UW
C:\Users\sumit\Desktop\kavita_capstone\dataset\W\CW\7098-154.jpg,dataset/W/CW/7098-154.jpg,W,Wall,CW,Cracked,1,W/CW
C:\Users\sumit\Desktop\kavita_capstone\dataset\P\CP\037-103.jpg,dataset/P/CP/037-103.jpg,P,Pavement,CP,Cracked,1,P/CP
C:\Users\sumit\Desktop\kavita_capstone\dataset\D\CD\7021-207.jpg,dataset/D/CD/7021-207.jpg,D,Deck,CD,Cracked,1,D/CD
C:\Users\sumit\Desktop\kavita_capstone\dataset\D\UD\7039-47.jpg,dataset/D/UD/7039-47.jpg,D,Deck,UD,Uncracked,0,D/UD
C:\Users\sumit\Desktop\kavita_capstone\dataset\D\UD\7043-238.jpg,dataset/D/UD/7043-238.jpg,D,Deck,UD,Uncracked,0,D/UD
C:\Users\sumit\Desktop\kavita_capstone\dataset\D\CD\7046-59.jpg,dataset/D/CD/7046-59.jpg,D,Deck,CD,Cracked,1,D/CD
C:\Users\sumit\Desktop\kavita_capstone\dataset\P\UP\080-6.jpg,dataset/P/UP/080-6.jpg,P,Pavement,UP,Uncracked,0,P/UP
C:\Users\sumit\Desktop\kavita_capstone\dataset\W\CW\7124-113.jpg,dataset/W/CW/7124-113.jpg,W,Wall,CW,Cracked,1,W/CW
C:\Users\sumit\Desktop\kavita_capstone\dataset\P\CP\092-161.jpg,dataset/P/CP/092-161.jpg,P,Pavement,CP,Cracked,1,P/CP
C:\Users\sumit\Desktop\kavita_capstone\dataset\P\CP\057-132.jpg,dataset/P/CP/057-132.jpg,P,Pavement,CP,Cracked,1,P/CP
C:\Users\sumit\Desktop\kavita_capstone\dataset\D\UD\7008-243.jpg,dataset/D/UD/7008-243.jpg,D,Deck,UD,Uncracked,0,D/UD
C:\Users\sumit\Desktop\kavita_capstone\dataset\P\CP\072-101.jpg,dataset/P/CP/072-101.jpg,P,Pavement,CP,Cracked,1,P/CP
C:\Users\sumit\Desktop\kavita_capstone\dataset\W\CW\7074-89.jpg,dataset/W/CW/7074-89.jpg,W,Wall,CW,Cracked,1,W/CW
C:\Users\sumit\Desktop\kavita_capstone\dataset\D\CD\7007-183.jpg,dataset/D/CD/7007-183.jpg,D,Deck,CD,Cracked,1,D/CD
C:\Users\sumit\Desktop\kavita_capstone\dataset\W\CW\7119-98.jpg,dataset/W/CW/7119-98.jpg,W,Wall,CW,Cracked,1,W/CW
C:\Users\sumit\Desktop\kavita_capstone\dataset\W\UW\7087-142.jpg,dataset/W/UW/7087-142.jpg,W,Wall,UW,Uncracked,0,W/UW
C:\Users\sumit\Desktop\kavita_capstone\dataset\W\UW\7079-148.jpg,dataset/W/UW/7079-148.jpg,W,Wall,UW,Uncracked,0,W/UW
C:\Users\sumit\Desktop\kavita_capstone\dataset\D\CD\7052-16.jpg,dataset/D/CD/7052-16.jpg,D,Deck,CD,Cracked,1,D/CD
C:\Users\sumit\Desktop\kavita_capstone\dataset\W\UW\7076-212.jpg,dataset/W/UW/7076-212.jpg,W,Wall,UW,Uncracked,0,W/UW
C:\Users\sumit\Desktop\kavita_capstone\dataset\W\UW\7071-238.jpg,dataset/W/UW/7071-238.jpg,W,Wall,UW,Uncracked,0,W/UW
C:\Users\sumit\Desktop\kavita_capstone\dataset\P\UP\013-185.jpg,dataset/P/UP/013-185.jpg,P,Pavement,UP,Uncracked,0,P/UP
C:\Users\sumit\Desktop\kavita_capstone\dataset\D\CD\7012-2.jpg,dataset/D/CD/7012-2.jpg,D,Deck,CD,Cracked,1,D/CD
C:\Users\sumit\Desktop\kavita_capstone\dataset\W\UW\7132-163.jpg,dataset/W/UW/7132-163.jpg,W,Wall,UW,Uncracked,0,W/UW
C:\Users\sumit\Desktop\kavita_capstone\dataset\P\UP\049-115.jpg,dataset/P/UP/049-115.jpg,P,Pavement,UP,Uncracked,0,P/UP
C:\Users\sumit\Desktop\kavita_capstone\dataset\D\CD\7028-165.jpg,dataset/D/CD/7028-165.jpg,D,Deck,CD,Cracked,1,D/CD
C:\Users\sumit\Desktop\kavita_capstone\dataset\W\CW\7080-151.jpg,dataset/W/CW/7080-151.jpg,W,Wall,CW,Cracked,1,W/CW
C:\Users\sumit\Desktop\kavita_capstone\dataset\D\CD\7010-86.jpg,dataset/D/CD/7010-86.jpg,D,Deck,CD,Cracked,1,D/CD
C:\Users\sumit\Desktop\kavita_capstone\dataset\W\UW\7128-77.jpg,dataset/W/UW/7128-77.jpg,W,Wall,UW,Uncracked,0,W/UW
C:\Users\sumit\Desktop\kavita_capstone\dataset\D\UD\7031-203.jpg,dataset/D/UD/7031-203.jpg,D,Deck,UD,Uncracked,0,D/UD
C:\Users\sumit\Desktop\kavita_capstone\dataset\D\UD\7043-84.jpg,dataset/D/UD/7043-84.jpg,D,Deck,UD,Uncracked,0,D/UD
C:\Users\sumit\Desktop\kavita_capstone\dataset\D\UD\7005-224.jpg,dataset/D/UD/7005-224.jpg,D,Deck,UD,Uncracked,0,D/UD
C:\Users\sumit\Desktop\kavita_capstone\dataset\W\CW\7070-172.jpg,dataset/W/CW/7070-172.jpg,W,Wall,CW,Cracked,1,W/CW
C:\Users\sumit\Desktop\kavita_capstone\dataset\W\UW\7102-45.jpg,dataset/W/UW/7102-45.jpg,W,Wall,UW,Uncracked,0,W/UW
C:\Users\sumit\Desktop\kavita_capstone\dataset\P\UP\090-224.jpg,dataset/P/UP/090-224.jpg,P,Pavement,UP,Uncracked,0,P/UP
C:\Users\sumit\Desktop\kavita_capstone\dataset\W\UW\7082-127.jpg,dataset/W/UW/7082-127.jpg,W,Wall,UW,Uncracked,0,W/UW
C:\Users\sumit\Desktop\kavita_capstone\dataset\W\CW\7077-35.jpg,dataset/W/CW/7077-35.jpg,W,Wall,CW,Cracked,1,W/CW
C:\Users\sumit\Desktop\kavita_capstone\dataset\W\CW\7084-215.jpg,dataset/W/CW/7084-215.jpg,W,Wall,CW,Cracked,1,W/CW
C:\Users\sumit\Desktop\kavita_capstone\dataset\D\CD\7013-46.jpg,dataset/D/CD/7013-46.jpg,D,Deck,CD,Cracked,1,D/CD
C:\Users\sumit\Desktop\kavita_capstone\dataset\D\UD\7050-82.jpg,dataset/D/UD/7050-82.jpg,D,Deck,UD,Uncracked,0,D/UD
C:\Users\sumit\Desktop\kavita_capstone\dataset\D\UD\7030-242.jpg,dataset/D/UD/7030-242.jpg,D,Deck,UD,Uncracked,0,D/UD
C:\Users\sumit\Desktop\kavita_capstone\dataset\P\CP\047-109.jpg,dataset/P/CP/047-109.jpg,P,Pavement,CP,Cracked,1,P/CP
C:\Users\sumit\Desktop\kavita_capstone\dataset\D\UD\7012-207.jpg,dataset/D/UD/7012-207.jpg,D,Deck,UD,Uncracked,0,D/UD
C:\Users\sumit\Desktop\kavita_capstone\dataset\P\CP\055-26.jpg,dataset/P/CP/055-26.jpg,P,Pavement,CP,Cracked,1,P/CP
C:\Users\sumit\Desktop\kavita_capstone\dataset\P\UP\079-134.jpg,dataset/P/UP/079-134.jpg,P,Pavement,UP,Uncracked,0,P/UP
C:\Users\sumit\Desktop\kavita_capstone\dataset\P\CP\010-117.jpg,dataset/P/CP/010-117.jpg,P,Pavement,CP,Cracked,1,P/CP
C:\Users\sumit\Desktop\kavita_capstone\dataset\P\UP\075-157.jpg,dataset/P/UP/075-157.jpg,P,Pavement,UP,Uncracked,0,P/UP
C:\Users\sumit\Desktop\kavita_capstone\dataset\D\CD\7020-122.jpg,dataset/D/CD/7020-122.jpg,D,Deck,CD,Cracked,1,D/CD
C:\Users\sumit\Desktop\kavita_capstone\dataset\D\CD\7021-211.jpg,dataset/D/CD/7021-211.jpg,D,Deck,CD,Cracked,1,D/CD
C:\Users\sumit\Desktop\kavita_capstone\dataset\D\UD\7033-65.jpg,dataset/D/UD/7033-65.jpg,D,Deck,UD,Uncracked,0,D/UD
C:\Users\sumit\Desktop\kavita_capstone\dataset\P\UP\001-163.jpg,dataset/P/UP/001-163.jpg,P,Pavement,UP,Uncracked,0,P/UP
C:\Users\sumit\Desktop\kavita_capstone\dataset\W\UW\7103-176.jpg,dataset/W/UW/7103-176.jpg,W,Wall,UW,Uncracked,0,W/UW
C:\Users\sumit\Desktop\kavita_capstone\dataset\P\UP\077-7.jpg,dataset/P/UP/077-7.jpg,P,Pavement,UP,Uncracked,0,P/UP
C:\Users\sumit\Desktop\kavita_capstone\dataset\P\UP\057-61.jpg,dataset/P/UP/057-61.jpg,P,Pavement,UP,Uncracked,0,P/UP
C:\Users\sumit\Desktop\kavita_capstone\dataset\W\CW\7125-114.jpg,dataset/W/CW/7125-114.jpg,W,Wall,CW,Cracked,1,W/CW
C:\Users\sumit\Desktop\kavita_capstone\dataset\D\CD\7014-44.jpg,dataset/D/CD/7014-44.jpg,D,Deck,CD,Cracked,1,D/CD
C:\Users\sumit\Desktop\kavita_capstone\dataset\P\UP\093-130.jpg,dataset/P/UP/093-130.jpg,P,Pavement,UP,Uncracked,0,P/UP
C:\Users\sumit\Desktop\kavita_capstone\dataset\D\UD\7037-79.jpg,dataset/D/UD/7037-79.jpg,D,Deck,UD,Uncracked,0,D/UD
C:\Users\sumit\Desktop\kavita_capstone\dataset\W\UW\7083-146.jpg,dataset/W/UW/7083-146.jpg,W,Wall,UW,Uncracked,0,W/UW
C:\Users\sumit\Desktop\kavita_capstone\dataset\P\UP\026-108.jpg,dataset/P/UP/026-108.jpg,P,Pavement,UP,Uncracked,0,P/UP
C:\Users\sumit\Desktop\kavita_capstone\dataset\P\CP\052-114.jpg,dataset/P/CP/052-114.jpg,P,Pavement,CP,Cracked,1,P/CP
C:\Users\sumit\Desktop\kavita_capstone\dataset\W\CW\7077-47.jpg,dataset/W/CW/7077-47.jpg,W,Wall,CW,Cracked,1,W/CW
C:\Users\sumit\Desktop\kavita_capstone\dataset\W\UW\7116-156.jpg,dataset/W/UW/7116-156.jpg,W,Wall,UW,Uncracked,0,W/UW
C:\Users\sumit\Desktop\kavita_capstone\dataset\W\UW\7114-25.jpg,dataset/W/UW/7114-25.jpg,W,Wall,UW,Uncracked,0,W/UW
C:\Users\sumit\Desktop\kavita_capstone\dataset\W\CW\7092-48.jpg,dataset/W/CW/7092-48.jpg,W,Wall,CW,Cracked,1,W/CW
C:\Users\sumit\Desktop\kavita_capstone\dataset\W\UW\7093-205.jpg,dataset/W/UW/7093-205.jpg,W,Wall,UW,Uncracked,0,W/UW
C:\Users\sumit\Desktop\kavita_capstone\dataset\D\CD\7002-74.jpg,dataset/D/CD/7002-74.jpg,D,Deck,CD,Cracked,1,D/CD
C:\Users\sumit\Desktop\kavita_capstone\dataset\D\CD\7034-35.jpg,dataset/D/CD/7034-35.jpg,D,Deck,CD,Cracked,1,D/CD
C:\Users\sumit\Desktop\kavita_capstone\dataset\P\UP\071-227.jpg,dataset/P/UP/071-227.jpg,P,Pavement,UP,Uncracked,0,P/UP
C:\Users\sumit\Desktop\kavita_capstone\dataset\W\UW\7094-167.jpg,dataset/W/UW/7094-167.jpg,W,Wall,UW,Uncracked,0,W/UW
C:\Users\sumit\Desktop\kavita_capstone\dataset\P\UP\046-162.jpg,dataset/P/UP/046-162.jpg,P,Pavement,UP,Uncracked,0,P/UP
C:\Users\sumit\Desktop\kavita_capstone\dataset\D\CD\7006-140.jpg,dataset/D/CD/7006-140.jpg,D,Deck,CD,Cracked,1,D/CD
C:\Users\sumit\Desktop\kavita_capstone\dataset\D\UD\7021-159.jpg,dataset/D/UD/7021-159.jpg,D,Deck,UD,Uncracked,0,D/UD
C:\Users\sumit\Desktop\kavita_capstone\dataset\D\CD\7020-64.jpg,dataset/D/CD/7020-64.jpg,D,Deck,CD,Cracked,1,D/CD
C:\Users\sumit\Desktop\kavita_capstone\dataset\P\UP\059-127.jpg,dataset/P/UP/059-127.jpg,P,Pavement,UP,Uncracked,0,P/UP
C:\Users\sumit\Desktop\kavita_capstone\dataset\D\CD\7046-1.jpg,dataset/D/CD/7046-1.jpg,D,Deck,CD,Cracked,1,D/CD
C:\Users\sumit\Desktop\kavita_capstone\dataset\D\CD\7041-184.jpg,dataset/D/CD/7041-184.jpg,D,Deck,CD,Cracked,1,D/CD
C:\Users\sumit\Desktop\kavita_capstone\dataset\D\CD\7047-167.jpg,dataset/D/CD/7047-167.jpg,D,Deck,CD,Cracked,1,D/CD
C:\Users\sumit\Desktop\kavita_capstone\dataset\W\UW\7110-75.jpg,dataset/W/UW/7110-75.jpg,W,Wall,UW,Uncracked,0,W/UW
C:\Users\sumit\Desktop\kavita_capstone\dataset\P\UP\046-50.jpg,dataset/P/UP/046-50.jpg,P,Pavement,UP,Uncracked,0,P/UP
C:\Users\sumit\Desktop\kavita_capstone\dataset\W\CW\7104-169.jpg,dataset/W/CW/7104-169.jpg,W,Wall,CW,Cracked,1,W/CW
C:\Users\sumit\Desktop\kavita_capstone\dataset\P\CP\076-130.jpg,dataset/P/CP/076-130.jpg,P,Pavement,CP,Cracked,1,P/CP
C:\Users\sumit\Desktop\kavita_capstone\dataset\W\UW\7117-12.jpg,dataset/W/UW/7117-12.jpg,W,Wall,UW,Uncracked,0,W/UW
C:\Users\sumit\Desktop\kavita_capstone\dataset\P\UP\065-26.jpg,dataset/P/UP/065-26.jpg,P,Pavement,UP,Uncracked,0,P/UP
C:\Users\sumit\Desktop\kavita_capstone\dataset\W\CW\7075-89.jpg,dataset/W/CW/7075-89.jpg,W,Wall,CW,Cracked,1,W/CW
C:\Users\sumit\Desktop\kavita_capstone\dataset\D\UD\7002-144.jpg,dataset/D/UD/7002-144.jpg,D,Deck,UD,Uncracked,0,D/UD
C:\Users\sumit\Desktop\kavita_capstone\dataset\P\CP\073-46.jpg,dataset/P/CP/073-46.jpg,P,Pavement,CP,Cracked,1,P/CP
C:\Users\sumit\Desktop\kavita_capstone\dataset\P\UP\031-220.jpg,dataset/P/UP/031-220.jpg,P,Pavement,UP,Uncracked,0,P/UP
C:\Users\sumit\Desktop\kavita_capstone\dataset\P\CP\101-119.jpg,dataset/P/CP/101-119.jpg,P,Pavement,CP,Cracked,1,P/CP
C:\Users\sumit\Desktop\kavita_capstone\dataset\D\CD\7013-134.jpg,dataset/D/CD/7013-134.jpg,D,Deck,CD,Cracked,1,D/CD
C:\Users\sumit\Desktop\kavita_capstone\dataset\D\CD\7010-16.jpg,dataset/D/CD/7010-16.jpg,D,Deck,CD,Cracked,1,D/CD
C:\Users\sumit\Desktop\kavita_capstone\dataset\W\UW\7118-216.jpg,dataset/W/UW/7118-216.jpg,W,Wall,UW,Uncracked,0,W/UW
C:\Users\sumit\Desktop\kavita_capstone\dataset\W\CW\7130-222.jpg,dataset/W/CW/7130-222.jpg,W,Wall,CW,Cracked,1,W/CW
C:\Users\sumit\Desktop\kavita_capstone\dataset\D\UD\7031-194.jpg,dataset/D/UD/7031-194.jpg,D,Deck,UD,Uncracked,0,D/UD
C:\Users\sumit\Desktop\kavita_capstone\dataset\P\UP\075-5.jpg,dataset/P/UP/075-5.jpg,P,Pavement,UP,Uncracked,0,P/UP
C:\Users\sumit\Desktop\kavita_capstone\dataset\P\CP\084-123.jpg,dataset/P/CP/084-123.jpg,P,Pavement,CP,Cracked,1,P/CP
C:\Users\sumit\Desktop\kavita_capstone\dataset\W\CW\7086-175.jpg,dataset/W/CW/7086-175.jpg,W,Wall,CW,Cracked,1,W/CW
C:\Users\sumit\Desktop\kavita_capstone\dataset\D\UD\7006-189.jpg,dataset/D/UD/7006-189.jpg,D,Deck,UD,Uncracked,0,D/UD
C:\Users\sumit\Desktop\kavita_capstone\dataset\D\UD\7040-148.jpg,dataset/D/UD/7040-148.jpg,D,Deck,UD,Uncracked,0,D/UD
C:\Users\sumit\Desktop\kavita_capstone\dataset\W\CW\7092-218.jpg,dataset/W/CW/7092-218.jpg,W,Wall,CW,Cracked,1,W/CW
C:\Users\sumit\Desktop\kavita_capstone\dataset\D\CD\7049-106.jpg,dataset/D/CD/7049-106.jpg,D,Deck,CD,Cracked,1,D/CD
C:\Users\sumit\Desktop\kavita_capstone\dataset\W\CW\7069-189.jpg,dataset/W/CW/7069-189.jpg,W,Wall,CW,Cracked,1,W/CW
C:\Users\sumit\Desktop\kavita_capstone\dataset\P\CP\095-84.jpg,dataset/P/CP/095-84.jpg,P,Pavement,CP,Cracked,1,P/CP
C:\Users\sumit\Desktop\kavita_capstone\dataset\W\CW\7092-63.jpg,dataset/W/CW/7092-63.jpg,W,Wall,CW,Cracked,1,W/CW
C:\Users\sumit\Desktop\kavita_capstone\dataset\P\CP\095-88.jpg,dataset/P/CP/095-88.jpg,P,Pavement,CP,Cracked,1,P/CP
C:\Users\sumit\Desktop\kavita_capstone\dataset\P\UP\001-214.jpg,dataset/P/UP/001-214.jpg,P,Pavement,UP,Uncracked,0,P/UP
C:\Users\sumit\Desktop\kavita_capstone\dataset\W\CW\7085-244.jpg,dataset/W/CW/7085-244.jpg,W,Wall,CW,Cracked,1,W/CW
C:\Users\sumit\Desktop\kavita_capstone\dataset\P\UP\034-3.jpg,dataset/P/UP/034-3.jpg,P,Pavement,UP,Uncracked,0,P/UP
C:\Users\sumit\Desktop\kavita_capstone\dataset\P\UP\016-181.jpg,dataset/P/UP/016-181.jpg,P,Pavement,UP,Uncracked,0,P/UP
C:\Users\sumit\Desktop\kavita_capstone\dataset\W\CW\7093-102.jpg,dataset/W/CW/7093-102.jpg,W,Wall,CW,Cracked,1,W/CW
C:\Users\sumit\Desktop\kavita_capstone\dataset\P\UP\013-220.jpg,dataset/P/UP/013-220.jpg,P,Pavement,UP,Uncracked,0,P/UP
C:\Users\sumit\Desktop\kavita_capstone\dataset\D\UD\7038-220.jpg,dataset/D/UD/7038-220.jpg,D,Deck,UD,Uncracked,0,D/UD
C:\Users\sumit\Desktop\kavita_capstone\dataset\W\UW\7110-187.jpg,dataset/W/UW/7110-187.jpg,W,Wall,UW,Uncracked,0,W/UW
C:\Users\sumit\Desktop\kavita_capstone\dataset\W\UW\7088-51.jpg,dataset/W/UW/7088-51.jpg,W,Wall,UW,Uncracked,0,W/UW
C:\Users\sumit\Desktop\kavita_capstone\dataset\D\UD\7049-215.jpg,dataset/D/UD/7049-215.jpg,D,Deck,UD,Uncracked,0,D/UD
C:\Users\sumit\Desktop\kavita_capstone\dataset\D\UD\7053-212.jpg,dataset/D/UD/7053-212.jpg,D,Deck,UD,Uncracked,0,D/UD
C:\Users\sumit\Desktop\kavita_capstone\dataset\W\UW\7082-153.jpg,dataset/W/UW/7082-153.jpg,W,Wall,UW,Uncracked,0,W/UW
C:\Users\sumit\Desktop\kavita_capstone\dataset\D\UD\7024-136.jpg,dataset/D/UD/7024-136.jpg,D,Deck,UD,Uncracked,0,D/UD
C:\Users\sumit\Desktop\kavita_capstone\dataset\W\UW\7136-38.jpg,dataset/W/UW/7136-38.jpg,W,Wall,UW,Uncracked,0,W/UW
C:\Users\sumit\Desktop\kavita_capstone\dataset\W\CW\7072-23.jpg,dataset/W/CW/7072-23.jpg,W,Wall,CW,Cracked,1,W/CW
C:\Users\sumit\Desktop\kavita_capstone\dataset\P\CP\001-125.jpg,dataset/P/CP/001-125.jpg,P,Pavement,CP,Cracked,1,P/CP
C:\Users\sumit\Desktop\kavita_capstone\dataset\D\UD\7041-43.jpg,dataset/D/UD/7041-43.jpg,D,Deck,UD,Uncracked,0,D/UD
C:\Users\sumit\Desktop\kavita_capstone\dataset\P\UP\051-56.jpg,dataset/P/UP/051-56.jpg,P,Pavement,UP,Uncracked,0,P/UP
C:\Users\sumit\Desktop\kavita_capstone\dataset\P\UP\095-104.jpg,dataset/P/UP/095-104.jpg,P,Pavement,UP,Uncracked,0,P/UP
C:\Users\sumit\Desktop\kavita_capstone\dataset\W\CW\7136-135.jpg,dataset/W/CW/7136-135.jpg,W,Wall,CW,Cracked,1,W/CW
C:\Users\sumit\Desktop\kavita_capstone\dataset\W\UW\7080-159.jpg,dataset/W/UW/7080-159.jpg,W,Wall,UW,Uncracked,0,W/UW
C:\Users\sumit\Desktop\kavita_capstone\dataset\P\UP\032-175.jpg,dataset/P/UP/032-175.jpg,P,Pavement,UP,Uncracked,0,P/UP
C:\Users\sumit\Desktop\kavita_capstone\dataset\W\UW\7107-206.jpg,dataset/W/UW/7107-206.jpg,W,Wall,UW,Uncracked,0,W/UW
C:\Users\sumit\Desktop\kavita_capstone\dataset\D\CD\7005-19.jpg,dataset/D/CD/7005-19.jpg,D,Deck,CD,Cracked,1,D/CD
C:\Users\sumit\Desktop\kavita_capstone\dataset\P\UP\082-217.jpg,dataset/P/UP/082-217.jpg,P,Pavement,UP,Uncracked,0,P/UP
C:\Users\sumit\Desktop\kavita_capstone\dataset\P\CP\066-87.jpg,dataset/P/CP/066-87.jpg,P,Pavement,CP,Cracked,1,P/CP
C:\Users\sumit\Desktop\kavita_capstone\dataset\D\UD\7048-241.jpg,dataset/D/UD/7048-241.jpg,D,Deck,UD,Uncracked,0,D/UD
C:\Users\sumit\Desktop\kavita_capstone\dataset\W\UW\7133-194.jpg,dataset/W/UW/7133-194.jpg,W,Wall,UW,Uncracked,0,W/UW
C:\Users\sumit\Desktop\kavita_capstone\dataset\P\CP\029-70.jpg,dataset/P/CP/029-70.jpg,P,Pavement,CP,Cracked,1,P/CP
C:\Users\sumit\Desktop\kavita_capstone\dataset\P\CP\094-86.jpg,dataset/P/CP/094-86.jpg,P,Pavement,CP,Cracked,1,P/CP
C:\Users\sumit\Desktop\kavita_capstone\dataset\D\CD\7002-9.jpg,dataset/D/CD/7002-9.jpg,D,Deck,CD,Cracked,1,D/CD
C:\Users\sumit\Desktop\kavita_capstone\dataset\D\UD\7027-50.jpg,dataset/D/UD/7027-50.jpg,D,Deck,UD,Uncracked,0,D/UD
C:\Users\sumit\Desktop\kavita_capstone\dataset\P\CP\103-181.jpg,dataset/P/CP/103-181.jpg,P,Pavement,CP,Cracked,1,P/CP
C:\Users\sumit\Desktop\kavita_capstone\dataset\W\UW\7140-235.jpg,dataset/W/UW/7140-235.jpg,W,Wall,UW,Uncracked,0,W/UW
C:\Users\sumit\Desktop\kavita_capstone\dataset\W\CW\7091-136.jpg,dataset/W/CW/7091-136.jpg,W,Wall,CW,Cracked,1,W/CW
C:\Users\sumit\Desktop\kavita_capstone\dataset\P\CP\071-64.jpg,dataset/P/CP/071-64.jpg,P,Pavement,CP,Cracked,1,P/CP
C:\Users\sumit\Desktop\kavita_capstone\dataset\P\UP\067-117.jpg,dataset/P/UP/067-117.jpg,P,Pavement,UP,Uncracked,0,P/UP
C:\Users\sumit\Desktop\kavita_capstone\dataset\D\CD\7034-15.jpg,dataset/D/CD/7034-15.jpg,D,Deck,CD,Cracked,1,D/CD
C:\Users\sumit\Desktop\kavita_capstone\dataset\P\CP\056-75.jpg,dataset/P/CP/056-75.jpg,P,Pavement,CP,Cracked,1,P/CP
C:\Users\sumit\Desktop\kavita_capstone\dataset\D\UD\7048-111.jpg,dataset/D/UD/7048-111.jpg,D,Deck,UD,Uncracked,0,D/UD
C:\Users\sumit\Desktop\kavita_capstone\dataset\D\CD\7027-174.jpg,dataset/D/CD/7027-174.jpg,D,Deck,CD,Cracked,1,D/CD
C:\Users\sumit\Desktop\kavita_capstone\dataset\D\CD\7026-160.jpg,dataset/D/CD/7026-160.jpg,D,Deck,CD,Cracked,1,D/CD
C:\Users\sumit\Desktop\kavita_capstone\dataset\P\UP\102-145.jpg,dataset/P/UP/102-145.jpg,P,Pavement,UP,Uncracked,0,P/UP
C:\Users\sumit\Desktop\kavita_capstone\dataset\D\UD\7031-17.jpg,dataset/D/UD/7031-17.jpg,D,Deck,UD,Uncracked,0,D/UD
C:\Users\sumit\Desktop\kavita_capstone\dataset\D\CD\7029-76.jpg,dataset/D/CD/7029-76.jpg,D,Deck,CD,Cracked,1,D/CD
C:\Users\sumit\Desktop\kavita_capstone\dataset\P\CP\075-81.jpg,dataset/P/CP/075-81.jpg,P,Pavement,CP,Cracked,1,P/CP
C:\Users\sumit\Desktop\kavita_capstone\dataset\P\UP\043-38.jpg,dataset/P/UP/043-38.jpg,P,Pavement,UP,Uncracked,0,P/UP
C:\Users\sumit\Desktop\kavita_capstone\dataset\D\CD\7021-145.jpg,dataset/D/CD/7021-145.jpg,D,Deck,CD,Cracked,1,D/CD
C:\Users\sumit\Desktop\kavita_capstone\dataset\P\CP\030-22.jpg,dataset/P/CP/030-22.jpg,P,Pavement,CP,Cracked,1,P/CP
C:\Users\sumit\Desktop\kavita_capstone\dataset\D\CD\7038-100.jpg,dataset/D/CD/7038-100.jpg,D,Deck,CD,Cracked,1,D/CD
C:\Users\sumit\Desktop\kavita_capstone\dataset\D\CD\7029-209.jpg,dataset/D/CD/7029-209.jpg,D,Deck,CD,Cracked,1,D/CD
C:\Users\sumit\Desktop\kavita_capstone\dataset\W\UW\7094-218.jpg,dataset/W/UW/7094-218.jpg,W,Wall,UW,Uncracked,0,W/UW
C:\Users\sumit\Desktop\kavita_capstone\dataset\D\UD\7033-158.jpg,dataset/D/UD/7033-158.jpg,D,Deck,UD,Uncracked,0,D/UD
C:\Users\sumit\Desktop\kavita_capstone\dataset\P\CP\085-82.jpg,dataset/P/CP/085-82.jpg,P,Pavement,CP,Cracked,1,P/CP
C:\Users\sumit\Desktop\kavita_capstone\dataset\P\CP\093-137.jpg,dataset/P/CP/093-137.jpg,P,Pavement,CP,Cracked,1,P/CP
C:\Users\sumit\Desktop\kavita_capstone\dataset\W\UW\7137-177.jpg,dataset/W/UW/7137-177.jpg,W,Wall,UW,Uncracked,0,W/UW
C:\Users\sumit\Desktop\kavita_capstone\dataset\W\CW\7090-166.jpg,dataset/W/CW/7090-166.jpg,W,Wall,CW,Cracked,1,W/CW
C:\Users\sumit\Desktop\kavita_capstone\dataset\P\CP\060-73.jpg,dataset/P/CP/060-73.jpg,P,Pavement,CP,Cracked,1,P/CP
C:\Users\sumit\Desktop\kavita_capstone\dataset\D\UD\7034-75.jpg,dataset/D/UD/7034-75.jpg,D,Deck,UD,Uncracked,0,D/UD
C:\Users\sumit\Desktop\kavita_capstone\dataset\D\CD\7001-178.jpg,dataset/D/CD/7001-178.jpg,D,Deck,CD,Cracked,1,D/CD
C:\Users\sumit\Desktop\kavita_capstone\dataset\W\UW\7075-112.jpg,dataset/W/UW/7075-112.jpg,W,Wall,UW,Uncracked,0,W/UW
C:\Users\sumit\Desktop\kavita_capstone\dataset\W\UW\7098-11.jpg,dataset/W/UW/7098-11.jpg,W,Wall,UW,Uncracked,0,W/UW
C:\Users\sumit\Desktop\kavita_capstone\dataset\W\CW\7081-33.jpg,dataset/W/CW/7081-33.jpg,W,Wall,CW,Cracked,1,W/CW
C:\Users\sumit\Desktop\kavita_capstone\dataset\D\CD\7024-30.jpg,dataset/D/CD/7024-30.jpg,D,Deck,CD,Cracked,1,D/CD
C:\Users\sumit\Desktop\kavita_capstone\dataset\D\CD\7019-247.jpg,dataset/D/CD/7019-247.jpg,D,Deck,CD,Cracked,1,D/CD
C:\Users\sumit\Desktop\kavita_capstone\dataset\W\UW\7110-11.jpg,dataset/W/UW/7110-11.jpg,W,Wall,UW,Uncracked,0,W/UW
C:\Users\sumit\Desktop\kavita_capstone\dataset\P\CP\067-84.jpg,dataset/P/CP/067-84.jpg,P,Pavement,CP,Cracked,1,P/CP
C:\Users\sumit\Desktop\kavita_capstone\dataset\P\UP\032-212.jpg,dataset/P/UP/032-212.jpg,P,Pavement,UP,Uncracked,0,P/UP
C:\Users\sumit\Desktop\kavita_capstone\dataset\D\UD\7022-245.jpg,dataset/D/UD/7022-245.jpg,D,Deck,UD,Uncracked,0,D/UD
C:\Users\sumit\Desktop\kavita_capstone\dataset\D\UD\7046-145.jpg,dataset/D/UD/7046-145.jpg,D,Deck,UD,Uncracked,0,D/UD
C:\Users\sumit\Desktop\kavita_capstone\dataset\W\UW\7098-65.jpg,dataset/W/UW/7098-65.jpg,W,Wall,UW,Uncracked,0,W/UW
C:\Users\sumit\Desktop\kavita_capstone\dataset\P\CP\076-112.jpg,dataset/P/CP/076-112.jpg,P,Pavement,CP,Cracked,1,P/CP
C:\Users\sumit\Desktop\kavita_capstone\dataset\P\UP\079-204.jpg,dataset/P/UP/079-204.jpg,P,Pavement,UP,Uncracked,0,P/UP
C:\Users\sumit\Desktop\kavita_capstone\dataset\D\CD\7036-15.jpg,dataset/D/CD/7036-15.jpg,D,Deck,CD,Cracked,1,D/CD
C:\Users\sumit\Desktop\kavita_capstone\dataset\D\CD\7049-103.jpg,dataset/D/CD/7049-103.jpg,D,Deck,CD,Cracked,1,D/CD
C:\Users\sumit\Desktop\kavita_capstone\dataset\W\UW\7088-184.jpg,dataset/W/UW/7088-184.jpg,W,Wall,UW,Uncracked,0,W/UW
C:\Users\sumit\Desktop\kavita_capstone\dataset\W\UW\7124-180.jpg,dataset/W/UW/7124-180.jpg,W,Wall,UW,Uncracked,0,W/UW
C:\Users\sumit\Desktop\kavita_capstone\dataset\P\CP\077-87.jpg,dataset/P/CP/077-87.jpg,P,Pavement,CP,Cracked,1,P/CP
C:\Users\sumit\Desktop\kavita_capstone\dataset\P\CP\021-74.jpg,dataset/P/CP/021-74.jpg,P,Pavement,CP,Cracked,1,P/CP
C:\Users\sumit\Desktop\kavita_capstone\dataset\P\UP\014-116.jpg,dataset/P/UP/014-116.jpg,P,Pavement,UP,Uncracked,0,P/UP
C:\Users\sumit\Desktop\kavita_capstone\dataset\D\CD\7050-190.jpg,dataset/D/CD/7050-190.jpg,D,Deck,CD,Cracked,1,D/CD
C:\Users\sumit\Desktop\kavita_capstone\dataset\D\CD\7024-13.jpg,dataset/D/CD/7024-13.jpg,D,Deck,CD,Cracked,1,D/CD
C:\Users\sumit\Desktop\kavita_capstone\dataset\D\UD\7040-175.jpg,dataset/D/UD/7040-175.jpg,D,Deck,UD,Uncracked,0,D/UD
C:\Users\sumit\Desktop\kavita_capstone\dataset\P\CP\095-92.jpg,dataset/P/CP/095-92.jpg,P,Pavement,CP,Cracked,1,P/CP
C:\Users\sumit\Desktop\kavita_capstone\dataset\P\CP\010-122.jpg,dataset/P/CP/010-122.jpg,P,Pavement,CP,Cracked,1,P/CP
C:\Users\sumit\Desktop\kavita_capstone\dataset\P\UP\019-71.jpg,dataset/P/UP/019-71.jpg,P,Pavement,UP,Uncracked,0,P/UP
C:\Users\sumit\Desktop\kavita_capstone\dataset\P\UP\042-13.jpg,dataset/P/UP/042-13.jpg,P,Pavement,UP,Uncracked,0,P/UP
C:\Users\sumit\Desktop\kavita_capstone\dataset\P\UP\034-90.jpg,dataset/P/UP/034-90.jpg,P,Pavement,UP,Uncracked,0,P/UP
C:\Users\sumit\Desktop\kavita_capstone\dataset\P\CP\035-81.jpg,dataset/P/CP/035-81.jpg,P,Pavement,CP,Cracked,1,P/CP
C:\Users\sumit\Desktop\kavita_capstone\dataset\W\UW\7077-180.jpg,dataset/W/UW/7077-180.jpg,W,Wall,UW,Uncracked,0,W/UW
C:\Users\sumit\Desktop\kavita_capstone\dataset\P\UP\032-208.jpg,dataset/P/UP/032-208.jpg,P,Pavement,UP,Uncracked,0,P/UP
C:\Users\sumit\Desktop\kavita_capstone\dataset\P\UP\013-194.jpg,dataset/P/UP/013-194.jpg,P,Pavement,UP,Uncracked,0,P/UP
C:\Users\sumit\Desktop\kavita_capstone\dataset\P\CP\042-136.jpg,dataset/P/CP/042-136.jpg,P,Pavement,CP,Cracked,1,P/CP
C:\Users\sumit\Desktop\kavita_capstone\dataset\P\CP\051-114.jpg,dataset/P/CP/051-114.jpg,P,Pavement,CP,Cracked,1,P/CP
C:\Users\sumit\Desktop\kavita_capstone\dataset\W\CW\7118-66.jpg,dataset/W/CW/7118-66.jpg,W,Wall,CW,Cracked,1,W/CW
C:\Users\sumit\Desktop\kavita_capstone\dataset\P\CP\099-103.jpg,dataset/P/CP/099-103.jpg,P,Pavement,CP,Cracked,1,P/CP
C:\Users\sumit\Desktop\kavita_capstone\dataset\W\CW\7132-9.jpg,dataset/W/CW/7132-9.jpg,W,Wall,CW,Cracked,1,W/CW
C:\Users\sumit\Desktop\kavita_capstone\dataset\P\UP\101-71.jpg,dataset/P/UP/101-71.jpg,P,Pavement,UP,Uncracked,0,P/UP
C:\Users\sumit\Desktop\kavita_capstone\dataset\P\UP\059-62.jpg,dataset/P/UP/059-62.jpg,P,Pavement,UP,Uncracked,0,P/UP
C:\Users\sumit\Desktop\kavita_capstone\dataset\W\CW\7092-74.jpg,dataset/W/CW/7092-74.jpg,W,Wall,CW,Cracked,1,W/CW
C:\Users\sumit\Desktop\kavita_capstone\dataset\P\CP\091-63.jpg,dataset/P/CP/091-63.jpg,P,Pavement,CP,Cracked,1,P/CP
C:\Users\sumit\Desktop\kavita_capstone\dataset\D\CD\7009-2.jpg,dataset/D/CD/7009-2.jpg,D,Deck,CD,Cracked,1,D/CD
C:\Users\sumit\Desktop\kavita_capstone\dataset\D\UD\7008-196.jpg,dataset/D/UD/7008-196.jpg,D,Deck,UD,Uncracked,0,D/UD
C:\Users\sumit\Desktop\kavita_capstone\dataset\P\UP\036-13.jpg,dataset/P/UP/036-13.jpg,P,Pavement,UP,Uncracked,0,P/UP
C:\Users\sumit\Desktop\kavita_capstone\dataset\P\UP\022-32.jpg,dataset/P/UP/022-32.jpg,P,Pavement,UP,Uncracked,0,P/UP
C:\Users\sumit\Desktop\kavita_capstone\dataset\P\UP\058-4.jpg,dataset/P/UP/058-4.jpg,P,Pavement,UP,Uncracked,0,P/UP
C:\Users\sumit\Desktop\kavita_capstone\dataset\P\UP\068-151.jpg,dataset/P/UP/068-151.jpg,P,Pavement,UP,Uncracked,0,P/UP
C:\Users\sumit\Desktop\kavita_capstone\dataset\P\CP\084-124.jpg,dataset/P/CP/084-124.jpg,P,Pavement,CP,Cracked,1,P/CP
C:\Users\sumit\Desktop\kavita_capstone\dataset\W\UW\7115-247.jpg,dataset/W/UW/7115-247.jpg,W,Wall,UW,Uncracked,0,W/UW
C:\Users\sumit\Desktop\kavita_capstone\dataset\D\UD\7013-119.jpg,dataset/D/UD/7013-119.jpg,D,Deck,UD,Uncracked,0,D/UD
C:\Users\sumit\Desktop\kavita_capstone\dataset\D\UD\7019-16.jpg,dataset/D/UD/7019-16.jpg,D,Deck,UD,Uncracked,0,D/UD
C:\Users\sumit\Desktop\kavita_capstone\dataset\D\UD\7031-144.jpg,dataset/D/UD/7031-144.jpg,D,Deck,UD,Uncracked,0,D/UD
C:\Users\sumit\Desktop\kavita_capstone\dataset\P\CP\049-64.jpg,dataset/P/CP/049-64.jpg,P,Pavement,CP,Cracked,1,P/CP
C:\Users\sumit\Desktop\kavita_capstone\dataset\W\UW\7118-195.jpg,dataset/W/UW/7118-195.jpg,W,Wall,UW,Uncracked,0,W/UW
C:\Users\sumit\Desktop\kavita_capstone\dataset\D\UD\7040-223.jpg,dataset/D/UD/7040-223.jpg,D,Deck,UD,Uncracked,0,D/UD
C:\Users\sumit\Desktop\kavita_capstone\dataset\D\CD\7006-210.jpg,dataset/D/CD/7006-210.jpg,D,Deck,CD,Cracked,1,D/CD
C:\Users\sumit\Desktop\kavita_capstone\dataset\D\UD\7012-224.jpg,dataset/D/UD/7012-224.jpg,D,Deck,UD,Uncracked,0,D/UD
C:\Users\sumit\Desktop\kavita_capstone\dataset\P\UP\005-221.jpg,dataset/P/UP/005-221.jpg,P,Pavement,UP,Uncracked,0,P/UP
C:\Users\sumit\Desktop\kavita_capstone\dataset\W\UW\7092-82.jpg,dataset/W/UW/7092-82.jpg,W,Wall,UW,Uncracked,0,W/UW
C:\Users\sumit\Desktop\kavita_capstone\dataset\P\CP\076-197.jpg,dataset/P/CP/076-197.jpg,P,Pavement,CP,Cracked,1,P/CP
C:\Users\sumit\Desktop\kavita_capstone\dataset\P\UP\015-58.jpg,dataset/P/UP/015-58.jpg,P,Pavement,UP,Uncracked,0,P/UP
C:\Users\sumit\Desktop\kavita_capstone\dataset\W\UW\7121-95.jpg,dataset/W/UW/7121-95.jpg,W,Wall,UW,Uncracked,0,W/UW
C:\Users\sumit\Desktop\kavita_capstone\dataset\D\UD\7040-77.jpg,dataset/D/UD/7040-77.jpg,D,Deck,UD,Uncracked,0,D/UD
C:\Users\sumit\Desktop\kavita_capstone\dataset\W\UW\7087-250.jpg,dataset/W/UW/7087-250.jpg,W,Wall,UW,Uncracked,0,W/UW
C:\Users\sumit\Desktop\kavita_capstone\dataset\D\UD\7017-7.jpg,dataset/D/UD/7017-7.jpg,D,Deck,UD,Uncracked,0,D/UD
C:\Users\sumit\Desktop\kavita_capstone\dataset\D\UD\7033-9.jpg,dataset/D/UD/7033-9.jpg,D,Deck,UD,Uncracked,0,D/UD
C:\Users\sumit\Desktop\kavita_capstone\dataset\W\CW\7106-123.jpg,dataset/W/CW/7106-123.jpg,W,Wall,CW,Cracked,1,W/CW
C:\Users\sumit\Desktop\kavita_capstone\dataset\D\CD\7015-76.jpg,dataset/D/CD/7015-76.jpg,D,Deck,CD,Cracked,1,D/CD
C:\Users\sumit\Desktop\kavita_capstone\dataset\P\CP\031-162.jpg,dataset/P/CP/031-162.jpg,P,Pavement,CP,Cracked,1,P/CP
C:\Users\sumit\Desktop\kavita_capstone\dataset\W\CW\7082-209.jpg,dataset/W/CW/7082-209.jpg,W,Wall,CW,Cracked,1,W/CW
C:\Users\sumit\Desktop\kavita_capstone\dataset\D\UD\7047-94.jpg,dataset/D/UD/7047-94.jpg,D,Deck,UD,Uncracked,0,D/UD
C:\Users\sumit\Desktop\kavita_capstone\dataset\D\CD\7040-186.jpg,dataset/D/CD/7040-186.jpg,D,Deck,CD,Cracked,1,D/CD
C:\Users\sumit\Desktop\kavita_capstone\dataset\W\UW\7116-39.jpg,dataset/W/UW/7116-39.jpg,W,Wall,UW,Uncracked,0,W/UW
C:\Users\sumit\Desktop\kavita_capstone\dataset\D\CD\7010-43.jpg,dataset/D/CD/7010-43.jpg,D,Deck,CD,Cracked,1,D/CD
C:\Users\sumit\Desktop\kavita_capstone\dataset\P\UP\104-135.jpg,dataset/P/UP/104-135.jpg,P,Pavement,UP,Uncracked,0,P/UP
C:\Users\sumit\Desktop\kavita_capstone\dataset\P\CP\086-63.jpg,dataset/P/CP/086-63.jpg,P,Pavement,CP,Cracked,1,P/CP
C:\Users\sumit\Desktop\kavita_capstone\dataset\D\UD\7046-29.jpg,dataset/D/UD/7046-29.jpg,D,Deck,UD,Uncracked,0,D/UD
C:\Users\sumit\Desktop\kavita_capstone\dataset\P\UP\035-233.jpg,dataset/P/UP/035-233.jpg,P,Pavement,UP,Uncracked,0,P/UP
C:\Users\sumit\Desktop\kavita_capstone\dataset\W\CW\7095-228.jpg,dataset/W/CW/7095-228.jpg,W,Wall,CW,Cracked,1,W/CW
C:\Users\sumit\Desktop\kavita_capstone\dataset\P\CP\094-132.jpg,dataset/P/CP/094-132.jpg,P,Pavement,CP,Cracked,1,P/CP
C:\Users\sumit\Desktop\kavita_capstone\dataset\W\CW\7118-65.jpg,dataset/W/CW/7118-65.jpg,W,Wall,CW,Cracked,1,W/CW
C:\Users\sumit\Desktop\kavita_capstone\dataset\D\UD\7004-130.jpg,dataset/D/UD/7004-130.jpg,D,Deck,UD,Uncracked,0,D/UD
C:\Users\sumit\Desktop\kavita_capstone\dataset\W\UW\7133-85.jpg,dataset/W/UW/7133-85.jpg,W,Wall,UW,Uncracked,0,W/UW
C:\Users\sumit\Desktop\kavita_capstone\dataset\P\UP\060-218.jpg,dataset/P/UP/060-218.jpg,P,Pavement,UP,Uncracked,0,P/UP
C:\Users\sumit\Desktop\kavita_capstone\dataset\P\UP\095-151.jpg,dataset/P/UP/095-151.jpg,P,Pavement,UP,Uncracked,0,P/UP
C:\Users\sumit\Desktop\kavita_capstone\dataset\D\UD\7031-73.jpg,dataset/D/UD/7031-73.jpg,D,Deck,UD,Uncracked,0,D/UD
C:\Users\sumit\Desktop\kavita_capstone\dataset\W\UW\7070-26.jpg,dataset/W/UW/7070-26.jpg,W,Wall,UW,Uncracked,0,W/UW
C:\Users\sumit\Desktop\kavita_capstone\dataset\P\UP\005-56.jpg,dataset/P/UP/005-56.jpg,P,Pavement,UP,Uncracked,0,P/UP
C:\Users\sumit\Desktop\kavita_capstone\dataset\D\UD\7037-82.jpg,dataset/D/UD/7037-82.jpg,D,Deck,UD,Uncracked,0,D/UD
C:\Users\sumit\Desktop\kavita_capstone\dataset\P\CP\043-58.jpg,dataset/P/CP/043-58.jpg,P,Pavement,CP,Cracked,1,P/CP
C:\Users\sumit\Desktop\kavita_capstone\dataset\D\UD\7043-216.jpg,dataset/D/UD/7043-216.jpg,D,Deck,UD,Uncracked,0,D/UD
C:\Users\sumit\Desktop\kavita_capstone\dataset\P\CP\051-53.jpg,dataset/P/CP/051-53.jpg,P,Pavement,CP,Cracked,1,P/CP
C:\Users\sumit\Desktop\kavita_capstone\dataset\D\CD\7026-224.jpg,dataset/D/CD/7026-224.jpg,D,Deck,CD,Cracked,1,D/CD
C:\Users\sumit\Desktop\kavita_capstone\dataset\D\CD\7035-240.jpg,dataset/D/CD/7035-240.jpg,D,Deck,CD,Cracked,1,D/CD
C:\Users\sumit\Desktop\kavita_capstone\dataset\P\UP\080-87.jpg,dataset/P/UP/080-87.jpg,P,Pavement,UP,Uncracked,0,P/UP
C:\Users\sumit\Desktop\kavita_capstone\dataset\W\CW\7125-96.jpg,dataset/W/CW/7125-96.jpg,W,Wall,CW,Cracked,1,W/CW
C:\Users\sumit\Desktop\kavita_capstone\dataset\D\CD\7041-175.jpg,dataset/D/CD/7041-175.jpg,D,Deck,CD,Cracked,1,D/CD
C:\Users\sumit\Desktop\kavita_capstone\dataset\D\UD\7028-91.jpg,dataset/D/UD/7028-91.jpg,D,Deck,UD,Uncracked,0,D/UD
C:\Users\sumit\Desktop\kavita_capstone\dataset\D\UD\7054-234.jpg,dataset/D/UD/7054-234.jpg,D,Deck,UD,Uncracked,0,D/UD
C:\Users\sumit\Desktop\kavita_capstone\dataset\W\CW\7074-60.jpg,dataset/W/CW/7074-60.jpg,W,Wall,CW,Cracked,1,W/CW
C:\Users\sumit\Desktop\kavita_capstone\dataset\W\UW\7120-78.jpg,dataset/W/UW/7120-78.jpg,W,Wall,UW,Uncracked,0,W/UW
C:\Users\sumit\Desktop\kavita_capstone\dataset\P\CP\010-121.jpg,dataset/P/CP/010-121.jpg,P,Pavement,CP,Cracked,1,P/CP
C:\Users\sumit\Desktop\kavita_capstone\dataset\D\CD\7004-76.jpg,dataset/D/CD/7004-76.jpg,D,Deck,CD,Cracked,1,D/CD
C:\Users\sumit\Desktop\kavita_capstone\dataset\W\UW\7130-137.jpg,dataset/W/UW/7130-137.jpg,W,Wall,UW,Uncracked,0,W/UW
C:\Users\sumit\Desktop\kavita_capstone\dataset\D\UD\7044-104.jpg,dataset/D/UD/7044-104.jpg,D,Deck,UD,Uncracked,0,D/UD
C:\Users\sumit\Desktop\kavita_capstone\dataset\W\UW\7080-85.jpg,dataset/W/UW/7080-85.jpg,W,Wall,UW,Uncracked,0,W/UW
C:\Users\sumit\Desktop\kavita_capstone\dataset\W\UW\7075-29.jpg,dataset/W/UW/7075-29.jpg,W,Wall,UW,Uncracked,0,W/UW
C:\Users\sumit\Desktop\kavita_capstone\dataset\W\UW\7104-73.jpg,dataset/W/UW/7104-73.jpg,W,Wall,UW,Uncracked,0,W/UW
C:\Users\sumit\Desktop\kavita_capstone\dataset\P\UP\030-115.jpg,dataset/P/UP/030-115.jpg,P,Pavement,UP,Uncracked,0,P/UP
C:\Users\sumit\Desktop\kavita_capstone\dataset\D\UD\7028-30.jpg,dataset/D/UD/7028-30.jpg,D,Deck,UD,Uncracked,0,D/UD
C:\Users\sumit\Desktop\kavita_capstone\dataset\P\UP\083-17.jpg,dataset/P/UP/083-17.jpg,P,Pavement,UP,Uncracked,0,P/UP
C:\Users\sumit\Desktop\kavita_capstone\dataset\D\CD\7038-148.jpg,dataset/D/CD/7038-148.jpg,D,Deck,CD,Cracked,1,D/CD
C:\Users\sumit\Desktop\kavita_capstone\dataset\W\CW\7072-103.jpg,dataset/W/CW/7072-103.jpg,W,Wall,CW,Cracked,1,W/CW
C:\Users\sumit\Desktop\kavita_capstone\dataset\P\UP\053-181.jpg,dataset/P/UP/053-181.jpg,P,Pavement,UP,Uncracked,0,P/UP
C:\Users\sumit\Desktop\kavita_capstone\dataset\D\CD\7006-77.jpg,dataset/D/CD/7006-77.jpg,D,Deck,CD,Cracked,1,D/CD
C:\Users\sumit\Desktop\kavita_capstone\dataset\W\CW\7090-62.jpg,dataset/W/CW/7090-62.jpg,W,Wall,CW,Cracked,1,W/CW
C:\Users\sumit\Desktop\kavita_capstone\dataset\W\UW\7103-22.jpg,dataset/W/UW/7103-22.jpg,W,Wall,UW,Uncracked,0,W/UW
C:\Users\sumit\Desktop\kavita_capstone\dataset\W\UW\7130-29.jpg,dataset/W/UW/7130-29.jpg,W,Wall,UW,Uncracked,0,W/UW
C:\Users\sumit\Desktop\kavita_capstone\dataset\P\UP\049-79.jpg,dataset/P/UP/049-79.jpg,P,Pavement,UP,Uncracked,0,P/UP
C:\Users\sumit\Desktop\kavita_capstone\dataset\P\CP\071-24.jpg,dataset/P/CP/071-24.jpg,P,Pavement,CP,Cracked,1,P/CP
C:\Users\sumit\Desktop\kavita_capstone\dataset\W\CW\7072-167.jpg,dataset/W/CW/7072-167.jpg,W,Wall,CW,Cracked,1,W/CW
C:\Users\sumit\Desktop\kavita_capstone\dataset\W\UW\7088-105.jpg,dataset/W/UW/7088-105.jpg,W,Wall,UW,Uncracked,0,W/UW
C:\Users\sumit\Desktop\kavita_capstone\dataset\D\UD\7030-213.jpg,dataset/D/UD/7030-213.jpg,D,Deck,UD,Uncracked,0,D/UD
C:\Users\sumit\Desktop\kavita_capstone\dataset\W\CW\7070-85.jpg,dataset/W/CW/7070-85.jpg,W,Wall,CW,Cracked,1,W/CW
C:\Users\sumit\Desktop\kavita_capstone\dataset\D\CD\7002-49.jpg,dataset/D/CD/7002-49.jpg,D,Deck,CD,Cracked,1,D/CD
C:\Users\sumit\Desktop\kavita_capstone\dataset\W\UW\7130-207.jpg,dataset/W/UW/7130-207.jpg,W,Wall,UW,Uncracked,0,W/UW
C:\Users\sumit\Desktop\kavita_capstone\dataset\P\CP\009-77.jpg,dataset/P/CP/009-77.jpg,P,Pavement,CP,Cracked,1,P/CP
C:\Users\sumit\Desktop\kavita_capstone\dataset\P\UP\027-154.jpg,dataset/P/UP/027-154.jpg,P,Pavement,UP,Uncracked,0,P/UP
C:\Users\sumit\Desktop\kavita_capstone\dataset\P\UP\020-86.jpg,dataset/P/UP/020-86.jpg,P,Pavement,UP,Uncracked,0,P/UP
C:\Users\sumit\Desktop\kavita_capstone\dataset\D\UD\7012-90.jpg,dataset/D/UD/7012-90.jpg,D,Deck,UD,Uncracked,0,D/UD
C:\Users\sumit\Desktop\kavita_capstone\dataset\D\UD\7003-148.jpg,dataset/D/UD/7003-148.jpg,D,Deck,UD,Uncracked,0,D/UD
C:\Users\sumit\Desktop\kavita_capstone\dataset\P\UP\057-197.jpg,dataset/P/UP/057-197.jpg,P,Pavement,UP,Uncracked,0,P/UP
C:\Users\sumit\Desktop\kavita_capstone\dataset\D\CD\7040-48.jpg,dataset/D/CD/7040-48.jpg,D,Deck,CD,Cracked,1,D/CD
C:\Users\sumit\Desktop\kavita_capstone\dataset\P\CP\006-65.jpg,dataset/P/CP/006-65.jpg,P,Pavement,CP,Cracked,1,P/CP
C:\Users\sumit\Desktop\kavita_capstone\dataset\W\CW\7085-114.jpg,dataset/W/CW/7085-114.jpg,W,Wall,CW,Cracked,1,W/CW
C:\Users\sumit\Desktop\kavita_capstone\dataset\D\CD\7016-101.jpg,dataset/D/CD/7016-101.jpg,D,Deck,CD,Cracked,1,D/CD
C:\Users\sumit\Desktop\kavita_capstone\dataset\D\UD\7043-150.jpg,dataset/D/UD/7043-150.jpg,D,Deck,UD,Uncracked,0,D/UD
C:\Users\sumit\Desktop\kavita_capstone\dataset\P\CP\005-153.jpg,dataset/P/CP/005-153.jpg,P,Pavement,CP,Cracked,1,P/CP
C:\Users\sumit\Desktop\kavita_capstone\dataset\W\CW\7082-16.jpg,dataset/W/CW/7082-16.jpg,W,Wall,CW,Cracked,1,W/CW
C:\Users\sumit\Desktop\kavita_capstone\dataset\D\UD\7002-211.jpg,dataset/D/UD/7002-211.jpg,D,Deck,UD,Uncracked,0,D/UD
C:\Users\sumit\Desktop\kavita_capstone\dataset\W\CW\7092-107.jpg,dataset/W/CW/7092-107.jpg,W,Wall,CW,Cracked,1,W/CW
C:\Users\sumit\Desktop\kavita_capstone\dataset\W\CW\7117-246.jpg,dataset/W/CW/7117-246.jpg,W,Wall,CW,Cracked,1,W/CW
C:\Users\sumit\Desktop\kavita_capstone\dataset\W\UW\7098-29.jpg,dataset/W/UW/7098-29.jpg,W,Wall,UW,Uncracked,0,W/UW
C:\Users\sumit\Desktop\kavita_capstone\dataset\W\UW\7119-95.jpg,dataset/W/UW/7119-95.jpg,W,Wall,UW,Uncracked,0,W/UW
C:\Users\sumit\Desktop\kavita_capstone\dataset\W\UW\7074-3.jpg,dataset/W/UW/7074-3.jpg,W,Wall,UW,Uncracked,0,W/UW
C:\Users\sumit\Desktop\kavita_capstone\dataset\W\CW\7081-90.jpg,dataset/W/CW/7081-90.jpg,W,Wall,CW,Cracked,1,W/CW
C:\Users\sumit\Desktop\kavita_capstone\dataset\D\UD\7023-124.jpg,dataset/D/UD/7023-124.jpg,D,Deck,UD,Uncracked,0,D/UD
C:\Users\sumit\Desktop\kavita_capstone\dataset\D\CD\7049-50.jpg,dataset/D/CD/7049-50.jpg,D,Deck,CD,Cracked,1,D/CD
C:\Users\sumit\Desktop\kavita_capstone\dataset\D\CD\7018-177.jpg,dataset/D/CD/7018-177.jpg,D,Deck,CD,Cracked,1,D/CD
C:\Users\sumit\Desktop\kavita_capstone\dataset\D\CD\7028-62.jpg,dataset/D/CD/7028-62.jpg,D,Deck,CD,Cracked,1,D/CD
C:\Users\sumit\Desktop\kavita_capstone\dataset\W\CW\7087-226.jpg,dataset/W/CW/7087-226.jpg,W,Wall,CW,Cracked,1,W/CW
C:\Users\sumit\Desktop\kavita_capstone\dataset\D\UD\7033-196.jpg,dataset/D/UD/7033-196.jpg,D,Deck,UD,Uncracked,0,D/UD
C:\Users\sumit\Desktop\kavita_capstone\dataset\P\UP\081-75.jpg,dataset/P/UP/081-75.jpg,P,Pavement,UP,Uncracked,0,P/UP
C:\Users\sumit\Desktop\kavita_capstone\dataset\D\UD\7024-133.jpg,dataset/D/UD/7024-133.jpg,D,Deck,UD,Uncracked,0,D/UD
C:\Users\sumit\Desktop\kavita_capstone\dataset\W\CW\7091-64.jpg,dataset/W/CW/7091-64.jpg,W,Wall,CW,Cracked,1,W/CW
C:\Users\sumit\Desktop\kavita_capstone\dataset\P\CP\092-102.jpg,dataset/P/CP/092-102.jpg,P,Pavement,CP,Cracked,1,P/CP
C:\Users\sumit\Desktop\kavita_capstone\dataset\P\UP\065-77.jpg,dataset/P/UP/065-77.jpg,P,Pavement,UP,Uncracked,0,P/UP
C:\Users\sumit\Desktop\kavita_capstone\dataset\P\CP\071-23.jpg,dataset/P/CP/071-23.jpg,P,Pavement,CP,Cracked,1,P/CP
C:\Users\sumit\Desktop\kavita_capstone\dataset\W\UW\7080-39.jpg,dataset/W/UW/7080-39.jpg,W,Wall,UW,Uncracked,0,W/UW
C:\Users\sumit\Desktop\kavita_capstone\dataset\W\CW\7131-97.jpg,dataset/W/CW/7131-97.jpg,W,Wall,CW,Cracked,1,W/CW
C:\Users\sumit\Desktop\kavita_capstone\dataset\W\CW\7090-175.jpg,dataset/W/CW/7090-175.jpg,W,Wall,CW,Cracked,1,W/CW
C:\Users\sumit\Desktop\kavita_capstone\dataset\D\UD\7016-41.jpg,dataset/D/UD/7016-41.jpg,D,Deck,UD,Uncracked,0,D/UD
C:\Users\sumit\Desktop\kavita_capstone\dataset\D\CD\7048-149.jpg,dataset/D/CD/7048-149.jpg,D,Deck,CD,Cracked,1,D/CD
C:\Users\sumit\Desktop\kavita_capstone\dataset\W\UW\7140-29.jpg,dataset/W/UW/7140-29.jpg,W,Wall,UW,Uncracked,0,W/UW
C:\Users\sumit\Desktop\kavita_capstone\dataset\P\UP\045-134.jpg,dataset/P/UP/045-134.jpg,P,Pavement,UP,Uncracked,0,P/UP
C:\Users\sumit\Desktop\kavita_capstone\dataset\D\CD\7016-204.jpg,dataset/D/CD/7016-204.jpg,D,Deck,CD,Cracked,1,D/CD
C:\Users\sumit\Desktop\kavita_capstone\dataset\W\UW\7121-163.jpg,dataset/W/UW/7121-163.jpg,W,Wall,UW,Uncracked,0,W/UW
C:\Users\sumit\Desktop\kavita_capstone\dataset\D\UD\7054-7.jpg,dataset/D/UD/7054-7.jpg,D,Deck,UD,Uncracked,0,D/UD
C:\Users\sumit\Desktop\kavita_capstone\dataset\W\UW\7098-166.jpg,dataset/W/UW/7098-166.jpg,W,Wall,UW,Uncracked,0,W/UW
C:\Users\sumit\Desktop\kavita_capstone\dataset\W\UW\7084-128.jpg,dataset/W/UW/7084-128.jpg,W,Wall,UW,Uncracked,0,W/UW
C:\Users\sumit\Desktop\kavita_capstone\dataset\D\CD\7020-102.jpg,dataset/D/CD/7020-102.jpg,D,Deck,CD,Cracked,1,D/CD
C:\Users\sumit\Desktop\kavita_capstone\dataset\D\CD\7021-63.jpg,dataset/D/CD/7021-63.jpg,D,Deck,CD,Cracked,1,D/CD
C:\Users\sumit\Desktop\kavita_capstone\dataset\D\UD\7015-121.jpg,dataset/D/UD/7015-121.jpg,D,Deck,UD,Uncracked,0,D/UD
C:\Users\sumit\Desktop\kavita_capstone\dataset\P\CP\072-50.jpg,dataset/P/CP/072-50.jpg,P,Pavement,CP,Cracked,1,P/CP
C:\Users\sumit\Desktop\kavita_capstone\dataset\P\UP\051-23.jpg,dataset/P/UP/051-23.jpg,P,Pavement,UP,Uncracked,0,P/UP
C:\Users\sumit\Desktop\kavita_capstone\dataset\D\CD\7036-218.jpg,dataset/D/CD/7036-218.jpg,D,Deck,CD,Cracked,1,D/CD
C:\Users\sumit\Desktop\kavita_capstone\dataset\P\CP\079-103.jpg,dataset/P/CP/079-103.jpg,P,Pavement,CP,Cracked,1,P/CP
C:\Users\sumit\Desktop\kavita_capstone\dataset\P\UP\049-132.jpg,dataset/P/UP/049-132.jpg,P,Pavement,UP,Uncracked,0,P/UP
C:\Users\sumit\Desktop\kavita_capstone\dataset\P\UP\024-147.jpg,dataset/P/UP/024-147.jpg,P,Pavement,UP,Uncracked,0,P/UP
C:\Users\sumit\Desktop\kavita_capstone\dataset\D\UD\7045-27.jpg,dataset/D/UD/7045-27.jpg,D,Deck,UD,Uncracked,0,D/UD
C:\Users\sumit\Desktop\kavita_capstone\dataset\D\CD\7018-190.jpg,dataset/D/CD/7018-190.jpg,D,Deck,CD,Cracked,1,D/CD
C:\Users\sumit\Desktop\kavita_capstone\dataset\W\CW\7088-78.jpg,dataset/W/CW/7088-78.jpg,W,Wall,CW,Cracked,1,W/CW
C:\Users\sumit\Desktop\kavita_capstone\dataset\W\CW\7114-166.jpg,dataset/W/CW/7114-166.jpg,W,Wall,CW,Cracked,1,W/CW
C:\Users\sumit\Desktop\kavita_capstone\dataset\W\CW\7111-95.jpg,dataset/W/CW/7111-95.jpg,W,Wall,CW,Cracked,1,W/CW
C:\Users\sumit\Desktop\kavita_capstone\dataset\D\UD\7040-150.jpg,dataset/D/UD/7040-150.jpg,D,Deck,UD,Uncracked,0,D/UD
C:\Users\sumit\Desktop\kavita_capstone\dataset\W\UW\7107-127.jpg,dataset/W/UW/7107-127.jpg,W,Wall,UW,Uncracked,0,W/UW
C:\Users\sumit\Desktop\kavita_capstone\dataset\P\CP\001-128.jpg,dataset/P/CP/001-128.jpg,P,Pavement,CP,Cracked,1,P/CP
C:\Users\sumit\Desktop\kavita_capstone\dataset\P\UP\041-46.jpg,dataset/P/UP/041-46.jpg,P,Pavement,UP,Uncracked,0,P/UP
C:\Users\sumit\Desktop\kavita_capstone\dataset\P\UP\088-77.jpg,dataset/P/UP/088-77.jpg,P,Pavement,UP,Uncracked,0,P/UP
C:\Users\sumit\Desktop\kavita_capstone\dataset\P\UP\097-212.jpg,dataset/P/UP/097-212.jpg,P,Pavement,UP,Uncracked,0,P/UP
C:\Users\sumit\Desktop\kavita_capstone\dataset\P\UP\031-58.jpg,dataset/P/UP/031-58.jpg,P,Pavement,UP,Uncracked,0,P/UP
C:\Users\sumit\Desktop\kavita_capstone\dataset\D\UD\7012-133.jpg,dataset/D/UD/7012-133.jpg,D,Deck,UD,Uncracked,0,D/UD
C:\Users\sumit\Desktop\kavita_capstone\dataset\W\UW\7113-46.jpg,dataset/W/UW/7113-46.jpg,W,Wall,UW,Uncracked,0,W/UW
C:\Users\sumit\Desktop\kavita_capstone\dataset\W\UW\7133-128.jpg,dataset/W/UW/7133-128.jpg,W,Wall,UW,Uncracked,0,W/UW
C:\Users\sumit\Desktop\kavita_capstone\dataset\W\UW\7111-155.jpg,dataset/W/UW/7111-155.jpg,W,Wall,UW,Uncracked,0,W/UW
C:\Users\sumit\Desktop\kavita_capstone\dataset\W\UW\7107-159.jpg,dataset/W/UW/7107-159.jpg,W,Wall,UW,Uncracked,0,W/UW
C:\Users\sumit\Desktop\kavita_capstone\dataset\W\CW\7083-167.jpg,dataset/W/CW/7083-167.jpg,W,Wall,CW,Cracked,1,W/CW
C:\Users\sumit\Desktop\kavita_capstone\dataset\P\UP\029-7.jpg,dataset/P/UP/029-7.jpg,P,Pavement,UP,Uncracked,0,P/UP
C:\Users\sumit\Desktop\kavita_capstone\dataset\P\UP\097-105.jpg,dataset/P/UP/097-105.jpg,P,Pavement,UP,Uncracked,0,P/UP
C:\Users\sumit\Desktop\kavita_capstone\dataset\P\UP\085-158.jpg,dataset/P/UP/085-158.jpg,P,Pavement,UP,Uncracked,0,P/UP
C:\Users\sumit\Desktop\kavita_capstone\dataset\W\UW\7127-119.jpg,dataset/W/UW/7127-119.jpg,W,Wall,UW,Uncracked,0,W/UW
C:\Users\sumit\Desktop\kavita_capstone\dataset\W\CW\7090-12.jpg,dataset/W/CW/7090-12.jpg,W,Wall,CW,Cracked,1,W/CW
C:\Users\sumit\Desktop\kavita_capstone\dataset\P\CP\030-100.jpg,dataset/P/CP/030-100.jpg,P,Pavement,CP,Cracked,1,P/CP
C:\Users\sumit\Desktop\kavita_capstone\dataset\W\CW\7073-16.jpg,dataset/W/CW/7073-16.jpg,W,Wall,CW,Cracked,1,W/CW
C:\Users\sumit\Desktop\kavita_capstone\dataset\W\UW\7134-47.jpg,dataset/W/UW/7134-47.jpg,W,Wall,UW,Uncracked,0,W/UW
C:\Users\sumit\Desktop\kavita_capstone\dataset\D\CD\7023-183.jpg,dataset/D/CD/7023-183.jpg,D,Deck,CD,Cracked,1,D/CD
C:\Users\sumit\Desktop\kavita_capstone\dataset\D\CD\7027-39.jpg,dataset/D/CD/7027-39.jpg,D,Deck,CD,Cracked,1,D/CD
C:\Users\sumit\Desktop\kavita_capstone\dataset\P\CP\073-42.jpg,dataset/P/CP/073-42.jpg,P,Pavement,CP,Cracked,1,P/CP
C:\Users\sumit\Desktop\kavita_capstone\dataset\P\UP\013-109.jpg,dataset/P/UP/013-109.jpg,P,Pavement,UP,Uncracked,0,P/UP
C:\Users\sumit\Desktop\kavita_capstone\dataset\W\UW\7088-85.jpg,dataset/W/UW/7088-85.jpg,W,Wall,UW,Uncracked,0,W/UW
C:\Users\sumit\Desktop\kavita_capstone\dataset\W\CW\7078-122.jpg,dataset/W/CW/7078-122.jpg,W,Wall,CW,Cracked,1,W/CW
C:\Users\sumit\Desktop\kavita_capstone\dataset\D\UD\7026-79.jpg,dataset/D/UD/7026-79.jpg,D,Deck,UD,Uncracked,0,D/UD
C:\Users\sumit\Desktop\kavita_capstone\dataset\D\UD\7005-237.jpg,dataset/D/UD/7005-237.jpg,D,Deck,UD,Uncracked,0,D/UD
C:\Users\sumit\Desktop\kavita_capstone\dataset\D\CD\7057-211.jpg,dataset/D/CD/7057-211.jpg,D,Deck,CD,Cracked,1,D/CD
C:\Users\sumit\Desktop\kavita_capstone\dataset\P\UP\056-92.jpg,dataset/P/UP/056-92.jpg,P,Pavement,UP,Uncracked,0,P/UP
C:\Users\sumit\Desktop\kavita_capstone\dataset\W\CW\7073-62.jpg,dataset/W/CW/7073-62.jpg,W,Wall,CW,Cracked,1,W/CW
C:\Users\sumit\Desktop\kavita_capstone\dataset\D\UD\7032-15.jpg,dataset/D/UD/7032-15.jpg,D,Deck,UD,Uncracked,0,D/UD
C:\Users\sumit\Desktop\kavita_capstone\dataset\W\CW\7094-172.jpg,dataset/W/CW/7094-172.jpg,W,Wall,CW,Cracked,1,W/CW
C:\Users\sumit\Desktop\kavita_capstone\dataset\P\CP\085-111.jpg,dataset/P/CP/085-111.jpg,P,Pavement,CP,Cracked,1,P/CP
C:\Users\sumit\Desktop\kavita_capstone\dataset\D\UD\7034-148.jpg,dataset/D/UD/7034-148.jpg,D,Deck,UD,Uncracked,0,D/UD
C:\Users\sumit\Desktop\kavita_capstone\dataset\W\UW\7100-2.jpg,dataset/W/UW/7100-2.jpg,W,Wall,UW,Uncracked,0,W/UW
C:\Users\sumit\Desktop\kavita_capstone\dataset\W\CW\7114-80.jpg,dataset/W/CW/7114-80.jpg,W,Wall,CW,Cracked,1,W/CW
C:\Users\sumit\Desktop\kavita_capstone\dataset\W\CW\7069-186.jpg,dataset/W/CW/7069-186.jpg,W,Wall,CW,Cracked,1,W/CW
C:\Users\sumit\Desktop\kavita_capstone\dataset\P\CP\001-106.jpg,dataset/P/CP/001-106.jpg,P,Pavement,CP,Cracked,1,P/CP
C:\Users\sumit\Desktop\kavita_capstone\dataset\W\CW\7083-99.jpg,dataset/W/CW/7083-99.jpg,W,Wall,CW,Cracked,1,W/CW
C:\Users\sumit\Desktop\kavita_capstone\dataset\W\UW\7127-37.jpg,dataset/W/UW/7127-37.jpg,W,Wall,UW,Uncracked,0,W/UW
C:\Users\sumit\Desktop\kavita_capstone\dataset\W\CW\7134-81.jpg,dataset/W/CW/7134-81.jpg,W,Wall,CW,Cracked,1,W/CW
C:\Users\sumit\Desktop\kavita_capstone\dataset\D\CD\7049-55.jpg,dataset/D/CD/7049-55.jpg,D,Deck,CD,Cracked,1,D/CD
C:\Users\sumit\Desktop\kavita_capstone\dataset\W\CW\7084-178.jpg,dataset/W/CW/7084-178.jpg,W,Wall,CW,Cracked,1,W/CW
C:\Users\sumit\Desktop\kavita_capstone\dataset\D\UD\7027-220.jpg,dataset/D/UD/7027-220.jpg,D,Deck,UD,Uncracked,0,D/UD
C:\Users\sumit\Desktop\kavita_capstone\dataset\W\UW\7100-223.jpg,dataset/W/UW/7100-223.jpg,W,Wall,UW,Uncracked,0,W/UW
C:\Users\sumit\Desktop\kavita_capstone\dataset\D\UD\7051-145.jpg,dataset/D/UD/7051-145.jpg,D,Deck,UD,Uncracked,0,D/UD
C:\Users\sumit\Desktop\kavita_capstone\dataset\P\CP\022-180.jpg,dataset/P/CP/022-180.jpg,P,Pavement,CP,Cracked,1,P/CP
C:\Users\sumit\Desktop\kavita_capstone\dataset\P\UP\087-82.jpg,dataset/P/UP/087-82.jpg,P,Pavement,UP,Uncracked,0,P/UP
C:\Users\sumit\Desktop\kavita_capstone\dataset\D\UD\7050-62.jpg,dataset/D/UD/7050-62.jpg,D,Deck,UD,Uncracked,0,D/UD
C:\Users\sumit\Desktop\kavita_capstone\dataset\W\CW\7097-96.jpg,dataset/W/CW/7097-96.jpg,W,Wall,CW,Cracked,1,W/CW
C:\Users\sumit\Desktop\kavita_capstone\dataset\W\CW\7073-61.jpg,dataset/W/CW/7073-61.jpg,W,Wall,CW,Cracked,1,W/CW
C:\Users\sumit\Desktop\kavita_capstone\dataset\P\UP\066-114.jpg,dataset/P/UP/066-114.jpg,P,Pavement,UP,Uncracked,0,P/UP
C:\Users\sumit\Desktop\kavita_capstone\dataset\W\UW\7078-239.jpg,dataset/W/UW/7078-239.jpg,W,Wall,UW,Uncracked,0,W/UW
C:\Users\sumit\Desktop\kavita_capstone\dataset\D\UD\7008-152.jpg,dataset/D/UD/7008-152.jpg,D,Deck,UD,Uncracked,0,D/UD
C:\Users\sumit\Desktop\kavita_capstone\dataset\W\UW\7099-241.jpg,dataset/W/UW/7099-241.jpg,W,Wall,UW,Uncracked,0,W/UW
C:\Users\sumit\Desktop\kavita_capstone\dataset\W\UW\7131-7.jpg,dataset/W/UW/7131-7.jpg,W,Wall,UW,Uncracked,0,W/UW
C:\Users\sumit\Desktop\kavita_capstone\dataset\D\CD\7028-82.jpg,dataset/D/CD/7028-82.jpg,D,Deck,CD,Cracked,1,D/CD
C:\Users\sumit\Desktop\kavita_capstone\dataset\D\CD\7027-123.jpg,dataset/D/CD/7027-123.jpg,D,Deck,CD,Cracked,1,D/CD
C:\Users\sumit\Desktop\kavita_capstone\dataset\P\CP\018-69.jpg,dataset/P/CP/018-69.jpg,P,Pavement,CP,Cracked,1,P/CP
C:\Users\sumit\Desktop\kavita_capstone\dataset\P\UP\101-78.jpg,dataset/P/UP/101-78.jpg,P,Pavement,UP,Uncracked,0,P/UP
C:\Users\sumit\Desktop\kavita_capstone\dataset\W\UW\7129-37.jpg,dataset/W/UW/7129-37.jpg,W,Wall,UW,Uncracked,0,W/UW
C:\Users\sumit\Desktop\kavita_capstone\dataset\D\CD\7020-18.jpg,dataset/D/CD/7020-18.jpg,D,Deck,CD,Cracked,1,D/CD
C:\Users\sumit\Desktop\kavita_capstone\dataset\W\CW\7104-129.jpg,dataset/W/CW/7104-129.jpg,W,Wall,CW,Cracked,1,W/CW
C:\Users\sumit\Desktop\kavita_capstone\dataset\P\UP\008-64.jpg,dataset/P/UP/008-64.jpg,P,Pavement,UP,Uncracked,0,P/UP
C:\Users\sumit\Desktop\kavita_capstone\dataset\P\UP\062-84.jpg,dataset/P/UP/062-84.jpg,P,Pavement,UP,Uncracked,0,P/UP
C:\Users\sumit\Desktop\kavita_capstone\dataset\P\CP\091-139.jpg,dataset/P/CP/091-139.jpg,P,Pavement,CP,Cracked,1,P/CP
C:\Users\sumit\Desktop\kavita_capstone\dataset\W\UW\7113-206.jpg,dataset/W/UW/7113-206.jpg,W,Wall,UW,Uncracked,0,W/UW
C:\Users\sumit\Desktop\kavita_capstone\dataset\W\CW\7126-20.jpg,dataset/W/CW/7126-20.jpg,W,Wall,CW,Cracked,1,W/CW
C:\Users\sumit\Desktop\kavita_capstone\dataset\D\CD\7057-210.jpg,dataset/D/CD/7057-210.jpg,D,Deck,CD,Cracked,1,D/CD
C:\Users\sumit\Desktop\kavita_capstone\dataset\W\CW\7087-48.jpg,dataset/W/CW/7087-48.jpg,W,Wall,CW,Cracked,1,W/CW
C:\Users\sumit\Desktop\kavita_capstone\dataset\D\CD\7004-64.jpg,dataset/D/CD/7004-64.jpg,D,Deck,CD,Cracked,1,D/CD
C:\Users\sumit\Desktop\kavita_capstone\dataset\P\CP\066-102.jpg,dataset/P/CP/066-102.jpg,P,Pavement,CP,Cracked,1,P/CP
C:\Users\sumit\Desktop\kavita_capstone\dataset\D\CD\7028-23.jpg,dataset/D/CD/7028-23.jpg,D,Deck,CD,Cracked,1,D/CD
C:\Users\sumit\Desktop\kavita_capstone\dataset\D\UD\7048-19.jpg,dataset/D/UD/7048-19.jpg,D,Deck,UD,Uncracked,0,D/UD
C:\Users\sumit\Desktop\kavita_capstone\dataset\P\CP\037-81.jpg,dataset/P/CP/037-81.jpg,P,Pavement,CP,Cracked,1,P/CP
C:\Users\sumit\Desktop\kavita_capstone\dataset\D\CD\7040-188.jpg,dataset/D/CD/7040-188.jpg,D,Deck,CD,Cracked,1,D/CD
C:\Users\sumit\Desktop\kavita_capstone\dataset\D\CD\7049-38.jpg,dataset/D/CD/7049-38.jpg,D,Deck,CD,Cracked,1,D/CD
C:\Users\sumit\Desktop\kavita_capstone\dataset\W\CW\7090-117.jpg,dataset/W/CW/7090-117.jpg,W,Wall,CW,Cracked,1,W/CW
C:\Users\sumit\Desktop\kavita_capstone\dataset\P\UP\028-64.jpg,dataset/P/UP/028-64.jpg,P,Pavement,UP,Uncracked,0,P/UP
C:\Users\sumit\Desktop\kavita_capstone\dataset\P\CP\034-79.jpg,dataset/P/CP/034-79.jpg,P,Pavement,CP,Cracked,1,P/CP
C:\Users\sumit\Desktop\kavita_capstone\dataset\W\CW\7089-159.jpg,dataset/W/CW/7089-159.jpg,W,Wall,CW,Cracked,1,W/CW
C:\Users\sumit\Desktop\kavita_capstone\dataset\W\CW\7104-208.jpg,dataset/W/CW/7104-208.jpg,W,Wall,CW,Cracked,1,W/CW
C:\Users\sumit\Desktop\kavita_capstone\dataset\W\CW\7116-248.jpg,dataset/W/CW/7116-248.jpg,W,Wall,CW,Cracked,1,W/CW
C:\Users\sumit\Desktop\kavita_capstone\dataset\W\UW\7123-194.jpg,dataset/W/UW/7123-194.jpg,W,Wall,UW,Uncracked,0,W/UW
C:\Users\sumit\Desktop\kavita_capstone\dataset\P\UP\036-60.jpg,dataset/P/UP/036-60.jpg,P,Pavement,UP,Uncracked,0,P/UP
C:\Users\sumit\Desktop\kavita_capstone\dataset\P\CP\069-107.jpg,dataset/P/CP/069-107.jpg,P,Pavement,CP,Cracked,1,P/CP
C:\Users\sumit\Desktop\kavita_capstone\dataset\D\UD\7043-79.jpg,dataset/D/UD/7043-79.jpg,D,Deck,UD,Uncracked,0,D/UD
C:\Users\sumit\Desktop\kavita_capstone\dataset\W\CW\7085-65.jpg,dataset/W/CW/7085-65.jpg,W,Wall,CW,Cracked,1,W/CW
C:\Users\sumit\Desktop\kavita_capstone\dataset\W\UW\7123-45.jpg,dataset/W/UW/7123-45.jpg,W,Wall,UW,Uncracked,0,W/UW
C:\Users\sumit\Desktop\kavita_capstone\dataset\P\CP\098-125.jpg,dataset/P/CP/098-125.jpg,P,Pavement,CP,Cracked,1,P/CP
C:\Users\sumit\Desktop\kavita_capstone\dataset\P\UP\051-162.jpg,dataset/P/UP/051-162.jpg,P,Pavement,UP,Uncracked,0,P/UP
C:\Users\sumit\Desktop\kavita_capstone\dataset\W\UW\7108-22.jpg,dataset/W/UW/7108-22.jpg,W,Wall,UW,Uncracked,0,W/UW
C:\Users\sumit\Desktop\kavita_capstone\dataset\P\CP\101-118.jpg,dataset/P/CP/101-118.jpg,P,Pavement,CP,Cracked,1,P/CP
C:\Users\sumit\Desktop\kavita_capstone\dataset\D\CD\7017-208.jpg,dataset/D/CD/7017-208.jpg,D,Deck,CD,Cracked,1,D/CD
C:\Users\sumit\Desktop\kavita_capstone\dataset\D\CD\7029-242.jpg,dataset/D/CD/7029-242.jpg,D,Deck,CD,Cracked,1,D/CD
C:\Users\sumit\Desktop\kavita_capstone\dataset\W\UW\7098-47.jpg,dataset/W/UW/7098-47.jpg,W,Wall,UW,Uncracked,0,W/UW
C:\Users\sumit\Desktop\kavita_capstone\dataset\D\UD\7040-96.jpg,dataset/D/UD/7040-96.jpg,D,Deck,UD,Uncracked,0,D/UD
C:\Users\sumit\Desktop\kavita_capstone\dataset\D\UD\7010-183.jpg,dataset/D/UD/7010-183.jpg,D,Deck,UD,Uncracked,0,D/UD
C:\Users\sumit\Desktop\kavita_capstone\dataset\P\CP\100-224.jpg,dataset/P/CP/100-224.jpg,P,Pavement,CP,Cracked,1,P/CP
C:\Users\sumit\Desktop\kavita_capstone\dataset\D\CD\7038-98.jpg,dataset/D/CD/7038-98.jpg,D,Deck,CD,Cracked,1,D/CD
C:\Users\sumit\Desktop\kavita_capstone\dataset\W\CW\7072-5.jpg,dataset/W/CW/7072-5.jpg,W,Wall,CW,Cracked,1,W/CW
C:\Users\sumit\Desktop\kavita_capstone\dataset\P\CP\053-152.jpg,dataset/P/CP/053-152.jpg,P,Pavement,CP,Cracked,1,P/CP
C:\Users\sumit\Desktop\kavita_capstone\dataset\W\CW\7120-63.jpg,dataset/W/CW/7120-63.jpg,W,Wall,CW,Cracked,1,W/CW
C:\Users\sumit\Desktop\kavita_capstone\dataset\W\CW\7078-167.jpg,dataset/W/CW/7078-167.jpg,W,Wall,CW,Cracked,1,W/CW
C:\Users\sumit\Desktop\kavita_capstone\dataset\W\CW\7131-220.jpg,dataset/W/CW/7131-220.jpg,W,Wall,CW,Cracked,1,W/CW
C:\Users\sumit\Desktop\kavita_capstone\dataset\D\CD\7013-99.jpg,dataset/D/CD/7013-99.jpg,D,Deck,CD,Cracked,1,D/CD
C:\Users\sumit\Desktop\kavita_capstone\dataset\W\CW\7093-230.jpg,dataset/W/CW/7093-230.jpg,W,Wall,CW,Cracked,1,W/CW
C:\Users\sumit\Desktop\kavita_capstone\dataset\P\CP\047-114.jpg,dataset/P/CP/047-114.jpg,P,Pavement,CP,Cracked,1,P/CP
C:\Users\sumit\Desktop\kavita_capstone\dataset\W\UW\7104-154.jpg,dataset/W/UW/7104-154.jpg,W,Wall,UW,Uncracked,0,W/UW
C:\Users\sumit\Desktop\kavita_capstone\dataset\D\UD\7035-60.jpg,dataset/D/UD/7035-60.jpg,D,Deck,UD,Uncracked,0,D/UD
C:\Users\sumit\Desktop\kavita_capstone\dataset\P\CP\001-107.jpg,dataset/P/CP/001-107.jpg,P,Pavement,CP,Cracked,1,P/CP
C:\Users\sumit\Desktop\kavita_capstone\dataset\P\CP\056-20.jpg,dataset/P/CP/056-20.jpg,P,Pavement,CP,Cracked,1,P/CP
C:\Users\sumit\Desktop\kavita_capstone\dataset\P\CP\074-39.jpg,dataset/P/CP/074-39.jpg,P,Pavement,CP,Cracked,1,P/CP
C:\Users\sumit\Desktop\kavita_capstone\dataset\W\UW\7116-197.jpg,dataset/W/UW/7116-197.jpg,W,Wall,UW,Uncracked,0,W/UW
C:\Users\sumit\Desktop\kavita_capstone\dataset\W\UW\7128-207.jpg,dataset/W/UW/7128-207.jpg,W,Wall,UW,Uncracked,0,W/UW
C:\Users\sumit\Desktop\kavita_capstone\dataset\D\UD\7050-40.jpg,dataset/D/UD/7050-40.jpg,D,Deck,UD,Uncracked,0,D/UD
C:\Users\sumit\Desktop\kavita_capstone\dataset\W\CW\7103-174.jpg,dataset/W/CW/7103-174.jpg,W,Wall,CW,Cracked,1,W/CW
C:\Users\sumit\Desktop\kavita_capstone\dataset\W\UW\7140-192.jpg,dataset/W/UW/7140-192.jpg,W,Wall,UW,Uncracked,0,W/UW
C:\Users\sumit\Desktop\kavita_capstone\dataset\W\CW\7129-82.jpg,dataset/W/CW/7129-82.jpg,W,Wall,CW,Cracked,1,W/CW
C:\Users\sumit\Desktop\kavita_capstone\dataset\W\CW\7078-44.jpg,dataset/W/CW/7078-44.jpg,W,Wall,CW,Cracked,1,W/CW
C:\Users\sumit\Desktop\kavita_capstone\dataset\D\CD\7035-30.jpg,dataset/D/CD/7035-30.jpg,D,Deck,CD,Cracked,1,D/CD
C:\Users\sumit\Desktop\kavita_capstone\dataset\P\CP\014-42.jpg,dataset/P/CP/014-42.jpg,P,Pavement,CP,Cracked,1,P/CP
C:\Users\sumit\Desktop\kavita_capstone\dataset\P\UP\003-149.jpg,dataset/P/UP/003-149.jpg,P,Pavement,UP,Uncracked,0,P/UP
C:\Users\sumit\Desktop\kavita_capstone\dataset\P\CP\059-76.jpg,dataset/P/CP/059-76.jpg,P,Pavement,CP,Cracked,1,P/CP
C:\Users\sumit\Desktop\kavita_capstone\dataset\W\CW\7091-220.jpg,dataset/W/CW/7091-220.jpg,W,Wall,CW,Cracked,1,W/CW
C:\Users\sumit\Desktop\kavita_capstone\dataset\D\UD\7011-64.jpg,dataset/D/UD/7011-64.jpg,D,Deck,UD,Uncracked,0,D/UD
C:\Users\sumit\Desktop\kavita_capstone\dataset\D\UD\7011-127.jpg,dataset/D/UD/7011-127.jpg,D,Deck,UD,Uncracked,0,D/UD
C:\Users\sumit\Desktop\kavita_capstone\dataset\D\UD\7004-48.jpg,dataset/D/UD/7004-48.jpg,D,Deck,UD,Uncracked,0,D/UD
C:\Users\sumit\Desktop\kavita_capstone\dataset\W\CW\7092-221.jpg,dataset/W/CW/7092-221.jpg,W,Wall,CW,Cracked,1,W/CW
C:\Users\sumit\Desktop\kavita_capstone\dataset\D\CD\7026-222.jpg,dataset/D/CD/7026-222.jpg,D,Deck,CD,Cracked,1,D/CD
C:\Users\sumit\Desktop\kavita_capstone\dataset\D\UD\7032-113.jpg,dataset/D/UD/7032-113.jpg,D,Deck,UD,Uncracked,0,D/UD
C:\Users\sumit\Desktop\kavita_capstone\dataset\D\CD\7024-208.jpg,dataset/D/CD/7024-208.jpg,D,Deck,CD,Cracked,1,D/CD
C:\Users\sumit\Desktop\kavita_capstone\dataset\W\CW\7079-92.jpg,dataset/W/CW/7079-92.jpg,W,Wall,CW,Cracked,1,W/CW
C:\Users\sumit\Desktop\kavita_capstone\dataset\W\CW\7136-101.jpg,dataset/W/CW/7136-101.jpg,W,Wall,CW,Cracked,1,W/CW
C:\Users\sumit\Desktop\kavita_capstone\dataset\P\UP\066-18.jpg,dataset/P/UP/066-18.jpg,P,Pavement,UP,Uncracked,0,P/UP
C:\Users\sumit\Desktop\kavita_capstone\dataset\P\CP\101-124.jpg,dataset/P/CP/101-124.jpg,P,Pavement,CP,Cracked,1,P/CP
C:\Users\sumit\Desktop\kavita_capstone\dataset\D\CD\7016-154.jpg,dataset/D/CD/7016-154.jpg,D,Deck,CD,Cracked,1,D/CD
C:\Users\sumit\Desktop\kavita_capstone\dataset\D\CD\7029-187.jpg,dataset/D/CD/7029-187.jpg,D,Deck,CD,Cracked,1,D/CD
C:\Users\sumit\Desktop\kavita_capstone\dataset\W\UW\7095-71.jpg,dataset/W/UW/7095-71.jpg,W,Wall,UW,Uncracked,0,W/UW
C:\Users\sumit\Desktop\kavita_capstone\dataset\P\CP\029-85.jpg,dataset/P/CP/029-85.jpg,P,Pavement,CP,Cracked,1,P/CP
C:\Users\sumit\Desktop\kavita_capstone\dataset\D\UD\7044-201.jpg,dataset/D/UD/7044-201.jpg,D,Deck,UD,Uncracked,0,D/UD
C:\Users\sumit\Desktop\kavita_capstone\dataset\D\CD\7052-31.jpg,dataset/D/CD/7052-31.jpg,D,Deck,CD,Cracked,1,D/CD
C:\Users\sumit\Desktop\kavita_capstone\dataset\P\CP\085-97.jpg,dataset/P/CP/085-97.jpg,P,Pavement,CP,Cracked,1,P/CP
C:\Users\sumit\Desktop\kavita_capstone\dataset\D\UD\7046-18.jpg,dataset/D/UD/7046-18.jpg,D,Deck,UD,Uncracked,0,D/UD
C:\Users\sumit\Desktop\kavita_capstone\dataset\W\CW\7114-26.jpg,dataset/W/CW/7114-26.jpg,W,Wall,CW,Cracked,1,W/CW
C:\Users\sumit\Desktop\kavita_capstone\dataset\D\UD\7008-22.jpg,dataset/D/UD/7008-22.jpg,D,Deck,UD,Uncracked,0,D/UD
C:\Users\sumit\Desktop\kavita_capstone\dataset\P\UP\036-184.jpg,dataset/P/UP/036-184.jpg,P,Pavement,UP,Uncracked,0,P/UP
C:\Users\sumit\Desktop\kavita_capstone\dataset\P\UP\101-39.jpg,dataset/P/UP/101-39.jpg,P,Pavement,UP,Uncracked,0,P/UP
C:\Users\sumit\Desktop\kavita_capstone\dataset\D\UD\7050-186.jpg,dataset/D/UD/7050-186.jpg,D,Deck,UD,Uncracked,0,D/UD
C:\Users\sumit\Desktop\kavita_capstone\dataset\W\UW\7139-77.jpg,dataset/W/UW/7139-77.jpg,W,Wall,UW,Uncracked,0,W/UW
C:\Users\sumit\Desktop\kavita_capstone\dataset\P\UP\059-116.jpg,dataset/P/UP/059-116.jpg,P,Pavement,UP,Uncracked,0,P/UP
C:\Users\sumit\Desktop\kavita_capstone\dataset\W\CW\7087-9.jpg,dataset/W/CW/7087-9.jpg,W,Wall,CW,Cracked,1,W/CW
C:\Users\sumit\Desktop\kavita_capstone\dataset\P\UP\051-194.jpg,dataset/P/UP/051-194.jpg,P,Pavement,UP,Uncracked,0,P/UP
C:\Users\sumit\Desktop\kavita_capstone\dataset\W\CW\7103-61.jpg,dataset/W/CW/7103-61.jpg,W,Wall,CW,Cracked,1,W/CW
C:\Users\sumit\Desktop\kavita_capstone\dataset\W\UW\7119-226.jpg,dataset/W/UW/7119-226.jpg,W,Wall,UW,Uncracked,0,W/UW
C:\Users\sumit\Desktop\kavita_capstone\dataset\D\UD\7039-224.jpg,dataset/D/UD/7039-224.jpg,D,Deck,UD,Uncracked,0,D/UD
C:\Users\sumit\Desktop\kavita_capstone\dataset\D\CD\7048-232.jpg,dataset/D/CD/7048-232.jpg,D,Deck,CD,Cracked,1,D/CD
C:\Users\sumit\Desktop\kavita_capstone\dataset\D\UD\7007-156.jpg,dataset/D/UD/7007-156.jpg,D,Deck,UD,Uncracked,0,D/UD
C:\Users\sumit\Desktop\kavita_capstone\dataset\W\UW\7132-125.jpg,dataset/W/UW/7132-125.jpg,W,Wall,UW,Uncracked,0,W/UW
C:\Users\sumit\Desktop\kavita_capstone\dataset\P\UP\094-201.jpg,dataset/P/UP/094-201.jpg,P,Pavement,UP,Uncracked,0,P/UP
C:\Users\sumit\Desktop\kavita_capstone\dataset\P\UP\102-217.jpg,dataset/P/UP/102-217.jpg,P,Pavement,UP,Uncracked,0,P/UP
C:\Users\sumit\Desktop\kavita_capstone\dataset\D\CD\7020-188.jpg,dataset/D/CD/7020-188.jpg,D,Deck,CD,Cracked,1,D/CD
C:\Users\sumit\Desktop\kavita_capstone\dataset\D\CD\7017-154.jpg,dataset/D/CD/7017-154.jpg,D,Deck,CD,Cracked,1,D/CD
C:\Users\sumit\Desktop\kavita_capstone\dataset\W\CW\7087-201.jpg,dataset/W/CW/7087-201.jpg,W,Wall,CW,Cracked,1,W/CW
C:\Users\sumit\Desktop\kavita_capstone\dataset\P\UP\071-210.jpg,dataset/P/UP/071-210.jpg,P,Pavement,UP,Uncracked,0,P/UP
C:\Users\sumit\Desktop\kavita_capstone\dataset\W\CW\7087-67.jpg,dataset/W/CW/7087-67.jpg,W,Wall,CW,Cracked,1,W/CW
C:\Users\sumit\Desktop\kavita_capstone\dataset\P\CP\032-101.jpg,dataset/P/CP/032-101.jpg,P,Pavement,CP,Cracked,1,P/CP
C:\Users\sumit\Desktop\kavita_capstone\dataset\W\UW\7133-78.jpg,dataset/W/UW/7133-78.jpg,W,Wall,UW,Uncracked,0,W/UW
C:\Users\sumit\Desktop\kavita_capstone\dataset\D\CD\7023-12.jpg,dataset/D/CD/7023-12.jpg,D,Deck,CD,Cracked,1,D/CD
C:\Users\sumit\Desktop\kavita_capstone\dataset\P\CP\030-40.jpg,dataset/P/CP/030-40.jpg,P,Pavement,CP,Cracked,1,P/CP
C:\Users\sumit\Desktop\kavita_capstone\dataset\W\UW\7079-11.jpg,dataset/W/UW/7079-11.jpg,W,Wall,UW,Uncracked,0,W/UW
C:\Users\sumit\Desktop\kavita_capstone\dataset\W\CW\7084-20.jpg,dataset/W/CW/7084-20.jpg,W,Wall,CW,Cracked,1,W/CW
C:\Users\sumit\Desktop\kavita_capstone\dataset\P\UP\023-64.jpg,dataset/P/UP/023-64.jpg,P,Pavement,UP,Uncracked,0,P/UP
C:\Users\sumit\Desktop\kavita_capstone\dataset\W\UW\7126-37.jpg,dataset/W/UW/7126-37.jpg,W,Wall,UW,Uncracked,0,W/UW
C:\Users\sumit\Desktop\kavita_capstone\dataset\W\CW\7092-129.jpg,dataset/W/CW/7092-129.jpg,W,Wall,CW,Cracked,1,W/CW
C:\Users\sumit\Desktop\kavita_capstone\dataset\D\UD\7001-170.jpg,dataset/D/UD/7001-170.jpg,D,Deck,UD,Uncracked,0,D/UD
C:\Users\sumit\Desktop\kavita_capstone\dataset\W\UW\7134-130.jpg,dataset/W/UW/7134-130.jpg,W,Wall,UW,Uncracked,0,W/UW
C:\Users\sumit\Desktop\kavita_capstone\dataset\P\CP\071-34.jpg,dataset/P/CP/071-34.jpg,P,Pavement,CP,Cracked,1,P/CP
C:\Users\sumit\Desktop\kavita_capstone\dataset\P\UP\090-232.jpg,dataset/P/UP/090-232.jpg,P,Pavement,UP,Uncracked,0,P/UP
C:\Users\sumit\Desktop\kavita_capstone\dataset\W\UW\7130-4.jpg,dataset/W/UW/7130-4.jpg,W,Wall,UW,Uncracked,0,W/UW
C:\Users\sumit\Desktop\kavita_capstone\dataset\D\CD\7028-162.jpg,dataset/D/CD/7028-162.jpg,D,Deck,CD,Cracked,1,D/CD
C:\Users\sumit\Desktop\kavita_capstone\dataset\D\UD\7014-228.jpg,dataset/D/UD/7014-228.jpg,D,Deck,UD,Uncracked,0,D/UD
C:\Users\sumit\Desktop\kavita_capstone\dataset\D\UD\7039-176.jpg,dataset/D/UD/7039-176.jpg,D,Deck,UD,Uncracked,0,D/UD
C:\Users\sumit\Desktop\kavita_capstone\dataset\W\UW\7072-38.jpg,dataset/W/UW/7072-38.jpg,W,Wall,UW,Uncracked,0,W/UW
C:\Users\sumit\Desktop\kavita_capstone\dataset\W\CW\7124-185.jpg,dataset/W/CW/7124-185.jpg,W,Wall,CW,Cracked,1,W/CW
C:\Users\sumit\Desktop\kavita_capstone\dataset\P\UP\050-146.jpg,dataset/P/UP/050-146.jpg,P,Pavement,UP,Uncracked,0,P/UP
C:\Users\sumit\Desktop\kavita_capstone\dataset\P\UP\035-165.jpg,dataset/P/UP/035-165.jpg,P,Pavement,UP,Uncracked,0,P/UP
C:\Users\sumit\Desktop\kavita_capstone\dataset\W\UW\7100-111.jpg,dataset/W/UW/7100-111.jpg,W,Wall,UW,Uncracked,0,W/UW
C:\Users\sumit\Desktop\kavita_capstone\dataset\P\UP\002-52.jpg,dataset/P/UP/002-52.jpg,P,Pavement,UP,Uncracked,0,P/UP
C:\Users\sumit\Desktop\kavita_capstone\dataset\D\UD\7025-99.jpg,dataset/D/UD/7025-99.jpg,D,Deck,UD,Uncracked,0,D/UD
C:\Users\sumit\Desktop\kavita_capstone\dataset\W\UW\7123-235.jpg,dataset/W/UW/7123-235.jpg,W,Wall,UW,Uncracked,0,W/UW
C:\Users\sumit\Desktop\kavita_capstone\dataset\P\CP\100-100.jpg,dataset/P/CP/100-100.jpg,P,Pavement,CP,Cracked,1,P/CP
C:\Users\sumit\Desktop\kavita_capstone\dataset\D\UD\7048-168.jpg,dataset/D/UD/7048-168.jpg,D,Deck,UD,Uncracked,0,D/UD
C:\Users\sumit\Desktop\kavita_capstone\dataset\W\CW\7078-40.jpg,dataset/W/CW/7078-40.jpg,W,Wall,CW,Cracked,1,W/CW
C:\Users\sumit\Desktop\kavita_capstone\dataset\P\CP\011-73.jpg,dataset/P/CP/011-73.jpg,P,Pavement,CP,Cracked,1,P/CP
C:\Users\sumit\Desktop\kavita_capstone\dataset\P\UP\047-33.jpg,dataset/P/UP/047-33.jpg,P,Pavement,UP,Uncracked,0,P/UP
C:\Users\sumit\Desktop\kavita_capstone\dataset\D\CD\7026-184.jpg,dataset/D/CD/7026-184.jpg,D,Deck,CD,Cracked,1,D/CD
C:\Users\sumit\Desktop\kavita_capstone\dataset\W\CW\7089-162.jpg,dataset/W/CW/7089-162.jpg,W,Wall,CW,Cracked,1,W/CW
C:\Users\sumit\Desktop\kavita_capstone\dataset\W\CW\7092-230.jpg,dataset/W/CW/7092-230.jpg,W,Wall,CW,Cracked,1,W/CW
C:\Users\sumit\Desktop\kavita_capstone\dataset\D\CD\7021-45.jpg,dataset/D/CD/7021-45.jpg,D,Deck,CD,Cracked,1,D/CD
C:\Users\sumit\Desktop\kavita_capstone\dataset\D\CD\7022-222.jpg,dataset/D/CD/7022-222.jpg,D,Deck,CD,Cracked,1,D/CD
C:\Users\sumit\Desktop\kavita_capstone\dataset\D\CD\7029-192.jpg,dataset/D/CD/7029-192.jpg,D,Deck,CD,Cracked,1,D/CD
C:\Users\sumit\Desktop\kavita_capstone\dataset\P\CP\057-87.jpg,dataset/P/CP/057-87.jpg,P,Pavement,CP,Cracked,1,P/CP
C:\Users\sumit\Desktop\kavita_capstone\dataset\P\UP\053-90.jpg,dataset/P/UP/053-90.jpg,P,Pavement,UP,Uncracked,0,P/UP
C:\Users\sumit\Desktop\kavita_capstone\dataset\D\CD\7026-69.jpg,dataset/D/CD/7026-69.jpg,D,Deck,CD,Cracked,1,D/CD
C:\Users\sumit\Desktop\kavita_capstone\dataset\W\UW\7106-34.jpg,dataset/W/UW/7106-34.jpg,W,Wall,UW,Uncracked,0,W/UW
C:\Users\sumit\Desktop\kavita_capstone\dataset\D\CD\7011-125.jpg,dataset/D/CD/7011-125.jpg,D,Deck,CD,Cracked,1,D/CD
C:\Users\sumit\Desktop\kavita_capstone\dataset\P\UP\077-53.jpg,dataset/P/UP/077-53.jpg,P,Pavement,UP,Uncracked,0,P/UP
C:\Users\sumit\Desktop\kavita_capstone\dataset\D\CD\7009-238.jpg,dataset/D/CD/7009-238.jpg,D,Deck,CD,Cracked,1,D/CD
C:\Users\sumit\Desktop\kavita_capstone\dataset\D\CD\7010-245.jpg,dataset/D/CD/7010-245.jpg,D,Deck,CD,Cracked,1,D/CD
C:\Users\sumit\Desktop\kavita_capstone\dataset\P\UP\003-119.jpg,dataset/P/UP/003-119.jpg,P,Pavement,UP,Uncracked,0,P/UP
C:\Users\sumit\Desktop\kavita_capstone\dataset\P\CP\001-114.jpg,dataset/P/CP/001-114.jpg,P,Pavement,CP,Cracked,1,P/CP
C:\Users\sumit\Desktop\kavita_capstone\dataset\P\UP\023-167.jpg,dataset/P/UP/023-167.jpg,P,Pavement,UP,Uncracked,0,P/UP
C:\Users\sumit\Desktop\kavita_capstone\dataset\D\UD\7027-239.jpg,dataset/D/UD/7027-239.jpg,D,Deck,UD,Uncracked,0,D/UD
C:\Users\sumit\Desktop\kavita_capstone\dataset\P\CP\048-115.jpg,dataset/P/CP/048-115.jpg,P,Pavement,CP,Cracked,1,P/CP
C:\Users\sumit\Desktop\kavita_capstone\dataset\W\UW\7102-55.jpg,dataset/W/UW/7102-55.jpg,W,Wall,UW,Uncracked,0,W/UW
C:\Users\sumit\Desktop\kavita_capstone\dataset\P\UP\051-138.jpg,dataset/P/UP/051-138.jpg,P,Pavement,UP,Uncracked,0,P/UP
C:\Users\sumit\Desktop\kavita_capstone\dataset\D\CD\7011-222.jpg,dataset/D/CD/7011-222.jpg,D,Deck,CD,Cracked,1,D/CD
C:\Users\sumit\Desktop\kavita_capstone\dataset\P\UP\032-174.jpg,dataset/P/UP/032-174.jpg,P,Pavement,UP,Uncracked,0,P/UP
C:\Users\sumit\Desktop\kavita_capstone\dataset\D\UD\7031-224.jpg,dataset/D/UD/7031-224.jpg,D,Deck,UD,Uncracked,0,D/UD
C:\Users\sumit\Desktop\kavita_capstone\dataset\D\UD\7052-81.jpg,dataset/D/UD/7052-81.jpg,D,Deck,UD,Uncracked,0,D/UD
C:\Users\sumit\Desktop\kavita_capstone\dataset\W\CW\7072-188.jpg,dataset/W/CW/7072-188.jpg,W,Wall,CW,Cracked,1,W/CW
C:\Users\sumit\Desktop\kavita_capstone\dataset\D\CD\7039-159.jpg,dataset/D/CD/7039-159.jpg,D,Deck,CD,Cracked,1,D/CD
C:\Users\sumit\Desktop\kavita_capstone\dataset\D\CD\7015-41.jpg,dataset/D/CD/7015-41.jpg,D,Deck,CD,Cracked,1,D/CD
C:\Users\sumit\Desktop\kavita_capstone\dataset\P\CP\022-96.jpg,dataset/P/CP/022-96.jpg,P,Pavement,CP,Cracked,1,P/CP
C:\Users\sumit\Desktop\kavita_capstone\dataset\P\CP\103-162.jpg,dataset/P/CP/103-162.jpg,P,Pavement,CP,Cracked,1,P/CP
C:\Users\sumit\Desktop\kavita_capstone\dataset\P\CP\026-102.jpg,dataset/P/CP/026-102.jpg,P,Pavement,CP,Cracked,1,P/CP
C:\Users\sumit\Desktop\kavita_capstone\dataset\W\CW\7085-5.jpg,dataset/W/CW/7085-5.jpg,W,Wall,CW,Cracked,1,W/CW
C:\Users\sumit\Desktop\kavita_capstone\dataset\P\UP\066-1.jpg,dataset/P/UP/066-1.jpg,P,Pavement,UP,Uncracked,0,P/UP
C:\Users\sumit\Desktop\kavita_capstone\dataset\W\CW\7069-35.jpg,dataset/W/CW/7069-35.jpg,W,Wall,CW,Cracked,1,W/CW
C:\Users\sumit\Desktop\kavita_capstone\dataset\P\CP\094-106.jpg,dataset/P/CP/094-106.jpg,P,Pavement,CP,Cracked,1,P/CP
C:\Users\sumit\Desktop\kavita_capstone\dataset\P\UP\036-157.jpg,dataset/P/UP/036-157.jpg,P,Pavement,UP,Uncracked,0,P/UP
C:\Users\sumit\Desktop\kavita_capstone\dataset\P\UP\002-166.jpg,dataset/P/UP/002-166.jpg,P,Pavement,UP,Uncracked,0,P/UP
C:\Users\sumit\Desktop\kavita_capstone\dataset\D\CD\7016-65.jpg,dataset/D/CD/7016-65.jpg,D,Deck,CD,Cracked,1,D/CD
C:\Users\sumit\Desktop\kavita_capstone\dataset\W\UW\7087-80.jpg,dataset/W/UW/7087-80.jpg,W,Wall,UW,Uncracked,0,W/UW
C:\Users\sumit\Desktop\kavita_capstone\dataset\W\UW\7085-143.jpg,dataset/W/UW/7085-143.jpg,W,Wall,UW,Uncracked,0,W/UW
C:\Users\sumit\Desktop\kavita_capstone\dataset\D\UD\7028-193.jpg,dataset/D/UD/7028-193.jpg,D,Deck,UD,Uncracked,0,D/UD
C:\Users\sumit\Desktop\kavita_capstone\dataset\P\UP\035-184.jpg,dataset/P/UP/035-184.jpg,P,Pavement,UP,Uncracked,0,P/UP
C:\Users\sumit\Desktop\kavita_capstone\dataset\W\UW\7123-78.jpg,dataset/W/UW/7123-78.jpg,W,Wall,UW,Uncracked,0,W/UW
C:\Users\sumit\Desktop\kavita_capstone\dataset\P\CP\006-27.jpg,dataset/P/CP/006-27.jpg,P,Pavement,CP,Cracked,1,P/CP
C:\Users\sumit\Desktop\kavita_capstone\dataset\W\UW\7140-75.jpg,dataset/W/UW/7140-75.jpg,W,Wall,UW,Uncracked,0,W/UW
C:\Users\sumit\Desktop\kavita_capstone\dataset\P\CP\042-59.jpg,dataset/P/CP/042-59.jpg,P,Pavement,CP,Cracked,1,P/CP
C:\Users\sumit\Desktop\kavita_capstone\dataset\P\CP\092-73.jpg,dataset/P/CP/092-73.jpg,P,Pavement,CP,Cracked,1,P/CP
C:\Users\sumit\Desktop\kavita_capstone\dataset\W\CW\7111-244.jpg,dataset/W/CW/7111-244.jpg,W,Wall,CW,Cracked,1,W/CW
C:\Users\sumit\Desktop\kavita_capstone\dataset\D\UD\7024-101.jpg,dataset/D/UD/7024-101.jpg,D,Deck,UD,Uncracked,0,D/UD
C:\Users\sumit\Desktop\kavita_capstone\dataset\D\UD\7035-5.jpg,dataset/D/UD/7035-5.jpg,D,Deck,UD,Uncracked,0,D/UD
C:\Users\sumit\Desktop\kavita_capstone\dataset\W\UW\7095-23.jpg,dataset/W/UW/7095-23.jpg,W,Wall,UW,Uncracked,0,W/UW
C:\Users\sumit\Desktop\kavita_capstone\dataset\P\UP\071-157.jpg,dataset/P/UP/071-157.jpg,P,Pavement,UP,Uncracked,0,P/UP
C:\Users\sumit\Desktop\kavita_capstone\dataset\D\CD\7017-118.jpg,dataset/D/CD/7017-118.jpg,D,Deck,CD,Cracked,1,D/CD
C:\Users\sumit\Desktop\kavita_capstone\dataset\W\CW\7090-224.jpg,dataset/W/CW/7090-224.jpg,W,Wall,CW,Cracked,1,W/CW
C:\Users\sumit\Desktop\kavita_capstone\dataset\W\UW\7114-219.jpg,dataset/W/UW/7114-219.jpg,W,Wall,UW,Uncracked,0,W/UW
C:\Users\sumit\Desktop\kavita_capstone\dataset\D\CD\7021-217.jpg,dataset/D/CD/7021-217.jpg,D,Deck,CD,Cracked,1,D/CD
C:\Users\sumit\Desktop\kavita_capstone\dataset\P\UP\069-103.jpg,dataset/P/UP/069-103.jpg,P,Pavement,UP,Uncracked,0,P/UP
C:\Users\sumit\Desktop\kavita_capstone\dataset\D\UD\7049-42.jpg,dataset/D/UD/7049-42.jpg,D,Deck,UD,Uncracked,0,D/UD
C:\Users\sumit\Desktop\kavita_capstone\dataset\P\UP\075-162.jpg,dataset/P/UP/075-162.jpg,P,Pavement,UP,Uncracked,0,P/UP
C:\Users\sumit\Desktop\kavita_capstone\dataset\W\UW\7133-192.jpg,dataset/W/UW/7133-192.jpg,W,Wall,UW,Uncracked,0,W/UW
C:\Users\sumit\Desktop\kavita_capstone\dataset\P\UP\044-158.jpg,dataset/P/UP/044-158.jpg,P,Pavement,UP,Uncracked,0,P/UP
C:\Users\sumit\Desktop\kavita_capstone\dataset\W\CW\7087-16.jpg,dataset/W/CW/7087-16.jpg,W,Wall,CW,Cracked,1,W/CW
C:\Users\sumit\Desktop\kavita_capstone\dataset\P\CP\071-102.jpg,dataset/P/CP/071-102.jpg,P,Pavement,CP,Cracked,1,P/CP
C:\Users\sumit\Desktop\kavita_capstone\dataset\P\CP\083-95.jpg,dataset/P/CP/083-95.jpg,P,Pavement,CP,Cracked,1,P/CP
C:\Users\sumit\Desktop\kavita_capstone\dataset\P\UP\103-48.jpg,dataset/P/UP/103-48.jpg,P,Pavement,UP,Uncracked,0,P/UP
C:\Users\sumit\Desktop\kavita_capstone\dataset\D\UD\7026-212.jpg,dataset/D/UD/7026-212.jpg,D,Deck,UD,Uncracked,0,D/UD
C:\Users\sumit\Desktop\kavita_capstone\dataset\W\UW\7094-73.jpg,dataset/W/UW/7094-73.jpg,W,Wall,UW,Uncracked,0,W/UW
C:\Users\sumit\Desktop\kavita_capstone\dataset\P\UP\084-37.jpg,dataset/P/UP/084-37.jpg,P,Pavement,UP,Uncracked,0,P/UP
C:\Users\sumit\Desktop\kavita_capstone\dataset\W\UW\7119-34.jpg,dataset/W/UW/7119-34.jpg,W,Wall,UW,Uncracked,0,W/UW
C:\Users\sumit\Desktop\kavita_capstone\dataset\W\CW\7115-225.jpg,dataset/W/CW/7115-225.jpg,W,Wall,CW,Cracked,1,W/CW
C:\Users\sumit\Desktop\kavita_capstone\dataset\W\UW\7105-51.jpg,dataset/W/UW/7105-51.jpg,W,Wall,UW,Uncracked,0,W/UW
C:\Users\sumit\Desktop\kavita_capstone\dataset\W\UW\7117-115.jpg,dataset/W/UW/7117-115.jpg,W,Wall,UW,Uncracked,0,W/UW
C:\Users\sumit\Desktop\kavita_capstone\dataset\D\CD\7040-54.jpg,dataset/D/CD/7040-54.jpg,D,Deck,CD,Cracked,1,D/CD
C:\Users\sumit\Desktop\kavita_capstone\dataset\P\CP\041-98.jpg,dataset/P/CP/041-98.jpg,P,Pavement,CP,Cracked,1,P/CP
C:\Users\sumit\Desktop\kavita_capstone\dataset\D\CD\7036-8.jpg,dataset/D/CD/7036-8.jpg,D,Deck,CD,Cracked,1,D/CD
C:\Users\sumit\Desktop\kavita_capstone\dataset\P\CP\101-210.jpg,dataset/P/CP/101-210.jpg,P,Pavement,CP,Cracked,1,P/CP
C:\Users\sumit\Desktop\kavita_capstone\dataset\D\UD\7017-110.jpg,dataset/D/UD/7017-110.jpg,D,Deck,UD,Uncracked,0,D/UD
C:\Users\sumit\Desktop\kavita_capstone\dataset\W\UW\7132-250.jpg,dataset/W/UW/7132-250.jpg,W,Wall,UW,Uncracked,0,W/UW
C:\Users\sumit\Desktop\kavita_capstone\dataset\D\CD\7001-157.jpg,dataset/D/CD/7001-157.jpg,D,Deck,CD,Cracked,1,D/CD
C:\Users\sumit\Desktop\kavita_capstone\dataset\D\CD\7048-92.jpg,dataset/D/CD/7048-92.jpg,D,Deck,CD,Cracked,1,D/CD
C:\Users\sumit\Desktop\kavita_capstone\dataset\W\CW\7081-2.jpg,dataset/W/CW/7081-2.jpg,W,Wall,CW,Cracked,1,W/CW
C:\Users\sumit\Desktop\kavita_capstone\dataset\D\CD\7023-37.jpg,dataset/D/CD/7023-37.jpg,D,Deck,CD,Cracked,1,D/CD
C:\Users\sumit\Desktop\kavita_capstone\dataset\D\CD\7002-48.jpg,dataset/D/CD/7002-48.jpg,D,Deck,CD,Cracked,1,D/CD
C:\Users\sumit\Desktop\kavita_capstone\dataset\P\CP\095-47.jpg,dataset/P/CP/095-47.jpg,P,Pavement,CP,Cracked,1,P/CP
C:\Users\sumit\Desktop\kavita_capstone\dataset\P\CP\060-81.jpg,dataset/P/CP/060-81.jpg,P,Pavement,CP,Cracked,1,P/CP
C:\Users\sumit\Desktop\kavita_capstone\dataset\P\CP\057-130.jpg,dataset/P/CP/057-130.jpg,P,Pavement,CP,Cracked,1,P/CP
C:\Users\sumit\Desktop\kavita_capstone\dataset\P\UP\019-93.jpg,dataset/P/UP/019-93.jpg,P,Pavement,UP,Uncracked,0,P/UP
C:\Users\sumit\Desktop\kavita_capstone\dataset\W\CW\7093-44.jpg,dataset/W/CW/7093-44.jpg,W,Wall,CW,Cracked,1,W/CW
C:\Users\sumit\Desktop\kavita_capstone\dataset\W\UW\7129-231.jpg,dataset/W/UW/7129-231.jpg,W,Wall,UW,Uncracked,0,W/UW
C:\Users\sumit\Desktop\kavita_capstone\dataset\D\CD\7049-133.jpg,dataset/D/CD/7049-133.jpg,D,Deck,CD,Cracked,1,D/CD
C:\Users\sumit\Desktop\kavita_capstone\dataset\D\CD\7053-112.jpg,dataset/D/CD/7053-112.jpg,D,Deck,CD,Cracked,1,D/CD
C:\Users\sumit\Desktop\kavita_capstone\dataset\W\UW\7112-127.jpg,dataset/W/UW/7112-127.jpg,W,Wall,UW,Uncracked,0,W/UW
C:\Users\sumit\Desktop\kavita_capstone\dataset\P\UP\095-38.jpg,dataset/P/UP/095-38.jpg,P,Pavement,UP,Uncracked,0,P/UP
C:\Users\sumit\Desktop\kavita_capstone\dataset\W\UW\7133-183.jpg,dataset/W/UW/7133-183.jpg,W,Wall,UW,Uncracked,0,W/UW
C:\Users\sumit\Desktop\kavita_capstone\dataset\D\CD\7034-10.jpg,dataset/D/CD/7034-10.jpg,D,Deck,CD,Cracked,1,D/CD
C:\Users\sumit\Desktop\kavita_capstone\dataset\D\UD\7054-27.jpg,dataset/D/UD/7054-27.jpg,D,Deck,UD,Uncracked,0,D/UD
C:\Users\sumit\Desktop\kavita_capstone\dataset\D\UD\7051-232.jpg,dataset/D/UD/7051-232.jpg,D,Deck,UD,Uncracked,0,D/UD
C:\Users\sumit\Desktop\kavita_capstone\dataset\D\CD\7051-49.jpg,dataset/D/CD/7051-49.jpg,D,Deck,CD,Cracked,1,D/CD
C:\Users\sumit\Desktop\kavita_capstone\dataset\P\CP\043-68.jpg,dataset/P/CP/043-68.jpg,P,Pavement,CP,Cracked,1,P/CP
C:\Users\sumit\Desktop\kavita_capstone\dataset\P\UP\090-161.jpg,dataset/P/UP/090-161.jpg,P,Pavement,UP,Uncracked,0,P/UP
C:\Users\sumit\Desktop\kavita_capstone\dataset\W\CW\7089-43.jpg,dataset/W/CW/7089-43.jpg,W,Wall,CW,Cracked,1,W/CW
C:\Users\sumit\Desktop\kavita_capstone\dataset\D\UD\7017-146.jpg,dataset/D/UD/7017-146.jpg,D,Deck,UD,Uncracked,0,D/UD
C:\Users\sumit\Desktop\kavita_capstone\dataset\W\CW\7089-158.jpg,dataset/W/CW/7089-158.jpg,W,Wall,CW,Cracked,1,W/CW
C:\Users\sumit\Desktop\kavita_capstone\dataset\D\UD\7014-217.jpg,dataset/D/UD/7014-217.jpg,D,Deck,UD,Uncracked,0,D/UD
C:\Users\sumit\Desktop\kavita_capstone\dataset\W\UW\7079-24.jpg,dataset/W/UW/7079-24.jpg,W,Wall,UW,Uncracked,0,W/UW
C:\Users\sumit\Desktop\kavita_capstone\dataset\W\UW\7082-1.jpg,dataset/W/UW/7082-1.jpg,W,Wall,UW,Uncracked,0,W/UW
C:\Users\sumit\Desktop\kavita_capstone\dataset\W\CW\7122-167.jpg,dataset/W/CW/7122-167.jpg,W,Wall,CW,Cracked,1,W/CW
C:\Users\sumit\Desktop\kavita_capstone\dataset\P\UP\004-12.jpg,dataset/P/UP/004-12.jpg,P,Pavement,UP,Uncracked,0,P/UP
C:\Users\sumit\Desktop\kavita_capstone\dataset\P\CP\023-119.jpg,dataset/P/CP/023-119.jpg,P,Pavement,CP,Cracked,1,P/CP
C:\Users\sumit\Desktop\kavita_capstone\dataset\W\UW\7121-108.jpg,dataset/W/UW/7121-108.jpg,W,Wall,UW,Uncracked,0,W/UW
C:\Users\sumit\Desktop\kavita_capstone\dataset\P\CP\091-80.jpg,dataset/P/CP/091-80.jpg,P,Pavement,CP,Cracked,1,P/CP
C:\Users\sumit\Desktop\kavita_capstone\dataset\D\UD\7051-157.jpg,dataset/D/UD/7051-157.jpg,D,Deck,UD,Uncracked,0,D/UD
C:\Users\sumit\Desktop\kavita_capstone\dataset\D\UD\7030-207.jpg,dataset/D/UD/7030-207.jpg,D,Deck,UD,Uncracked,0,D/UD
C:\Users\sumit\Desktop\kavita_capstone\dataset\P\UP\024-123.jpg,dataset/P/UP/024-123.jpg,P,Pavement,UP,Uncracked,0,P/UP
C:\Users\sumit\Desktop\kavita_capstone\dataset\D\CD\7011-59.jpg,dataset/D/CD/7011-59.jpg,D,Deck,CD,Cracked,1,D/CD
C:\Users\sumit\Desktop\kavita_capstone\dataset\P\CP\069-64.jpg,dataset/P/CP/069-64.jpg,P,Pavement,CP,Cracked,1,P/CP
C:\Users\sumit\Desktop\kavita_capstone\dataset\D\UD\7032-121.jpg,dataset/D/UD/7032-121.jpg,D,Deck,UD,Uncracked,0,D/UD
C:\Users\sumit\Desktop\kavita_capstone\dataset\D\UD\7054-114.jpg,dataset/D/UD/7054-114.jpg,D,Deck,UD,Uncracked,0,D/UD
C:\Users\sumit\Desktop\kavita_capstone\dataset\W\CW\7074-84.jpg,dataset/W/CW/7074-84.jpg,W,Wall,CW,Cracked,1,W/CW
C:\Users\sumit\Desktop\kavita_capstone\dataset\W\CW\7092-181.jpg,dataset/W/CW/7092-181.jpg,W,Wall,CW,Cracked,1,W/CW
C:\Users\sumit\Desktop\kavita_capstone\dataset\W\UW\7079-183.jpg,dataset/W/UW/7079-183.jpg,W,Wall,UW,Uncracked,0,W/UW
C:\Users\sumit\Desktop\kavita_capstone\dataset\D\UD\7029-134.jpg,dataset/D/UD/7029-134.jpg,D,Deck,UD,Uncracked,0,D/UD
C:\Users\sumit\Desktop\kavita_capstone\dataset\P\CP\007-95.jpg,dataset/P/CP/007-95.jpg,P,Pavement,CP,Cracked,1,P/CP
C:\Users\sumit\Desktop\kavita_capstone\dataset\P\CP\017-91.jpg,dataset/P/CP/017-91.jpg,P,Pavement,CP,Cracked,1,P/CP
C:\Users\sumit\Desktop\kavita_capstone\dataset\D\CD\7047-186.jpg,dataset/D/CD/7047-186.jpg,D,Deck,CD,Cracked,1,D/CD
C:\Users\sumit\Desktop\kavita_capstone\dataset\D\CD\7002-152.jpg,dataset/D/CD/7002-152.jpg,D,Deck,CD,Cracked,1,D/CD
C:\Users\sumit\Desktop\kavita_capstone\dataset\P\CP\012-101.jpg,dataset/P/CP/012-101.jpg,P,Pavement,CP,Cracked,1,P/CP
C:\Users\sumit\Desktop\kavita_capstone\dataset\P\UP\031-218.jpg,dataset/P/UP/031-218.jpg,P,Pavement,UP,Uncracked,0,P/UP
C:\Users\sumit\Desktop\kavita_capstone\dataset\W\CW\7087-44.jpg,dataset/W/CW/7087-44.jpg,W,Wall,CW,Cracked,1,W/CW
C:\Users\sumit\Desktop\kavita_capstone\dataset\D\UD\7050-101.jpg,dataset/D/UD/7050-101.jpg,D,Deck,UD,Uncracked,0,D/UD
C:\Users\sumit\Desktop\kavita_capstone\dataset\W\CW\7088-98.jpg,dataset/W/CW/7088-98.jpg,W,Wall,CW,Cracked,1,W/CW
C:\Users\sumit\Desktop\kavita_capstone\dataset\W\CW\7087-247.jpg,dataset/W/CW/7087-247.jpg,W,Wall,CW,Cracked,1,W/CW
C:\Users\sumit\Desktop\kavita_capstone\dataset\P\UP\033-25.jpg,dataset/P/UP/033-25.jpg,P,Pavement,UP,Uncracked,0,P/UP
C:\Users\sumit\Desktop\kavita_capstone\dataset\P\CP\082-128.jpg,dataset/P/CP/082-128.jpg,P,Pavement,CP,Cracked,1,P/CP
C:\Users\sumit\Desktop\kavita_capstone\dataset\D\CD\7021-242.jpg,dataset/D/CD/7021-242.jpg,D,Deck,CD,Cracked,1,D/CD
C:\Users\sumit\Desktop\kavita_capstone\dataset\D\UD\7017-126.jpg,dataset/D/UD/7017-126.jpg,D,Deck,UD,Uncracked,0,D/UD
C:\Users\sumit\Desktop\kavita_capstone\dataset\D\CD\7025-29.jpg,dataset/D/CD/7025-29.jpg,D,Deck,CD,Cracked,1,D/CD
C:\Users\sumit\Desktop\kavita_capstone\dataset\W\UW\7095-152.jpg,dataset/W/UW/7095-152.jpg,W,Wall,UW,Uncracked,0,W/UW
C:\Users\sumit\Desktop\kavita_capstone\dataset\P\CP\087-63.jpg,dataset/P/CP/087-63.jpg,P,Pavement,CP,Cracked,1,P/CP
C:\Users\sumit\Desktop\kavita_capstone\dataset\P\UP\100-2.jpg,dataset/P/UP/100-2.jpg,P,Pavement,UP,Uncracked,0,P/UP
C:\Users\sumit\Desktop\kavita_capstone\dataset\D\CD\7028-204.jpg,dataset/D/CD/7028-204.jpg,D,Deck,CD,Cracked,1,D/CD
C:\Users\sumit\Desktop\kavita_capstone\dataset\P\UP\041-73.jpg,dataset/P/UP/041-73.jpg,P,Pavement,UP,Uncracked,0,P/UP
C:\Users\sumit\Desktop\kavita_capstone\dataset\D\UD\7009-14.jpg,dataset/D/UD/7009-14.jpg,D,Deck,UD,Uncracked,0,D/UD
C:\Users\sumit\Desktop\kavita_capstone\dataset\D\CD\7039-111_2.jpg,dataset/D/CD/7039-111_2.jpg,D,Deck,CD,Cracked,1,D/CD
C:\Users\sumit\Desktop\kavita_capstone\dataset\P\UP\065-22.jpg,dataset/P/UP/065-22.jpg,P,Pavement,UP,Uncracked,0,P/UP
C:\Users\sumit\Desktop\kavita_capstone\dataset\W\UW\7117-29.jpg,dataset/W/UW/7117-29.jpg,W,Wall,UW,Uncracked,0,W/UW
C:\Users\sumit\Desktop\kavita_capstone\dataset\P\CP\017-108.jpg,dataset/P/CP/017-108.jpg,P,Pavement,CP,Cracked,1,P/CP
C:\Users\sumit\Desktop\kavita_capstone\dataset\D\UD\7052-109.jpg,dataset/D/UD/7052-109.jpg,D,Deck,UD,Uncracked,0,D/UD
C:\Users\sumit\Desktop\kavita_capstone\dataset\P\UP\089-182.jpg,dataset/P/UP/089-182.jpg,P,Pavement,UP,Uncracked,0,P/UP
C:\Users\sumit\Desktop\kavita_capstone\dataset\P\UP\015-207.jpg,dataset/P/UP/015-207.jpg,P,Pavement,UP,Uncracked,0,P/UP
C:\Users\sumit\Desktop\kavita_capstone\dataset\P\CP\101-135.jpg,dataset/P/CP/101-135.jpg,P,Pavement,CP,Cracked,1,P/CP
C:\Users\sumit\Desktop\kavita_capstone\dataset\P\UP\023-15.jpg,dataset/P/UP/023-15.jpg,P,Pavement,UP,Uncracked,0,P/UP
C:\Users\sumit\Desktop\kavita_capstone\dataset\D\UD\7036-209.jpg,dataset/D/UD/7036-209.jpg,D,Deck,UD,Uncracked,0,D/UD
C:\Users\sumit\Desktop\kavita_capstone\dataset\P\UP\080-170.jpg,dataset/P/UP/080-170.jpg,P,Pavement,UP,Uncracked,0,P/UP
C:\Users\sumit\Desktop\kavita_capstone\dataset\D\CD\7029-94.jpg,dataset/D/CD/7029-94.jpg,D,Deck,CD,Cracked,1,D/CD
C:\Users\sumit\Desktop\kavita_capstone\dataset\W\CW\7125-97.jpg,dataset/W/CW/7125-97.jpg,W,Wall,CW,Cracked,1,W/CW
C:\Users\sumit\Desktop\kavita_capstone\dataset\D\UD\7002-20.jpg,dataset/D/UD/7002-20.jpg,D,Deck,UD,Uncracked,0,D/UD
C:\Users\sumit\Desktop\kavita_capstone\dataset\P\CP\066-96.jpg,dataset/P/CP/066-96.jpg,P,Pavement,CP,Cracked,1,P/CP
C:\Users\sumit\Desktop\kavita_capstone\dataset\D\UD\7003-99.jpg,dataset/D/UD/7003-99.jpg,D,Deck,UD,Uncracked,0,D/UD
C:\Users\sumit\Desktop\kavita_capstone\dataset\D\CD\7021-132.jpg,dataset/D/CD/7021-132.jpg,D,Deck,CD,Cracked,1,D/CD
C:\Users\sumit\Desktop\kavita_capstone\dataset\D\CD\7041-119.jpg,dataset/D/CD/7041-119.jpg,D,Deck,CD,Cracked,1,D/CD
C:\Users\sumit\Desktop\kavita_capstone\dataset\P\UP\050-177.jpg,dataset/P/UP/050-177.jpg,P,Pavement,UP,Uncracked,0,P/UP
C:\Users\sumit\Desktop\kavita_capstone\dataset\W\UW\7095-104.jpg,dataset/W/UW/7095-104.jpg,W,Wall,UW,Uncracked,0,W/UW
C:\Users\sumit\Desktop\kavita_capstone\dataset\D\CD\7041-150.jpg,dataset/D/CD/7041-150.jpg,D,Deck,CD,Cracked,1,D/CD
C:\Users\sumit\Desktop\kavita_capstone\dataset\P\CP\038-77.jpg,dataset/P/CP/038-77.jpg,P,Pavement,CP,Cracked,1,P/CP
C:\Users\sumit\Desktop\kavita_capstone\dataset\W\CW\7109-193.jpg,dataset/W/CW/7109-193.jpg,W,Wall,CW,Cracked,1,W/CW
C:\Users\sumit\Desktop\kavita_capstone\dataset\D\UD\7046-216.jpg,dataset/D/UD/7046-216.jpg,D,Deck,UD,Uncracked,0,D/UD
C:\Users\sumit\Desktop\kavita_capstone\dataset\W\UW\7122-25.jpg,dataset/W/UW/7122-25.jpg,W,Wall,UW,Uncracked,0,W/UW
C:\Users\sumit\Desktop\kavita_capstone\dataset\P\CP\022-76.jpg,dataset/P/CP/022-76.jpg,P,Pavement,CP,Cracked,1,P/CP
C:\Users\sumit\Desktop\kavita_capstone\dataset\W\UW\7130-248.jpg,dataset/W/UW/7130-248.jpg,W,Wall,UW,Uncracked,0,W/UW
C:\Users\sumit\Desktop\kavita_capstone\dataset\W\CW\7113-134.jpg,dataset/W/CW/7113-134.jpg,W,Wall,CW,Cracked,1,W/CW
C:\Users\sumit\Desktop\kavita_capstone\dataset\D\UD\7045-213.jpg,dataset/D/UD/7045-213.jpg,D,Deck,UD,Uncracked,0,D/UD
C:\Users\sumit\Desktop\kavita_capstone\dataset\P\CP\091-95.jpg,dataset/P/CP/091-95.jpg,P,Pavement,CP,Cracked,1,P/CP
C:\Users\sumit\Desktop\kavita_capstone\dataset\P\CP\020-117.jpg,dataset/P/CP/020-117.jpg,P,Pavement,CP,Cracked,1,P/CP
C:\Users\sumit\Desktop\kavita_capstone\dataset\W\CW\7124-186.jpg,dataset/W/CW/7124-186.jpg,W,Wall,CW,Cracked,1,W/CW
C:\Users\sumit\Desktop\kavita_capstone\dataset\D\CD\7019-168.jpg,dataset/D/CD/7019-168.jpg,D,Deck,CD,Cracked,1,D/CD
C:\Users\sumit\Desktop\kavita_capstone\dataset\W\UW\7097-168.jpg,dataset/W/UW/7097-168.jpg,W,Wall,UW,Uncracked,0,W/UW
C:\Users\sumit\Desktop\kavita_capstone\dataset\W\CW\7097-169.jpg,dataset/W/CW/7097-169.jpg,W,Wall,CW,Cracked,1,W/CW
C:\Users\sumit\Desktop\kavita_capstone\dataset\W\CW\7090-110.jpg,dataset/W/CW/7090-110.jpg,W,Wall,CW,Cracked,1,W/CW
C:\Users\sumit\Desktop\kavita_capstone\dataset\P\UP\025-14.jpg,dataset/P/UP/025-14.jpg,P,Pavement,UP,Uncracked,0,P/UP
C:\Users\sumit\Desktop\kavita_capstone\dataset\W\CW\7089-106.jpg,dataset/W/CW/7089-106.jpg,W,Wall,CW,Cracked,1,W/CW
C:\Users\sumit\Desktop\kavita_capstone\dataset\W\CW\7069-214.jpg,dataset/W/CW/7069-214.jpg,W,Wall,CW,Cracked,1,W/CW
C:\Users\sumit\Desktop\kavita_capstone\dataset\D\CD\7018-72.jpg,dataset/D/CD/7018-72.jpg,D,Deck,CD,Cracked,1,D/CD
C:\Users\sumit\Desktop\kavita_capstone\dataset\D\UD\7034-68.jpg,dataset/D/UD/7034-68.jpg,D,Deck,UD,Uncracked,0,D/UD
C:\Users\sumit\Desktop\kavita_capstone\dataset\P\CP\077-103.jpg,dataset/P/CP/077-103.jpg,P,Pavement,CP,Cracked,1,P/CP
C:\Users\sumit\Desktop\kavita_capstone\dataset\P\UP\103-156.jpg,dataset/P/UP/103-156.jpg,P,Pavement,UP,Uncracked,0,P/UP
C:\Users\sumit\Desktop\kavita_capstone\dataset\P\CP\087-29.jpg,dataset/P/CP/087-29.jpg,P,Pavement,CP,Cracked,1,P/CP
C:\Users\sumit\Desktop\kavita_capstone\dataset\W\CW\7090-47.jpg,dataset/W/CW/7090-47.jpg,W,Wall,CW,Cracked,1,W/CW
C:\Users\sumit\Desktop\kavita_capstone\dataset\P\UP\078-32.jpg,dataset/P/UP/078-32.jpg,P,Pavement,UP,Uncracked,0,P/UP
C:\Users\sumit\Desktop\kavita_capstone\dataset\W\UW\7115-230.jpg,dataset/W/UW/7115-230.jpg,W,Wall,UW,Uncracked,0,W/UW
C:\Users\sumit\Desktop\kavita_capstone\dataset\P\CP\037-56.jpg,dataset/P/CP/037-56.jpg,P,Pavement,CP,Cracked,1,P/CP
C:\Users\sumit\Desktop\kavita_capstone\dataset\P\UP\007-52.jpg,dataset/P/UP/007-52.jpg,P,Pavement,UP,Uncracked,0,P/UP
C:\Users\sumit\Desktop\kavita_capstone\dataset\D\UD\7013-139.jpg,dataset/D/UD/7013-139.jpg,D,Deck,UD,Uncracked,0,D/UD
C:\Users\sumit\Desktop\kavita_capstone\dataset\W\CW\7070-46.jpg,dataset/W/CW/7070-46.jpg,W,Wall,CW,Cracked,1,W/CW
C:\Users\sumit\Desktop\kavita_capstone\dataset\P\UP\007-20.jpg,dataset/P/UP/007-20.jpg,P,Pavement,UP,Uncracked,0,P/UP
C:\Users\sumit\Desktop\kavita_capstone\dataset\P\UP\101-35.jpg,dataset/P/UP/101-35.jpg,P,Pavement,UP,Uncracked,0,P/UP
C:\Users\sumit\Desktop\kavita_capstone\dataset\D\CD\7001-208.jpg,dataset/D/CD/7001-208.jpg,D,Deck,CD,Cracked,1,D/CD
C:\Users\sumit\Desktop\kavita_capstone\dataset\W\UW\7070-50.jpg,dataset/W/UW/7070-50.jpg,W,Wall,UW,Uncracked,0,W/UW
C:\Users\sumit\Desktop\kavita_capstone\dataset\P\UP\069-160.jpg,dataset/P/UP/069-160.jpg,P,Pavement,UP,Uncracked,0,P/UP
C:\Users\sumit\Desktop\kavita_capstone\dataset\P\UP\007-141.jpg,dataset/P/UP/007-141.jpg,P,Pavement,UP,Uncracked,0,P/UP
C:\Users\sumit\Desktop\kavita_capstone\dataset\P\UP\045-116.jpg,dataset/P/UP/045-116.jpg,P,Pavement,UP,Uncracked,0,P/UP
C:\Users\sumit\Desktop\kavita_capstone\dataset\P\CP\029-175.jpg,dataset/P/CP/029-175.jpg,P,Pavement,CP,Cracked,1,P/CP
C:\Users\sumit\Desktop\kavita_capstone\dataset\W\UW\7088-236.jpg,dataset/W/UW/7088-236.jpg,W,Wall,UW,Uncracked,0,W/UW
C:\Users\sumit\Desktop\kavita_capstone\dataset\D\CD\7037-62.jpg,dataset/D/CD/7037-62.jpg,D,Deck,CD,Cracked,1,D/CD
C:\Users\sumit\Desktop\kavita_capstone\dataset\D\UD\7013-88.jpg,dataset/D/UD/7013-88.jpg,D,Deck,UD,Uncracked,0,D/UD
C:\Users\sumit\Desktop\kavita_capstone\dataset\P\CP\021-96.jpg,dataset/P/CP/021-96.jpg,P,Pavement,CP,Cracked,1,P/CP
C:\Users\sumit\Desktop\kavita_capstone\dataset\D\CD\7021-115.jpg,dataset/D/CD/7021-115.jpg,D,Deck,CD,Cracked,1,D/CD
C:\Users\sumit\Desktop\kavita_capstone\dataset\P\CP\076-158.jpg,dataset/P/CP/076-158.jpg,P,Pavement,CP,Cracked,1,P/CP
C:\Users\sumit\Desktop\kavita_capstone\dataset\P\CP\074-85.jpg,dataset/P/CP/074-85.jpg,P,Pavement,CP,Cracked,1,P/CP
C:\Users\sumit\Desktop\kavita_capstone\dataset\W\CW\7126-168.jpg,dataset/W/CW/7126-168.jpg,W,Wall,CW,Cracked,1,W/CW
C:\Users\sumit\Desktop\kavita_capstone\dataset\W\UW\7071-228.jpg,dataset/W/UW/7071-228.jpg,W,Wall,UW,Uncracked,0,W/UW
C:\Users\sumit\Desktop\kavita_capstone\dataset\P\UP\064-22.jpg,dataset/P/UP/064-22.jpg,P,Pavement,UP,Uncracked,0,P/UP
C:\Users\sumit\Desktop\kavita_capstone\dataset\D\UD\7014-128.jpg,dataset/D/UD/7014-128.jpg,D,Deck,UD,Uncracked,0,D/UD
C:\Users\sumit\Desktop\kavita_capstone\dataset\P\UP\093-2.jpg,dataset/P/UP/093-2.jpg,P,Pavement,UP,Uncracked,0,P/UP
C:\Users\sumit\Desktop\kavita_capstone\dataset\W\CW\7124-31.jpg,dataset/W/CW/7124-31.jpg,W,Wall,CW,Cracked,1,W/CW
C:\Users\sumit\Desktop\kavita_capstone\dataset\D\UD\7025-109.jpg,dataset/D/UD/7025-109.jpg,D,Deck,UD,Uncracked,0,D/UD
C:\Users\sumit\Desktop\kavita_capstone\dataset\D\CD\7018-214.jpg,dataset/D/CD/7018-214.jpg,D,Deck,CD,Cracked,1,D/CD
C:\Users\sumit\Desktop\kavita_capstone\dataset\P\UP\050-202.jpg,dataset/P/UP/050-202.jpg,P,Pavement,UP,Uncracked,0,P/UP
C:\Users\sumit\Desktop\kavita_capstone\dataset\D\CD\7051-229.jpg,dataset/D/CD/7051-229.jpg,D,Deck,CD,Cracked,1,D/CD
C:\Users\sumit\Desktop\kavita_capstone\dataset\D\CD\7051-33.jpg,dataset/D/CD/7051-33.jpg,D,Deck,CD,Cracked,1,D/CD
C:\Users\sumit\Desktop\kavita_capstone\dataset\D\UD\7047-42.jpg,dataset/D/UD/7047-42.jpg,D,Deck,UD,Uncracked,0,D/UD
C:\Users\sumit\Desktop\kavita_capstone\dataset\W\CW\7120-173.jpg,dataset/W/CW/7120-173.jpg,W,Wall,CW,Cracked,1,W/CW
C:\Users\sumit\Desktop\kavita_capstone\dataset\P\CP\006-185.jpg,dataset/P/CP/006-185.jpg,P,Pavement,CP,Cracked,1,P/CP
C:\Users\sumit\Desktop\kavita_capstone\dataset\W\CW\7090-17.jpg,dataset/W/CW/7090-17.jpg,W,Wall,CW,Cracked,1,W/CW
C:\Users\sumit\Desktop\kavita_capstone\dataset\W\CW\7113-62.jpg,dataset/W/CW/7113-62.jpg,W,Wall,CW,Cracked,1,W/CW
C:\Users\sumit\Desktop\kavita_capstone\dataset\P\CP\076-79.jpg,dataset/P/CP/076-79.jpg,P,Pavement,CP,Cracked,1,P/CP
C:\Users\sumit\Desktop\kavita_capstone\dataset\P\CP\056-171.jpg,dataset/P/CP/056-171.jpg,P,Pavement,CP,Cracked,1,P/CP
C:\Users\sumit\Desktop\kavita_capstone\dataset\D\CD\7054-120.jpg,dataset/D/CD/7054-120.jpg,D,Deck,CD,Cracked,1,D/CD
C:\Users\sumit\Desktop\kavita_capstone\dataset\D\UD\7001-244.jpg,dataset/D/UD/7001-244.jpg,D,Deck,UD,Uncracked,0,D/UD
C:\Users\sumit\Desktop\kavita_capstone\dataset\D\CD\7028-89.jpg,dataset/D/CD/7028-89.jpg,D,Deck,CD,Cracked,1,D/CD
C:\Users\sumit\Desktop\kavita_capstone\dataset\D\UD\7046-15.jpg,dataset/D/UD/7046-15.jpg,D,Deck,UD,Uncracked,0,D/UD
C:\Users\sumit\Desktop\kavita_capstone\dataset\D\UD\7026-249.jpg,dataset/D/UD/7026-249.jpg,D,Deck,UD,Uncracked,0,D/UD
C:\Users\sumit\Desktop\kavita_capstone\dataset\W\UW\7113-123.jpg,dataset/W/UW/7113-123.jpg,W,Wall,UW,Uncracked,0,W/UW
C:\Users\sumit\Desktop\kavita_capstone\dataset\P\CP\092-104.jpg,dataset/P/CP/092-104.jpg,P,Pavement,CP,Cracked,1,P/CP
C:\Users\sumit\Desktop\kavita_capstone\dataset\W\UW\7109-43.jpg,dataset/W/UW/7109-43.jpg,W,Wall,UW,Uncracked,0,W/UW
C:\Users\sumit\Desktop\kavita_capstone\dataset\D\CD\7010-113.jpg,dataset/D/CD/7010-113.jpg,D,Deck,CD,Cracked,1,D/CD
C:\Users\sumit\Desktop\kavita_capstone\dataset\W\CW\7137-236.jpg,dataset/W/CW/7137-236.jpg,W,Wall,CW,Cracked,1,W/CW
C:\Users\sumit\Desktop\kavita_capstone\dataset\W\CW\7112-93.jpg,dataset/W/CW/7112-93.jpg,W,Wall,CW,Cracked,1,W/CW
C:\Users\sumit\Desktop\kavita_capstone\dataset\P\UP\015-49.jpg,dataset/P/UP/015-49.jpg,P,Pavement,UP,Uncracked,0,P/UP
C:\Users\sumit\Desktop\kavita_capstone\dataset\W\CW\7093-97.jpg,dataset/W/CW/7093-97.jpg,W,Wall,CW,Cracked,1,W/CW
C:\Users\sumit\Desktop\kavita_capstone\dataset\W\CW\7086-146.jpg,dataset/W/CW/7086-146.jpg,W,Wall,CW,Cracked,1,W/CW
C:\Users\sumit\Desktop\kavita_capstone\dataset\P\UP\009-6.jpg,dataset/P/UP/009-6.jpg,P,Pavement,UP,Uncracked,0,P/UP
C:\Users\sumit\Desktop\kavita_capstone\dataset\W\CW\7122-114.jpg,dataset/W/CW/7122-114.jpg,W,Wall,CW,Cracked,1,W/CW
C:\Users\sumit\Desktop\kavita_capstone\dataset\D\CD\7025-46.jpg,dataset/D/CD/7025-46.jpg,D,Deck,CD,Cracked,1,D/CD
C:\Users\sumit\Desktop\kavita_capstone\dataset\D\CD\7009-64.jpg,dataset/D/CD/7009-64.jpg,D,Deck,CD,Cracked,1,D/CD
C:\Users\sumit\Desktop\kavita_capstone\dataset\D\CD\7027-191.jpg,dataset/D/CD/7027-191.jpg,D,Deck,CD,Cracked,1,D/CD
C:\Users\sumit\Desktop\kavita_capstone\dataset\W\CW\7083-184.jpg,dataset/W/CW/7083-184.jpg,W,Wall,CW,Cracked,1,W/CW
C:\Users\sumit\Desktop\kavita_capstone\dataset\P\CP\029-102.jpg,dataset/P/CP/029-102.jpg,P,Pavement,CP,Cracked,1,P/CP
C:\Users\sumit\Desktop\kavita_capstone\dataset\D\CD\7011-139.jpg,dataset/D/CD/7011-139.jpg,D,Deck,CD,Cracked,1,D/CD
C:\Users\sumit\Desktop\kavita_capstone\dataset\D\UD\7041-152.jpg,dataset/D/UD/7041-152.jpg,D,Deck,UD,Uncracked,0,D/UD
C:\Users\sumit\Desktop\kavita_capstone\dataset\W\CW\7074-206.jpg,dataset/W/CW/7074-206.jpg,W,Wall,CW,Cracked,1,W/CW
C:\Users\sumit\Desktop\kavita_capstone\dataset\P\CP\071-76.jpg,dataset/P/CP/071-76.jpg,P,Pavement,CP,Cracked,1,P/CP
C:\Users\sumit\Desktop\kavita_capstone\dataset\P\UP\050-112.jpg,dataset/P/UP/050-112.jpg,P,Pavement,UP,Uncracked,0,P/UP
C:\Users\sumit\Desktop\kavita_capstone\dataset\W\CW\7086-96.jpg,dataset/W/CW/7086-96.jpg,W,Wall,CW,Cracked,1,W/CW
C:\Users\sumit\Desktop\kavita_capstone\dataset\P\UP\089-224.jpg,dataset/P/UP/089-224.jpg,P,Pavement,UP,Uncracked,0,P/UP
C:\Users\sumit\Desktop\kavita_capstone\dataset\P\CP\103-161.jpg,dataset/P/CP/103-161.jpg,P,Pavement,CP,Cracked,1,P/CP
C:\Users\sumit\Desktop\kavita_capstone\dataset\P\UP\015-7.jpg,dataset/P/UP/015-7.jpg,P,Pavement,UP,Uncracked,0,P/UP
C:\Users\sumit\Desktop\kavita_capstone\dataset\W\CW\7117-61.jpg,dataset/W/CW/7117-61.jpg,W,Wall,CW,Cracked,1,W/CW
C:\Users\sumit\Desktop\kavita_capstone\dataset\D\UD\7022-235.jpg,dataset/D/UD/7022-235.jpg,D,Deck,UD,Uncracked,0,D/UD
C:\Users\sumit\Desktop\kavita_capstone\dataset\W\UW\7109-70.jpg,dataset/W/UW/7109-70.jpg,W,Wall,UW,Uncracked,0,W/UW
C:\Users\sumit\Desktop\kavita_capstone\dataset\D\CD\7028-142.jpg,dataset/D/CD/7028-142.jpg,D,Deck,CD,Cracked,1,D/CD
C:\Users\sumit\Desktop\kavita_capstone\dataset\D\CD\7010-101.jpg,dataset/D/CD/7010-101.jpg,D,Deck,CD,Cracked,1,D/CD
C:\Users\sumit\Desktop\kavita_capstone\dataset\P\UP\054-7.jpg,dataset/P/UP/054-7.jpg,P,Pavement,UP,Uncracked,0,P/UP
C:\Users\sumit\Desktop\kavita_capstone\dataset\P\UP\014-66.jpg,dataset/P/UP/014-66.jpg,P,Pavement,UP,Uncracked,0,P/UP
C:\Users\sumit\Desktop\kavita_capstone\dataset\D\CD\7005-158.jpg,dataset/D/CD/7005-158.jpg,D,Deck,CD,Cracked,1,D/CD
C:\Users\sumit\Desktop\kavita_capstone\dataset\P\UP\014-46.jpg,dataset/P/UP/014-46.jpg,P,Pavement,UP,Uncracked,0,P/UP
C:\Users\sumit\Desktop\kavita_capstone\dataset\D\UD\7011-44.jpg,dataset/D/UD/7011-44.jpg,D,Deck,UD,Uncracked,0,D/UD
C:\Users\sumit\Desktop\kavita_capstone\dataset\W\CW\7095-209.jpg,dataset/W/CW/7095-209.jpg,W,Wall,CW,Cracked,1,W/CW
C:\Users\sumit\Desktop\kavita_capstone\dataset\P\UP\086-34.jpg,dataset/P/UP/086-34.jpg,P,Pavement,UP,Uncracked,0,P/UP
C:\Users\sumit\Desktop\kavita_capstone\dataset\D\CD\7054-165.jpg,dataset/D/CD/7054-165.jpg,D,Deck,CD,Cracked,1,D/CD
C:\Users\sumit\Desktop\kavita_capstone\dataset\D\UD\7041-106.jpg,dataset/D/UD/7041-106.jpg,D,Deck,UD,Uncracked,0,D/UD
C:\Users\sumit\Desktop\kavita_capstone\dataset\D\CD\7028-166.jpg,dataset/D/CD/7028-166.jpg,D,Deck,CD,Cracked,1,D/CD
C:\Users\sumit\Desktop\kavita_capstone\dataset\W\UW\7089-165.jpg,dataset/W/UW/7089-165.jpg,W,Wall,UW,Uncracked,0,W/UW
C:\Users\sumit\Desktop\kavita_capstone\dataset\D\CD\7007-91.jpg,dataset/D/CD/7007-91.jpg,D,Deck,CD,Cracked,1,D/CD
C:\Users\sumit\Desktop\kavita_capstone\dataset\P\CP\011-165.jpg,dataset/P/CP/011-165.jpg,P,Pavement,CP,Cracked,1,P/CP
C:\Users\sumit\Desktop\kavita_capstone\dataset\P\CP\062-121.jpg,dataset/P/CP/062-121.jpg,P,Pavement,CP,Cracked,1,P/CP
C:\Users\sumit\Desktop\kavita_capstone\dataset\D\CD\7009-19.jpg,dataset/D/CD/7009-19.jpg,D,Deck,CD,Cracked,1,D/CD
C:\Users\sumit\Desktop\kavita_capstone\dataset\W\CW\7115-243.jpg,dataset/W/CW/7115-243.jpg,W,Wall,CW,Cracked,1,W/CW
C:\Users\sumit\Desktop\kavita_capstone\dataset\D\UD\7011-195.jpg,dataset/D/UD/7011-195.jpg,D,Deck,UD,Uncracked,0,D/UD
C:\Users\sumit\Desktop\kavita_capstone\dataset\W\UW\7131-56.jpg,dataset/W/UW/7131-56.jpg,W,Wall,UW,Uncracked,0,W/UW
C:\Users\sumit\Desktop\kavita_capstone\dataset\D\CD\7004-140.jpg,dataset/D/CD/7004-140.jpg,D,Deck,CD,Cracked,1,D/CD
C:\Users\sumit\Desktop\kavita_capstone\dataset\W\CW\7091-82.jpg,dataset/W/CW/7091-82.jpg,W,Wall,CW,Cracked,1,W/CW
C:\Users\sumit\Desktop\kavita_capstone\dataset\D\UD\7048-197.jpg,dataset/D/UD/7048-197.jpg,D,Deck,UD,Uncracked,0,D/UD
C:\Users\sumit\Desktop\kavita_capstone\dataset\D\CD\7029-139.jpg,dataset/D/CD/7029-139.jpg,D,Deck,CD,Cracked,1,D/CD
C:\Users\sumit\Desktop\kavita_capstone\dataset\W\CW\7121-208.jpg,dataset/W/CW/7121-208.jpg,W,Wall,CW,Cracked,1,W/CW
C:\Users\sumit\Desktop\kavita_capstone\dataset\W\CW\7078-184.jpg,dataset/W/CW/7078-184.jpg,W,Wall,CW,Cracked,1,W/CW
C:\Users\sumit\Desktop\kavita_capstone\dataset\D\UD\7045-90.jpg,dataset/D/UD/7045-90.jpg,D,Deck,UD,Uncracked,0,D/UD
C:\Users\sumit\Desktop\kavita_capstone\dataset\D\UD\7018-74.jpg,dataset/D/UD/7018-74.jpg,D,Deck,UD,Uncracked,0,D/UD
C:\Users\sumit\Desktop\kavita_capstone\dataset\P\UP\025-153.jpg,dataset/P/UP/025-153.jpg,P,Pavement,UP,Uncracked,0,P/UP
C:\Users\sumit\Desktop\kavita_capstone\dataset\P\UP\065-24.jpg,dataset/P/UP/065-24.jpg,P,Pavement,UP,Uncracked,0,P/UP
C:\Users\sumit\Desktop\kavita_capstone\dataset\W\CW\7084-64.jpg,dataset/W/CW/7084-64.jpg,W,Wall,CW,Cracked,1,W/CW
C:\Users\sumit\Desktop\kavita_capstone\dataset\D\UD\7021-58.jpg,dataset/D/UD/7021-58.jpg,D,Deck,UD,Uncracked,0,D/UD
C:\Users\sumit\Desktop\kavita_capstone\dataset\P\UP\082-164.jpg,dataset/P/UP/082-164.jpg,P,Pavement,UP,Uncracked,0,P/UP
C:\Users\sumit\Desktop\kavita_capstone\dataset\D\CD\7019-171.jpg,dataset/D/CD/7019-171.jpg,D,Deck,CD,Cracked,1,D/CD
C:\Users\sumit\Desktop\kavita_capstone\dataset\D\UD\7004-6.jpg,dataset/D/UD/7004-6.jpg,D,Deck,UD,Uncracked,0,D/UD
C:\Users\sumit\Desktop\kavita_capstone\dataset\P\CP\073-45.jpg,dataset/P/CP/073-45.jpg,P,Pavement,CP,Cracked,1,P/CP
C:\Users\sumit\Desktop\kavita_capstone\dataset\D\UD\7047-91.jpg,dataset/D/UD/7047-91.jpg,D,Deck,UD,Uncracked,0,D/UD
C:\Users\sumit\Desktop\kavita_capstone\dataset\P\CP\067-108.jpg,dataset/P/CP/067-108.jpg,P,Pavement,CP,Cracked,1,P/CP
C:\Users\sumit\Desktop\kavita_capstone\dataset\D\UD\7025-70.jpg,dataset/D/UD/7025-70.jpg,D,Deck,UD,Uncracked,0,D/UD
C:\Users\sumit\Desktop\kavita_capstone\dataset\P\CP\020-186.jpg,dataset/P/CP/020-186.jpg,P,Pavement,CP,Cracked,1,P/CP
C:\Users\sumit\Desktop\kavita_capstone\dataset\P\UP\003-152.jpg,dataset/P/UP/003-152.jpg,P,Pavement,UP,Uncracked,0,P/UP
C:\Users\sumit\Desktop\kavita_capstone\dataset\P\UP\060-28.jpg,dataset/P/UP/060-28.jpg,P,Pavement,UP,Uncracked,0,P/UP
C:\Users\sumit\Desktop\kavita_capstone\dataset\W\CW\7081-35.jpg,dataset/W/CW/7081-35.jpg,W,Wall,CW,Cracked,1,W/CW
C:\Users\sumit\Desktop\kavita_capstone\dataset\P\CP\019-117.jpg,dataset/P/CP/019-117.jpg,P,Pavement,CP,Cracked,1,P/CP
C:\Users\sumit\Desktop\kavita_capstone\dataset\D\CD\7004-65.jpg,dataset/D/CD/7004-65.jpg,D,Deck,CD,Cracked,1,D/CD
C:\Users\sumit\Desktop\kavita_capstone\dataset\P\UP\085-173.jpg,dataset/P/UP/085-173.jpg,P,Pavement,UP,Uncracked,0,P/UP
C:\Users\sumit\Desktop\kavita_capstone\dataset\W\CW\7118-52.jpg,dataset/W/CW/7118-52.jpg,W,Wall,CW,Cracked,1,W/CW
C:\Users\sumit\Desktop\kavita_capstone\dataset\P\UP\027-189.jpg,dataset/P/UP/027-189.jpg,P,Pavement,UP,Uncracked,0,P/UP
C:\Users\sumit\Desktop\kavita_capstone\dataset\W\CW\7090-34.jpg,dataset/W/CW/7090-34.jpg,W,Wall,CW,Cracked,1,W/CW
C:\Users\sumit\Desktop\kavita_capstone\dataset\W\UW\7126-240.jpg,dataset/W/UW/7126-240.jpg,W,Wall,UW,Uncracked,0,W/UW
C:\Users\sumit\Desktop\kavita_capstone\dataset\W\CW\7080-177.jpg,dataset/W/CW/7080-177.jpg,W,Wall,CW,Cracked,1,W/CW
C:\Users\sumit\Desktop\kavita_capstone\dataset\D\UD\7009-62.jpg,dataset/D/UD/7009-62.jpg,D,Deck,UD,Uncracked,0,D/UD
C:\Users\sumit\Desktop\kavita_capstone\dataset\W\CW\7103-195.jpg,dataset/W/CW/7103-195.jpg,W,Wall,CW,Cracked,1,W/CW
C:\Users\sumit\Desktop\kavita_capstone\dataset\W\CW\7110-229.jpg,dataset/W/CW/7110-229.jpg,W,Wall,CW,Cracked,1,W/CW
C:\Users\sumit\Desktop\kavita_capstone\dataset\D\UD\7053-143.jpg,dataset/D/UD/7053-143.jpg,D,Deck,UD,Uncracked,0,D/UD
C:\Users\sumit\Desktop\kavita_capstone\dataset\W\CW\7106-27.jpg,dataset/W/CW/7106-27.jpg,W,Wall,CW,Cracked,1,W/CW
C:\Users\sumit\Desktop\kavita_capstone\dataset\D\UD\7028-211.jpg,dataset/D/UD/7028-211.jpg,D,Deck,UD,Uncracked,0,D/UD
C:\Users\sumit\Desktop\kavita_capstone\dataset\D\CD\7038-129.jpg,dataset/D/CD/7038-129.jpg,D,Deck,CD,Cracked,1,D/CD
C:\Users\sumit\Desktop\kavita_capstone\dataset\D\UD\7057-62.jpg,dataset/D/UD/7057-62.jpg,D,Deck,UD,Uncracked,0,D/UD
C:\Users\sumit\Desktop\kavita_capstone\dataset\W\CW\7083-140.jpg,dataset/W/CW/7083-140.jpg,W,Wall,CW,Cracked,1,W/CW
C:\Users\sumit\Desktop\kavita_capstone\dataset\P\CP\070-62.jpg,dataset/P/CP/070-62.jpg,P,Pavement,CP,Cracked,1,P/CP
C:\Users\sumit\Desktop\kavita_capstone\dataset\W\CW\7089-1.jpg,dataset/W/CW/7089-1.jpg,W,Wall,CW,Cracked,1,W/CW
C:\Users\sumit\Desktop\kavita_capstone\dataset\D\CD\7011-96.jpg,dataset/D/CD/7011-96.jpg,D,Deck,CD,Cracked,1,D/CD
C:\Users\sumit\Desktop\kavita_capstone\dataset\D\CD\7028-176.jpg,dataset/D/CD/7028-176.jpg,D,Deck,CD,Cracked,1,D/CD
C:\Users\sumit\Desktop\kavita_capstone\dataset\W\CW\7091-249.jpg,dataset/W/CW/7091-249.jpg,W,Wall,CW,Cracked,1,W/CW
C:\Users\sumit\Desktop\kavita_capstone\dataset\P\UP\073-196.jpg,dataset/P/UP/073-196.jpg,P,Pavement,UP,Uncracked,0,P/UP
C:\Users\sumit\Desktop\kavita_capstone\dataset\D\CD\7026-51.jpg,dataset/D/CD/7026-51.jpg,D,Deck,CD,Cracked,1,D/CD
C:\Users\sumit\Desktop\kavita_capstone\dataset\W\CW\7093-45.jpg,dataset/W/CW/7093-45.jpg,W,Wall,CW,Cracked,1,W/CW
C:\Users\sumit\Desktop\kavita_capstone\dataset\P\UP\032-227.jpg,dataset/P/UP/032-227.jpg,P,Pavement,UP,Uncracked,0,P/UP
C:\Users\sumit\Desktop\kavita_capstone\dataset\W\CW\7078-60.jpg,dataset/W/CW/7078-60.jpg,W,Wall,CW,Cracked,1,W/CW
C:\Users\sumit\Desktop\kavita_capstone\dataset\P\CP\056-162.jpg,dataset/P/CP/056-162.jpg,P,Pavement,CP,Cracked,1,P/CP
C:\Users\sumit\Desktop\kavita_capstone\dataset\D\UD\7032-240.jpg,dataset/D/UD/7032-240.jpg,D,Deck,UD,Uncracked,0,D/UD
C:\Users\sumit\Desktop\kavita_capstone\dataset\D\CD\7018-215.jpg,dataset/D/CD/7018-215.jpg,D,Deck,CD,Cracked,1,D/CD
C:\Users\sumit\Desktop\kavita_capstone\dataset\P\UP\056-195.jpg,dataset/P/UP/056-195.jpg,P,Pavement,UP,Uncracked,0,P/UP
C:\Users\sumit\Desktop\kavita_capstone\dataset\W\UW\7082-18.jpg,dataset/W/UW/7082-18.jpg,W,Wall,UW,Uncracked,0,W/UW
C:\Users\sumit\Desktop\kavita_capstone\dataset\W\CW\7126-98.jpg,dataset/W/CW/7126-98.jpg,W,Wall,CW,Cracked,1,W/CW
C:\Users\sumit\Desktop\kavita_capstone\dataset\P\UP\021-121.jpg,dataset/P/UP/021-121.jpg,P,Pavement,UP,Uncracked,0,P/UP
C:\Users\sumit\Desktop\kavita_capstone\dataset\D\UD\7018-76.jpg,dataset/D/UD/7018-76.jpg,D,Deck,UD,Uncracked,0,D/UD
C:\Users\sumit\Desktop\kavita_capstone\dataset\W\CW\7092-142.jpg,dataset/W/CW/7092-142.jpg,W,Wall,CW,Cracked,1,W/CW
C:\Users\sumit\Desktop\kavita_capstone\dataset\D\UD\7020-29.jpg,dataset/D/UD/7020-29.jpg,D,Deck,UD,Uncracked,0,D/UD
C:\Users\sumit\Desktop\kavita_capstone\dataset\P\UP\097-30.jpg,dataset/P/UP/097-30.jpg,P,Pavement,UP,Uncracked,0,P/UP
C:\Users\sumit\Desktop\kavita_capstone\dataset\P\CP\003-43.jpg,dataset/P/CP/003-43.jpg,P,Pavement,CP,Cracked,1,P/CP
C:\Users\sumit\Desktop\kavita_capstone\dataset\W\UW\7137-86.jpg,dataset/W/UW/7137-86.jpg,W,Wall,UW,Uncracked,0,W/UW
C:\Users\sumit\Desktop\kavita_capstone\dataset\W\CW\7074-180.jpg,dataset/W/CW/7074-180.jpg,W,Wall,CW,Cracked,1,W/CW
C:\Users\sumit\Desktop\kavita_capstone\dataset\W\CW\7113-230.jpg,dataset/W/CW/7113-230.jpg,W,Wall,CW,Cracked,1,W/CW
C:\Users\sumit\Desktop\kavita_capstone\dataset\D\UD\7045-98.jpg,dataset/D/UD/7045-98.jpg,D,Deck,UD,Uncracked,0,D/UD
C:\Users\sumit\Desktop\kavita_capstone\dataset\P\CP\006-35.jpg,dataset/P/CP/006-35.jpg,P,Pavement,CP,Cracked,1,P/CP
C:\Users\sumit\Desktop\kavita_capstone\dataset\D\UD\7016-241.jpg,dataset/D/UD/7016-241.jpg,D,Deck,UD,Uncracked,0,D/UD
C:\Users\sumit\Desktop\kavita_capstone\dataset\D\UD\7013-61.jpg,dataset/D/UD/7013-61.jpg,D,Deck,UD,Uncracked,0,D/UD
C:\Users\sumit\Desktop\kavita_capstone\dataset\W\CW\7110-80.jpg,dataset/W/CW/7110-80.jpg,W,Wall,CW,Cracked,1,W/CW
C:\Users\sumit\Desktop\kavita_capstone\dataset\P\CP\045-137.jpg,dataset/P/CP/045-137.jpg,P,Pavement,CP,Cracked,1,P/CP
C:\Users\sumit\Desktop\kavita_capstone\dataset\P\UP\085-26.jpg,dataset/P/UP/085-26.jpg,P,Pavement,UP,Uncracked,0,P/UP
C:\Users\sumit\Desktop\kavita_capstone\dataset\P\UP\033-179.jpg,dataset/P/UP/033-179.jpg,P,Pavement,UP,Uncracked,0,P/UP
C:\Users\sumit\Desktop\kavita_capstone\dataset\D\UD\7036-142.jpg,dataset/D/UD/7036-142.jpg,D,Deck,UD,Uncracked,0,D/UD
C:\Users\sumit\Desktop\kavita_capstone\dataset\W\CW\7091-190.jpg,dataset/W/CW/7091-190.jpg,W,Wall,CW,Cracked,1,W/CW
C:\Users\sumit\Desktop\kavita_capstone\dataset\D\UD\7050-126.jpg,dataset/D/UD/7050-126.jpg,D,Deck,UD,Uncracked,0,D/UD
C:\Users\sumit\Desktop\kavita_capstone\dataset\W\CW\7087-166.jpg,dataset/W/CW/7087-166.jpg,W,Wall,CW,Cracked,1,W/CW
C:\Users\sumit\Desktop\kavita_capstone\dataset\P\UP\034-218.jpg,dataset/P/UP/034-218.jpg,P,Pavement,UP,Uncracked,0,P/UP
C:\Users\sumit\Desktop\kavita_capstone\dataset\P\UP\088-102.jpg,dataset/P/UP/088-102.jpg,P,Pavement,UP,Uncracked,0,P/UP
C:\Users\sumit\Desktop\kavita_capstone\dataset\P\CP\044-75.jpg,dataset/P/CP/044-75.jpg,P,Pavement,CP,Cracked,1,P/CP
C:\Users\sumit\Desktop\kavita_capstone\dataset\W\UW\7138-163.jpg,dataset/W/UW/7138-163.jpg,W,Wall,UW,Uncracked,0,W/UW
C:\Users\sumit\Desktop\kavita_capstone\dataset\W\CW\7086-209.jpg,dataset/W/CW/7086-209.jpg,W,Wall,CW,Cracked,1,W/CW
C:\Users\sumit\Desktop\kavita_capstone\dataset\D\CD\7010-174.jpg,dataset/D/CD/7010-174.jpg,D,Deck,CD,Cracked,1,D/CD
C:\Users\sumit\Desktop\kavita_capstone\dataset\P\UP\072-230.jpg,dataset/P/UP/072-230.jpg,P,Pavement,UP,Uncracked,0,P/UP
C:\Users\sumit\Desktop\kavita_capstone\dataset\P\UP\065-153.jpg,dataset/P/UP/065-153.jpg,P,Pavement,UP,Uncracked,0,P/UP
C:\Users\sumit\Desktop\kavita_capstone\dataset\D\CD\7038-130.jpg,dataset/D/CD/7038-130.jpg,D,Deck,CD,Cracked,1,D/CD
C:\Users\sumit\Desktop\kavita_capstone\dataset\W\CW\7099-118.jpg,dataset/W/CW/7099-118.jpg,W,Wall,CW,Cracked,1,W/CW
C:\Users\sumit\Desktop\kavita_capstone\dataset\D\CD\7034-8.jpg,dataset/D/CD/7034-8.jpg,D,Deck,CD,Cracked,1,D/CD
C:\Users\sumit\Desktop\kavita_capstone\dataset\P\CP\049-63.jpg,dataset/P/CP/049-63.jpg,P,Pavement,CP,Cracked,1,P/CP
C:\Users\sumit\Desktop\kavita_capstone\dataset\W\CW\7123-165.jpg,dataset/W/CW/7123-165.jpg,W,Wall,CW,Cracked,1,W/CW
C:\Users\sumit\Desktop\kavita_capstone\dataset\D\UD\7008-23.jpg,dataset/D/UD/7008-23.jpg,D,Deck,UD,Uncracked,0,D/UD
C:\Users\sumit\Desktop\kavita_capstone\dataset\P\CP\030-99.jpg,dataset/P/CP/030-99.jpg,P,Pavement,CP,Cracked,1,P/CP
C:\Users\sumit\Desktop\kavita_capstone\dataset\W\UW\7128-193.jpg,dataset/W/UW/7128-193.jpg,W,Wall,UW,Uncracked,0,W/UW
C:\Users\sumit\Desktop\kavita_capstone\dataset\W\CW\7085-69.jpg,dataset/W/CW/7085-69.jpg,W,Wall,CW,Cracked,1,W/CW
C:\Users\sumit\Desktop\kavita_capstone\dataset\W\UW\7138-132.jpg,dataset/W/UW/7138-132.jpg,W,Wall,UW,Uncracked,0,W/UW
C:\Users\sumit\Desktop\kavita_capstone\dataset\D\UD\7003-82.jpg,dataset/D/UD/7003-82.jpg,D,Deck,UD,Uncracked,0,D/UD
C:\Users\sumit\Desktop\kavita_capstone\dataset\P\UP\044-129.jpg,dataset/P/UP/044-129.jpg,P,Pavement,UP,Uncracked,0,P/UP
C:\Users\sumit\Desktop\kavita_capstone\dataset\P\CP\006-89.jpg,dataset/P/CP/006-89.jpg,P,Pavement,CP,Cracked,1,P/CP
C:\Users\sumit\Desktop\kavita_capstone\dataset\P\CP\091-85.jpg,dataset/P/CP/091-85.jpg,P,Pavement,CP,Cracked,1,P/CP
C:\Users\sumit\Desktop\kavita_capstone\dataset\D\CD\7021-146.jpg,dataset/D/CD/7021-146.jpg,D,Deck,CD,Cracked,1,D/CD
C:\Users\sumit\Desktop\kavita_capstone\dataset\W\CW\7126-50.jpg,dataset/W/CW/7126-50.jpg,W,Wall,CW,Cracked,1,W/CW
C:\Users\sumit\Desktop\kavita_capstone\dataset\D\CD\7005-44.jpg,dataset/D/CD/7005-44.jpg,D,Deck,CD,Cracked,1,D/CD
C:\Users\sumit\Desktop\kavita_capstone\dataset\W\UW\7116-48.jpg,dataset/W/UW/7116-48.jpg,W,Wall,UW,Uncracked,0,W/UW
C:\Users\sumit\Desktop\kavita_capstone\dataset\D\CD\7037-132.jpg,dataset/D/CD/7037-132.jpg,D,Deck,CD,Cracked,1,D/CD
C:\Users\sumit\Desktop\kavita_capstone\dataset\P\CP\048-125.jpg,dataset/P/CP/048-125.jpg,P,Pavement,CP,Cracked,1,P/CP
C:\Users\sumit\Desktop\kavita_capstone\dataset\P\CP\088-176.jpg,dataset/P/CP/088-176.jpg,P,Pavement,CP,Cracked,1,P/CP
C:\Users\sumit\Desktop\kavita_capstone\dataset\D\UD\7027-240.jpg,dataset/D/UD/7027-240.jpg,D,Deck,UD,Uncracked,0,D/UD
C:\Users\sumit\Desktop\kavita_capstone\dataset\D\CD\7004-46.jpg,dataset/D/CD/7004-46.jpg,D,Deck,CD,Cracked,1,D/CD
C:\Users\sumit\Desktop\kavita_capstone\dataset\D\UD\7052-69.jpg,dataset/D/UD/7052-69.jpg,D,Deck,UD,Uncracked,0,D/UD
C:\Users\sumit\Desktop\kavita_capstone\dataset\D\UD\7002-6.jpg,dataset/D/UD/7002-6.jpg,D,Deck,UD,Uncracked,0,D/UD
C:\Users\sumit\Desktop\kavita_capstone\dataset\P\CP\084-121.jpg,dataset/P/CP/084-121.jpg,P,Pavement,CP,Cracked,1,P/CP
C:\Users\sumit\Desktop\kavita_capstone\dataset\D\CD\7017-33.jpg,dataset/D/CD/7017-33.jpg,D,Deck,CD,Cracked,1,D/CD
C:\Users\sumit\Desktop\kavita_capstone\dataset\P\CP\093-71.jpg,dataset/P/CP/093-71.jpg,P,Pavement,CP,Cracked,1,P/CP
C:\Users\sumit\Desktop\kavita_capstone\dataset\P\UP\095-180.jpg,dataset/P/UP/095-180.jpg,P,Pavement,UP,Uncracked,0,P/UP
C:\Users\sumit\Desktop\kavita_capstone\dataset\P\UP\051-170.jpg,dataset/P/UP/051-170.jpg,P,Pavement,UP,Uncracked,0,P/UP
C:\Users\sumit\Desktop\kavita_capstone\dataset\P\UP\068-145.jpg,dataset/P/UP/068-145.jpg,P,Pavement,UP,Uncracked,0,P/UP
C:\Users\sumit\Desktop\kavita_capstone\dataset\P\CP\072-139.jpg,dataset/P/CP/072-139.jpg,P,Pavement,CP,Cracked,1,P/CP
C:\Users\sumit\Desktop\kavita_capstone\dataset\W\CW\7139-133.jpg,dataset/W/CW/7139-133.jpg,W,Wall,CW,Cracked,1,W/CW
C:\Users\sumit\Desktop\kavita_capstone\dataset\W\CW\7105-45.jpg,dataset/W/CW/7105-45.jpg,W,Wall,CW,Cracked,1,W/CW
C:\Users\sumit\Desktop\kavita_capstone\dataset\P\UP\020-223.jpg,dataset/P/UP/020-223.jpg,P,Pavement,UP,Uncracked,0,P/UP
C:\Users\sumit\Desktop\kavita_capstone\dataset\W\CW\7130-204.jpg,dataset/W/CW/7130-204.jpg,W,Wall,CW,Cracked,1,W/CW
C:\Users\sumit\Desktop\kavita_capstone\dataset\P\UP\085-108.jpg,dataset/P/UP/085-108.jpg,P,Pavement,UP,Uncracked,0,P/UP
C:\Users\sumit\Desktop\kavita_capstone\dataset\W\UW\7114-60.jpg,dataset/W/UW/7114-60.jpg,W,Wall,UW,Uncracked,0,W/UW
C:\Users\sumit\Desktop\kavita_capstone\dataset\W\CW\7088-231.jpg,dataset/W/CW/7088-231.jpg,W,Wall,CW,Cracked,1,W/CW
C:\Users\sumit\Desktop\kavita_capstone\dataset\D\CD\7007-186.jpg,dataset/D/CD/7007-186.jpg,D,Deck,CD,Cracked,1,D/CD
C:\Users\sumit\Desktop\kavita_capstone\dataset\P\CP\102-134.jpg,dataset/P/CP/102-134.jpg,P,Pavement,CP,Cracked,1,P/CP
C:\Users\sumit\Desktop\kavita_capstone\dataset\W\UW\7079-245.jpg,dataset/W/UW/7079-245.jpg,W,Wall,UW,Uncracked,0,W/UW
C:\Users\sumit\Desktop\kavita_capstone\dataset\W\CW\7126-58.jpg,dataset/W/CW/7126-58.jpg,W,Wall,CW,Cracked,1,W/CW
C:\Users\sumit\Desktop\kavita_capstone\dataset\D\UD\7043-46.jpg,dataset/D/UD/7043-46.jpg,D,Deck,UD,Uncracked,0,D/UD
C:\Users\sumit\Desktop\kavita_capstone\dataset\D\CD\7024-64.jpg,dataset/D/CD/7024-64.jpg,D,Deck,CD,Cracked,1,D/CD
C:\Users\sumit\Desktop\kavita_capstone\dataset\W\UW\7121-165.jpg,dataset/W/UW/7121-165.jpg,W,Wall,UW,Uncracked,0,W/UW
C:\Users\sumit\Desktop\kavita_capstone\dataset\D\CD\7005-176.jpg,dataset/D/CD/7005-176.jpg,D,Deck,CD,Cracked,1,D/CD
C:\Users\sumit\Desktop\kavita_capstone\dataset\D\CD\7049-223.jpg,dataset/D/CD/7049-223.jpg,D,Deck,CD,Cracked,1,D/CD
C:\Users\sumit\Desktop\kavita_capstone\dataset\P\CP\038-104.jpg,dataset/P/CP/038-104.jpg,P,Pavement,CP,Cracked,1,P/CP
C:\Users\sumit\Desktop\kavita_capstone\dataset\D\UD\7038-86.jpg,dataset/D/UD/7038-86.jpg,D,Deck,UD,Uncracked,0,D/UD
C:\Users\sumit\Desktop\kavita_capstone\dataset\D\UD\7045-199.jpg,dataset/D/UD/7045-199.jpg,D,Deck,UD,Uncracked,0,D/UD
C:\Users\sumit\Desktop\kavita_capstone\dataset\W\UW\7104-32.jpg,dataset/W/UW/7104-32.jpg,W,Wall,UW,Uncracked,0,W/UW
C:\Users\sumit\Desktop\kavita_capstone\dataset\W\UW\7082-143.jpg,dataset/W/UW/7082-143.jpg,W,Wall,UW,Uncracked,0,W/UW
C:\Users\sumit\Desktop\kavita_capstone\dataset\P\CP\045-193.jpg,dataset/P/CP/045-193.jpg,P,Pavement,CP,Cracked,1,P/CP
C:\Users\sumit\Desktop\kavita_capstone\dataset\P\CP\074-144.jpg,dataset/P/CP/074-144.jpg,P,Pavement,CP,Cracked,1,P/CP
C:\Users\sumit\Desktop\kavita_capstone\dataset\P\CP\020-43.jpg,dataset/P/CP/020-43.jpg,P,Pavement,CP,Cracked,1,P/CP
C:\Users\sumit\Desktop\kavita_capstone\dataset\D\CD\7001-56.jpg,dataset/D/CD/7001-56.jpg,D,Deck,CD,Cracked,1,D/CD
C:\Users\sumit\Desktop\kavita_capstone\dataset\W\UW\7140-130.jpg,dataset/W/UW/7140-130.jpg,W,Wall,UW,Uncracked,0,W/UW
C:\Users\sumit\Desktop\kavita_capstone\dataset\P\CP\104-60.jpg,dataset/P/CP/104-60.jpg,P,Pavement,CP,Cracked,1,P/CP
C:\Users\sumit\Desktop\kavita_capstone\dataset\P\CP\020-222.jpg,dataset/P/CP/020-222.jpg,P,Pavement,CP,Cracked,1,P/CP
C:\Users\sumit\Desktop\kavita_capstone\dataset\D\UD\7002-131.jpg,dataset/D/UD/7002-131.jpg,D,Deck,UD,Uncracked,0,D/UD
C:\Users\sumit\Desktop\kavita_capstone\dataset\W\UW\7096-136.jpg,dataset/W/UW/7096-136.jpg,W,Wall,UW,Uncracked,0,W/UW
C:\Users\sumit\Desktop\kavita_capstone\dataset\D\UD\7054-247.jpg,dataset/D/UD/7054-247.jpg,D,Deck,UD,Uncracked,0,D/UD
C:\Users\sumit\Desktop\kavita_capstone\dataset\W\CW\7117-156.jpg,dataset/W/CW/7117-156.jpg,W,Wall,CW,Cracked,1,W/CW
C:\Users\sumit\Desktop\kavita_capstone\dataset\D\CD\7024-15.jpg,dataset/D/CD/7024-15.jpg,D,Deck,CD,Cracked,1,D/CD
C:\Users\sumit\Desktop\kavita_capstone\dataset\D\CD\7041-193.jpg,dataset/D/CD/7041-193.jpg,D,Deck,CD,Cracked,1,D/CD
C:\Users\sumit\Desktop\kavita_capstone\dataset\P\UP\068-116.jpg,dataset/P/UP/068-116.jpg,P,Pavement,UP,Uncracked,0,P/UP
C:\Users\sumit\Desktop\kavita_capstone\dataset\W\CW\7115-62.jpg,dataset/W/CW/7115-62.jpg,W,Wall,CW,Cracked,1,W/CW
C:\Users\sumit\Desktop\kavita_capstone\dataset\W\CW\7135-100.jpg,dataset/W/CW/7135-100.jpg,W,Wall,CW,Cracked,1,W/CW
C:\Users\sumit\Desktop\kavita_capstone\dataset\P\UP\002-43.jpg,dataset/P/UP/002-43.jpg,P,Pavement,UP,Uncracked,0,P/UP
C:\Users\sumit\Desktop\kavita_capstone\dataset\W\UW\7132-78.jpg,dataset/W/UW/7132-78.jpg,W,Wall,UW,Uncracked,0,W/UW
C:\Users\sumit\Desktop\kavita_capstone\dataset\P\CP\100-186.jpg,dataset/P/CP/100-186.jpg,P,Pavement,CP,Cracked,1,P/CP
C:\Users\sumit\Desktop\kavita_capstone\dataset\P\UP\068-219.jpg,dataset/P/UP/068-219.jpg,P,Pavement,UP,Uncracked,0,P/UP
C:\Users\sumit\Desktop\kavita_capstone\dataset\P\UP\062-205.jpg,dataset/P/UP/062-205.jpg,P,Pavement,UP,Uncracked,0,P/UP
C:\Users\sumit\Desktop\kavita_capstone\dataset\D\CD\7045-161.jpg,dataset/D/CD/7045-161.jpg,D,Deck,CD,Cracked,1,D/CD
C:\Users\sumit\Desktop\kavita_capstone\dataset\D\UD\7018-122.jpg,dataset/D/UD/7018-122.jpg,D,Deck,UD,Uncracked,0,D/UD
C:\Users\sumit\Desktop\kavita_capstone\dataset\D\CD\7027-106.jpg,dataset/D/CD/7027-106.jpg,D,Deck,CD,Cracked,1,D/CD
C:\Users\sumit\Desktop\kavita_capstone\dataset\W\CW\7114-152.jpg,dataset/W/CW/7114-152.jpg,W,Wall,CW,Cracked,1,W/CW
C:\Users\sumit\Desktop\kavita_capstone\dataset\P\CP\028-175.jpg,dataset/P/CP/028-175.jpg,P,Pavement,CP,Cracked,1,P/CP
C:\Users\sumit\Desktop\kavita_capstone\dataset\D\UD\7040-107.jpg,dataset/D/UD/7040-107.jpg,D,Deck,UD,Uncracked,0,D/UD
C:\Users\sumit\Desktop\kavita_capstone\dataset\D\UD\7014-45.jpg,dataset/D/UD/7014-45.jpg,D,Deck,UD,Uncracked,0,D/UD
C:\Users\sumit\Desktop\kavita_capstone\dataset\W\UW\7110-210.jpg,dataset/W/UW/7110-210.jpg,W,Wall,UW,Uncracked,0,W/UW
C:\Users\sumit\Desktop\kavita_capstone\dataset\D\CD\7021-206.jpg,dataset/D/CD/7021-206.jpg,D,Deck,CD,Cracked,1,D/CD
C:\Users\sumit\Desktop\kavita_capstone\dataset\W\CW\7115-29.jpg,dataset/W/CW/7115-29.jpg,W,Wall,CW,Cracked,1,W/CW
C:\Users\sumit\Desktop\kavita_capstone\dataset\P\UP\076-88.jpg,dataset/P/UP/076-88.jpg,P,Pavement,UP,Uncracked,0,P/UP
C:\Users\sumit\Desktop\kavita_capstone\dataset\D\CD\7033-126.jpg,dataset/D/CD/7033-126.jpg,D,Deck,CD,Cracked,1,D/CD
C:\Users\sumit\Desktop\kavita_capstone\dataset\P\UP\027-233.jpg,dataset/P/UP/027-233.jpg,P,Pavement,UP,Uncracked,0,P/UP
C:\Users\sumit\Desktop\kavita_capstone\dataset\P\CP\095-135.jpg,dataset/P/CP/095-135.jpg,P,Pavement,CP,Cracked,1,P/CP
C:\Users\sumit\Desktop\kavita_capstone\dataset\D\UD\7052-90.jpg,dataset/D/UD/7052-90.jpg,D,Deck,UD,Uncracked,0,D/UD
C:\Users\sumit\Desktop\kavita_capstone\dataset\D\CD\7004-125.jpg,dataset/D/CD/7004-125.jpg,D,Deck,CD,Cracked,1,D/CD
C:\Users\sumit\Desktop\kavita_capstone\dataset\D\CD\7001-151.jpg,dataset/D/CD/7001-151.jpg,D,Deck,CD,Cracked,1,D/CD
C:\Users\sumit\Desktop\kavita_capstone\dataset\W\CW\7126-192.jpg,dataset/W/CW/7126-192.jpg,W,Wall,CW,Cracked,1,W/CW
C:\Users\sumit\Desktop\kavita_capstone\dataset\D\CD\7009-85.jpg,dataset/D/CD/7009-85.jpg,D,Deck,CD,Cracked,1,D/CD
C:\Users\sumit\Desktop\kavita_capstone\dataset\W\CW\7114-131.jpg,dataset/W/CW/7114-131.jpg,W,Wall,CW,Cracked,1,W/CW
C:\Users\sumit\Desktop\kavita_capstone\dataset\W\CW\7082-52.jpg,dataset/W/CW/7082-52.jpg,W,Wall,CW,Cracked,1,W/CW
C:\Users\sumit\Desktop\kavita_capstone\dataset\P\CP\010-112.jpg,dataset/P/CP/010-112.jpg,P,Pavement,CP,Cracked,1,P/CP
C:\Users\sumit\Desktop\kavita_capstone\dataset\W\CW\7140-43.jpg,dataset/W/CW/7140-43.jpg,W,Wall,CW,Cracked,1,W/CW
C:\Users\sumit\Desktop\kavita_capstone\dataset\W\UW\7096-22.jpg,dataset/W/UW/7096-22.jpg,W,Wall,UW,Uncracked,0,W/UW
C:\Users\sumit\Desktop\kavita_capstone\dataset\D\UD\7032-176.jpg,dataset/D/UD/7032-176.jpg,D,Deck,UD,Uncracked,0,D/UD
C:\Users\sumit\Desktop\kavita_capstone\dataset\D\CD\7028-179.jpg,dataset/D/CD/7028-179.jpg,D,Deck,CD,Cracked,1,D/CD
C:\Users\sumit\Desktop\kavita_capstone\dataset\P\CP\022-118.jpg,dataset/P/CP/022-118.jpg,P,Pavement,CP,Cracked,1,P/CP
C:\Users\sumit\Desktop\kavita_capstone\dataset\P\UP\017-48.jpg,dataset/P/UP/017-48.jpg,P,Pavement,UP,Uncracked,0,P/UP
C:\Users\sumit\Desktop\kavita_capstone\dataset\D\UD\7045-237.jpg,dataset/D/UD/7045-237.jpg,D,Deck,UD,Uncracked,0,D/UD
C:\Users\sumit\Desktop\kavita_capstone\dataset\P\UP\018-210.jpg,dataset/P/UP/018-210.jpg,P,Pavement,UP,Uncracked,0,P/UP
C:\Users\sumit\Desktop\kavita_capstone\dataset\P\CP\101-175.jpg,dataset/P/CP/101-175.jpg,P,Pavement,CP,Cracked,1,P/CP
C:\Users\sumit\Desktop\kavita_capstone\dataset\W\CW\7110-62.jpg,dataset/W/CW/7110-62.jpg,W,Wall,CW,Cracked,1,W/CW
C:\Users\sumit\Desktop\kavita_capstone\dataset\D\CD\7011-191.jpg,dataset/D/CD/7011-191.jpg,D,Deck,CD,Cracked,1,D/CD
C:\Users\sumit\Desktop\kavita_capstone\dataset\P\CP\059-107.jpg,dataset/P/CP/059-107.jpg,P,Pavement,CP,Cracked,1,P/CP
C:\Users\sumit\Desktop\kavita_capstone\dataset\W\UW\7127-13.jpg,dataset/W/UW/7127-13.jpg,W,Wall,UW,Uncracked,0,W/UW
C:\Users\sumit\Desktop\kavita_capstone\dataset\D\UD\7047-237.jpg,dataset/D/UD/7047-237.jpg,D,Deck,UD,Uncracked,0,D/UD
C:\Users\sumit\Desktop\kavita_capstone\dataset\D\UD\7034-32.jpg,dataset/D/UD/7034-32.jpg,D,Deck,UD,Uncracked,0,D/UD
C:\Users\sumit\Desktop\kavita_capstone\dataset\P\UP\098-145.jpg,dataset/P/UP/098-145.jpg,P,Pavement,UP,Uncracked,0,P/UP
C:\Users\sumit\Desktop\kavita_capstone\dataset\P\CP\074-57.jpg,dataset/P/CP/074-57.jpg,P,Pavement,CP,Cracked,1,P/CP
C:\Users\sumit\Desktop\kavita_capstone\dataset\P\CP\095-29.jpg,dataset/P/CP/095-29.jpg,P,Pavement,CP,Cracked,1,P/CP
C:\Users\sumit\Desktop\kavita_capstone\dataset\P\UP\062-146.jpg,dataset/P/UP/062-146.jpg,P,Pavement,UP,Uncracked,0,P/UP
C:\Users\sumit\Desktop\kavita_capstone\dataset\W\CW\7124-64.jpg,dataset/W/CW/7124-64.jpg,W,Wall,CW,Cracked,1,W/CW
C:\Users\sumit\Desktop\kavita_capstone\dataset\P\UP\002-154.jpg,dataset/P/UP/002-154.jpg,P,Pavement,UP,Uncracked,0,P/UP
C:\Users\sumit\Desktop\kavita_capstone\dataset\D\UD\7035-233.jpg,dataset/D/UD/7035-233.jpg,D,Deck,UD,Uncracked,0,D/UD
C:\Users\sumit\Desktop\kavita_capstone\dataset\P\CP\058-44.jpg,dataset/P/CP/058-44.jpg,P,Pavement,CP,Cracked,1,P/CP
C:\Users\sumit\Desktop\kavita_capstone\dataset\P\UP\010-167.jpg,dataset/P/UP/010-167.jpg,P,Pavement,UP,Uncracked,0,P/UP
C:\Users\sumit\Desktop\kavita_capstone\dataset\W\CW\7093-30.jpg,dataset/W/CW/7093-30.jpg,W,Wall,CW,Cracked,1,W/CW
C:\Users\sumit\Desktop\kavita_capstone\dataset\P\UP\038-50.jpg,dataset/P/UP/038-50.jpg,P,Pavement,UP,Uncracked,0,P/UP
C:\Users\sumit\Desktop\kavita_capstone\dataset\W\UW\7100-34.jpg,dataset/W/UW/7100-34.jpg,W,Wall,UW,Uncracked,0,W/UW
C:\Users\sumit\Desktop\kavita_capstone\dataset\D\CD\7025-14.jpg,dataset/D/CD/7025-14.jpg,D,Deck,CD,Cracked,1,D/CD
C:\Users\sumit\Desktop\kavita_capstone\dataset\W\UW\7111-22.jpg,dataset/W/UW/7111-22.jpg,W,Wall,UW,Uncracked,0,W/UW
C:\Users\sumit\Desktop\kavita_capstone\dataset\P\CP\030-156.jpg,dataset/P/CP/030-156.jpg,P,Pavement,CP,Cracked,1,P/CP
C:\Users\sumit\Desktop\kavita_capstone\dataset\P\CP\081-178.jpg,dataset/P/CP/081-178.jpg,P,Pavement,CP,Cracked,1,P/CP
C:\Users\sumit\Desktop\kavita_capstone\dataset\W\CW\7115-104.jpg,dataset/W/CW/7115-104.jpg,W,Wall,CW,Cracked,1,W/CW
C:\Users\sumit\Desktop\kavita_capstone\dataset\P\CP\004-146.jpg,dataset/P/CP/004-146.jpg,P,Pavement,CP,Cracked,1,P/CP
C:\Users\sumit\Desktop\kavita_capstone\dataset\D\CD\7018-179.jpg,dataset/D/CD/7018-179.jpg,D,Deck,CD,Cracked,1,D/CD
C:\Users\sumit\Desktop\kavita_capstone\dataset\D\CD\7008-222.jpg,dataset/D/CD/7008-222.jpg,D,Deck,CD,Cracked,1,D/CD
C:\Users\sumit\Desktop\kavita_capstone\dataset\D\UD\7003-197.jpg,dataset/D/UD/7003-197.jpg,D,Deck,UD,Uncracked,0,D/UD
C:\Users\sumit\Desktop\kavita_capstone\dataset\P\CP\023-7.jpg,dataset/P/CP/023-7.jpg,P,Pavement,CP,Cracked,1,P/CP
C:\Users\sumit\Desktop\kavita_capstone\dataset\D\CD\7020-78.jpg,dataset/D/CD/7020-78.jpg,D,Deck,CD,Cracked,1,D/CD
C:\Users\sumit\Desktop\kavita_capstone\dataset\D\UD\7002-94.jpg,dataset/D/UD/7002-94.jpg,D,Deck,UD,Uncracked,0,D/UD
C:\Users\sumit\Desktop\kavita_capstone\dataset\P\UP\085-32.jpg,dataset/P/UP/085-32.jpg,P,Pavement,UP,Uncracked,0,P/UP
C:\Users\sumit\Desktop\kavita_capstone\dataset\D\UD\7034-27.jpg,dataset/D/UD/7034-27.jpg,D,Deck,UD,Uncracked,0,D/UD
C:\Users\sumit\Desktop\kavita_capstone\dataset\P\CP\029-138.jpg,dataset/P/CP/029-138.jpg,P,Pavement,CP,Cracked,1,P/CP
C:\Users\sumit\Desktop\kavita_capstone\dataset\D\UD\7053-128.jpg,dataset/D/UD/7053-128.jpg,D,Deck,UD,Uncracked,0,D/UD
C:\Users\sumit\Desktop\kavita_capstone\dataset\P\UP\087-128.jpg,dataset/P/UP/087-128.jpg,P,Pavement,UP,Uncracked,0,P/UP
C:\Users\sumit\Desktop\kavita_capstone\dataset\P\CP\030-119.jpg,dataset/P/CP/030-119.jpg,P,Pavement,CP,Cracked,1,P/CP
C:\Users\sumit\Desktop\kavita_capstone\dataset\P\CP\045-81.jpg,dataset/P/CP/045-81.jpg,P,Pavement,CP,Cracked,1,P/CP
C:\Users\sumit\Desktop\kavita_capstone\dataset\D\UD\7012-4.jpg,dataset/D/UD/7012-4.jpg,D,Deck,UD,Uncracked,0,D/UD
C:\Users\sumit\Desktop\kavita_capstone\dataset\W\CW\7126-57.jpg,dataset/W/CW/7126-57.jpg,W,Wall,CW,Cracked,1,W/CW
C:\Users\sumit\Desktop\kavita_capstone\dataset\D\CD\7045-108.jpg,dataset/D/CD/7045-108.jpg,D,Deck,CD,Cracked,1,D/CD
C:\Users\sumit\Desktop\kavita_capstone\dataset\P\UP\068-134.jpg,dataset/P/UP/068-134.jpg,P,Pavement,UP,Uncracked,0,P/UP
C:\Users\sumit\Desktop\kavita_capstone\dataset\P\CP\062-94.jpg,dataset/P/CP/062-94.jpg,P,Pavement,CP,Cracked,1,P/CP
C:\Users\sumit\Desktop\kavita_capstone\dataset\W\UW\7123-232.jpg,dataset/W/UW/7123-232.jpg,W,Wall,UW,Uncracked,0,W/UW
C:\Users\sumit\Desktop\kavita_capstone\dataset\D\UD\7007-97.jpg,dataset/D/UD/7007-97.jpg,D,Deck,UD,Uncracked,0,D/UD
C:\Users\sumit\Desktop\kavita_capstone\dataset\W\CW\7074-88.jpg,dataset/W/CW/7074-88.jpg,W,Wall,CW,Cracked,1,W/CW
C:\Users\sumit\Desktop\kavita_capstone\dataset\P\UP\019-213.jpg,dataset/P/UP/019-213.jpg,P,Pavement,UP,Uncracked,0,P/UP
C:\Users\sumit\Desktop\kavita_capstone\dataset\W\CW\7119-217.jpg,dataset/W/CW/7119-217.jpg,W,Wall,CW,Cracked,1,W/CW
C:\Users\sumit\Desktop\kavita_capstone\dataset\P\UP\097-78.jpg,dataset/P/UP/097-78.jpg,P,Pavement,UP,Uncracked,0,P/UP
C:\Users\sumit\Desktop\kavita_capstone\dataset\P\CP\036-83.jpg,dataset/P/CP/036-83.jpg,P,Pavement,CP,Cracked,1,P/CP
C:\Users\sumit\Desktop\kavita_capstone\dataset\W\CW\7069-151.jpg,dataset/W/CW/7069-151.jpg,W,Wall,CW,Cracked,1,W/CW
C:\Users\sumit\Desktop\kavita_capstone\dataset\P\UP\060-94.jpg,dataset/P/UP/060-94.jpg,P,Pavement,UP,Uncracked,0,P/UP
C:\Users\sumit\Desktop\kavita_capstone\dataset\D\CD\7012-109.jpg,dataset/D/CD/7012-109.jpg,D,Deck,CD,Cracked,1,D/CD
C:\Users\sumit\Desktop\kavita_capstone\dataset\W\UW\7133-121.jpg,dataset/W/UW/7133-121.jpg,W,Wall,UW,Uncracked,0,W/UW
C:\Users\sumit\Desktop\kavita_capstone\dataset\W\CW\7113-172.jpg,dataset/W/CW/7113-172.jpg,W,Wall,CW,Cracked,1,W/CW
C:\Users\sumit\Desktop\kavita_capstone\dataset\D\CD\7057-223.jpg,dataset/D/CD/7057-223.jpg,D,Deck,CD,Cracked,1,D/CD
C:\Users\sumit\Desktop\kavita_capstone\dataset\P\CP\023-172.jpg,dataset/P/CP/023-172.jpg,P,Pavement,CP,Cracked,1,P/CP
C:\Users\sumit\Desktop\kavita_capstone\dataset\D\UD\7005-250.jpg,dataset/D/UD/7005-250.jpg,D,Deck,UD,Uncracked,0,D/UD
C:\Users\sumit\Desktop\kavita_capstone\dataset\D\CD\7018-208.jpg,dataset/D/CD/7018-208.jpg,D,Deck,CD,Cracked,1,D/CD
C:\Users\sumit\Desktop\kavita_capstone\dataset\P\UP\050-217.jpg,dataset/P/UP/050-217.jpg,P,Pavement,UP,Uncracked,0,P/UP
C:\Users\sumit\Desktop\kavita_capstone\dataset\P\CP\101-85.jpg,dataset/P/CP/101-85.jpg,P,Pavement,CP,Cracked,1,P/CP
C:\Users\sumit\Desktop\kavita_capstone\dataset\W\CW\7087-199.jpg,dataset/W/CW/7087-199.jpg,W,Wall,CW,Cracked,1,W/CW
C:\Users\sumit\Desktop\kavita_capstone\dataset\P\UP\051-185.jpg,dataset/P/UP/051-185.jpg,P,Pavement,UP,Uncracked,0,P/UP
C:\Users\sumit\Desktop\kavita_capstone\dataset\P\UP\095-68.jpg,dataset/P/UP/095-68.jpg,P,Pavement,UP,Uncracked,0,P/UP
C:\Users\sumit\Desktop\kavita_capstone\dataset\P\UP\026-141.jpg,dataset/P/UP/026-141.jpg,P,Pavement,UP,Uncracked,0,P/UP
C:\Users\sumit\Desktop\kavita_capstone\dataset\W\UW\7105-101.jpg,dataset/W/UW/7105-101.jpg,W,Wall,UW,Uncracked,0,W/UW
C:\Users\sumit\Desktop\kavita_capstone\dataset\W\CW\7073-223.jpg,dataset/W/CW/7073-223.jpg,W,Wall,CW,Cracked,1,W/CW
C:\Users\sumit\Desktop\kavita_capstone\dataset\W\CW\7113-140.jpg,dataset/W/CW/7113-140.jpg,W,Wall,CW,Cracked,1,W/CW
C:\Users\sumit\Desktop\kavita_capstone\dataset\W\UW\7075-174.jpg,dataset/W/UW/7075-174.jpg,W,Wall,UW,Uncracked,0,W/UW
C:\Users\sumit\Desktop\kavita_capstone\dataset\D\CD\7006-156.jpg,dataset/D/CD/7006-156.jpg,D,Deck,CD,Cracked,1,D/CD
C:\Users\sumit\Desktop\kavita_capstone\dataset\P\UP\094-164.jpg,dataset/P/UP/094-164.jpg,P,Pavement,UP,Uncracked,0,P/UP
C:\Users\sumit\Desktop\kavita_capstone\dataset\W\CW\7086-57.jpg,dataset/W/CW/7086-57.jpg,W,Wall,CW,Cracked,1,W/CW
C:\Users\sumit\Desktop\kavita_capstone\dataset\W\CW\7086-61.jpg,dataset/W/CW/7086-61.jpg,W,Wall,CW,Cracked,1,W/CW
C:\Users\sumit\Desktop\kavita_capstone\dataset\W\CW\7080-46.jpg,dataset/W/CW/7080-46.jpg,W,Wall,CW,Cracked,1,W/CW
C:\Users\sumit\Desktop\kavita_capstone\dataset\P\CP\100-147.jpg,dataset/P/CP/100-147.jpg,P,Pavement,CP,Cracked,1,P/CP
C:\Users\sumit\Desktop\kavita_capstone\dataset\P\CP\036-59.jpg,dataset/P/CP/036-59.jpg,P,Pavement,CP,Cracked,1,P/CP
C:\Users\sumit\Desktop\kavita_capstone\dataset\D\CD\7041-153.jpg,dataset/D/CD/7041-153.jpg,D,Deck,CD,Cracked,1,D/CD
C:\Users\sumit\Desktop\kavita_capstone\dataset\P\CP\100-188.jpg,dataset/P/CP/100-188.jpg,P,Pavement,CP,Cracked,1,P/CP
C:\Users\sumit\Desktop\kavita_capstone\dataset\P\UP\024-70.jpg,dataset/P/UP/024-70.jpg,P,Pavement,UP,Uncracked,0,P/UP
C:\Users\sumit\Desktop\kavita_capstone\dataset\W\CW\7086-49.jpg,dataset/W/CW/7086-49.jpg,W,Wall,CW,Cracked,1,W/CW
C:\Users\sumit\Desktop\kavita_capstone\dataset\W\UW\7117-219.jpg,dataset/W/UW/7117-219.jpg,W,Wall,UW,Uncracked,0,W/UW
C:\Users\sumit\Desktop\kavita_capstone\dataset\P\UP\045-182.jpg,dataset/P/UP/045-182.jpg,P,Pavement,UP,Uncracked,0,P/UP
C:\Users\sumit\Desktop\kavita_capstone\dataset\D\CD\7049-81.jpg,dataset/D/CD/7049-81.jpg,D,Deck,CD,Cracked,1,D/CD
C:\Users\sumit\Desktop\kavita_capstone\dataset\D\CD\7047-128.jpg,dataset/D/CD/7047-128.jpg,D,Deck,CD,Cracked,1,D/CD
C:\Users\sumit\Desktop\kavita_capstone\dataset\W\UW\7096-227.jpg,dataset/W/UW/7096-227.jpg,W,Wall,UW,Uncracked,0,W/UW
C:\Users\sumit\Desktop\kavita_capstone\dataset\P\UP\043-46.jpg,dataset/P/UP/043-46.jpg,P,Pavement,UP,Uncracked,0,P/UP
C:\Users\sumit\Desktop\kavita_capstone\dataset\W\UW\7140-2.jpg,dataset/W/UW/7140-2.jpg,W,Wall,UW,Uncracked,0,W/UW
C:\Users\sumit\Desktop\kavita_capstone\dataset\W\UW\7099-200.jpg,dataset/W/UW/7099-200.jpg,W,Wall,UW,Uncracked,0,W/UW
C:\Users\sumit\Desktop\kavita_capstone\dataset\P\UP\097-158.jpg,dataset/P/UP/097-158.jpg,P,Pavement,UP,Uncracked,0,P/UP
C:\Users\sumit\Desktop\kavita_capstone\dataset\D\UD\7013-37.jpg,dataset/D/UD/7013-37.jpg,D,Deck,UD,Uncracked,0,D/UD
C:\Users\sumit\Desktop\kavita_capstone\dataset\P\CP\014-122.jpg,dataset/P/CP/014-122.jpg,P,Pavement,CP,Cracked,1,P/CP
C:\Users\sumit\Desktop\kavita_capstone\dataset\D\UD\7046-49.jpg,dataset/D/UD/7046-49.jpg,D,Deck,UD,Uncracked,0,D/UD
C:\Users\sumit\Desktop\kavita_capstone\dataset\W\UW\7120-167.jpg,dataset/W/UW/7120-167.jpg,W,Wall,UW,Uncracked,0,W/UW
C:\Users\sumit\Desktop\kavita_capstone\dataset\P\UP\050-45.jpg,dataset/P/UP/050-45.jpg,P,Pavement,UP,Uncracked,0,P/UP
C:\Users\sumit\Desktop\kavita_capstone\dataset\W\UW\7095-108.jpg,dataset/W/UW/7095-108.jpg,W,Wall,UW,Uncracked,0,W/UW
C:\Users\sumit\Desktop\kavita_capstone\dataset\P\UP\033-196.jpg,dataset/P/UP/033-196.jpg,P,Pavement,UP,Uncracked,0,P/UP
C:\Users\sumit\Desktop\kavita_capstone\dataset\P\UP\004-94.jpg,dataset/P/UP/004-94.jpg,P,Pavement,UP,Uncracked,0,P/UP
C:\Users\sumit\Desktop\kavita_capstone\dataset\P\UP\070-223.jpg,dataset/P/UP/070-223.jpg,P,Pavement,UP,Uncracked,0,P/UP
C:\Users\sumit\Desktop\kavita_capstone\dataset\W\CW\7077-134.jpg,dataset/W/CW/7077-134.jpg,W,Wall,CW,Cracked,1,W/CW
C:\Users\sumit\Desktop\kavita_capstone\dataset\D\CD\7040-189.jpg,dataset/D/CD/7040-189.jpg,D,Deck,CD,Cracked,1,D/CD
C:\Users\sumit\Desktop\kavita_capstone\dataset\W\CW\7069-157.jpg,dataset/W/CW/7069-157.jpg,W,Wall,CW,Cracked,1,W/CW
C:\Users\sumit\Desktop\kavita_capstone\dataset\P\UP\093-136.jpg,dataset/P/UP/093-136.jpg,P,Pavement,UP,Uncracked,0,P/UP
C:\Users\sumit\Desktop\kavita_capstone\dataset\D\CD\7008-109.jpg,dataset/D/CD/7008-109.jpg,D,Deck,CD,Cracked,1,D/CD
C:\Users\sumit\Desktop\kavita_capstone\dataset\P\CP\002-99.jpg,dataset/P/CP/002-99.jpg,P,Pavement,CP,Cracked,1,P/CP
C:\Users\sumit\Desktop\kavita_capstone\dataset\W\CW\7078-141.jpg,dataset/W/CW/7078-141.jpg,W,Wall,CW,Cracked,1,W/CW
C:\Users\sumit\Desktop\kavita_capstone\dataset\W\CW\7131-132.jpg,dataset/W/CW/7131-132.jpg,W,Wall,CW,Cracked,1,W/CW
C:\Users\sumit\Desktop\kavita_capstone\dataset\W\UW\7102-46.jpg,dataset/W/UW/7102-46.jpg,W,Wall,UW,Uncracked,0,W/UW
C:\Users\sumit\Desktop\kavita_capstone\dataset\P\CP\023-86.jpg,dataset/P/CP/023-86.jpg,P,Pavement,CP,Cracked,1,P/CP
C:\Users\sumit\Desktop\kavita_capstone\dataset\D\CD\7025-81.jpg,dataset/D/CD/7025-81.jpg,D,Deck,CD,Cracked,1,D/CD
C:\Users\sumit\Desktop\kavita_capstone\dataset\P\UP\034-233.jpg,dataset/P/UP/034-233.jpg,P,Pavement,UP,Uncracked,0,P/UP
C:\Users\sumit\Desktop\kavita_capstone\dataset\W\CW\7132-8.jpg,dataset/W/CW/7132-8.jpg,W,Wall,CW,Cracked,1,W/CW
C:\Users\sumit\Desktop\kavita_capstone\dataset\P\UP\029-167.jpg,dataset/P/UP/029-167.jpg,P,Pavement,UP,Uncracked,0,P/UP
C:\Users\sumit\Desktop\kavita_capstone\dataset\W\CW\7096-117.jpg,dataset/W/CW/7096-117.jpg,W,Wall,CW,Cracked,1,W/CW
C:\Users\sumit\Desktop\kavita_capstone\dataset\P\UP\097-223.jpg,dataset/P/UP/097-223.jpg,P,Pavement,UP,Uncracked,0,P/UP
C:\Users\sumit\Desktop\kavita_capstone\dataset\D\UD\7017-86.jpg,dataset/D/UD/7017-86.jpg,D,Deck,UD,Uncracked,0,D/UD
C:\Users\sumit\Desktop\kavita_capstone\dataset\P\CP\026-64.jpg,dataset/P/CP/026-64.jpg,P,Pavement,CP,Cracked,1,P/CP
C:\Users\sumit\Desktop\kavita_capstone\dataset\W\UW\7123-231.jpg,dataset/W/UW/7123-231.jpg,W,Wall,UW,Uncracked,0,W/UW
C:\Users\sumit\Desktop\kavita_capstone\dataset\W\CW\7073-211.jpg,dataset/W/CW/7073-211.jpg,W,Wall,CW,Cracked,1,W/CW
C:\Users\sumit\Desktop\kavita_capstone\dataset\P\UP\053-51.jpg,dataset/P/UP/053-51.jpg,P,Pavement,UP,Uncracked,0,P/UP
C:\Users\sumit\Desktop\kavita_capstone\dataset\P\UP\091-46.jpg,dataset/P/UP/091-46.jpg,P,Pavement,UP,Uncracked,0,P/UP
C:\Users\sumit\Desktop\kavita_capstone\dataset\W\CW\7127-44.jpg,dataset/W/CW/7127-44.jpg,W,Wall,CW,Cracked,1,W/CW
C:\Users\sumit\Desktop\kavita_capstone\dataset\D\UD\7011-145.jpg,dataset/D/UD/7011-145.jpg,D,Deck,UD,Uncracked,0,D/UD
C:\Users\sumit\Desktop\kavita_capstone\dataset\P\UP\033-14.jpg,dataset/P/UP/033-14.jpg,P,Pavement,UP,Uncracked,0,P/UP
C:\Users\sumit\Desktop\kavita_capstone\dataset\W\UW\7139-147.jpg,dataset/W/UW/7139-147.jpg,W,Wall,UW,Uncracked,0,W/UW
C:\Users\sumit\Desktop\kavita_capstone\dataset\P\CP\058-76.jpg,dataset/P/CP/058-76.jpg,P,Pavement,CP,Cracked,1,P/CP
C:\Users\sumit\Desktop\kavita_capstone\dataset\D\UD\7048-13.jpg,dataset/D/UD/7048-13.jpg,D,Deck,UD,Uncracked,0,D/UD
C:\Users\sumit\Desktop\kavita_capstone\dataset\W\UW\7075-98.jpg,dataset/W/UW/7075-98.jpg,W,Wall,UW,Uncracked,0,W/UW
C:\Users\sumit\Desktop\kavita_capstone\dataset\P\CP\053-228.jpg,dataset/P/CP/053-228.jpg,P,Pavement,CP,Cracked,1,P/CP
C:\Users\sumit\Desktop\kavita_capstone\dataset\D\UD\7016-38.jpg,dataset/D/UD/7016-38.jpg,D,Deck,UD,Uncracked,0,D/UD
C:\Users\sumit\Desktop\kavita_capstone\dataset\W\UW\7092-80.jpg,dataset/W/UW/7092-80.jpg,W,Wall,UW,Uncracked,0,W/UW
C:\Users\sumit\Desktop\kavita_capstone\dataset\P\CP\044-7.jpg,dataset/P/CP/044-7.jpg,P,Pavement,CP,Cracked,1,P/CP
C:\Users\sumit\Desktop\kavita_capstone\dataset\P\UP\018-109.jpg,dataset/P/UP/018-109.jpg,P,Pavement,UP,Uncracked,0,P/UP
C:\Users\sumit\Desktop\kavita_capstone\dataset\D\UD\7014-202.jpg,dataset/D/UD/7014-202.jpg,D,Deck,UD,Uncracked,0,D/UD
C:\Users\sumit\Desktop\kavita_capstone\dataset\P\CP\021-120.jpg,dataset/P/CP/021-120.jpg,P,Pavement,CP,Cracked,1,P/CP
C:\Users\sumit\Desktop\kavita_capstone\dataset\P\UP\088-223.jpg,dataset/P/UP/088-223.jpg,P,Pavement,UP,Uncracked,0,P/UP
C:\Users\sumit\Desktop\kavita_capstone\dataset\D\UD\7026-185.jpg,dataset/D/UD/7026-185.jpg,D,Deck,UD,Uncracked,0,D/UD
C:\Users\sumit\Desktop\kavita_capstone\dataset\P\CP\003-150.jpg,dataset/P/CP/003-150.jpg,P,Pavement,CP,Cracked,1,P/CP
C:\Users\sumit\Desktop\kavita_capstone\dataset\W\CW\7084-183.jpg,dataset/W/CW/7084-183.jpg,W,Wall,CW,Cracked,1,W/CW
C:\Users\sumit\Desktop\kavita_capstone\dataset\W\CW\7078-99.jpg,dataset/W/CW/7078-99.jpg,W,Wall,CW,Cracked,1,W/CW
C:\Users\sumit\Desktop\kavita_capstone\dataset\P\UP\050-230.jpg,dataset/P/UP/050-230.jpg,P,Pavement,UP,Uncracked,0,P/UP
C:\Users\sumit\Desktop\kavita_capstone\dataset\W\UW\7074-25.jpg,dataset/W/UW/7074-25.jpg,W,Wall,UW,Uncracked,0,W/UW
C:\Users\sumit\Desktop\kavita_capstone\dataset\D\UD\7057-123.jpg,dataset/D/UD/7057-123.jpg,D,Deck,UD,Uncracked,0,D/UD
C:\Users\sumit\Desktop\kavita_capstone\dataset\W\CW\7115-173.jpg,dataset/W/CW/7115-173.jpg,W,Wall,CW,Cracked,1,W/CW
C:\Users\sumit\Desktop\kavita_capstone\dataset\D\UD\7041-180.jpg,dataset/D/UD/7041-180.jpg,D,Deck,UD,Uncracked,0,D/UD
C:\Users\sumit\Desktop\kavita_capstone\dataset\D\UD\7044-167.jpg,dataset/D/UD/7044-167.jpg,D,Deck,UD,Uncracked,0,D/UD
C:\Users\sumit\Desktop\kavita_capstone\dataset\D\UD\7051-211.jpg,dataset/D/UD/7051-211.jpg,D,Deck,UD,Uncracked,0,D/UD
C:\Users\sumit\Desktop\kavita_capstone\dataset\P\CP\014-20.jpg,dataset/P/CP/014-20.jpg,P,Pavement,CP,Cracked,1,P/CP
C:\Users\sumit\Desktop\kavita_capstone\dataset\P\UP\025-1.jpg,dataset/P/UP/025-1.jpg,P,Pavement,UP,Uncracked,0,P/UP
C:\Users\sumit\Desktop\kavita_capstone\dataset\P\CP\093-16.jpg,dataset/P/CP/093-16.jpg,P,Pavement,CP,Cracked,1,P/CP
C:\Users\sumit\Desktop\kavita_capstone\dataset\W\CW\7072-147.jpg,dataset/W/CW/7072-147.jpg,W,Wall,CW,Cracked,1,W/CW
C:\Users\sumit\Desktop\kavita_capstone\dataset\W\CW\7130-9.jpg,dataset/W/CW/7130-9.jpg,W,Wall,CW,Cracked,1,W/CW
C:\Users\sumit\Desktop\kavita_capstone\dataset\P\UP\093-156.jpg,dataset/P/UP/093-156.jpg,P,Pavement,UP,Uncracked,0,P/UP
C:\Users\sumit\Desktop\kavita_capstone\dataset\W\CW\7119-41.jpg,dataset/W/CW/7119-41.jpg,W,Wall,CW,Cracked,1,W/CW
C:\Users\sumit\Desktop\kavita_capstone\dataset\W\CW\7115-222.jpg,dataset/W/CW/7115-222.jpg,W,Wall,CW,Cracked,1,W/CW
C:\Users\sumit\Desktop\kavita_capstone\dataset\D\CD\7037-47.jpg,dataset/D/CD/7037-47.jpg,D,Deck,CD,Cracked,1,D/CD
C:\Users\sumit\Desktop\kavita_capstone\dataset\D\UD\7001-196.jpg,dataset/D/UD/7001-196.jpg,D,Deck,UD,Uncracked,0,D/UD
C:\Users\sumit\Desktop\kavita_capstone\dataset\P\CP\007-70.jpg,dataset/P/CP/007-70.jpg,P,Pavement,CP,Cracked,1,P/CP
C:\Users\sumit\Desktop\kavita_capstone\dataset\P\CP\043-108.jpg,dataset/P/CP/043-108.jpg,P,Pavement,CP,Cracked,1,P/CP
C:\Users\sumit\Desktop\kavita_capstone\dataset\W\UW\7113-211.jpg,dataset/W/UW/7113-211.jpg,W,Wall,UW,Uncracked,0,W/UW
C:\Users\sumit\Desktop\kavita_capstone\dataset\D\UD\7054-204.jpg,dataset/D/UD/7054-204.jpg,D,Deck,UD,Uncracked,0,D/UD
C:\Users\sumit\Desktop\kavita_capstone\dataset\P\UP\039-8.jpg,dataset/P/UP/039-8.jpg,P,Pavement,UP,Uncracked,0,P/UP
C:\Users\sumit\Desktop\kavita_capstone\dataset\D\UD\7047-64.jpg,dataset/D/UD/7047-64.jpg,D,Deck,UD,Uncracked,0,D/UD
C:\Users\sumit\Desktop\kavita_capstone\dataset\P\UP\016-108.jpg,dataset/P/UP/016-108.jpg,P,Pavement,UP,Uncracked,0,P/UP
C:\Users\sumit\Desktop\kavita_capstone\dataset\P\UP\004-134.jpg,dataset/P/UP/004-134.jpg,P,Pavement,UP,Uncracked,0,P/UP
C:\Users\sumit\Desktop\kavita_capstone\dataset\W\CW\7122-223.jpg,dataset/W/CW/7122-223.jpg,W,Wall,CW,Cracked,1,W/CW
C:\Users\sumit\Desktop\kavita_capstone\dataset\W\CW\7088-35.jpg,dataset/W/CW/7088-35.jpg,W,Wall,CW,Cracked,1,W/CW
C:\Users\sumit\Desktop\kavita_capstone\dataset\P\UP\054-183.jpg,dataset/P/UP/054-183.jpg,P,Pavement,UP,Uncracked,0,P/UP
C:\Users\sumit\Desktop\kavita_capstone\dataset\P\CP\059-97.jpg,dataset/P/CP/059-97.jpg,P,Pavement,CP,Cracked,1,P/CP
C:\Users\sumit\Desktop\kavita_capstone\dataset\W\CW\7110-4.jpg,dataset/W/CW/7110-4.jpg,W,Wall,CW,Cracked,1,W/CW
C:\Users\sumit\Desktop\kavita_capstone\dataset\W\UW\7117-224.jpg,dataset/W/UW/7117-224.jpg,W,Wall,UW,Uncracked,0,W/UW
C:\Users\sumit\Desktop\kavita_capstone\dataset\P\CP\085-109.jpg,dataset/P/CP/085-109.jpg,P,Pavement,CP,Cracked,1,P/CP
C:\Users\sumit\Desktop\kavita_capstone\dataset\P\UP\046-49.jpg,dataset/P/UP/046-49.jpg,P,Pavement,UP,Uncracked,0,P/UP
C:\Users\sumit\Desktop\kavita_capstone\dataset\W\UW\7071-191.jpg,dataset/W/UW/7071-191.jpg,W,Wall,UW,Uncracked,0,W/UW
C:\Users\sumit\Desktop\kavita_capstone\dataset\W\UW\7130-92.jpg,dataset/W/UW/7130-92.jpg,W,Wall,UW,Uncracked,0,W/UW
C:\Users\sumit\Desktop\kavita_capstone\dataset\W\CW\7120-116.jpg,dataset/W/CW/7120-116.jpg,W,Wall,CW,Cracked,1,W/CW
C:\Users\sumit\Desktop\kavita_capstone\dataset\P\UP\073-211.jpg,dataset/P/UP/073-211.jpg,P,Pavement,UP,Uncracked,0,P/UP
C:\Users\sumit\Desktop\kavita_capstone\dataset\D\UD\7033-118.jpg,dataset/D/UD/7033-118.jpg,D,Deck,UD,Uncracked,0,D/UD
C:\Users\sumit\Desktop\kavita_capstone\dataset\W\UW\7109-232.jpg,dataset/W/UW/7109-232.jpg,W,Wall,UW,Uncracked,0,W/UW
C:\Users\sumit\Desktop\kavita_capstone\dataset\D\CD\7011-143.jpg,dataset/D/CD/7011-143.jpg,D,Deck,CD,Cracked,1,D/CD
C:\Users\sumit\Desktop\kavita_capstone\dataset\D\CD\7036-152.jpg,dataset/D/CD/7036-152.jpg,D,Deck,CD,Cracked,1,D/CD
C:\Users\sumit\Desktop\kavita_capstone\dataset\W\CW\7136-221.jpg,dataset/W/CW/7136-221.jpg,W,Wall,CW,Cracked,1,W/CW
C:\Users\sumit\Desktop\kavita_capstone\dataset\P\UP\050-161.jpg,dataset/P/UP/050-161.jpg,P,Pavement,UP,Uncracked,0,P/UP
C:\Users\sumit\Desktop\kavita_capstone\dataset\D\CD\7039-114.jpg,dataset/D/CD/7039-114.jpg,D,Deck,CD,Cracked,1,D/CD
C:\Users\sumit\Desktop\kavita_capstone\dataset\D\UD\7034-210.jpg,dataset/D/UD/7034-210.jpg,D,Deck,UD,Uncracked,0,D/UD
C:\Users\sumit\Desktop\kavita_capstone\dataset\P\UP\071-20.jpg,dataset/P/UP/071-20.jpg,P,Pavement,UP,Uncracked,0,P/UP
C:\Users\sumit\Desktop\kavita_capstone\dataset\W\UW\7130-161.jpg,dataset/W/UW/7130-161.jpg,W,Wall,UW,Uncracked,0,W/UW
C:\Users\sumit\Desktop\kavita_capstone\dataset\P\CP\072-118.jpg,dataset/P/CP/072-118.jpg,P,Pavement,CP,Cracked,1,P/CP
C:\Users\sumit\Desktop\kavita_capstone\dataset\W\UW\7093-134.jpg,dataset/W/UW/7093-134.jpg,W,Wall,UW,Uncracked,0,W/UW
C:\Users\sumit\Desktop\kavita_capstone\dataset\D\UD\7048-209.jpg,dataset/D/UD/7048-209.jpg,D,Deck,UD,Uncracked,0,D/UD
C:\Users\sumit\Desktop\kavita_capstone\dataset\W\UW\7131-84.jpg,dataset/W/UW/7131-84.jpg,W,Wall,UW,Uncracked,0,W/UW
C:\Users\sumit\Desktop\kavita_capstone\dataset\W\CW\7089-19.jpg,dataset/W/CW/7089-19.jpg,W,Wall,CW,Cracked,1,W/CW
C:\Users\sumit\Desktop\kavita_capstone\dataset\W\CW\7116-118.jpg,dataset/W/CW/7116-118.jpg,W,Wall,CW,Cracked,1,W/CW
C:\Users\sumit\Desktop\kavita_capstone\dataset\P\CP\070-82.jpg,dataset/P/CP/070-82.jpg,P,Pavement,CP,Cracked,1,P/CP
C:\Users\sumit\Desktop\kavita_capstone\dataset\W\CW\7115-40.jpg,dataset/W/CW/7115-40.jpg,W,Wall,CW,Cracked,1,W/CW
C:\Users\sumit\Desktop\kavita_capstone\dataset\P\CP\076-54.jpg,dataset/P/CP/076-54.jpg,P,Pavement,CP,Cracked,1,P/CP
C:\Users\sumit\Desktop\kavita_capstone\dataset\W\UW\7075-191.jpg,dataset/W/UW/7075-191.jpg,W,Wall,UW,Uncracked,0,W/UW
C:\Users\sumit\Desktop\kavita_capstone\dataset\D\CD\7003-211.jpg,dataset/D/CD/7003-211.jpg,D,Deck,CD,Cracked,1,D/CD
C:\Users\sumit\Desktop\kavita_capstone\dataset\W\UW\7110-198.jpg,dataset/W/UW/7110-198.jpg,W,Wall,UW,Uncracked,0,W/UW
C:\Users\sumit\Desktop\kavita_capstone\dataset\W\CW\7087-103.jpg,dataset/W/CW/7087-103.jpg,W,Wall,CW,Cracked,1,W/CW
C:\Users\sumit\Desktop\kavita_capstone\dataset\P\UP\075-28.jpg,dataset/P/UP/075-28.jpg,P,Pavement,UP,Uncracked,0,P/UP
C:\Users\sumit\Desktop\kavita_capstone\dataset\W\CW\7127-79.jpg,dataset/W/CW/7127-79.jpg,W,Wall,CW,Cracked,1,W/CW
C:\Users\sumit\Desktop\kavita_capstone\dataset\W\CW\7115-26.jpg,dataset/W/CW/7115-26.jpg,W,Wall,CW,Cracked,1,W/CW
C:\Users\sumit\Desktop\kavita_capstone\dataset\P\CP\084-107.jpg,dataset/P/CP/084-107.jpg,P,Pavement,CP,Cracked,1,P/CP
C:\Users\sumit\Desktop\kavita_capstone\dataset\D\UD\7035-81.jpg,dataset/D/UD/7035-81.jpg,D,Deck,UD,Uncracked,0,D/UD
C:\Users\sumit\Desktop\kavita_capstone\dataset\P\UP\033-216.jpg,dataset/P/UP/033-216.jpg,P,Pavement,UP,Uncracked,0,P/UP
C:\Users\sumit\Desktop\kavita_capstone\dataset\W\UW\7096-180.jpg,dataset/W/UW/7096-180.jpg,W,Wall,UW,Uncracked,0,W/UW
C:\Users\sumit\Desktop\kavita_capstone\dataset\P\CP\022-94.jpg,dataset/P/CP/022-94.jpg,P,Pavement,CP,Cracked,1,P/CP
C:\Users\sumit\Desktop\kavita_capstone\dataset\P\UP\061-220.jpg,dataset/P/UP/061-220.jpg,P,Pavement,UP,Uncracked,0,P/UP
C:\Users\sumit\Desktop\kavita_capstone\dataset\W\CW\7081-214.jpg,dataset/W/CW/7081-214.jpg,W,Wall,CW,Cracked,1,W/CW
C:\Users\sumit\Desktop\kavita_capstone\dataset\P\UP\048-218.jpg,dataset/P/UP/048-218.jpg,P,Pavement,UP,Uncracked,0,P/UP
C:\Users\sumit\Desktop\kavita_capstone\dataset\D\UD\7021-212.jpg,dataset/D/UD/7021-212.jpg,D,Deck,UD,Uncracked,0,D/UD
C:\Users\sumit\Desktop\kavita_capstone\dataset\W\CW\7119-72.jpg,dataset/W/CW/7119-72.jpg,W,Wall,CW,Cracked,1,W/CW
C:\Users\sumit\Desktop\kavita_capstone\dataset\D\UD\7009-53.jpg,dataset/D/UD/7009-53.jpg,D,Deck,UD,Uncracked,0,D/UD
C:\Users\sumit\Desktop\kavita_capstone\dataset\D\UD\7013-50.jpg,dataset/D/UD/7013-50.jpg,D,Deck,UD,Uncracked,0,D/UD
C:\Users\sumit\Desktop\kavita_capstone\dataset\P\UP\056-156.jpg,dataset/P/UP/056-156.jpg,P,Pavement,UP,Uncracked,0,P/UP
C:\Users\sumit\Desktop\kavita_capstone\dataset\P\CP\051-48.jpg,dataset/P/CP/051-48.jpg,P,Pavement,CP,Cracked,1,P/CP
C:\Users\sumit\Desktop\kavita_capstone\dataset\W\CW\7077-41.jpg,dataset/W/CW/7077-41.jpg,W,Wall,CW,Cracked,1,W/CW
C:\Users\sumit\Desktop\kavita_capstone\dataset\P\UP\069-162.jpg,dataset/P/UP/069-162.jpg,P,Pavement,UP,Uncracked,0,P/UP
C:\Users\sumit\Desktop\kavita_capstone\dataset\D\UD\7010-88.jpg,dataset/D/UD/7010-88.jpg,D,Deck,UD,Uncracked,0,D/UD
C:\Users\sumit\Desktop\kavita_capstone\dataset\D\UD\7048-186.jpg,dataset/D/UD/7048-186.jpg,D,Deck,UD,Uncracked,0,D/UD
C:\Users\sumit\Desktop\kavita_capstone\dataset\W\UW\7107-233.jpg,dataset/W/UW/7107-233.jpg,W,Wall,UW,Uncracked,0,W/UW
C:\Users\sumit\Desktop\kavita_capstone\dataset\W\CW\7080-213.jpg,dataset/W/CW/7080-213.jpg,W,Wall,CW,Cracked,1,W/CW
C:\Users\sumit\Desktop\kavita_capstone\dataset\W\CW\7113-217.jpg,dataset/W/CW/7113-217.jpg,W,Wall,CW,Cracked,1,W/CW
C:\Users\sumit\Desktop\kavita_capstone\dataset\D\CD\7019-133.jpg,dataset/D/CD/7019-133.jpg,D,Deck,CD,Cracked,1,D/CD
C:\Users\sumit\Desktop\kavita_capstone\dataset\W\UW\7076-197.jpg,dataset/W/UW/7076-197.jpg,W,Wall,UW,Uncracked,0,W/UW
C:\Users\sumit\Desktop\kavita_capstone\dataset\P\CP\018-94.jpg,dataset/P/CP/018-94.jpg,P,Pavement,CP,Cracked,1,P/CP
C:\Users\sumit\Desktop\kavita_capstone\dataset\P\CP\041-115.jpg,dataset/P/CP/041-115.jpg,P,Pavement,CP,Cracked,1,P/CP
C:\Users\sumit\Desktop\kavita_capstone\dataset\P\UP\036-94.jpg,dataset/P/UP/036-94.jpg,P,Pavement,UP,Uncracked,0,P/UP
C:\Users\sumit\Desktop\kavita_capstone\dataset\P\UP\030-65.jpg,dataset/P/UP/030-65.jpg,P,Pavement,UP,Uncracked,0,P/UP
C:\Users\sumit\Desktop\kavita_capstone\dataset\D\CD\7029-224.jpg,dataset/D/CD/7029-224.jpg,D,Deck,CD,Cracked,1,D/CD
C:\Users\sumit\Desktop\kavita_capstone\dataset\W\UW\7126-180.jpg,dataset/W/UW/7126-180.jpg,W,Wall,UW,Uncracked,0,W/UW
C:\Users\sumit\Desktop\kavita_capstone\dataset\D\UD\7057-237.jpg,dataset/D/UD/7057-237.jpg,D,Deck,UD,Uncracked,0,D/UD
C:\Users\sumit\Desktop\kavita_capstone\dataset\P\CP\041-136.jpg,dataset/P/CP/041-136.jpg,P,Pavement,CP,Cracked,1,P/CP
C:\Users\sumit\Desktop\kavita_capstone\dataset\D\UD\7036-34.jpg,dataset/D/UD/7036-34.jpg,D,Deck,UD,Uncracked,0,D/UD
C:\Users\sumit\Desktop\kavita_capstone\dataset\W\UW\7107-48.jpg,dataset/W/UW/7107-48.jpg,W,Wall,UW,Uncracked,0,W/UW
C:\Users\sumit\Desktop\kavita_capstone\dataset\W\CW\7087-204.jpg,dataset/W/CW/7087-204.jpg,W,Wall,CW,Cracked,1,W/CW
C:\Users\sumit\Desktop\kavita_capstone\dataset\P\CP\059-100.jpg,dataset/P/CP/059-100.jpg,P,Pavement,CP,Cracked,1,P/CP
C:\Users\sumit\Desktop\kavita_capstone\dataset\P\CP\005-66.jpg,dataset/P/CP/005-66.jpg,P,Pavement,CP,Cracked,1,P/CP
C:\Users\sumit\Desktop\kavita_capstone\dataset\D\CD\7033-189.jpg,dataset/D/CD/7033-189.jpg,D,Deck,CD,Cracked,1,D/CD
C:\Users\sumit\Desktop\kavita_capstone\dataset\D\UD\7035-54.jpg,dataset/D/UD/7035-54.jpg,D,Deck,UD,Uncracked,0,D/UD
C:\Users\sumit\Desktop\kavita_capstone\dataset\D\UD\7053-22.jpg,dataset/D/UD/7053-22.jpg,D,Deck,UD,Uncracked,0,D/UD
C:\Users\sumit\Desktop\kavita_capstone\dataset\W\UW\7078-252.jpg,dataset/W/UW/7078-252.jpg,W,Wall,UW,Uncracked,0,W/UW
C:\Users\sumit\Desktop\kavita_capstone\dataset\W\CW\7108-139.jpg,dataset/W/CW/7108-139.jpg,W,Wall,CW,Cracked,1,W/CW
C:\Users\sumit\Desktop\kavita_capstone\dataset\P\UP\031-32.jpg,dataset/P/UP/031-32.jpg,P,Pavement,UP,Uncracked,0,P/UP
C:\Users\sumit\Desktop\kavita_capstone\dataset\W\CW\7086-151.jpg,dataset/W/CW/7086-151.jpg,W,Wall,CW,Cracked,1,W/CW
C:\Users\sumit\Desktop\kavita_capstone\dataset\P\UP\096-47.jpg,dataset/P/UP/096-47.jpg,P,Pavement,UP,Uncracked,0,P/UP
C:\Users\sumit\Desktop\kavita_capstone\dataset\D\CD\7011-39.jpg,dataset/D/CD/7011-39.jpg,D,Deck,CD,Cracked,1,D/CD
C:\Users\sumit\Desktop\kavita_capstone\dataset\P\CP\065-211.jpg,dataset/P/CP/065-211.jpg,P,Pavement,CP,Cracked,1,P/CP
C:\Users\sumit\Desktop\kavita_capstone\dataset\P\UP\037-75.jpg,dataset/P/UP/037-75.jpg,P,Pavement,UP,Uncracked,0,P/UP
C:\Users\sumit\Desktop\kavita_capstone\dataset\W\CW\7092-106.jpg,dataset/W/CW/7092-106.jpg,W,Wall,CW,Cracked,1,W/CW
C:\Users\sumit\Desktop\kavita_capstone\dataset\W\UW\7132-252.jpg,dataset/W/UW/7132-252.jpg,W,Wall,UW,Uncracked,0,W/UW
C:\Users\sumit\Desktop\kavita_capstone\dataset\P\CP\051-49.jpg,dataset/P/CP/051-49.jpg,P,Pavement,CP,Cracked,1,P/CP
C:\Users\sumit\Desktop\kavita_capstone\dataset\D\CD\7001-26.jpg,dataset/D/CD/7001-26.jpg,D,Deck,CD,Cracked,1,D/CD
C:\Users\sumit\Desktop\kavita_capstone\dataset\D\CD\7010-197.jpg,dataset/D/CD/7010-197.jpg,D,Deck,CD,Cracked,1,D/CD
C:\Users\sumit\Desktop\kavita_capstone\dataset\P\CP\014-123.jpg,dataset/P/CP/014-123.jpg,P,Pavement,CP,Cracked,1,P/CP
C:\Users\sumit\Desktop\kavita_capstone\dataset\P\CP\100-92.jpg,dataset/P/CP/100-92.jpg,P,Pavement,CP,Cracked,1,P/CP
C:\Users\sumit\Desktop\kavita_capstone\dataset\P\CP\090-123.jpg,dataset/P/CP/090-123.jpg,P,Pavement,CP,Cracked,1,P/CP
C:\Users\sumit\Desktop\kavita_capstone\dataset\W\UW\7117-214.jpg,dataset/W/UW/7117-214.jpg,W,Wall,UW,Uncracked,0,W/UW
C:\Users\sumit\Desktop\kavita_capstone\dataset\P\UP\009-170.jpg,dataset/P/UP/009-170.jpg,P,Pavement,UP,Uncracked,0,P/UP
C:\Users\sumit\Desktop\kavita_capstone\dataset\W\UW\7131-219.jpg,dataset/W/UW/7131-219.jpg,W,Wall,UW,Uncracked,0,W/UW
C:\Users\sumit\Desktop\kavita_capstone\dataset\D\UD\7051-215.jpg,dataset/D/UD/7051-215.jpg,D,Deck,UD,Uncracked,0,D/UD
C:\Users\sumit\Desktop\kavita_capstone\dataset\P\UP\096-57.jpg,dataset/P/UP/096-57.jpg,P,Pavement,UP,Uncracked,0,P/UP
C:\Users\sumit\Desktop\kavita_capstone\dataset\P\CP\038-85.jpg,dataset/P/CP/038-85.jpg,P,Pavement,CP,Cracked,1,P/CP
C:\Users\sumit\Desktop\kavita_capstone\dataset\D\CD\7053-115.jpg,dataset/D/CD/7053-115.jpg,D,Deck,CD,Cracked,1,D/CD
C:\Users\sumit\Desktop\kavita_capstone\dataset\D\CD\7041-148.jpg,dataset/D/CD/7041-148.jpg,D,Deck,CD,Cracked,1,D/CD
C:\Users\sumit\Desktop\kavita_capstone\dataset\W\UW\7135-164.jpg,dataset/W/UW/7135-164.jpg,W,Wall,UW,Uncracked,0,W/UW
C:\Users\sumit\Desktop\kavita_capstone\dataset\P\CP\010-123.jpg,dataset/P/CP/010-123.jpg,P,Pavement,CP,Cracked,1,P/CP
C:\Users\sumit\Desktop\kavita_capstone\dataset\D\UD\7016-249.jpg,dataset/D/UD/7016-249.jpg,D,Deck,UD,Uncracked,0,D/UD
C:\Users\sumit\Desktop\kavita_capstone\dataset\D\UD\7030-154.jpg,dataset/D/UD/7030-154.jpg,D,Deck,UD,Uncracked,0,D/UD
C:\Users\sumit\Desktop\kavita_capstone\dataset\P\CP\028-76.jpg,dataset/P/CP/028-76.jpg,P,Pavement,CP,Cracked,1,P/CP
C:\Users\sumit\Desktop\kavita_capstone\dataset\D\CD\7040-51.jpg,dataset/D/CD/7040-51.jpg,D,Deck,CD,Cracked,1,D/CD
C:\Users\sumit\Desktop\kavita_capstone\dataset\W\CW\7140-184.jpg,dataset/W/CW/7140-184.jpg,W,Wall,CW,Cracked,1,W/CW
C:\Users\sumit\Desktop\kavita_capstone\dataset\P\CP\030-138.jpg,dataset/P/CP/030-138.jpg,P,Pavement,CP,Cracked,1,P/CP
C:\Users\sumit\Desktop\kavita_capstone\dataset\W\CW\7105-117.jpg,dataset/W/CW/7105-117.jpg,W,Wall,CW,Cracked,1,W/CW
C:\Users\sumit\Desktop\kavita_capstone\dataset\D\UD\7008-15.jpg,dataset/D/UD/7008-15.jpg,D,Deck,UD,Uncracked,0,D/UD
C:\Users\sumit\Desktop\kavita_capstone\dataset\D\UD\7033-116.jpg,dataset/D/UD/7033-116.jpg,D,Deck,UD,Uncracked,0,D/UD
C:\Users\sumit\Desktop\kavita_capstone\dataset\D\UD\7035-226.jpg,dataset/D/UD/7035-226.jpg,D,Deck,UD,Uncracked,0,D/UD
C:\Users\sumit\Desktop\kavita_capstone\dataset\P\CP\037-59.jpg,dataset/P/CP/037-59.jpg,P,Pavement,CP,Cracked,1,P/CP
C:\Users\sumit\Desktop\kavita_capstone\dataset\P\CP\091-180.jpg,dataset/P/CP/091-180.jpg,P,Pavement,CP,Cracked,1,P/CP
C:\Users\sumit\Desktop\kavita_capstone\dataset\W\CW\7069-46.jpg,dataset/W/CW/7069-46.jpg,W,Wall,CW,Cracked,1,W/CW
C:\Users\sumit\Desktop\kavita_capstone\dataset\W\CW\7090-147.jpg,dataset/W/CW/7090-147.jpg,W,Wall,CW,Cracked,1,W/CW
C:\Users\sumit\Desktop\kavita_capstone\dataset\W\CW\7078-67.jpg,dataset/W/CW/7078-67.jpg,W,Wall,CW,Cracked,1,W/CW
C:\Users\sumit\Desktop\kavita_capstone\dataset\P\UP\018-167.jpg,dataset/P/UP/018-167.jpg,P,Pavement,UP,Uncracked,0,P/UP
C:\Users\sumit\Desktop\kavita_capstone\dataset\P\CP\022-136.jpg,dataset/P/CP/022-136.jpg,P,Pavement,CP,Cracked,1,P/CP
C:\Users\sumit\Desktop\kavita_capstone\dataset\W\CW\7090-109.jpg,dataset/W/CW/7090-109.jpg,W,Wall,CW,Cracked,1,W/CW
C:\Users\sumit\Desktop\kavita_capstone\dataset\P\CP\049-19.jpg,dataset/P/CP/049-19.jpg,P,Pavement,CP,Cracked,1,P/CP
C:\Users\sumit\Desktop\kavita_capstone\dataset\W\UW\7128-90.jpg,dataset/W/UW/7128-90.jpg,W,Wall,UW,Uncracked,0,W/UW
C:\Users\sumit\Desktop\kavita_capstone\dataset\W\CW\7092-112.jpg,dataset/W/CW/7092-112.jpg,W,Wall,CW,Cracked,1,W/CW
C:\Users\sumit\Desktop\kavita_capstone\dataset\P\CP\062-116.jpg,dataset/P/CP/062-116.jpg,P,Pavement,CP,Cracked,1,P/CP
C:\Users\sumit\Desktop\kavita_capstone\dataset\D\UD\7032-132.jpg,dataset/D/UD/7032-132.jpg,D,Deck,UD,Uncracked,0,D/UD
C:\Users\sumit\Desktop\kavita_capstone\dataset\W\CW\7078-153.jpg,dataset/W/CW/7078-153.jpg,W,Wall,CW,Cracked,1,W/CW
C:\Users\sumit\Desktop\kavita_capstone\dataset\D\CD\7048-51.jpg,dataset/D/CD/7048-51.jpg,D,Deck,CD,Cracked,1,D/CD
C:\Users\sumit\Desktop\kavita_capstone\dataset\D\CD\7027-127.jpg,dataset/D/CD/7027-127.jpg,D,Deck,CD,Cracked,1,D/CD
C:\Users\sumit\Desktop\kavita_capstone\dataset\P\UP\040-158.jpg,dataset/P/UP/040-158.jpg,P,Pavement,UP,Uncracked,0,P/UP
C:\Users\sumit\Desktop\kavita_capstone\dataset\W\CW\7122-170.jpg,dataset/W/CW/7122-170.jpg,W,Wall,CW,Cracked,1,W/CW
C:\Users\sumit\Desktop\kavita_capstone\dataset\W\UW\7103-60.jpg,dataset/W/UW/7103-60.jpg,W,Wall,UW,Uncracked,0,W/UW
C:\Users\sumit\Desktop\kavita_capstone\dataset\W\CW\7073-15.jpg,dataset/W/CW/7073-15.jpg,W,Wall,CW,Cracked,1,W/CW
C:\Users\sumit\Desktop\kavita_capstone\dataset\W\CW\7114-110.jpg,dataset/W/CW/7114-110.jpg,W,Wall,CW,Cracked,1,W/CW
C:\Users\sumit\Desktop\kavita_capstone\dataset\P\UP\030-84.jpg,dataset/P/UP/030-84.jpg,P,Pavement,UP,Uncracked,0,P/UP
C:\Users\sumit\Desktop\kavita_capstone\dataset\P\UP\069-21.jpg,dataset/P/UP/069-21.jpg,P,Pavement,UP,Uncracked,0,P/UP
C:\Users\sumit\Desktop\kavita_capstone\dataset\D\CD\7049-127.jpg,dataset/D/CD/7049-127.jpg,D,Deck,CD,Cracked,1,D/CD
C:\Users\sumit\Desktop\kavita_capstone\dataset\P\UP\090-141.jpg,dataset/P/UP/090-141.jpg,P,Pavement,UP,Uncracked,0,P/UP
C:\Users\sumit\Desktop\kavita_capstone\dataset\P\UP\091-51.jpg,dataset/P/UP/091-51.jpg,P,Pavement,UP,Uncracked,0,P/UP
C:\Users\sumit\Desktop\kavita_capstone\dataset\P\CP\081-198.jpg,dataset/P/CP/081-198.jpg,P,Pavement,CP,Cracked,1,P/CP
C:\Users\sumit\Desktop\kavita_capstone\dataset\D\UD\7053-228.jpg,dataset/D/UD/7053-228.jpg,D,Deck,UD,Uncracked,0,D/UD
C:\Users\sumit\Desktop\kavita_capstone\dataset\W\CW\7084-190.jpg,dataset/W/CW/7084-190.jpg,W,Wall,CW,Cracked,1,W/CW
C:\Users\sumit\Desktop\kavita_capstone\dataset\W\UW\7126-197.jpg,dataset/W/UW/7126-197.jpg,W,Wall,UW,Uncracked,0,W/UW
C:\Users\sumit\Desktop\kavita_capstone\dataset\W\UW\7094-178.jpg,dataset/W/UW/7094-178.jpg,W,Wall,UW,Uncracked,0,W/UW
C:\Users\sumit\Desktop\kavita_capstone\dataset\P\UP\035-135.jpg,dataset/P/UP/035-135.jpg,P,Pavement,UP,Uncracked,0,P/UP
C:\Users\sumit\Desktop\kavita_capstone\dataset\D\UD\7007-240.jpg,dataset/D/UD/7007-240.jpg,D,Deck,UD,Uncracked,0,D/UD
C:\Users\sumit\Desktop\kavita_capstone\dataset\W\UW\7117-9.jpg,dataset/W/UW/7117-9.jpg,W,Wall,UW,Uncracked,0,W/UW
C:\Users\sumit\Desktop\kavita_capstone\dataset\D\UD\7004-49.jpg,dataset/D/UD/7004-49.jpg,D,Deck,UD,Uncracked,0,D/UD
C:\Users\sumit\Desktop\kavita_capstone\dataset\P\CP\002-102.jpg,dataset/P/CP/002-102.jpg,P,Pavement,CP,Cracked,1,P/CP
C:\Users\sumit\Desktop\kavita_capstone\dataset\P\UP\054-201.jpg,dataset/P/UP/054-201.jpg,P,Pavement,UP,Uncracked,0,P/UP
C:\Users\sumit\Desktop\kavita_capstone\dataset\D\UD\7053-48.jpg,dataset/D/UD/7053-48.jpg,D,Deck,UD,Uncracked,0,D/UD
C:\Users\sumit\Desktop\kavita_capstone\dataset\P\UP\054-10.jpg,dataset/P/UP/054-10.jpg,P,Pavement,UP,Uncracked,0,P/UP
C:\Users\sumit\Desktop\kavita_capstone\dataset\P\CP\006-113.jpg,dataset/P/CP/006-113.jpg,P,Pavement,CP,Cracked,1,P/CP
C:\Users\sumit\Desktop\kavita_capstone\dataset\W\UW\7085-15.jpg,dataset/W/UW/7085-15.jpg,W,Wall,UW,Uncracked,0,W/UW
C:\Users\sumit\Desktop\kavita_capstone\dataset\D\CD\7047-206.jpg,dataset/D/CD/7047-206.jpg,D,Deck,CD,Cracked,1,D/CD
C:\Users\sumit\Desktop\kavita_capstone\dataset\D\UD\7050-104.jpg,dataset/D/UD/7050-104.jpg,D,Deck,UD,Uncracked,0,D/UD
C:\Users\sumit\Desktop\kavita_capstone\dataset\W\UW\7131-52.jpg,dataset/W/UW/7131-52.jpg,W,Wall,UW,Uncracked,0,W/UW
C:\Users\sumit\Desktop\kavita_capstone\dataset\P\CP\006-168.jpg,dataset/P/CP/006-168.jpg,P,Pavement,CP,Cracked,1,P/CP
C:\Users\sumit\Desktop\kavita_capstone\dataset\W\CW\7078-154.jpg,dataset/W/CW/7078-154.jpg,W,Wall,CW,Cracked,1,W/CW
C:\Users\sumit\Desktop\kavita_capstone\dataset\W\CW\7093-156.jpg,dataset/W/CW/7093-156.jpg,W,Wall,CW,Cracked,1,W/CW
C:\Users\sumit\Desktop\kavita_capstone\dataset\D\UD\7038-23.jpg,dataset/D/UD/7038-23.jpg,D,Deck,UD,Uncracked,0,D/UD
C:\Users\sumit\Desktop\kavita_capstone\dataset\W\CW\7125-183.jpg,dataset/W/CW/7125-183.jpg,W,Wall,CW,Cracked,1,W/CW
C:\Users\sumit\Desktop\kavita_capstone\dataset\P\UP\050-8.jpg,dataset/P/UP/050-8.jpg,P,Pavement,UP,Uncracked,0,P/UP
C:\Users\sumit\Desktop\kavita_capstone\dataset\D\UD\7045-234.jpg,dataset/D/UD/7045-234.jpg,D,Deck,UD,Uncracked,0,D/UD
C:\Users\sumit\Desktop\kavita_capstone\dataset\D\CD\7046-58.jpg,dataset/D/CD/7046-58.jpg,D,Deck,CD,Cracked,1,D/CD
C:\Users\sumit\Desktop\kavita_capstone\dataset\D\UD\7044-232.jpg,dataset/D/UD/7044-232.jpg,D,Deck,UD,Uncracked,0,D/UD
C:\Users\sumit\Desktop\kavita_capstone\dataset\D\UD\7037-143.jpg,dataset/D/UD/7037-143.jpg,D,Deck,UD,Uncracked,0,D/UD
C:\Users\sumit\Desktop\kavita_capstone\dataset\P\CP\046-79.jpg,dataset/P/CP/046-79.jpg,P,Pavement,CP,Cracked,1,P/CP
C:\Users\sumit\Desktop\kavita_capstone\dataset\D\UD\7057-245.jpg,dataset/D/UD/7057-245.jpg,D,Deck,UD,Uncracked,0,D/UD
C:\Users\sumit\Desktop\kavita_capstone\dataset\D\UD\7015-190.jpg,dataset/D/UD/7015-190.jpg,D,Deck,UD,Uncracked,0,D/UD
C:\Users\sumit\Desktop\kavita_capstone\dataset\P\CP\067-5.jpg,dataset/P/CP/067-5.jpg,P,Pavement,CP,Cracked,1,P/CP
C:\Users\sumit\Desktop\kavita_capstone\dataset\P\CP\073-48.jpg,dataset/P/CP/073-48.jpg,P,Pavement,CP,Cracked,1,P/CP
C:\Users\sumit\Desktop\kavita_capstone\dataset\P\UP\090-166.jpg,dataset/P/UP/090-166.jpg,P,Pavement,UP,Uncracked,0,P/UP
C:\Users\sumit\Desktop\kavita_capstone\dataset\D\UD\7040-176.jpg,dataset/D/UD/7040-176.jpg,D,Deck,UD,Uncracked,0,D/UD
C:\Users\sumit\Desktop\kavita_capstone\dataset\D\CD\7016-70.jpg,dataset/D/CD/7016-70.jpg,D,Deck,CD,Cracked,1,D/CD
C:\Users\sumit\Desktop\kavita_capstone\dataset\D\UD\7010-150.jpg,dataset/D/UD/7010-150.jpg,D,Deck,UD,Uncracked,0,D/UD
C:\Users\sumit\Desktop\kavita_capstone\dataset\P\UP\051-122.jpg,dataset/P/UP/051-122.jpg,P,Pavement,UP,Uncracked,0,P/UP
C:\Users\sumit\Desktop\kavita_capstone\dataset\P\CP\038-73.jpg,dataset/P/CP/038-73.jpg,P,Pavement,CP,Cracked,1,P/CP
C:\Users\sumit\Desktop\kavita_capstone\dataset\W\CW\7138-189.jpg,dataset/W/CW/7138-189.jpg,W,Wall,CW,Cracked,1,W/CW
C:\Users\sumit\Desktop\kavita_capstone\dataset\P\UP\037-183.jpg,dataset/P/UP/037-183.jpg,P,Pavement,UP,Uncracked,0,P/UP
C:\Users\sumit\Desktop\kavita_capstone\dataset\D\UD\7050-7.jpg,dataset/D/UD/7050-7.jpg,D,Deck,UD,Uncracked,0,D/UD
C:\Users\sumit\Desktop\kavita_capstone\dataset\W\CW\7089-75.jpg,dataset/W/CW/7089-75.jpg,W,Wall,CW,Cracked,1,W/CW
C:\Users\sumit\Desktop\kavita_capstone\dataset\D\CD\7002-59.jpg,dataset/D/CD/7002-59.jpg,D,Deck,CD,Cracked,1,D/CD
C:\Users\sumit\Desktop\kavita_capstone\dataset\D\CD\7041-30.jpg,dataset/D/CD/7041-30.jpg,D,Deck,CD,Cracked,1,D/CD
C:\Users\sumit\Desktop\kavita_capstone\dataset\D\UD\7051-68.jpg,dataset/D/UD/7051-68.jpg,D,Deck,UD,Uncracked,0,D/UD
C:\Users\sumit\Desktop\kavita_capstone\dataset\P\UP\066-48.jpg,dataset/P/UP/066-48.jpg,P,Pavement,UP,Uncracked,0,P/UP
C:\Users\sumit\Desktop\kavita_capstone\dataset\P\CP\103-24.jpg,dataset/P/CP/103-24.jpg,P,Pavement,CP,Cracked,1,P/CP
C:\Users\sumit\Desktop\kavita_capstone\dataset\W\CW\7080-10.jpg,dataset/W/CW/7080-10.jpg,W,Wall,CW,Cracked,1,W/CW
C:\Users\sumit\Desktop\kavita_capstone\dataset\D\UD\7017-233.jpg,dataset/D/UD/7017-233.jpg,D,Deck,UD,Uncracked,0,D/UD
C:\Users\sumit\Desktop\kavita_capstone\dataset\P\UP\072-19.jpg,dataset/P/UP/072-19.jpg,P,Pavement,UP,Uncracked,0,P/UP
C:\Users\sumit\Desktop\kavita_capstone\dataset\P\CP\007-68.jpg,dataset/P/CP/007-68.jpg,P,Pavement,CP,Cracked,1,P/CP
C:\Users\sumit\Desktop\kavita_capstone\dataset\P\UP\026-176.jpg,dataset/P/UP/026-176.jpg,P,Pavement,UP,Uncracked,0,P/UP
C:\Users\sumit\Desktop\kavita_capstone\dataset\P\CP\054-85.jpg,dataset/P/CP/054-85.jpg,P,Pavement,CP,Cracked,1,P/CP
C:\Users\sumit\Desktop\kavita_capstone\dataset\W\UW\7119-111.jpg,dataset/W/UW/7119-111.jpg,W,Wall,UW,Uncracked,0,W/UW
C:\Users\sumit\Desktop\kavita_capstone\dataset\D\CD\7016-100.jpg,dataset/D/CD/7016-100.jpg,D,Deck,CD,Cracked,1,D/CD
C:\Users\sumit\Desktop\kavita_capstone\dataset\P\UP\097-140.jpg,dataset/P/UP/097-140.jpg,P,Pavement,UP,Uncracked,0,P/UP
C:\Users\sumit\Desktop\kavita_capstone\dataset\P\CP\038-75.jpg,dataset/P/CP/038-75.jpg,P,Pavement,CP,Cracked,1,P/CP
C:\Users\sumit\Desktop\kavita_capstone\dataset\P\CP\037-123.jpg,dataset/P/CP/037-123.jpg,P,Pavement,CP,Cracked,1,P/CP
C:\Users\sumit\Desktop\kavita_capstone\dataset\P\CP\009-78.jpg,dataset/P/CP/009-78.jpg,P,Pavement,CP,Cracked,1,P/CP
C:\Users\sumit\Desktop\kavita_capstone\dataset\W\UW\7139-98.jpg,dataset/W/UW/7139-98.jpg,W,Wall,UW,Uncracked,0,W/UW
C:\Users\sumit\Desktop\kavita_capstone\dataset\W\CW\7119-224.jpg,dataset/W/CW/7119-224.jpg,W,Wall,CW,Cracked,1,W/CW
C:\Users\sumit\Desktop\kavita_capstone\dataset\D\UD\7014-249.jpg,dataset/D/UD/7014-249.jpg,D,Deck,UD,Uncracked,0,D/UD
C:\Users\sumit\Desktop\kavita_capstone\dataset\W\UW\7085-193.jpg,dataset/W/UW/7085-193.jpg,W,Wall,UW,Uncracked,0,W/UW
C:\Users\sumit\Desktop\kavita_capstone\dataset\P\UP\017-43.jpg,dataset/P/UP/017-43.jpg,P,Pavement,UP,Uncracked,0,P/UP
C:\Users\sumit\Desktop\kavita_capstone\dataset\P\CP\082-108.jpg,dataset/P/CP/082-108.jpg,P,Pavement,CP,Cracked,1,P/CP
C:\Users\sumit\Desktop\kavita_capstone\dataset\D\UD\7052-250.jpg,dataset/D/UD/7052-250.jpg,D,Deck,UD,Uncracked,0,D/UD
C:\Users\sumit\Desktop\kavita_capstone\dataset\W\UW\7093-213.jpg,dataset/W/UW/7093-213.jpg,W,Wall,UW,Uncracked,0,W/UW
C:\Users\sumit\Desktop\kavita_capstone\dataset\D\UD\7037-126.jpg,dataset/D/UD/7037-126.jpg,D,Deck,UD,Uncracked,0,D/UD
C:\Users\sumit\Desktop\kavita_capstone\dataset\D\CD\7033-217.jpg,dataset/D/CD/7033-217.jpg,D,Deck,CD,Cracked,1,D/CD
C:\Users\sumit\Desktop\kavita_capstone\dataset\W\UW\7082-158.jpg,dataset/W/UW/7082-158.jpg,W,Wall,UW,Uncracked,0,W/UW
C:\Users\sumit\Desktop\kavita_capstone\dataset\D\CD\7038-42.jpg,dataset/D/CD/7038-42.jpg,D,Deck,CD,Cracked,1,D/CD
C:\Users\sumit\Desktop\kavita_capstone\dataset\P\UP\093-82.jpg,dataset/P/UP/093-82.jpg,P,Pavement,UP,Uncracked,0,P/UP
C:\Users\sumit\Desktop\kavita_capstone\dataset\W\CW\7102-97.jpg,dataset/W/CW/7102-97.jpg,W,Wall,CW,Cracked,1,W/CW
C:\Users\sumit\Desktop\kavita_capstone\dataset\W\CW\7123-219.jpg,dataset/W/CW/7123-219.jpg,W,Wall,CW,Cracked,1,W/CW
C:\Users\sumit\Desktop\kavita_capstone\dataset\W\UW\7080-220.jpg,dataset/W/UW/7080-220.jpg,W,Wall,UW,Uncracked,0,W/UW
C:\Users\sumit\Desktop\kavita_capstone\dataset\D\CD\7011-8.jpg,dataset/D/CD/7011-8.jpg,D,Deck,CD,Cracked,1,D/CD
C:\Users\sumit\Desktop\kavita_capstone\dataset\D\UD\7030-41.jpg,dataset/D/UD/7030-41.jpg,D,Deck,UD,Uncracked,0,D/UD
C:\Users\sumit\Desktop\kavita_capstone\dataset\D\CD\7040-206.jpg,dataset/D/CD/7040-206.jpg,D,Deck,CD,Cracked,1,D/CD
C:\Users\sumit\Desktop\kavita_capstone\dataset\P\CP\068-87.jpg,dataset/P/CP/068-87.jpg,P,Pavement,CP,Cracked,1,P/CP
C:\Users\sumit\Desktop\kavita_capstone\dataset\D\UD\7038-151.jpg,dataset/D/UD/7038-151.jpg,D,Deck,UD,Uncracked,0,D/UD
C:\Users\sumit\Desktop\kavita_capstone\dataset\W\UW\7076-224.jpg,dataset/W/UW/7076-224.jpg,W,Wall,UW,Uncracked,0,W/UW
C:\Users\sumit\Desktop\kavita_capstone\dataset\P\CP\059-103.jpg,dataset/P/CP/059-103.jpg,P,Pavement,CP,Cracked,1,P/CP
C:\Users\sumit\Desktop\kavita_capstone\dataset\W\UW\7130-45.jpg,dataset/W/UW/7130-45.jpg,W,Wall,UW,Uncracked,0,W/UW
C:\Users\sumit\Desktop\kavita_capstone\dataset\W\CW\7077-62.jpg,dataset/W/CW/7077-62.jpg,W,Wall,CW,Cracked,1,W/CW
C:\Users\sumit\Desktop\kavita_capstone\dataset\D\CD\7047-25.jpg,dataset/D/CD/7047-25.jpg,D,Deck,CD,Cracked,1,D/CD
C:\Users\sumit\Desktop\kavita_capstone\dataset\P\UP\042-206.jpg,dataset/P/UP/042-206.jpg,P,Pavement,UP,Uncracked,0,P/UP
C:\Users\sumit\Desktop\kavita_capstone\dataset\W\UW\7120-129.jpg,dataset/W/UW/7120-129.jpg,W,Wall,UW,Uncracked,0,W/UW
C:\Users\sumit\Desktop\kavita_capstone\dataset\W\CW\7070-36.jpg,dataset/W/CW/7070-36.jpg,W,Wall,CW,Cracked,1,W/CW
C:\Users\sumit\Desktop\kavita_capstone\dataset\W\CW\7083-190.jpg,dataset/W/CW/7083-190.jpg,W,Wall,CW,Cracked,1,W/CW
C:\Users\sumit\Desktop\kavita_capstone\dataset\D\CD\7050-51.jpg,dataset/D/CD/7050-51.jpg,D,Deck,CD,Cracked,1,D/CD
C:\Users\sumit\Desktop\kavita_capstone\dataset\P\UP\046-40.jpg,dataset/P/UP/046-40.jpg,P,Pavement,UP,Uncracked,0,P/UP
C:\Users\sumit\Desktop\kavita_capstone\dataset\D\CD\7016-207.jpg,dataset/D/CD/7016-207.jpg,D,Deck,CD,Cracked,1,D/CD
C:\Users\sumit\Desktop\kavita_capstone\dataset\W\CW\7084-67.jpg,dataset/W/CW/7084-67.jpg,W,Wall,CW,Cracked,1,W/CW
C:\Users\sumit\Desktop\kavita_capstone\dataset\W\CW\7069-172.jpg,dataset/W/CW/7069-172.jpg,W,Wall,CW,Cracked,1,W/CW
C:\Users\sumit\Desktop\kavita_capstone\dataset\D\CD\7047-129.jpg,dataset/D/CD/7047-129.jpg,D,Deck,CD,Cracked,1,D/CD
C:\Users\sumit\Desktop\kavita_capstone\dataset\W\UW\7134-26.jpg,dataset/W/UW/7134-26.jpg,W,Wall,UW,Uncracked,0,W/UW
C:\Users\sumit\Desktop\kavita_capstone\dataset\D\UD\7044-227.jpg,dataset/D/UD/7044-227.jpg,D,Deck,UD,Uncracked,0,D/UD
C:\Users\sumit\Desktop\kavita_capstone\dataset\D\UD\7015-189.jpg,dataset/D/UD/7015-189.jpg,D,Deck,UD,Uncracked,0,D/UD
C:\Users\sumit\Desktop\kavita_capstone\dataset\P\UP\081-63.jpg,dataset/P/UP/081-63.jpg,P,Pavement,UP,Uncracked,0,P/UP
C:\Users\sumit\Desktop\kavita_capstone\dataset\W\UW\7103-114.jpg,dataset/W/UW/7103-114.jpg,W,Wall,UW,Uncracked,0,W/UW
C:\Users\sumit\Desktop\kavita_capstone\dataset\P\UP\017-57.jpg,dataset/P/UP/017-57.jpg,P,Pavement,UP,Uncracked,0,P/UP
C:\Users\sumit\Desktop\kavita_capstone\dataset\P\CP\100-3.jpg,dataset/P/CP/100-3.jpg,P,Pavement,CP,Cracked,1,P/CP
C:\Users\sumit\Desktop\kavita_capstone\dataset\P\UP\018-140.jpg,dataset/P/UP/018-140.jpg,P,Pavement,UP,Uncracked,0,P/UP
C:\Users\sumit\Desktop\kavita_capstone\dataset\D\UD\7034-42.jpg,dataset/D/UD/7034-42.jpg,D,Deck,UD,Uncracked,0,D/UD
C:\Users\sumit\Desktop\kavita_capstone\dataset\D\CD\7029-140.jpg,dataset/D/CD/7029-140.jpg,D,Deck,CD,Cracked,1,D/CD
C:\Users\sumit\Desktop\kavita_capstone\dataset\W\UW\7121-240.jpg,dataset/W/UW/7121-240.jpg,W,Wall,UW,Uncracked,0,W/UW
C:\Users\sumit\Desktop\kavita_capstone\dataset\P\CP\060-76.jpg,dataset/P/CP/060-76.jpg,P,Pavement,CP,Cracked,1,P/CP
C:\Users\sumit\Desktop\kavita_capstone\dataset\D\UD\7007-227.jpg,dataset/D/UD/7007-227.jpg,D,Deck,UD,Uncracked,0,D/UD
C:\Users\sumit\Desktop\kavita_capstone\dataset\D\UD\7026-213.jpg,dataset/D/UD/7026-213.jpg,D,Deck,UD,Uncracked,0,D/UD
C:\Users\sumit\Desktop\kavita_capstone\dataset\W\UW\7077-166.jpg,dataset/W/UW/7077-166.jpg,W,Wall,UW,Uncracked,0,W/UW
C:\Users\sumit\Desktop\kavita_capstone\dataset\W\CW\7088-164.jpg,dataset/W/CW/7088-164.jpg,W,Wall,CW,Cracked,1,W/CW
C:\Users\sumit\Desktop\kavita_capstone\dataset\W\CW\7115-66.jpg,dataset/W/CW/7115-66.jpg,W,Wall,CW,Cracked,1,W/CW
C:\Users\sumit\Desktop\kavita_capstone\dataset\D\CD\7007-204.jpg,dataset/D/CD/7007-204.jpg,D,Deck,CD,Cracked,1,D/CD
C:\Users\sumit\Desktop\kavita_capstone\dataset\D\CD\7039-158.jpg,dataset/D/CD/7039-158.jpg,D,Deck,CD,Cracked,1,D/CD
C:\Users\sumit\Desktop\kavita_capstone\dataset\P\CP\079-142.jpg,dataset/P/CP/079-142.jpg,P,Pavement,CP,Cracked,1,P/CP
C:\Users\sumit\Desktop\kavita_capstone\dataset\D\UD\7032-193.jpg,dataset/D/UD/7032-193.jpg,D,Deck,UD,Uncracked,0,D/UD
C:\Users\sumit\Desktop\kavita_capstone\dataset\P\UP\087-118.jpg,dataset/P/UP/087-118.jpg,P,Pavement,UP,Uncracked,0,P/UP
C:\Users\sumit\Desktop\kavita_capstone\dataset\W\UW\7126-19.jpg,dataset/W/UW/7126-19.jpg,W,Wall,UW,Uncracked,0,W/UW
C:\Users\sumit\Desktop\kavita_capstone\dataset\D\UD\7033-237.jpg,dataset/D/UD/7033-237.jpg,D,Deck,UD,Uncracked,0,D/UD
C:\Users\sumit\Desktop\kavita_capstone\dataset\P\UP\076-211.jpg,dataset/P/UP/076-211.jpg,P,Pavement,UP,Uncracked,0,P/UP
C:\Users\sumit\Desktop\kavita_capstone\dataset\P\UP\007-116.jpg,dataset/P/UP/007-116.jpg,P,Pavement,UP,Uncracked,0,P/UP
C:\Users\sumit\Desktop\kavita_capstone\dataset\D\UD\7012-93.jpg,dataset/D/UD/7012-93.jpg,D,Deck,UD,Uncracked,0,D/UD
C:\Users\sumit\Desktop\kavita_capstone\dataset\W\UW\7103-90.jpg,dataset/W/UW/7103-90.jpg,W,Wall,UW,Uncracked,0,W/UW
C:\Users\sumit\Desktop\kavita_capstone\dataset\W\UW\7132-48.jpg,dataset/W/UW/7132-48.jpg,W,Wall,UW,Uncracked,0,W/UW
C:\Users\sumit\Desktop\kavita_capstone\dataset\W\UW\7093-100.jpg,dataset/W/UW/7093-100.jpg,W,Wall,UW,Uncracked,0,W/UW
C:\Users\sumit\Desktop\kavita_capstone\dataset\D\UD\7035-84.jpg,dataset/D/UD/7035-84.jpg,D,Deck,UD,Uncracked,0,D/UD
C:\Users\sumit\Desktop\kavita_capstone\dataset\D\UD\7020-215.jpg,dataset/D/UD/7020-215.jpg,D,Deck,UD,Uncracked,0,D/UD
C:\Users\sumit\Desktop\kavita_capstone\dataset\W\UW\7128-55.jpg,dataset/W/UW/7128-55.jpg,W,Wall,UW,Uncracked,0,W/UW
C:\Users\sumit\Desktop\kavita_capstone\dataset\W\UW\7138-126.jpg,dataset/W/UW/7138-126.jpg,W,Wall,UW,Uncracked,0,W/UW
C:\Users\sumit\Desktop\kavita_capstone\dataset\D\CD\7022-242.jpg,dataset/D/CD/7022-242.jpg,D,Deck,CD,Cracked,1,D/CD
C:\Users\sumit\Desktop\kavita_capstone\dataset\W\CW\7085-150.jpg,dataset/W/CW/7085-150.jpg,W,Wall,CW,Cracked,1,W/CW
C:\Users\sumit\Desktop\kavita_capstone\dataset\P\CP\072-102.jpg,dataset/P/CP/072-102.jpg,P,Pavement,CP,Cracked,1,P/CP
C:\Users\sumit\Desktop\kavita_capstone\dataset\P\CP\028-56.jpg,dataset/P/CP/028-56.jpg,P,Pavement,CP,Cracked,1,P/CP
C:\Users\sumit\Desktop\kavita_capstone\dataset\P\UP\102-56.jpg,dataset/P/UP/102-56.jpg,P,Pavement,UP,Uncracked,0,P/UP
C:\Users\sumit\Desktop\kavita_capstone\dataset\D\CD\7021-98.jpg,dataset/D/CD/7021-98.jpg,D,Deck,CD,Cracked,1,D/CD
C:\Users\sumit\Desktop\kavita_capstone\dataset\P\UP\002-108.jpg,dataset/P/UP/002-108.jpg,P,Pavement,UP,Uncracked,0,P/UP
C:\Users\sumit\Desktop\kavita_capstone\dataset\D\CD\7009-75.jpg,dataset/D/CD/7009-75.jpg,D,Deck,CD,Cracked,1,D/CD
C:\Users\sumit\Desktop\kavita_capstone\dataset\P\CP\084-48.jpg,dataset/P/CP/084-48.jpg,P,Pavement,CP,Cracked,1,P/CP
C:\Users\sumit\Desktop\kavita_capstone\dataset\P\CP\101-111.jpg,dataset/P/CP/101-111.jpg,P,Pavement,CP,Cracked,1,P/CP
C:\Users\sumit\Desktop\kavita_capstone\dataset\P\CP\081-197.jpg,dataset/P/CP/081-197.jpg,P,Pavement,CP,Cracked,1,P/CP
C:\Users\sumit\Desktop\kavita_capstone\dataset\W\CW\7078-105.jpg,dataset/W/CW/7078-105.jpg,W,Wall,CW,Cracked,1,W/CW
C:\Users\sumit\Desktop\kavita_capstone\dataset\W\UW\7118-5.jpg,dataset/W/UW/7118-5.jpg,W,Wall,UW,Uncracked,0,W/UW
C:\Users\sumit\Desktop\kavita_capstone\dataset\P\UP\027-225.jpg,dataset/P/UP/027-225.jpg,P,Pavement,UP,Uncracked,0,P/UP
C:\Users\sumit\Desktop\kavita_capstone\dataset\D\CD\7024-80.jpg,dataset/D/CD/7024-80.jpg,D,Deck,CD,Cracked,1,D/CD
C:\Users\sumit\Desktop\kavita_capstone\dataset\W\UW\7105-66.jpg,dataset/W/UW/7105-66.jpg,W,Wall,UW,Uncracked,0,W/UW
C:\Users\sumit\Desktop\kavita_capstone\dataset\D\CD\7050-36.jpg,dataset/D/CD/7050-36.jpg,D,Deck,CD,Cracked,1,D/CD
C:\Users\sumit\Desktop\kavita_capstone\dataset\D\UD\7050-145.jpg,dataset/D/UD/7050-145.jpg,D,Deck,UD,Uncracked,0,D/UD
C:\Users\sumit\Desktop\kavita_capstone\dataset\D\UD\7008-32.jpg,dataset/D/UD/7008-32.jpg,D,Deck,UD,Uncracked,0,D/UD
C:\Users\sumit\Desktop\kavita_capstone\dataset\P\CP\080-227.jpg,dataset/P/CP/080-227.jpg,P,Pavement,CP,Cracked,1,P/CP
C:\Users\sumit\Desktop\kavita_capstone\dataset\W\CW\7115-151.jpg,dataset/W/CW/7115-151.jpg,W,Wall,CW,Cracked,1,W/CW
C:\Users\sumit\Desktop\kavita_capstone\dataset\D\UD\7051-25.jpg,dataset/D/UD/7051-25.jpg,D,Deck,UD,Uncracked,0,D/UD
C:\Users\sumit\Desktop\kavita_capstone\dataset\D\CD\7019-96.jpg,dataset/D/CD/7019-96.jpg,D,Deck,CD,Cracked,1,D/CD
C:\Users\sumit\Desktop\kavita_capstone\dataset\W\CW\7089-229.jpg,dataset/W/CW/7089-229.jpg,W,Wall,CW,Cracked,1,W/CW
C:\Users\sumit\Desktop\kavita_capstone\dataset\D\CD\7043-36.jpg,dataset/D/CD/7043-36.jpg,D,Deck,CD,Cracked,1,D/CD
C:\Users\sumit\Desktop\kavita_capstone\dataset\P\UP\025-163.jpg,dataset/P/UP/025-163.jpg,P,Pavement,UP,Uncracked,0,P/UP
C:\Users\sumit\Desktop\kavita_capstone\dataset\D\UD\7031-243.jpg,dataset/D/UD/7031-243.jpg,D,Deck,UD,Uncracked,0,D/UD
C:\Users\sumit\Desktop\kavita_capstone\dataset\P\UP\058-210.jpg,dataset/P/UP/058-210.jpg,P,Pavement,UP,Uncracked,0,P/UP
C:\Users\sumit\Desktop\kavita_capstone\dataset\P\CP\031-120.jpg,dataset/P/CP/031-120.jpg,P,Pavement,CP,Cracked,1,P/CP
C:\Users\sumit\Desktop\kavita_capstone\dataset\P\CP\031-80.jpg,dataset/P/CP/031-80.jpg,P,Pavement,CP,Cracked,1,P/CP
C:\Users\sumit\Desktop\kavita_capstone\dataset\W\UW\7100-248.jpg,dataset/W/UW/7100-248.jpg,W,Wall,UW,Uncracked,0,W/UW
C:\Users\sumit\Desktop\kavita_capstone\dataset\P\CP\008-166.jpg,dataset/P/CP/008-166.jpg,P,Pavement,CP,Cracked,1,P/CP
C:\Users\sumit\Desktop\kavita_capstone\dataset\D\UD\7040-108.jpg,dataset/D/UD/7040-108.jpg,D,Deck,UD,Uncracked,0,D/UD
C:\Users\sumit\Desktop\kavita_capstone\dataset\W\CW\7113-75.jpg,dataset/W/CW/7113-75.jpg,W,Wall,CW,Cracked,1,W/CW
C:\Users\sumit\Desktop\kavita_capstone\dataset\P\CP\043-65.jpg,dataset/P/CP/043-65.jpg,P,Pavement,CP,Cracked,1,P/CP
C:\Users\sumit\Desktop\kavita_capstone\dataset\P\CP\005-223.jpg,dataset/P/CP/005-223.jpg,P,Pavement,CP,Cracked,1,P/CP
C:\Users\sumit\Desktop\kavita_capstone\dataset\D\CD\7001-22.jpg,dataset/D/CD/7001-22.jpg,D,Deck,CD,Cracked,1,D/CD
C:\Users\sumit\Desktop\kavita_capstone\dataset\D\CD\7012-204.jpg,dataset/D/CD/7012-204.jpg,D,Deck,CD,Cracked,1,D/CD
C:\Users\sumit\Desktop\kavita_capstone\dataset\P\UP\028-191.jpg,dataset/P/UP/028-191.jpg,P,Pavement,UP,Uncracked,0,P/UP
C:\Users\sumit\Desktop\kavita_capstone\dataset\P\CP\058-74.jpg,dataset/P/CP/058-74.jpg,P,Pavement,CP,Cracked,1,P/CP
C:\Users\sumit\Desktop\kavita_capstone\dataset\D\CD\7017-164.jpg,dataset/D/CD/7017-164.jpg,D,Deck,CD,Cracked,1,D/CD
C:\Users\sumit\Desktop\kavita_capstone\dataset\D\UD\7001-106.jpg,dataset/D/UD/7001-106.jpg,D,Deck,UD,Uncracked,0,D/UD
C:\Users\sumit\Desktop\kavita_capstone\dataset\D\CD\7039-157.jpg,dataset/D/CD/7039-157.jpg,D,Deck,CD,Cracked,1,D/CD
C:\Users\sumit\Desktop\kavita_capstone\dataset\P\UP\096-65.jpg,dataset/P/UP/096-65.jpg,P,Pavement,UP,Uncracked,0,P/UP
C:\Users\sumit\Desktop\kavita_capstone\dataset\P\UP\065-127.jpg,dataset/P/UP/065-127.jpg,P,Pavement,UP,Uncracked,0,P/UP
C:\Users\sumit\Desktop\kavita_capstone\dataset\W\CW\7119-241.jpg,dataset/W/CW/7119-241.jpg,W,Wall,CW,Cracked,1,W/CW
C:\Users\sumit\Desktop\kavita_capstone\dataset\W\UW\7139-84.jpg,dataset/W/UW/7139-84.jpg,W,Wall,UW,Uncracked,0,W/UW
C:\Users\sumit\Desktop\kavita_capstone\dataset\W\UW\7086-40.jpg,dataset/W/UW/7086-40.jpg,W,Wall,UW,Uncracked,0,W/UW
C:\Users\sumit\Desktop\kavita_capstone\dataset\W\UW\7139-5.jpg,dataset/W/UW/7139-5.jpg,W,Wall,UW,Uncracked,0,W/UW
C:\Users\sumit\Desktop\kavita_capstone\dataset\P\CP\071-67.jpg,dataset/P/CP/071-67.jpg,P,Pavement,CP,Cracked,1,P/CP
C:\Users\sumit\Desktop\kavita_capstone\dataset\P\UP\038-123.jpg,dataset/P/UP/038-123.jpg,P,Pavement,UP,Uncracked,0,P/UP
C:\Users\sumit\Desktop\kavita_capstone\dataset\D\CD\7015-211.jpg,dataset/D/CD/7015-211.jpg,D,Deck,CD,Cracked,1,D/CD
C:\Users\sumit\Desktop\kavita_capstone\dataset\D\UD\7013-67.jpg,dataset/D/UD/7013-67.jpg,D,Deck,UD,Uncracked,0,D/UD
C:\Users\sumit\Desktop\kavita_capstone\dataset\W\CW\7114-130.jpg,dataset/W/CW/7114-130.jpg,W,Wall,CW,Cracked,1,W/CW
C:\Users\sumit\Desktop\kavita_capstone\dataset\W\CW\7077-150.jpg,dataset/W/CW/7077-150.jpg,W,Wall,CW,Cracked,1,W/CW
C:\Users\sumit\Desktop\kavita_capstone\dataset\D\CD\7051-64.jpg,dataset/D/CD/7051-64.jpg,D,Deck,CD,Cracked,1,D/CD
C:\Users\sumit\Desktop\kavita_capstone\dataset\W\CW\7123-77.jpg,dataset/W/CW/7123-77.jpg,W,Wall,CW,Cracked,1,W/CW
C:\Users\sumit\Desktop\kavita_capstone\dataset\P\CP\040-101.jpg,dataset/P/CP/040-101.jpg,P,Pavement,CP,Cracked,1,P/CP
C:\Users\sumit\Desktop\kavita_capstone\dataset\D\UD\7039-43.jpg,dataset/D/UD/7039-43.jpg,D,Deck,UD,Uncracked,0,D/UD
C:\Users\sumit\Desktop\kavita_capstone\dataset\D\CD\7049-224.jpg,dataset/D/CD/7049-224.jpg,D,Deck,CD,Cracked,1,D/CD
C:\Users\sumit\Desktop\kavita_capstone\dataset\W\CW\7100-249.jpg,dataset/W/CW/7100-249.jpg,W,Wall,CW,Cracked,1,W/CW
C:\Users\sumit\Desktop\kavita_capstone\dataset\W\UW\7120-33.jpg,dataset/W/UW/7120-33.jpg,W,Wall,UW,Uncracked,0,W/UW
C:\Users\sumit\Desktop\kavita_capstone\dataset\P\CP\014-41.jpg,dataset/P/CP/014-41.jpg,P,Pavement,CP,Cracked,1,P/CP
C:\Users\sumit\Desktop\kavita_capstone\dataset\P\UP\046-140.jpg,dataset/P/UP/046-140.jpg,P,Pavement,UP,Uncracked,0,P/UP
C:\Users\sumit\Desktop\kavita_capstone\dataset\P\UP\083-134.jpg,dataset/P/UP/083-134.jpg,P,Pavement,UP,Uncracked,0,P/UP
C:\Users\sumit\Desktop\kavita_capstone\dataset\W\CW\7077-123.jpg,dataset/W/CW/7077-123.jpg,W,Wall,CW,Cracked,1,W/CW
C:\Users\sumit\Desktop\kavita_capstone\dataset\D\UD\7012-113.jpg,dataset/D/UD/7012-113.jpg,D,Deck,UD,Uncracked,0,D/UD
C:\Users\sumit\Desktop\kavita_capstone\dataset\P\CP\094-84.jpg,dataset/P/CP/094-84.jpg,P,Pavement,CP,Cracked,1,P/CP
C:\Users\sumit\Desktop\kavita_capstone\dataset\W\UW\7117-212.jpg,dataset/W/UW/7117-212.jpg,W,Wall,UW,Uncracked,0,W/UW
C:\Users\sumit\Desktop\kavita_capstone\dataset\W\UW\7136-33.jpg,dataset/W/UW/7136-33.jpg,W,Wall,UW,Uncracked,0,W/UW
C:\Users\sumit\Desktop\kavita_capstone\dataset\W\CW\7122-201.jpg,dataset/W/CW/7122-201.jpg,W,Wall,CW,Cracked,1,W/CW
C:\Users\sumit\Desktop\kavita_capstone\dataset\P\CP\003-96.jpg,dataset/P/CP/003-96.jpg,P,Pavement,CP,Cracked,1,P/CP
C:\Users\sumit\Desktop\kavita_capstone\dataset\P\CP\093-81.jpg,dataset/P/CP/093-81.jpg,P,Pavement,CP,Cracked,1,P/CP
C:\Users\sumit\Desktop\kavita_capstone\dataset\P\CP\099-93.jpg,dataset/P/CP/099-93.jpg,P,Pavement,CP,Cracked,1,P/CP
C:\Users\sumit\Desktop\kavita_capstone\dataset\W\CW\7085-130.jpg,dataset/W/CW/7085-130.jpg,W,Wall,CW,Cracked,1,W/CW
C:\Users\sumit\Desktop\kavita_capstone\dataset\D\UD\7051-243.jpg,dataset/D/UD/7051-243.jpg,D,Deck,UD,Uncracked,0,D/UD
C:\Users\sumit\Desktop\kavita_capstone\dataset\W\UW\7136-121.jpg,dataset/W/UW/7136-121.jpg,W,Wall,UW,Uncracked,0,W/UW
C:\Users\sumit\Desktop\kavita_capstone\dataset\P\UP\063-75.jpg,dataset/P/UP/063-75.jpg,P,Pavement,UP,Uncracked,0,P/UP
C:\Users\sumit\Desktop\kavita_capstone\dataset\P\CP\027-140.jpg,dataset/P/CP/027-140.jpg,P,Pavement,CP,Cracked,1,P/CP
C:\Users\sumit\Desktop\kavita_capstone\dataset\D\UD\7006-240.jpg,dataset/D/UD/7006-240.jpg,D,Deck,UD,Uncracked,0,D/UD
C:\Users\sumit\Desktop\kavita_capstone\dataset\P\UP\096-30.jpg,dataset/P/UP/096-30.jpg,P,Pavement,UP,Uncracked,0,P/UP
C:\Users\sumit\Desktop\kavita_capstone\dataset\W\CW\7127-115.jpg,dataset/W/CW/7127-115.jpg,W,Wall,CW,Cracked,1,W/CW
C:\Users\sumit\Desktop\kavita_capstone\dataset\P\UP\104-200.jpg,dataset/P/UP/104-200.jpg,P,Pavement,UP,Uncracked,0,P/UP
C:\Users\sumit\Desktop\kavita_capstone\dataset\D\UD\7052-249.jpg,dataset/D/UD/7052-249.jpg,D,Deck,UD,Uncracked,0,D/UD
C:\Users\sumit\Desktop\kavita_capstone\dataset\W\CW\7108-117.jpg,dataset/W/CW/7108-117.jpg,W,Wall,CW,Cracked,1,W/CW
C:\Users\sumit\Desktop\kavita_capstone\dataset\D\CD\7028-35.jpg,dataset/D/CD/7028-35.jpg,D,Deck,CD,Cracked,1,D/CD
C:\Users\sumit\Desktop\kavita_capstone\dataset\W\UW\7073-76.jpg,dataset/W/UW/7073-76.jpg,W,Wall,UW,Uncracked,0,W/UW
C:\Users\sumit\Desktop\kavita_capstone\dataset\D\CD\7038-108.jpg,dataset/D/CD/7038-108.jpg,D,Deck,CD,Cracked,1,D/CD
C:\Users\sumit\Desktop\kavita_capstone\dataset\W\UW\7136-46.jpg,dataset/W/UW/7136-46.jpg,W,Wall,UW,Uncracked,0,W/UW
C:\Users\sumit\Desktop\kavita_capstone\dataset\W\UW\7120-235.jpg,dataset/W/UW/7120-235.jpg,W,Wall,UW,Uncracked,0,W/UW
C:\Users\sumit\Desktop\kavita_capstone\dataset\D\UD\7036-104.jpg,dataset/D/UD/7036-104.jpg,D,Deck,UD,Uncracked,0,D/UD
C:\Users\sumit\Desktop\kavita_capstone\dataset\P\CP\079-76.jpg,dataset/P/CP/079-76.jpg,P,Pavement,CP,Cracked,1,P/CP
C:\Users\sumit\Desktop\kavita_capstone\dataset\P\CP\047-118.jpg,dataset/P/CP/047-118.jpg,P,Pavement,CP,Cracked,1,P/CP
C:\Users\sumit\Desktop\kavita_capstone\dataset\W\CW\7112-134.jpg,dataset/W/CW/7112-134.jpg,W,Wall,CW,Cracked,1,W/CW
C:\Users\sumit\Desktop\kavita_capstone\dataset\P\CP\095-41.jpg,dataset/P/CP/095-41.jpg,P,Pavement,CP,Cracked,1,P/CP
C:\Users\sumit\Desktop\kavita_capstone\dataset\P\CP\007-103.jpg,dataset/P/CP/007-103.jpg,P,Pavement,CP,Cracked,1,P/CP
C:\Users\sumit\Desktop\kavita_capstone\dataset\W\CW\7096-116.jpg,dataset/W/CW/7096-116.jpg,W,Wall,CW,Cracked,1,W/CW
C:\Users\sumit\Desktop\kavita_capstone\dataset\W\CW\7089-200.jpg,dataset/W/CW/7089-200.jpg,W,Wall,CW,Cracked,1,W/CW
C:\Users\sumit\Desktop\kavita_capstone\dataset\D\CD\7048-68.jpg,dataset/D/CD/7048-68.jpg,D,Deck,CD,Cracked,1,D/CD
C:\Users\sumit\Desktop\kavita_capstone\dataset\D\CD\7005-61.jpg,dataset/D/CD/7005-61.jpg,D,Deck,CD,Cracked,1,D/CD
C:\Users\sumit\Desktop\kavita_capstone\dataset\P\CP\036-84.jpg,dataset/P/CP/036-84.jpg,P,Pavement,CP,Cracked,1,P/CP
C:\Users\sumit\Desktop\kavita_capstone\dataset\W\CW\7069-43.jpg,dataset/W/CW/7069-43.jpg,W,Wall,CW,Cracked,1,W/CW
C:\Users\sumit\Desktop\kavita_capstone\dataset\W\UW\7076-90.jpg,dataset/W/UW/7076-90.jpg,W,Wall,UW,Uncracked,0,W/UW
C:\Users\sumit\Desktop\kavita_capstone\dataset\D\UD\7014-42.jpg,dataset/D/UD/7014-42.jpg,D,Deck,UD,Uncracked,0,D/UD
C:\Users\sumit\Desktop\kavita_capstone\dataset\P\UP\057-110.jpg,dataset/P/UP/057-110.jpg,P,Pavement,UP,Uncracked,0,P/UP
C:\Users\sumit\Desktop\kavita_capstone\dataset\W\UW\7133-72.jpg,dataset/W/UW/7133-72.jpg,W,Wall,UW,Uncracked,0,W/UW
C:\Users\sumit\Desktop\kavita_capstone\dataset\D\CD\7007-146.jpg,dataset/D/CD/7007-146.jpg,D,Deck,CD,Cracked,1,D/CD
C:\Users\sumit\Desktop\kavita_capstone\dataset\W\CW\7095-26.jpg,dataset/W/CW/7095-26.jpg,W,Wall,CW,Cracked,1,W/CW
C:\Users\sumit\Desktop\kavita_capstone\dataset\W\CW\7070-96.jpg,dataset/W/CW/7070-96.jpg,W,Wall,CW,Cracked,1,W/CW
C:\Users\sumit\Desktop\kavita_capstone\dataset\D\CD\7048-69.jpg,dataset/D/CD/7048-69.jpg,D,Deck,CD,Cracked,1,D/CD
C:\Users\sumit\Desktop\kavita_capstone\dataset\W\CW\7126-147.jpg,dataset/W/CW/7126-147.jpg,W,Wall,CW,Cracked,1,W/CW
C:\Users\sumit\Desktop\kavita_capstone\dataset\P\CP\020-109.jpg,dataset/P/CP/020-109.jpg,P,Pavement,CP,Cracked,1,P/CP
C:\Users\sumit\Desktop\kavita_capstone\dataset\W\UW\7075-101.jpg,dataset/W/UW/7075-101.jpg,W,Wall,UW,Uncracked,0,W/UW
C:\Users\sumit\Desktop\kavita_capstone\dataset\D\CD\7020-62.jpg,dataset/D/CD/7020-62.jpg,D,Deck,CD,Cracked,1,D/CD
C:\Users\sumit\Desktop\kavita_capstone\dataset\W\UW\7085-128.jpg,dataset/W/UW/7085-128.jpg,W,Wall,UW,Uncracked,0,W/UW
C:\Users\sumit\Desktop\kavita_capstone\dataset\W\CW\7076-145.jpg,dataset/W/CW/7076-145.jpg,W,Wall,CW,Cracked,1,W/CW
C:\Users\sumit\Desktop\kavita_capstone\dataset\W\UW\7119-42.jpg,dataset/W/UW/7119-42.jpg,W,Wall,UW,Uncracked,0,W/UW
C:\Users\sumit\Desktop\kavita_capstone\dataset\D\UD\7003-48.jpg,dataset/D/UD/7003-48.jpg,D,Deck,UD,Uncracked,0,D/UD
C:\Users\sumit\Desktop\kavita_capstone\dataset\D\CD\7036-197.jpg,dataset/D/CD/7036-197.jpg,D,Deck,CD,Cracked,1,D/CD
C:\Users\sumit\Desktop\kavita_capstone\dataset\D\CD\7052-44.jpg,dataset/D/CD/7052-44.jpg,D,Deck,CD,Cracked,1,D/CD
C:\Users\sumit\Desktop\kavita_capstone\dataset\D\UD\7012-138.jpg,dataset/D/UD/7012-138.jpg,D,Deck,UD,Uncracked,0,D/UD
C:\Users\sumit\Desktop\kavita_capstone\dataset\P\UP\066-157.jpg,dataset/P/UP/066-157.jpg,P,Pavement,UP,Uncracked,0,P/UP
C:\Users\sumit\Desktop\kavita_capstone\dataset\D\UD\7030-161.jpg,dataset/D/UD/7030-161.jpg,D,Deck,UD,Uncracked,0,D/UD
C:\Users\sumit\Desktop\kavita_capstone\dataset\D\CD\7035-115.jpg,dataset/D/CD/7035-115.jpg,D,Deck,CD,Cracked,1,D/CD
C:\Users\sumit\Desktop\kavita_capstone\dataset\D\CD\7040-83.jpg,dataset/D/CD/7040-83.jpg,D,Deck,CD,Cracked,1,D/CD
C:\Users\sumit\Desktop\kavita_capstone\dataset\D\CD\7036-134.jpg,dataset/D/CD/7036-134.jpg,D,Deck,CD,Cracked,1,D/CD
C:\Users\sumit\Desktop\kavita_capstone\dataset\D\UD\7025-4.jpg,dataset/D/UD/7025-4.jpg,D,Deck,UD,Uncracked,0,D/UD
C:\Users\sumit\Desktop\kavita_capstone\dataset\D\CD\7007-203.jpg,dataset/D/CD/7007-203.jpg,D,Deck,CD,Cracked,1,D/CD
C:\Users\sumit\Desktop\kavita_capstone\dataset\W\CW\7079-171.jpg,dataset/W/CW/7079-171.jpg,W,Wall,CW,Cracked,1,W/CW
C:\Users\sumit\Desktop\kavita_capstone\dataset\P\UP\023-130.jpg,dataset/P/UP/023-130.jpg,P,Pavement,UP,Uncracked,0,P/UP
C:\Users\sumit\Desktop\kavita_capstone\dataset\W\CW\7078-196.jpg,dataset/W/CW/7078-196.jpg,W,Wall,CW,Cracked,1,W/CW
C:\Users\sumit\Desktop\kavita_capstone\dataset\W\CW\7085-87.jpg,dataset/W/CW/7085-87.jpg,W,Wall,CW,Cracked,1,W/CW
C:\Users\sumit\Desktop\kavita_capstone\dataset\P\UP\009-13.jpg,dataset/P/UP/009-13.jpg,P,Pavement,UP,Uncracked,0,P/UP
C:\Users\sumit\Desktop\kavita_capstone\dataset\W\UW\7133-139.jpg,dataset/W/UW/7133-139.jpg,W,Wall,UW,Uncracked,0,W/UW
C:\Users\sumit\Desktop\kavita_capstone\dataset\W\CW\7086-167.jpg,dataset/W/CW/7086-167.jpg,W,Wall,CW,Cracked,1,W/CW
C:\Users\sumit\Desktop\kavita_capstone\dataset\W\UW\7119-9.jpg,dataset/W/UW/7119-9.jpg,W,Wall,UW,Uncracked,0,W/UW
C:\Users\sumit\Desktop\kavita_capstone\dataset\D\UD\7047-103.jpg,dataset/D/UD/7047-103.jpg,D,Deck,UD,Uncracked,0,D/UD
C:\Users\sumit\Desktop\kavita_capstone\dataset\D\UD\7035-7.jpg,dataset/D/UD/7035-7.jpg,D,Deck,UD,Uncracked,0,D/UD
C:\Users\sumit\Desktop\kavita_capstone\dataset\P\UP\094-51.jpg,dataset/P/UP/094-51.jpg,P,Pavement,UP,Uncracked,0,P/UP
C:\Users\sumit\Desktop\kavita_capstone\dataset\W\UW\7114-12.jpg,dataset/W/UW/7114-12.jpg,W,Wall,UW,Uncracked,0,W/UW
C:\Users\sumit\Desktop\kavita_capstone\dataset\W\UW\7121-239.jpg,dataset/W/UW/7121-239.jpg,W,Wall,UW,Uncracked,0,W/UW
C:\Users\sumit\Desktop\kavita_capstone\dataset\P\CP\027-158.jpg,dataset/P/CP/027-158.jpg,P,Pavement,CP,Cracked,1,P/CP
C:\Users\sumit\Desktop\kavita_capstone\dataset\W\UW\7079-2.jpg,dataset/W/UW/7079-2.jpg,W,Wall,UW,Uncracked,0,W/UW
C:\Users\sumit\Desktop\kavita_capstone\dataset\P\CP\050-105.jpg,dataset/P/CP/050-105.jpg,P,Pavement,CP,Cracked,1,P/CP
C:\Users\sumit\Desktop\kavita_capstone\dataset\W\UW\7120-115.jpg,dataset/W/UW/7120-115.jpg,W,Wall,UW,Uncracked,0,W/UW
C:\Users\sumit\Desktop\kavita_capstone\dataset\P\UP\031-54.jpg,dataset/P/UP/031-54.jpg,P,Pavement,UP,Uncracked,0,P/UP
C:\Users\sumit\Desktop\kavita_capstone\dataset\P\CP\051-132.jpg,dataset/P/CP/051-132.jpg,P,Pavement,CP,Cracked,1,P/CP
C:\Users\sumit\Desktop\kavita_capstone\dataset\P\CP\104-104.jpg,dataset/P/CP/104-104.jpg,P,Pavement,CP,Cracked,1,P/CP
C:\Users\sumit\Desktop\kavita_capstone\dataset\D\CD\7004-10.jpg,dataset/D/CD/7004-10.jpg,D,Deck,CD,Cracked,1,D/CD
C:\Users\sumit\Desktop\kavita_capstone\dataset\D\UD\7021-103.jpg,dataset/D/UD/7021-103.jpg,D,Deck,UD,Uncracked,0,D/UD
C:\Users\sumit\Desktop\kavita_capstone\dataset\D\CD\7027-139.jpg,dataset/D/CD/7027-139.jpg,D,Deck,CD,Cracked,1,D/CD
C:\Users\sumit\Desktop\kavita_capstone\dataset\P\CP\091-160.jpg,dataset/P/CP/091-160.jpg,P,Pavement,CP,Cracked,1,P/CP
C:\Users\sumit\Desktop\kavita_capstone\dataset\D\CD\7025-140.jpg,dataset/D/CD/7025-140.jpg,D,Deck,CD,Cracked,1,D/CD
C:\Users\sumit\Desktop\kavita_capstone\dataset\D\UD\7049-21.jpg,dataset/D/UD/7049-21.jpg,D,Deck,UD,Uncracked,0,D/UD
C:\Users\sumit\Desktop\kavita_capstone\dataset\W\CW\7122-102.jpg,dataset/W/CW/7122-102.jpg,W,Wall,CW,Cracked,1,W/CW
C:\Users\sumit\Desktop\kavita_capstone\dataset\W\CW\7109-118.jpg,dataset/W/CW/7109-118.jpg,W,Wall,CW,Cracked,1,W/CW
C:\Users\sumit\Desktop\kavita_capstone\dataset\W\UW\7139-144.jpg,dataset/W/UW/7139-144.jpg,W,Wall,UW,Uncracked,0,W/UW
C:\Users\sumit\Desktop\kavita_capstone\dataset\P\UP\088-232.jpg,dataset/P/UP/088-232.jpg,P,Pavement,UP,Uncracked,0,P/UP
C:\Users\sumit\Desktop\kavita_capstone\dataset\D\CD\7010-97.jpg,dataset/D/CD/7010-97.jpg,D,Deck,CD,Cracked,1,D/CD
C:\Users\sumit\Desktop\kavita_capstone\dataset\D\UD\7051-93.jpg,dataset/D/UD/7051-93.jpg,D,Deck,UD,Uncracked,0,D/UD
C:\Users\sumit\Desktop\kavita_capstone\dataset\W\UW\7082-167.jpg,dataset/W/UW/7082-167.jpg,W,Wall,UW,Uncracked,0,W/UW
C:\Users\sumit\Desktop\kavita_capstone\dataset\P\CP\065-136.jpg,dataset/P/CP/065-136.jpg,P,Pavement,CP,Cracked,1,P/CP
C:\Users\sumit\Desktop\kavita_capstone\dataset\D\CD\7009-203.jpg,dataset/D/CD/7009-203.jpg,D,Deck,CD,Cracked,1,D/CD
C:\Users\sumit\Desktop\kavita_capstone\dataset\P\UP\053-83.jpg,dataset/P/UP/053-83.jpg,P,Pavement,UP,Uncracked,0,P/UP
C:\Users\sumit\Desktop\kavita_capstone\dataset\D\CD\7009-122.jpg,dataset/D/CD/7009-122.jpg,D,Deck,CD,Cracked,1,D/CD
C:\Users\sumit\Desktop\kavita_capstone\dataset\P\UP\050-185.jpg,dataset/P/UP/050-185.jpg,P,Pavement,UP,Uncracked,0,P/UP
C:\Users\sumit\Desktop\kavita_capstone\dataset\P\CP\034-80.jpg,dataset/P/CP/034-80.jpg,P,Pavement,CP,Cracked,1,P/CP
C:\Users\sumit\Desktop\kavita_capstone\dataset\D\CD\7027-121.jpg,dataset/D/CD/7027-121.jpg,D,Deck,CD,Cracked,1,D/CD
C:\Users\sumit\Desktop\kavita_capstone\dataset\W\CW\7093-63.jpg,dataset/W/CW/7093-63.jpg,W,Wall,CW,Cracked,1,W/CW
C:\Users\sumit\Desktop\kavita_capstone\dataset\D\CD\7027-140.jpg,dataset/D/CD/7027-140.jpg,D,Deck,CD,Cracked,1,D/CD
C:\Users\sumit\Desktop\kavita_capstone\dataset\D\UD\7051-236.jpg,dataset/D/UD/7051-236.jpg,D,Deck,UD,Uncracked,0,D/UD
C:\Users\sumit\Desktop\kavita_capstone\dataset\P\UP\090-117.jpg,dataset/P/UP/090-117.jpg,P,Pavement,UP,Uncracked,0,P/UP
C:\Users\sumit\Desktop\kavita_capstone\dataset\D\CD\7039-102.jpg,dataset/D/CD/7039-102.jpg,D,Deck,CD,Cracked,1,D/CD
C:\Users\sumit\Desktop\kavita_capstone\dataset\P\CP\048-97.jpg,dataset/P/CP/048-97.jpg,P,Pavement,CP,Cracked,1,P/CP
C:\Users\sumit\Desktop\kavita_capstone\dataset\W\CW\7069-61.jpg,dataset/W/CW/7069-61.jpg,W,Wall,CW,Cracked,1,W/CW
C:\Users\sumit\Desktop\kavita_capstone\dataset\P\CP\073-47.jpg,dataset/P/CP/073-47.jpg,P,Pavement,CP,Cracked,1,P/CP
C:\Users\sumit\Desktop\kavita_capstone\dataset\P\CP\059-122.jpg,dataset/P/CP/059-122.jpg,P,Pavement,CP,Cracked,1,P/CP
C:\Users\sumit\Desktop\kavita_capstone\dataset\D\CD\7021-230.jpg,dataset/D/CD/7021-230.jpg,D,Deck,CD,Cracked,1,D/CD
C:\Users\sumit\Desktop\kavita_capstone\dataset\W\CW\7119-153.jpg,dataset/W/CW/7119-153.jpg,W,Wall,CW,Cracked,1,W/CW
C:\Users\sumit\Desktop\kavita_capstone\dataset\D\UD\7006-82.jpg,dataset/D/UD/7006-82.jpg,D,Deck,UD,Uncracked,0,D/UD
C:\Users\sumit\Desktop\kavita_capstone\dataset\W\UW\7096-187.jpg,dataset/W/UW/7096-187.jpg,W,Wall,UW,Uncracked,0,W/UW
C:\Users\sumit\Desktop\kavita_capstone\dataset\P\CP\058-26.jpg,dataset/P/CP/058-26.jpg,P,Pavement,CP,Cracked,1,P/CP
C:\Users\sumit\Desktop\kavita_capstone\dataset\W\UW\7081-140.jpg,dataset/W/UW/7081-140.jpg,W,Wall,UW,Uncracked,0,W/UW
C:\Users\sumit\Desktop\kavita_capstone\dataset\W\CW\7092-237.jpg,dataset/W/CW/7092-237.jpg,W,Wall,CW,Cracked,1,W/CW
C:\Users\sumit\Desktop\kavita_capstone\dataset\W\CW\7086-69.jpg,dataset/W/CW/7086-69.jpg,W,Wall,CW,Cracked,1,W/CW
C:\Users\sumit\Desktop\kavita_capstone\dataset\D\UD\7009-189.jpg,dataset/D/UD/7009-189.jpg,D,Deck,UD,Uncracked,0,D/UD
C:\Users\sumit\Desktop\kavita_capstone\dataset\W\CW\7128-26.jpg,dataset/W/CW/7128-26.jpg,W,Wall,CW,Cracked,1,W/CW
C:\Users\sumit\Desktop\kavita_capstone\dataset\W\CW\7079-177.jpg,dataset/W/CW/7079-177.jpg,W,Wall,CW,Cracked,1,W/CW
C:\Users\sumit\Desktop\kavita_capstone\dataset\P\CP\001-100.jpg,dataset/P/CP/001-100.jpg,P,Pavement,CP,Cracked,1,P/CP
C:\Users\sumit\Desktop\kavita_capstone\dataset\D\UD\7025-104.jpg,dataset/D/UD/7025-104.jpg,D,Deck,UD,Uncracked,0,D/UD
C:\Users\sumit\Desktop\kavita_capstone\dataset\P\CP\003-26.jpg,dataset/P/CP/003-26.jpg,P,Pavement,CP,Cracked,1,P/CP
C:\Users\sumit\Desktop\kavita_capstone\dataset\W\CW\7082-111.jpg,dataset/W/CW/7082-111.jpg,W,Wall,CW,Cracked,1,W/CW
C:\Users\sumit\Desktop\kavita_capstone\dataset\W\CW\7120-49.jpg,dataset/W/CW/7120-49.jpg,W,Wall,CW,Cracked,1,W/CW
C:\Users\sumit\Desktop\kavita_capstone\dataset\D\CD\7029-142.jpg,dataset/D/CD/7029-142.jpg,D,Deck,CD,Cracked,1,D/CD
C:\Users\sumit\Desktop\kavita_capstone\dataset\P\CP\070-105.jpg,dataset/P/CP/070-105.jpg,P,Pavement,CP,Cracked,1,P/CP
C:\Users\sumit\Desktop\kavita_capstone\dataset\P\CP\093-63.jpg,dataset/P/CP/093-63.jpg,P,Pavement,CP,Cracked,1,P/CP
C:\Users\sumit\Desktop\kavita_capstone\dataset\P\UP\049-14.jpg,dataset/P/UP/049-14.jpg,P,Pavement,UP,Uncracked,0,P/UP
C:\Users\sumit\Desktop\kavita_capstone\dataset\D\UD\7003-234.jpg,dataset/D/UD/7003-234.jpg,D,Deck,UD,Uncracked,0,D/UD
C:\Users\sumit\Desktop\kavita_capstone\dataset\W\UW\7109-7.jpg,dataset/W/UW/7109-7.jpg,W,Wall,UW,Uncracked,0,W/UW
C:\Users\sumit\Desktop\kavita_capstone\dataset\W\UW\7140-94.jpg,dataset/W/UW/7140-94.jpg,W,Wall,UW,Uncracked,0,W/UW
C:\Users\sumit\Desktop\kavita_capstone\dataset\W\UW\7101-177.jpg,dataset/W/UW/7101-177.jpg,W,Wall,UW,Uncracked,0,W/UW
C:\Users\sumit\Desktop\kavita_capstone\dataset\W\CW\7094-25.jpg,dataset/W/CW/7094-25.jpg,W,Wall,CW,Cracked,1,W/CW
C:\Users\sumit\Desktop\kavita_capstone\dataset\W\UW\7086-214.jpg,dataset/W/UW/7086-214.jpg,W,Wall,UW,Uncracked,0,W/UW
C:\Users\sumit\Desktop\kavita_capstone\dataset\W\UW\7126-49.jpg,dataset/W/UW/7126-49.jpg,W,Wall,UW,Uncracked,0,W/UW
C:\Users\sumit\Desktop\kavita_capstone\dataset\P\CP\006-150.jpg,dataset/P/CP/006-150.jpg,P,Pavement,CP,Cracked,1,P/CP
C:\Users\sumit\Desktop\kavita_capstone\dataset\P\UP\060-203.jpg,dataset/P/UP/060-203.jpg,P,Pavement,UP,Uncracked,0,P/UP
C:\Users\sumit\Desktop\kavita_capstone\dataset\D\UD\7023-245.jpg,dataset/D/UD/7023-245.jpg,D,Deck,UD,Uncracked,0,D/UD
C:\Users\sumit\Desktop\kavita_capstone\dataset\D\UD\7010-40.jpg,dataset/D/UD/7010-40.jpg,D,Deck,UD,Uncracked,0,D/UD
C:\Users\sumit\Desktop\kavita_capstone\dataset\W\CW\7087-178.jpg,dataset/W/CW/7087-178.jpg,W,Wall,CW,Cracked,1,W/CW
C:\Users\sumit\Desktop\kavita_capstone\dataset\D\UD\7039-131.jpg,dataset/D/UD/7039-131.jpg,D,Deck,UD,Uncracked,0,D/UD
C:\Users\sumit\Desktop\kavita_capstone\dataset\P\CP\034-101.jpg,dataset/P/CP/034-101.jpg,P,Pavement,CP,Cracked,1,P/CP
C:\Users\sumit\Desktop\kavita_capstone\dataset\W\CW\7127-218.jpg,dataset/W/CW/7127-218.jpg,W,Wall,CW,Cracked,1,W/CW
C:\Users\sumit\Desktop\kavita_capstone\dataset\P\CP\089-118.jpg,dataset/P/CP/089-118.jpg,P,Pavement,CP,Cracked,1,P/CP
C:\Users\sumit\Desktop\kavita_capstone\dataset\D\UD\7014-244.jpg,dataset/D/UD/7014-244.jpg,D,Deck,UD,Uncracked,0,D/UD
C:\Users\sumit\Desktop\kavita_capstone\dataset\P\CP\100-148.jpg,dataset/P/CP/100-148.jpg,P,Pavement,CP,Cracked,1,P/CP
C:\Users\sumit\Desktop\kavita_capstone\dataset\W\CW\7074-198.jpg,dataset/W/CW/7074-198.jpg,W,Wall,CW,Cracked,1,W/CW
C:\Users\sumit\Desktop\kavita_capstone\dataset\W\CW\7126-133.jpg,dataset/W/CW/7126-133.jpg,W,Wall,CW,Cracked,1,W/CW
C:\Users\sumit\Desktop\kavita_capstone\dataset\W\CW\7071-82.jpg,dataset/W/CW/7071-82.jpg,W,Wall,CW,Cracked,1,W/CW
C:\Users\sumit\Desktop\kavita_capstone\dataset\D\UD\7008-3.jpg,dataset/D/UD/7008-3.jpg,D,Deck,UD,Uncracked,0,D/UD
C:\Users\sumit\Desktop\kavita_capstone\dataset\D\CD\7007-143.jpg,dataset/D/CD/7007-143.jpg,D,Deck,CD,Cracked,1,D/CD
C:\Users\sumit\Desktop\kavita_capstone\dataset\P\UP\059-135.jpg,dataset/P/UP/059-135.jpg,P,Pavement,UP,Uncracked,0,P/UP
C:\Users\sumit\Desktop\kavita_capstone\dataset\W\UW\7072-44.jpg,dataset/W/UW/7072-44.jpg,W,Wall,UW,Uncracked,0,W/UW
C:\Users\sumit\Desktop\kavita_capstone\dataset\P\UP\062-72.jpg,dataset/P/UP/062-72.jpg,P,Pavement,UP,Uncracked,0,P/UP
C:\Users\sumit\Desktop\kavita_capstone\dataset\P\UP\101-120.jpg,dataset/P/UP/101-120.jpg,P,Pavement,UP,Uncracked,0,P/UP
C:\Users\sumit\Desktop\kavita_capstone\dataset\W\UW\7111-141.jpg,dataset/W/UW/7111-141.jpg,W,Wall,UW,Uncracked,0,W/UW
C:\Users\sumit\Desktop\kavita_capstone\dataset\P\CP\019-39.jpg,dataset/P/CP/019-39.jpg,P,Pavement,CP,Cracked,1,P/CP
C:\Users\sumit\Desktop\kavita_capstone\dataset\P\UP\020-127.jpg,dataset/P/UP/020-127.jpg,P,Pavement,UP,Uncracked,0,P/UP
C:\Users\sumit\Desktop\kavita_capstone\dataset\D\CD\7019-172.jpg,dataset/D/CD/7019-172.jpg,D,Deck,CD,Cracked,1,D/CD
C:\Users\sumit\Desktop\kavita_capstone\dataset\W\UW\7092-180.jpg,dataset/W/UW/7092-180.jpg,W,Wall,UW,Uncracked,0,W/UW
C:\Users\sumit\Desktop\kavita_capstone\dataset\W\UW\7131-47.jpg,dataset/W/UW/7131-47.jpg,W,Wall,UW,Uncracked,0,W/UW
C:\Users\sumit\Desktop\kavita_capstone\dataset\D\UD\7014-86.jpg,dataset/D/UD/7014-86.jpg,D,Deck,UD,Uncracked,0,D/UD
C:\Users\sumit\Desktop\kavita_capstone\dataset\W\CW\7133-64.jpg,dataset/W/CW/7133-64.jpg,W,Wall,CW,Cracked,1,W/CW
C:\Users\sumit\Desktop\kavita_capstone\dataset\W\UW\7111-240.jpg,dataset/W/UW/7111-240.jpg,W,Wall,UW,Uncracked,0,W/UW
C:\Users\sumit\Desktop\kavita_capstone\dataset\P\CP\001-146.jpg,dataset/P/CP/001-146.jpg,P,Pavement,CP,Cracked,1,P/CP
C:\Users\sumit\Desktop\kavita_capstone\dataset\P\UP\052-136.jpg,dataset/P/UP/052-136.jpg,P,Pavement,UP,Uncracked,0,P/UP
C:\Users\sumit\Desktop\kavita_capstone\dataset\W\UW\7097-49.jpg,dataset/W/UW/7097-49.jpg,W,Wall,UW,Uncracked,0,W/UW
C:\Users\sumit\Desktop\kavita_capstone\dataset\D\CD\7039-137.jpg,dataset/D/CD/7039-137.jpg,D,Deck,CD,Cracked,1,D/CD
C:\Users\sumit\Desktop\kavita_capstone\dataset\D\UD\7016-199.jpg,dataset/D/UD/7016-199.jpg,D,Deck,UD,Uncracked,0,D/UD
C:\Users\sumit\Desktop\kavita_capstone\dataset\P\CP\028-193.jpg,dataset/P/CP/028-193.jpg,P,Pavement,CP,Cracked,1,P/CP
C:\Users\sumit\Desktop\kavita_capstone\dataset\P\UP\037-127.jpg,dataset/P/UP/037-127.jpg,P,Pavement,UP,Uncracked,0,P/UP
C:\Users\sumit\Desktop\kavita_capstone\dataset\D\UD\7006-222.jpg,dataset/D/UD/7006-222.jpg,D,Deck,UD,Uncracked,0,D/UD
C:\Users\sumit\Desktop\kavita_capstone\dataset\P\UP\089-49.jpg,dataset/P/UP/089-49.jpg,P,Pavement,UP,Uncracked,0,P/UP
C:\Users\sumit\Desktop\kavita_capstone\dataset\W\CW\7109-157.jpg,dataset/W/CW/7109-157.jpg,W,Wall,CW,Cracked,1,W/CW
C:\Users\sumit\Desktop\kavita_capstone\dataset\W\UW\7082-224.jpg,dataset/W/UW/7082-224.jpg,W,Wall,UW,Uncracked,0,W/UW
C:\Users\sumit\Desktop\kavita_capstone\dataset\P\CP\101-209.jpg,dataset/P/CP/101-209.jpg,P,Pavement,CP,Cracked,1,P/CP
C:\Users\sumit\Desktop\kavita_capstone\dataset\W\UW\7107-37.jpg,dataset/W/UW/7107-37.jpg,W,Wall,UW,Uncracked,0,W/UW
C:\Users\sumit\Desktop\kavita_capstone\dataset\P\UP\060-86.jpg,dataset/P/UP/060-86.jpg,P,Pavement,UP,Uncracked,0,P/UP
C:\Users\sumit\Desktop\kavita_capstone\dataset\D\CD\7049-114.jpg,dataset/D/CD/7049-114.jpg,D,Deck,CD,Cracked,1,D/CD
C:\Users\sumit\Desktop\kavita_capstone\dataset\W\CW\7070-68.jpg,dataset/W/CW/7070-68.jpg,W,Wall,CW,Cracked,1,W/CW
C:\Users\sumit\Desktop\kavita_capstone\dataset\D\UD\7034-128.jpg,dataset/D/UD/7034-128.jpg,D,Deck,UD,Uncracked,0,D/UD
C:\Users\sumit\Desktop\kavita_capstone\dataset\D\UD\7041-197.jpg,dataset/D/UD/7041-197.jpg,D,Deck,UD,Uncracked,0,D/UD
C:\Users\sumit\Desktop\kavita_capstone\dataset\D\UD\7025-234.jpg,dataset/D/UD/7025-234.jpg,D,Deck,UD,Uncracked,0,D/UD
C:\Users\sumit\Desktop\kavita_capstone\dataset\W\UW\7126-53.jpg,dataset/W/UW/7126-53.jpg,W,Wall,UW,Uncracked,0,W/UW
C:\Users\sumit\Desktop\kavita_capstone\dataset\W\CW\7090-245.jpg,dataset/W/CW/7090-245.jpg,W,Wall,CW,Cracked,1,W/CW
C:\Users\sumit\Desktop\kavita_capstone\dataset\P\UP\014-30.jpg,dataset/P/UP/014-30.jpg,P,Pavement,UP,Uncracked,0,P/UP
C:\Users\sumit\Desktop\kavita_capstone\dataset\P\CP\005-49.jpg,dataset/P/CP/005-49.jpg,P,Pavement,CP,Cracked,1,P/CP
C:\Users\sumit\Desktop\kavita_capstone\dataset\D\UD\7026-105.jpg,dataset/D/UD/7026-105.jpg,D,Deck,UD,Uncracked,0,D/UD
C:\Users\sumit\Desktop\kavita_capstone\dataset\W\UW\7100-11.jpg,dataset/W/UW/7100-11.jpg,W,Wall,UW,Uncracked,0,W/UW
C:\Users\sumit\Desktop\kavita_capstone\dataset\D\CD\7006-59.jpg,dataset/D/CD/7006-59.jpg,D,Deck,CD,Cracked,1,D/CD
C:\Users\sumit\Desktop\kavita_capstone\dataset\P\UP\053-147.jpg,dataset/P/UP/053-147.jpg,P,Pavement,UP,Uncracked,0,P/UP
C:\Users\sumit\Desktop\kavita_capstone\dataset\W\UW\7083-187.jpg,dataset/W/UW/7083-187.jpg,W,Wall,UW,Uncracked,0,W/UW
C:\Users\sumit\Desktop\kavita_capstone\dataset\D\UD\7002-183.jpg,dataset/D/UD/7002-183.jpg,D,Deck,UD,Uncracked,0,D/UD
C:\Users\sumit\Desktop\kavita_capstone\dataset\D\UD\7052-216.jpg,dataset/D/UD/7052-216.jpg,D,Deck,UD,Uncracked,0,D/UD
C:\Users\sumit\Desktop\kavita_capstone\dataset\P\UP\088-8.jpg,dataset/P/UP/088-8.jpg,P,Pavement,UP,Uncracked,0,P/UP
C:\Users\sumit\Desktop\kavita_capstone\dataset\W\UW\7116-70.jpg,dataset/W/UW/7116-70.jpg,W,Wall,UW,Uncracked,0,W/UW
C:\Users\sumit\Desktop\kavita_capstone\dataset\D\UD\7006-174.jpg,dataset/D/UD/7006-174.jpg,D,Deck,UD,Uncracked,0,D/UD
C:\Users\sumit\Desktop\kavita_capstone\dataset\W\UW\7104-52.jpg,dataset/W/UW/7104-52.jpg,W,Wall,UW,Uncracked,0,W/UW
C:\Users\sumit\Desktop\kavita_capstone\dataset\W\UW\7136-251.jpg,dataset/W/UW/7136-251.jpg,W,Wall,UW,Uncracked,0,W/UW
C:\Users\sumit\Desktop\kavita_capstone\dataset\W\CW\7084-171.jpg,dataset/W/CW/7084-171.jpg,W,Wall,CW,Cracked,1,W/CW
C:\Users\sumit\Desktop\kavita_capstone\dataset\W\CW\7089-135.jpg,dataset/W/CW/7089-135.jpg,W,Wall,CW,Cracked,1,W/CW
C:\Users\sumit\Desktop\kavita_capstone\dataset\W\UW\7138-98.jpg,dataset/W/UW/7138-98.jpg,W,Wall,UW,Uncracked,0,W/UW
C:\Users\sumit\Desktop\kavita_capstone\dataset\W\CW\7100-41.jpg,dataset/W/CW/7100-41.jpg,W,Wall,CW,Cracked,1,W/CW
C:\Users\sumit\Desktop\kavita_capstone\dataset\W\CW\7126-23.jpg,dataset/W/CW/7126-23.jpg,W,Wall,CW,Cracked,1,W/CW
C:\Users\sumit\Desktop\kavita_capstone\dataset\W\UW\7127-89.jpg,dataset/W/UW/7127-89.jpg,W,Wall,UW,Uncracked,0,W/UW
C:\Users\sumit\Desktop\kavita_capstone\dataset\D\CD\7017-59.jpg,dataset/D/CD/7017-59.jpg,D,Deck,CD,Cracked,1,D/CD
C:\Users\sumit\Desktop\kavita_capstone\dataset\W\CW\7072-84.jpg,dataset/W/CW/7072-84.jpg,W,Wall,CW,Cracked,1,W/CW
C:\Users\sumit\Desktop\kavita_capstone\dataset\P\UP\085-176.jpg,dataset/P/UP/085-176.jpg,P,Pavement,UP,Uncracked,0,P/UP
C:\Users\sumit\Desktop\kavita_capstone\dataset\P\CP\068-100.jpg,dataset/P/CP/068-100.jpg,P,Pavement,CP,Cracked,1,P/CP
C:\Users\sumit\Desktop\kavita_capstone\dataset\W\CW\7107-207_2.jpg,dataset/W/CW/7107-207_2.jpg,W,Wall,CW,Cracked,1,W/CW
C:\Users\sumit\Desktop\kavita_capstone\dataset\P\CP\089-40.jpg,dataset/P/CP/089-40.jpg,P,Pavement,CP,Cracked,1,P/CP
C:\Users\sumit\Desktop\kavita_capstone\dataset\P\CP\100-142.jpg,dataset/P/CP/100-142.jpg,P,Pavement,CP,Cracked,1,P/CP
C:\Users\sumit\Desktop\kavita_capstone\dataset\P\UP\052-80.jpg,dataset/P/UP/052-80.jpg,P,Pavement,UP,Uncracked,0,P/UP
C:\Users\sumit\Desktop\kavita_capstone\dataset\P\UP\071-130.jpg,dataset/P/UP/071-130.jpg,P,Pavement,UP,Uncracked,0,P/UP
C:\Users\sumit\Desktop\kavita_capstone\dataset\W\UW\7098-218.jpg,dataset/W/UW/7098-218.jpg,W,Wall,UW,Uncracked,0,W/UW
C:\Users\sumit\Desktop\kavita_capstone\dataset\W\CW\7115-216.jpg,dataset/W/CW/7115-216.jpg,W,Wall,CW,Cracked,1,W/CW
C:\Users\sumit\Desktop\kavita_capstone\dataset\P\UP\073-145.jpg,dataset/P/UP/073-145.jpg,P,Pavement,UP,Uncracked,0,P/UP
C:\Users\sumit\Desktop\kavita_capstone\dataset\P\CP\063-89.jpg,dataset/P/CP/063-89.jpg,P,Pavement,CP,Cracked,1,P/CP
C:\Users\sumit\Desktop\kavita_capstone\dataset\D\CD\7003-230.jpg,dataset/D/CD/7003-230.jpg,D,Deck,CD,Cracked,1,D/CD
C:\Users\sumit\Desktop\kavita_capstone\dataset\P\CP\077-105.jpg,dataset/P/CP/077-105.jpg,P,Pavement,CP,Cracked,1,P/CP
C:\Users\sumit\Desktop\kavita_capstone\dataset\W\CW\7074-207.jpg,dataset/W/CW/7074-207.jpg,W,Wall,CW,Cracked,1,W/CW
C:\Users\sumit\Desktop\kavita_capstone\dataset\P\CP\029-177.jpg,dataset/P/CP/029-177.jpg,P,Pavement,CP,Cracked,1,P/CP
C:\Users\sumit\Desktop\kavita_capstone\dataset\P\CP\098-93.jpg,dataset/P/CP/098-93.jpg,P,Pavement,CP,Cracked,1,P/CP
C:\Users\sumit\Desktop\kavita_capstone\dataset\W\UW\7073-104.jpg,dataset/W/UW/7073-104.jpg,W,Wall,UW,Uncracked,0,W/UW
C:\Users\sumit\Desktop\kavita_capstone\dataset\D\UD\7032-205.jpg,dataset/D/UD/7032-205.jpg,D,Deck,UD,Uncracked,0,D/UD
C:\Users\sumit\Desktop\kavita_capstone\dataset\D\CD\7023-167.jpg,dataset/D/CD/7023-167.jpg,D,Deck,CD,Cracked,1,D/CD
C:\Users\sumit\Desktop\kavita_capstone\dataset\W\UW\7138-252.jpg,dataset/W/UW/7138-252.jpg,W,Wall,UW,Uncracked,0,W/UW
C:\Users\sumit\Desktop\kavita_capstone\dataset\W\UW\7140-196.jpg,dataset/W/UW/7140-196.jpg,W,Wall,UW,Uncracked,0,W/UW
C:\Users\sumit\Desktop\kavita_capstone\dataset\P\CP\054-88.jpg,dataset/P/CP/054-88.jpg,P,Pavement,CP,Cracked,1,P/CP
C:\Users\sumit\Desktop\kavita_capstone\dataset\D\CD\7037-96.jpg,dataset/D/CD/7037-96.jpg,D,Deck,CD,Cracked,1,D/CD
C:\Users\sumit\Desktop\kavita_capstone\dataset\W\CW\7088-176.jpg,dataset/W/CW/7088-176.jpg,W,Wall,CW,Cracked,1,W/CW
C:\Users\sumit\Desktop\kavita_capstone\dataset\W\CW\7076-148.jpg,dataset/W/CW/7076-148.jpg,W,Wall,CW,Cracked,1,W/CW
C:\Users\sumit\Desktop\kavita_capstone\dataset\D\UD\7054-26.jpg,dataset/D/UD/7054-26.jpg,D,Deck,UD,Uncracked,0,D/UD
C:\Users\sumit\Desktop\kavita_capstone\dataset\W\CW\7073-33.jpg,dataset/W/CW/7073-33.jpg,W,Wall,CW,Cracked,1,W/CW
C:\Users\sumit\Desktop\kavita_capstone\dataset\W\UW\7133-103.jpg,dataset/W/UW/7133-103.jpg,W,Wall,UW,Uncracked,0,W/UW
C:\Users\sumit\Desktop\kavita_capstone\dataset\P\UP\090-228.jpg,dataset/P/UP/090-228.jpg,P,Pavement,UP,Uncracked,0,P/UP
C:\Users\sumit\Desktop\kavita_capstone\dataset\D\UD\7036-211.jpg,dataset/D/UD/7036-211.jpg,D,Deck,UD,Uncracked,0,D/UD
C:\Users\sumit\Desktop\kavita_capstone\dataset\D\UD\7033-177.jpg,dataset/D/UD/7033-177.jpg,D,Deck,UD,Uncracked,0,D/UD
C:\Users\sumit\Desktop\kavita_capstone\dataset\W\CW\7070-156.jpg,dataset/W/CW/7070-156.jpg,W,Wall,CW,Cracked,1,W/CW
C:\Users\sumit\Desktop\kavita_capstone\dataset\P\UP\056-164.jpg,dataset/P/UP/056-164.jpg,P,Pavement,UP,Uncracked,0,P/UP
C:\Users\sumit\Desktop\kavita_capstone\dataset\W\UW\7119-76.jpg,dataset/W/UW/7119-76.jpg,W,Wall,UW,Uncracked,0,W/UW
C:\Users\sumit\Desktop\kavita_capstone\dataset\W\CW\7118-89.jpg,dataset/W/CW/7118-89.jpg,W,Wall,CW,Cracked,1,W/CW
C:\Users\sumit\Desktop\kavita_capstone\dataset\W\CW\7118-97.jpg,dataset/W/CW/7118-97.jpg,W,Wall,CW,Cracked,1,W/CW
C:\Users\sumit\Desktop\kavita_capstone\dataset\W\UW\7094-52.jpg,dataset/W/UW/7094-52.jpg,W,Wall,UW,Uncracked,0,W/UW
C:\Users\sumit\Desktop\kavita_capstone\dataset\P\UP\032-216.jpg,dataset/P/UP/032-216.jpg,P,Pavement,UP,Uncracked,0,P/UP
C:\Users\sumit\Desktop\kavita_capstone\dataset\W\UW\7123-152.jpg,dataset/W/UW/7123-152.jpg,W,Wall,UW,Uncracked,0,W/UW
C:\Users\sumit\Desktop\kavita_capstone\dataset\P\UP\035-223.jpg,dataset/P/UP/035-223.jpg,P,Pavement,UP,Uncracked,0,P/UP
C:\Users\sumit\Desktop\kavita_capstone\dataset\D\CD\7038-157.jpg,dataset/D/CD/7038-157.jpg,D,Deck,CD,Cracked,1,D/CD
C:\Users\sumit\Desktop\kavita_capstone\dataset\D\CD\7027-119.jpg,dataset/D/CD/7027-119.jpg,D,Deck,CD,Cracked,1,D/CD
C:\Users\sumit\Desktop\kavita_capstone\dataset\P\UP\003-113.jpg,dataset/P/UP/003-113.jpg,P,Pavement,UP,Uncracked,0,P/UP
C:\Users\sumit\Desktop\kavita_capstone\dataset\D\CD\7028-247.jpg,dataset/D/CD/7028-247.jpg,D,Deck,CD,Cracked,1,D/CD
C:\Users\sumit\Desktop\kavita_capstone\dataset\P\UP\055-223.jpg,dataset/P/UP/055-223.jpg,P,Pavement,UP,Uncracked,0,P/UP
C:\Users\sumit\Desktop\kavita_capstone\dataset\P\UP\012-59.jpg,dataset/P/UP/012-59.jpg,P,Pavement,UP,Uncracked,0,P/UP
C:\Users\sumit\Desktop\kavita_capstone\dataset\D\UD\7053-189.jpg,dataset/D/UD/7053-189.jpg,D,Deck,UD,Uncracked,0,D/UD
C:\Users\sumit\Desktop\kavita_capstone\dataset\W\CW\7083-45.jpg,dataset/W/CW/7083-45.jpg,W,Wall,CW,Cracked,1,W/CW
C:\Users\sumit\Desktop\kavita_capstone\dataset\P\UP\056-61.jpg,dataset/P/UP/056-61.jpg,P,Pavement,UP,Uncracked,0,P/UP
C:\Users\sumit\Desktop\kavita_capstone\dataset\W\CW\7101-189.jpg,dataset/W/CW/7101-189.jpg,W,Wall,CW,Cracked,1,W/CW
C:\Users\sumit\Desktop\kavita_capstone\dataset\D\UD\7051-12.jpg,dataset/D/UD/7051-12.jpg,D,Deck,UD,Uncracked,0,D/UD
C:\Users\sumit\Desktop\kavita_capstone\dataset\D\UD\7006-58.jpg,dataset/D/UD/7006-58.jpg,D,Deck,UD,Uncracked,0,D/UD
C:\Users\sumit\Desktop\kavita_capstone\dataset\P\UP\051-137.jpg,dataset/P/UP/051-137.jpg,P,Pavement,UP,Uncracked,0,P/UP
C:\Users\sumit\Desktop\kavita_capstone\dataset\P\UP\064-6.jpg,dataset/P/UP/064-6.jpg,P,Pavement,UP,Uncracked,0,P/UP
C:\Users\sumit\Desktop\kavita_capstone\dataset\W\UW\7100-33.jpg,dataset/W/UW/7100-33.jpg,W,Wall,UW,Uncracked,0,W/UW
C:\Users\sumit\Desktop\kavita_capstone\dataset\P\UP\009-122.jpg,dataset/P/UP/009-122.jpg,P,Pavement,UP,Uncracked,0,P/UP
C:\Users\sumit\Desktop\kavita_capstone\dataset\D\CD\7024-46.jpg,dataset/D/CD/7024-46.jpg,D,Deck,CD,Cracked,1,D/CD
C:\Users\sumit\Desktop\kavita_capstone\dataset\P\UP\078-224.jpg,dataset/P/UP/078-224.jpg,P,Pavement,UP,Uncracked,0,P/UP
C:\Users\sumit\Desktop\kavita_capstone\dataset\W\UW\7102-85.jpg,dataset/W/UW/7102-85.jpg,W,Wall,UW,Uncracked,0,W/UW
C:\Users\sumit\Desktop\kavita_capstone\dataset\D\UD\7009-68.jpg,dataset/D/UD/7009-68.jpg,D,Deck,UD,Uncracked,0,D/UD
C:\Users\sumit\Desktop\kavita_capstone\dataset\P\CP\094-155.jpg,dataset/P/CP/094-155.jpg,P,Pavement,CP,Cracked,1,P/CP
C:\Users\sumit\Desktop\kavita_capstone\dataset\W\UW\7087-72.jpg,dataset/W/UW/7087-72.jpg,W,Wall,UW,Uncracked,0,W/UW
C:\Users\sumit\Desktop\kavita_capstone\dataset\W\UW\7108-173.jpg,dataset/W/UW/7108-173.jpg,W,Wall,UW,Uncracked,0,W/UW
C:\Users\sumit\Desktop\kavita_capstone\dataset\W\CW\7087-83.jpg,dataset/W/CW/7087-83.jpg,W,Wall,CW,Cracked,1,W/CW
C:\Users\sumit\Desktop\kavita_capstone\dataset\D\CD\7020-165.jpg,dataset/D/CD/7020-165.jpg,D,Deck,CD,Cracked,1,D/CD
C:\Users\sumit\Desktop\kavita_capstone\dataset\W\UW\7103-122.jpg,dataset/W/UW/7103-122.jpg,W,Wall,UW,Uncracked,0,W/UW
C:\Users\sumit\Desktop\kavita_capstone\dataset\P\CP\074-64.jpg,dataset/P/CP/074-64.jpg,P,Pavement,CP,Cracked,1,P/CP
C:\Users\sumit\Desktop\kavita_capstone\dataset\D\UD\7003-183.jpg,dataset/D/UD/7003-183.jpg,D,Deck,UD,Uncracked,0,D/UD
C:\Users\sumit\Desktop\kavita_capstone\dataset\D\CD\7048-76.jpg,dataset/D/CD/7048-76.jpg,D,Deck,CD,Cracked,1,D/CD
C:\Users\sumit\Desktop\kavita_capstone\dataset\D\UD\7038-55.jpg,dataset/D/UD/7038-55.jpg,D,Deck,UD,Uncracked,0,D/UD
C:\Users\sumit\Desktop\kavita_capstone\dataset\D\CD\7020-200.jpg,dataset/D/CD/7020-200.jpg,D,Deck,CD,Cracked,1,D/CD
C:\Users\sumit\Desktop\kavita_capstone\dataset\W\CW\7128-19.jpg,dataset/W/CW/7128-19.jpg,W,Wall,CW,Cracked,1,W/CW
C:\Users\sumit\Desktop\kavita_capstone\dataset\D\CD\7040-133.jpg,dataset/D/CD/7040-133.jpg,D,Deck,CD,Cracked,1,D/CD
C:\Users\sumit\Desktop\kavita_capstone\dataset\D\CD\7011-150.jpg,dataset/D/CD/7011-150.jpg,D,Deck,CD,Cracked,1,D/CD
C:\Users\sumit\Desktop\kavita_capstone\dataset\D\UD\7006-113.jpg,dataset/D/UD/7006-113.jpg,D,Deck,UD,Uncracked,0,D/UD
C:\Users\sumit\Desktop\kavita_capstone\dataset\D\UD\7043-200.jpg,dataset/D/UD/7043-200.jpg,D,Deck,UD,Uncracked,0,D/UD
C:\Users\sumit\Desktop\kavita_capstone\dataset\D\UD\7008-21.jpg,dataset/D/UD/7008-21.jpg,D,Deck,UD,Uncracked,0,D/UD
C:\Users\sumit\Desktop\kavita_capstone\dataset\W\UW\7112-51.jpg,dataset/W/UW/7112-51.jpg,W,Wall,UW,Uncracked,0,W/UW
C:\Users\sumit\Desktop\kavita_capstone\dataset\P\UP\054-3.jpg,dataset/P/UP/054-3.jpg,P,Pavement,UP,Uncracked,0,P/UP
C:\Users\sumit\Desktop\kavita_capstone\dataset\P\CP\093-53.jpg,dataset/P/CP/093-53.jpg,P,Pavement,CP,Cracked,1,P/CP
C:\Users\sumit\Desktop\kavita_capstone\dataset\P\UP\013-150.jpg,dataset/P/UP/013-150.jpg,P,Pavement,UP,Uncracked,0,P/UP
C:\Users\sumit\Desktop\kavita_capstone\dataset\P\UP\021-136.jpg,dataset/P/UP/021-136.jpg,P,Pavement,UP,Uncracked,0,P/UP
C:\Users\sumit\Desktop\kavita_capstone\dataset\W\CW\7107-100_2.jpg,dataset/W/CW/7107-100_2.jpg,W,Wall,CW,Cracked,1,W/CW
C:\Users\sumit\Desktop\kavita_capstone\dataset\P\UP\091-201.jpg,dataset/P/UP/091-201.jpg,P,Pavement,UP,Uncracked,0,P/UP
C:\Users\sumit\Desktop\kavita_capstone\dataset\D\UD\7002-71.jpg,dataset/D/UD/7002-71.jpg,D,Deck,UD,Uncracked,0,D/UD
C:\Users\sumit\Desktop\kavita_capstone\dataset\P\UP\052-56.jpg,dataset/P/UP/052-56.jpg,P,Pavement,UP,Uncracked,0,P/UP
C:\Users\sumit\Desktop\kavita_capstone\dataset\D\UD\7025-39.jpg,dataset/D/UD/7025-39.jpg,D,Deck,UD,Uncracked,0,D/UD
C:\Users\sumit\Desktop\kavita_capstone\dataset\W\CW\7130-115.jpg,dataset/W/CW/7130-115.jpg,W,Wall,CW,Cracked,1,W/CW
C:\Users\sumit\Desktop\kavita_capstone\dataset\P\CP\035-100.jpg,dataset/P/CP/035-100.jpg,P,Pavement,CP,Cracked,1,P/CP
C:\Users\sumit\Desktop\kavita_capstone\dataset\D\UD\7019-228.jpg,dataset/D/UD/7019-228.jpg,D,Deck,UD,Uncracked,0,D/UD
C:\Users\sumit\Desktop\kavita_capstone\dataset\D\UD\7011-234.jpg,dataset/D/UD/7011-234.jpg,D,Deck,UD,Uncracked,0,D/UD
C:\Users\sumit\Desktop\kavita_capstone\dataset\D\CD\7008-41.jpg,dataset/D/CD/7008-41.jpg,D,Deck,CD,Cracked,1,D/CD
C:\Users\sumit\Desktop\kavita_capstone\dataset\W\UW\7075-49.jpg,dataset/W/UW/7075-49.jpg,W,Wall,UW,Uncracked,0,W/UW
C:\Users\sumit\Desktop\kavita_capstone\dataset\D\UD\7041-172.jpg,dataset/D/UD/7041-172.jpg,D,Deck,UD,Uncracked,0,D/UD
C:\Users\sumit\Desktop\kavita_capstone\dataset\D\CD\7022-204.jpg,dataset/D/CD/7022-204.jpg,D,Deck,CD,Cracked,1,D/CD
C:\Users\sumit\Desktop\kavita_capstone\dataset\P\UP\104-150.jpg,dataset/P/UP/104-150.jpg,P,Pavement,UP,Uncracked,0,P/UP
C:\Users\sumit\Desktop\kavita_capstone\dataset\D\CD\7009-167.jpg,dataset/D/CD/7009-167.jpg,D,Deck,CD,Cracked,1,D/CD
C:\Users\sumit\Desktop\kavita_capstone\dataset\W\CW\7119-173.jpg,dataset/W/CW/7119-173.jpg,W,Wall,CW,Cracked,1,W/CW
C:\Users\sumit\Desktop\kavita_capstone\dataset\P\CP\099-100.jpg,dataset/P/CP/099-100.jpg,P,Pavement,CP,Cracked,1,P/CP
C:\Users\sumit\Desktop\kavita_capstone\dataset\W\CW\7103-26.jpg,dataset/W/CW/7103-26.jpg,W,Wall,CW,Cracked,1,W/CW
C:\Users\sumit\Desktop\kavita_capstone\dataset\W\UW\7140-157.jpg,dataset/W/UW/7140-157.jpg,W,Wall,UW,Uncracked,0,W/UW
C:\Users\sumit\Desktop\kavita_capstone\dataset\P\CP\071-115.jpg,dataset/P/CP/071-115.jpg,P,Pavement,CP,Cracked,1,P/CP
C:\Users\sumit\Desktop\kavita_capstone\dataset\D\CD\7039-76.jpg,dataset/D/CD/7039-76.jpg,D,Deck,CD,Cracked,1,D/CD
C:\Users\sumit\Desktop\kavita_capstone\dataset\W\UW\7116-207.jpg,dataset/W/UW/7116-207.jpg,W,Wall,UW,Uncracked,0,W/UW
C:\Users\sumit\Desktop\kavita_capstone\dataset\D\CD\7048-78.jpg,dataset/D/CD/7048-78.jpg,D,Deck,CD,Cracked,1,D/CD
C:\Users\sumit\Desktop\kavita_capstone\dataset\D\UD\7046-108.jpg,dataset/D/UD/7046-108.jpg,D,Deck,UD,Uncracked,0,D/UD
C:\Users\sumit\Desktop\kavita_capstone\dataset\W\UW\7112-37.jpg,dataset/W/UW/7112-37.jpg,W,Wall,UW,Uncracked,0,W/UW
C:\Users\sumit\Desktop\kavita_capstone\dataset\W\CW\7088-49.jpg,dataset/W/CW/7088-49.jpg,W,Wall,CW,Cracked,1,W/CW
C:\Users\sumit\Desktop\kavita_capstone\dataset\W\CW\7084-179.jpg,dataset/W/CW/7084-179.jpg,W,Wall,CW,Cracked,1,W/CW
C:\Users\sumit\Desktop\kavita_capstone\dataset\D\UD\7041-189.jpg,dataset/D/UD/7041-189.jpg,D,Deck,UD,Uncracked,0,D/UD
C:\Users\sumit\Desktop\kavita_capstone\dataset\W\UW\7095-192.jpg,dataset/W/UW/7095-192.jpg,W,Wall,UW,Uncracked,0,W/UW
C:\Users\sumit\Desktop\kavita_capstone\dataset\W\UW\7117-199.jpg,dataset/W/UW/7117-199.jpg,W,Wall,UW,Uncracked,0,W/UW
C:\Users\sumit\Desktop\kavita_capstone\dataset\D\CD\7002-162.jpg,dataset/D/CD/7002-162.jpg,D,Deck,CD,Cracked,1,D/CD
C:\Users\sumit\Desktop\kavita_capstone\dataset\D\UD\7012-143.jpg,dataset/D/UD/7012-143.jpg,D,Deck,UD,Uncracked,0,D/UD
C:\Users\sumit\Desktop\kavita_capstone\dataset\W\CW\7075-232.jpg,dataset/W/CW/7075-232.jpg,W,Wall,CW,Cracked,1,W/CW
C:\Users\sumit\Desktop\kavita_capstone\dataset\P\CP\050-104.jpg,dataset/P/CP/050-104.jpg,P,Pavement,CP,Cracked,1,P/CP
C:\Users\sumit\Desktop\kavita_capstone\dataset\W\CW\7098-226.jpg,dataset/W/CW/7098-226.jpg,W,Wall,CW,Cracked,1,W/CW
C:\Users\sumit\Desktop\kavita_capstone\dataset\W\CW\7092-203.jpg,dataset/W/CW/7092-203.jpg,W,Wall,CW,Cracked,1,W/CW
C:\Users\sumit\Desktop\kavita_capstone\dataset\D\CD\7036-48.jpg,dataset/D/CD/7036-48.jpg,D,Deck,CD,Cracked,1,D/CD
C:\Users\sumit\Desktop\kavita_capstone\dataset\W\CW\7085-117.jpg,dataset/W/CW/7085-117.jpg,W,Wall,CW,Cracked,1,W/CW
C:\Users\sumit\Desktop\kavita_capstone\dataset\D\UD\7013-20.jpg,dataset/D/UD/7013-20.jpg,D,Deck,UD,Uncracked,0,D/UD
C:\Users\sumit\Desktop\kavita_capstone\dataset\W\CW\7085-60.jpg,dataset/W/CW/7085-60.jpg,W,Wall,CW,Cracked,1,W/CW
C:\Users\sumit\Desktop\kavita_capstone\dataset\P\UP\050-153.jpg,dataset/P/UP/050-153.jpg,P,Pavement,UP,Uncracked,0,P/UP
C:\Users\sumit\Desktop\kavita_capstone\dataset\W\CW\7089-37.jpg,dataset/W/CW/7089-37.jpg,W,Wall,CW,Cracked,1,W/CW
C:\Users\sumit\Desktop\kavita_capstone\dataset\W\UW\7075-210.jpg,dataset/W/UW/7075-210.jpg,W,Wall,UW,Uncracked,0,W/UW
C:\Users\sumit\Desktop\kavita_capstone\dataset\P\CP\006-203.jpg,dataset/P/CP/006-203.jpg,P,Pavement,CP,Cracked,1,P/CP
C:\Users\sumit\Desktop\kavita_capstone\dataset\D\UD\7012-70.jpg,dataset/D/UD/7012-70.jpg,D,Deck,UD,Uncracked,0,D/UD
C:\Users\sumit\Desktop\kavita_capstone\dataset\W\UW\7138-88.jpg,dataset/W/UW/7138-88.jpg,W,Wall,UW,Uncracked,0,W/UW
C:\Users\sumit\Desktop\kavita_capstone\dataset\W\UW\7132-7.jpg,dataset/W/UW/7132-7.jpg,W,Wall,UW,Uncracked,0,W/UW
C:\Users\sumit\Desktop\kavita_capstone\dataset\D\UD\7024-69.jpg,dataset/D/UD/7024-69.jpg,D,Deck,UD,Uncracked,0,D/UD
C:\Users\sumit\Desktop\kavita_capstone\dataset\D\UD\7015-169.jpg,dataset/D/UD/7015-169.jpg,D,Deck,UD,Uncracked,0,D/UD
C:\Users\sumit\Desktop\kavita_capstone\dataset\W\UW\7132-204.jpg,dataset/W/UW/7132-204.jpg,W,Wall,UW,Uncracked,0,W/UW
C:\Users\sumit\Desktop\kavita_capstone\dataset\W\CW\7096-152.jpg,dataset/W/CW/7096-152.jpg,W,Wall,CW,Cracked,1,W/CW
C:\Users\sumit\Desktop\kavita_capstone\dataset\D\CD\7017-21.jpg,dataset/D/CD/7017-21.jpg,D,Deck,CD,Cracked,1,D/CD
C:\Users\sumit\Desktop\kavita_capstone\dataset\W\UW\7128-196.jpg,dataset/W/UW/7128-196.jpg,W,Wall,UW,Uncracked,0,W/UW
C:\Users\sumit\Desktop\kavita_capstone\dataset\W\CW\7135-186.jpg,dataset/W/CW/7135-186.jpg,W,Wall,CW,Cracked,1,W/CW
C:\Users\sumit\Desktop\kavita_capstone\dataset\W\UW\7110-165.jpg,dataset/W/UW/7110-165.jpg,W,Wall,UW,Uncracked,0,W/UW
C:\Users\sumit\Desktop\kavita_capstone\dataset\W\UW\7078-197.jpg,dataset/W/UW/7078-197.jpg,W,Wall,UW,Uncracked,0,W/UW
C:\Users\sumit\Desktop\kavita_capstone\dataset\P\UP\015-168.jpg,dataset/P/UP/015-168.jpg,P,Pavement,UP,Uncracked,0,P/UP
C:\Users\sumit\Desktop\kavita_capstone\dataset\P\UP\036-229.jpg,dataset/P/UP/036-229.jpg,P,Pavement,UP,Uncracked,0,P/UP
C:\Users\sumit\Desktop\kavita_capstone\dataset\P\CP\019-31.jpg,dataset/P/CP/019-31.jpg,P,Pavement,CP,Cracked,1,P/CP
C:\Users\sumit\Desktop\kavita_capstone\dataset\D\UD\7049-124.jpg,dataset/D/UD/7049-124.jpg,D,Deck,UD,Uncracked,0,D/UD
C:\Users\sumit\Desktop\kavita_capstone\dataset\P\UP\064-50.jpg,dataset/P/UP/064-50.jpg,P,Pavement,UP,Uncracked,0,P/UP
C:\Users\sumit\Desktop\kavita_capstone\dataset\D\UD\7009-236.jpg,dataset/D/UD/7009-236.jpg,D,Deck,UD,Uncracked,0,D/UD
C:\Users\sumit\Desktop\kavita_capstone\dataset\P\UP\016-188.jpg,dataset/P/UP/016-188.jpg,P,Pavement,UP,Uncracked,0,P/UP
C:\Users\sumit\Desktop\kavita_capstone\dataset\W\CW\7087-246.jpg,dataset/W/CW/7087-246.jpg,W,Wall,CW,Cracked,1,W/CW
C:\Users\sumit\Desktop\kavita_capstone\dataset\W\UW\7071-162.jpg,dataset/W/UW/7071-162.jpg,W,Wall,UW,Uncracked,0,W/UW
C:\Users\sumit\Desktop\kavita_capstone\dataset\P\CP\047-90.jpg,dataset/P/CP/047-90.jpg,P,Pavement,CP,Cracked,1,P/CP
C:\Users\sumit\Desktop\kavita_capstone\dataset\D\UD\7031-35.jpg,dataset/D/UD/7031-35.jpg,D,Deck,UD,Uncracked,0,D/UD
C:\Users\sumit\Desktop\kavita_capstone\dataset\W\UW\7086-3.jpg,dataset/W/UW/7086-3.jpg,W,Wall,UW,Uncracked,0,W/UW
C:\Users\sumit\Desktop\kavita_capstone\dataset\W\CW\7086-83.jpg,dataset/W/CW/7086-83.jpg,W,Wall,CW,Cracked,1,W/CW
C:\Users\sumit\Desktop\kavita_capstone\dataset\W\UW\7140-210.jpg,dataset/W/UW/7140-210.jpg,W,Wall,UW,Uncracked,0,W/UW
C:\Users\sumit\Desktop\kavita_capstone\dataset\P\UP\082-135.jpg,dataset/P/UP/082-135.jpg,P,Pavement,UP,Uncracked,0,P/UP
C:\Users\sumit\Desktop\kavita_capstone\dataset\D\CD\7054-134.jpg,dataset/D/CD/7054-134.jpg,D,Deck,CD,Cracked,1,D/CD
C:\Users\sumit\Desktop\kavita_capstone\dataset\W\UW\7136-155.jpg,dataset/W/UW/7136-155.jpg,W,Wall,UW,Uncracked,0,W/UW
C:\Users\sumit\Desktop\kavita_capstone\dataset\D\UD\7010-194.jpg,dataset/D/UD/7010-194.jpg,D,Deck,UD,Uncracked,0,D/UD
C:\Users\sumit\Desktop\kavita_capstone\dataset\W\UW\7094-201.jpg,dataset/W/UW/7094-201.jpg,W,Wall,UW,Uncracked,0,W/UW
C:\Users\sumit\Desktop\kavita_capstone\dataset\P\CP\090-142.jpg,dataset/P/CP/090-142.jpg,P,Pavement,CP,Cracked,1,P/CP
C:\Users\sumit\Desktop\kavita_capstone\dataset\P\CP\087-60.jpg,dataset/P/CP/087-60.jpg,P,Pavement,CP,Cracked,1,P/CP
C:\Users\sumit\Desktop\kavita_capstone\dataset\D\CD\7007-106.jpg,dataset/D/CD/7007-106.jpg,D,Deck,CD,Cracked,1,D/CD
C:\Users\sumit\Desktop\kavita_capstone\dataset\P\UP\053-171.jpg,dataset/P/UP/053-171.jpg,P,Pavement,UP,Uncracked,0,P/UP
C:\Users\sumit\Desktop\kavita_capstone\dataset\W\CW\7090-56.jpg,dataset/W/CW/7090-56.jpg,W,Wall,CW,Cracked,1,W/CW
C:\Users\sumit\Desktop\kavita_capstone\dataset\D\CD\7049-52.jpg,dataset/D/CD/7049-52.jpg,D,Deck,CD,Cracked,1,D/CD
C:\Users\sumit\Desktop\kavita_capstone\dataset\W\UW\7123-176.jpg,dataset/W/UW/7123-176.jpg,W,Wall,UW,Uncracked,0,W/UW
C:\Users\sumit\Desktop\kavita_capstone\dataset\D\CD\7007-20.jpg,dataset/D/CD/7007-20.jpg,D,Deck,CD,Cracked,1,D/CD
C:\Users\sumit\Desktop\kavita_capstone\dataset\P\CP\020-221.jpg,dataset/P/CP/020-221.jpg,P,Pavement,CP,Cracked,1,P/CP
C:\Users\sumit\Desktop\kavita_capstone\dataset\W\CW\7081-104.jpg,dataset/W/CW/7081-104.jpg,W,Wall,CW,Cracked,1,W/CW
C:\Users\sumit\Desktop\kavita_capstone\dataset\W\UW\7093-169.jpg,dataset/W/UW/7093-169.jpg,W,Wall,UW,Uncracked,0,W/UW
C:\Users\sumit\Desktop\kavita_capstone\dataset\P\UP\029-146.jpg,dataset/P/UP/029-146.jpg,P,Pavement,UP,Uncracked,0,P/UP
C:\Users\sumit\Desktop\kavita_capstone\dataset\P\CP\101-113.jpg,dataset/P/CP/101-113.jpg,P,Pavement,CP,Cracked,1,P/CP
C:\Users\sumit\Desktop\kavita_capstone\dataset\D\CD\7048-81.jpg,dataset/D/CD/7048-81.jpg,D,Deck,CD,Cracked,1,D/CD
C:\Users\sumit\Desktop\kavita_capstone\dataset\D\UD\7049-100.jpg,dataset/D/UD/7049-100.jpg,D,Deck,UD,Uncracked,0,D/UD
C:\Users\sumit\Desktop\kavita_capstone\dataset\W\CW\7086-184.jpg,dataset/W/CW/7086-184.jpg,W,Wall,CW,Cracked,1,W/CW
C:\Users\sumit\Desktop\kavita_capstone\dataset\D\UD\7004-15.jpg,dataset/D/UD/7004-15.jpg,D,Deck,UD,Uncracked,0,D/UD
C:\Users\sumit\Desktop\kavita_capstone\dataset\P\CP\019-142.jpg,dataset/P/CP/019-142.jpg,P,Pavement,CP,Cracked,1,P/CP
C:\Users\sumit\Desktop\kavita_capstone\dataset\W\CW\7092-243.jpg,dataset/W/CW/7092-243.jpg,W,Wall,CW,Cracked,1,W/CW
C:\Users\sumit\Desktop\kavita_capstone\dataset\W\UW\7070-194.jpg,dataset/W/UW/7070-194.jpg,W,Wall,UW,Uncracked,0,W/UW
C:\Users\sumit\Desktop\kavita_capstone\dataset\D\CD\7010-98.jpg,dataset/D/CD/7010-98.jpg,D,Deck,CD,Cracked,1,D/CD
C:\Users\sumit\Desktop\kavita_capstone\dataset\W\UW\7117-117.jpg,dataset/W/UW/7117-117.jpg,W,Wall,UW,Uncracked,0,W/UW
C:\Users\sumit\Desktop\kavita_capstone\dataset\D\CD\7016-47.jpg,dataset/D/CD/7016-47.jpg,D,Deck,CD,Cracked,1,D/CD
C:\Users\sumit\Desktop\kavita_capstone\dataset\P\CP\035-58.jpg,dataset/P/CP/035-58.jpg,P,Pavement,CP,Cracked,1,P/CP
C:\Users\sumit\Desktop\kavita_capstone\dataset\D\CD\7033-124.jpg,dataset/D/CD/7033-124.jpg,D,Deck,CD,Cracked,1,D/CD
C:\Users\sumit\Desktop\kavita_capstone\dataset\P\UP\036-146.jpg,dataset/P/UP/036-146.jpg,P,Pavement,UP,Uncracked,0,P/UP
C:\Users\sumit\Desktop\kavita_capstone\dataset\W\CW\7085-168.jpg,dataset/W/CW/7085-168.jpg,W,Wall,CW,Cracked,1,W/CW
C:\Users\sumit\Desktop\kavita_capstone\dataset\D\UD\7009-116.jpg,dataset/D/UD/7009-116.jpg,D,Deck,UD,Uncracked,0,D/UD
C:\Users\sumit\Desktop\kavita_capstone\dataset\D\UD\7040-104.jpg,dataset/D/UD/7040-104.jpg,D,Deck,UD,Uncracked,0,D/UD
C:\Users\sumit\Desktop\kavita_capstone\dataset\D\CD\7024-93.jpg,dataset/D/CD/7024-93.jpg,D,Deck,CD,Cracked,1,D/CD
C:\Users\sumit\Desktop\kavita_capstone\dataset\W\UW\7104-181.jpg,dataset/W/UW/7104-181.jpg,W,Wall,UW,Uncracked,0,W/UW
C:\Users\sumit\Desktop\kavita_capstone\dataset\P\CP\020-110.jpg,dataset/P/CP/020-110.jpg,P,Pavement,CP,Cracked,1,P/CP
C:\Users\sumit\Desktop\kavita_capstone\dataset\W\UW\7096-220.jpg,dataset/W/UW/7096-220.jpg,W,Wall,UW,Uncracked,0,W/UW
C:\Users\sumit\Desktop\kavita_capstone\dataset\W\CW\7087-61.jpg,dataset/W/CW/7087-61.jpg,W,Wall,CW,Cracked,1,W/CW
C:\Users\sumit\Desktop\kavita_capstone\dataset\W\CW\7088-68.jpg,dataset/W/CW/7088-68.jpg,W,Wall,CW,Cracked,1,W/CW
C:\Users\sumit\Desktop\kavita_capstone\dataset\W\UW\7088-203.jpg,dataset/W/UW/7088-203.jpg,W,Wall,UW,Uncracked,0,W/UW
C:\Users\sumit\Desktop\kavita_capstone\dataset\D\CD\7021-26.jpg,dataset/D/CD/7021-26.jpg,D,Deck,CD,Cracked,1,D/CD
C:\Users\sumit\Desktop\kavita_capstone\dataset\D\CD\7041-167.jpg,dataset/D/CD/7041-167.jpg,D,Deck,CD,Cracked,1,D/CD
C:\Users\sumit\Desktop\kavita_capstone\dataset\D\UD\7018-75.jpg,dataset/D/UD/7018-75.jpg,D,Deck,UD,Uncracked,0,D/UD
C:\Users\sumit\Desktop\kavita_capstone\dataset\P\UP\074-33.jpg,dataset/P/UP/074-33.jpg,P,Pavement,UP,Uncracked,0,P/UP
C:\Users\sumit\Desktop\kavita_capstone\dataset\P\UP\012-193.jpg,dataset/P/UP/012-193.jpg,P,Pavement,UP,Uncracked,0,P/UP
C:\Users\sumit\Desktop\kavita_capstone\dataset\D\CD\7011-221.jpg,dataset/D/CD/7011-221.jpg,D,Deck,CD,Cracked,1,D/CD
C:\Users\sumit\Desktop\kavita_capstone\dataset\P\CP\010-109.jpg,dataset/P/CP/010-109.jpg,P,Pavement,CP,Cracked,1,P/CP
C:\Users\sumit\Desktop\kavita_capstone\dataset\W\UW\7086-127.jpg,dataset/W/UW/7086-127.jpg,W,Wall,UW,Uncracked,0,W/UW
C:\Users\sumit\Desktop\kavita_capstone\dataset\P\UP\064-221.jpg,dataset/P/UP/064-221.jpg,P,Pavement,UP,Uncracked,0,P/UP
C:\Users\sumit\Desktop\kavita_capstone\dataset\D\CD\7038-93.jpg,dataset/D/CD/7038-93.jpg,D,Deck,CD,Cracked,1,D/CD
C:\Users\sumit\Desktop\kavita_capstone\dataset\P\CP\039-136.jpg,dataset/P/CP/039-136.jpg,P,Pavement,CP,Cracked,1,P/CP
C:\Users\sumit\Desktop\kavita_capstone\dataset\P\UP\015-137.jpg,dataset/P/UP/015-137.jpg,P,Pavement,UP,Uncracked,0,P/UP
C:\Users\sumit\Desktop\kavita_capstone\dataset\W\UW\7074-95.jpg,dataset/W/UW/7074-95.jpg,W,Wall,UW,Uncracked,0,W/UW
C:\Users\sumit\Desktop\kavita_capstone\dataset\P\CP\043-77.jpg,dataset/P/CP/043-77.jpg,P,Pavement,CP,Cracked,1,P/CP
C:\Users\sumit\Desktop\kavita_capstone\dataset\W\UW\7119-64.jpg,dataset/W/UW/7119-64.jpg,W,Wall,UW,Uncracked,0,W/UW
C:\Users\sumit\Desktop\kavita_capstone\dataset\W\CW\7095-81.jpg,dataset/W/CW/7095-81.jpg,W,Wall,CW,Cracked,1,W/CW
C:\Users\sumit\Desktop\kavita_capstone\dataset\W\CW\7079-107.jpg,dataset/W/CW/7079-107.jpg,W,Wall,CW,Cracked,1,W/CW
C:\Users\sumit\Desktop\kavita_capstone\dataset\P\UP\017-217.jpg,dataset/P/UP/017-217.jpg,P,Pavement,UP,Uncracked,0,P/UP
C:\Users\sumit\Desktop\kavita_capstone\dataset\W\UW\7072-73.jpg,dataset/W/UW/7072-73.jpg,W,Wall,UW,Uncracked,0,W/UW
C:\Users\sumit\Desktop\kavita_capstone\dataset\W\UW\7109-198.jpg,dataset/W/UW/7109-198.jpg,W,Wall,UW,Uncracked,0,W/UW
C:\Users\sumit\Desktop\kavita_capstone\dataset\W\UW\7113-243.jpg,dataset/W/UW/7113-243.jpg,W,Wall,UW,Uncracked,0,W/UW
C:\Users\sumit\Desktop\kavita_capstone\dataset\D\UD\7002-246.jpg,dataset/D/UD/7002-246.jpg,D,Deck,UD,Uncracked,0,D/UD
C:\Users\sumit\Desktop\kavita_capstone\dataset\W\UW\7084-65.jpg,dataset/W/UW/7084-65.jpg,W,Wall,UW,Uncracked,0,W/UW
C:\Users\sumit\Desktop\kavita_capstone\dataset\W\UW\7126-170.jpg,dataset/W/UW/7126-170.jpg,W,Wall,UW,Uncracked,0,W/UW
C:\Users\sumit\Desktop\kavita_capstone\dataset\W\CW\7109-156.jpg,dataset/W/CW/7109-156.jpg,W,Wall,CW,Cracked,1,W/CW
C:\Users\sumit\Desktop\kavita_capstone\dataset\P\CP\043-144.jpg,dataset/P/CP/043-144.jpg,P,Pavement,CP,Cracked,1,P/CP
C:\Users\sumit\Desktop\kavita_capstone\dataset\W\UW\7107-204.jpg,dataset/W/UW/7107-204.jpg,W,Wall,UW,Uncracked,0,W/UW
C:\Users\sumit\Desktop\kavita_capstone\dataset\W\UW\7097-174.jpg,dataset/W/UW/7097-174.jpg,W,Wall,UW,Uncracked,0,W/UW
C:\Users\sumit\Desktop\kavita_capstone\dataset\D\CD\7003-210.jpg,dataset/D/CD/7003-210.jpg,D,Deck,CD,Cracked,1,D/CD
C:\Users\sumit\Desktop\kavita_capstone\dataset\D\UD\7048-85.jpg,dataset/D/UD/7048-85.jpg,D,Deck,UD,Uncracked,0,D/UD
C:\Users\sumit\Desktop\kavita_capstone\dataset\W\UW\7119-212.jpg,dataset/W/UW/7119-212.jpg,W,Wall,UW,Uncracked,0,W/UW
C:\Users\sumit\Desktop\kavita_capstone\dataset\D\CD\7050-161.jpg,dataset/D/CD/7050-161.jpg,D,Deck,CD,Cracked,1,D/CD
C:\Users\sumit\Desktop\kavita_capstone\dataset\W\UW\7094-199.jpg,dataset/W/UW/7094-199.jpg,W,Wall,UW,Uncracked,0,W/UW
C:\Users\sumit\Desktop\kavita_capstone\dataset\P\UP\097-93.jpg,dataset/P/UP/097-93.jpg,P,Pavement,UP,Uncracked,0,P/UP
C:\Users\sumit\Desktop\kavita_capstone\dataset\W\CW\7133-207.jpg,dataset/W/CW/7133-207.jpg,W,Wall,CW,Cracked,1,W/CW
C:\Users\sumit\Desktop\kavita_capstone\dataset\W\UW\7115-169.jpg,dataset/W/UW/7115-169.jpg,W,Wall,UW,Uncracked,0,W/UW
C:\Users\sumit\Desktop\kavita_capstone\dataset\W\UW\7139-122.jpg,dataset/W/UW/7139-122.jpg,W,Wall,UW,Uncracked,0,W/UW
C:\Users\sumit\Desktop\kavita_capstone\dataset\W\UW\7069-39.jpg,dataset/W/UW/7069-39.jpg,W,Wall,UW,Uncracked,0,W/UW
C:\Users\sumit\Desktop\kavita_capstone\dataset\W\CW\7084-83.jpg,dataset/W/CW/7084-83.jpg,W,Wall,CW,Cracked,1,W/CW
C:\Users\sumit\Desktop\kavita_capstone\dataset\P\CP\074-59.jpg,dataset/P/CP/074-59.jpg,P,Pavement,CP,Cracked,1,P/CP
C:\Users\sumit\Desktop\kavita_capstone\dataset\D\CD\7023-113.jpg,dataset/D/CD/7023-113.jpg,D,Deck,CD,Cracked,1,D/CD
C:\Users\sumit\Desktop\kavita_capstone\dataset\D\CD\7037-83.jpg,dataset/D/CD/7037-83.jpg,D,Deck,CD,Cracked,1,D/CD
C:\Users\sumit\Desktop\kavita_capstone\dataset\P\CP\023-138.jpg,dataset/P/CP/023-138.jpg,P,Pavement,CP,Cracked,1,P/CP
C:\Users\sumit\Desktop\kavita_capstone\dataset\P\UP\071-213.jpg,dataset/P/UP/071-213.jpg,P,Pavement,UP,Uncracked,0,P/UP
C:\Users\sumit\Desktop\kavita_capstone\dataset\W\UW\7079-109.jpg,dataset/W/UW/7079-109.jpg,W,Wall,UW,Uncracked,0,W/UW
C:\Users\sumit\Desktop\kavita_capstone\dataset\P\UP\064-197.jpg,dataset/P/UP/064-197.jpg,P,Pavement,UP,Uncracked,0,P/UP
C:\Users\sumit\Desktop\kavita_capstone\dataset\W\CW\7136-118.jpg,dataset/W/CW/7136-118.jpg,W,Wall,CW,Cracked,1,W/CW
C:\Users\sumit\Desktop\kavita_capstone\dataset\P\CP\009-91.jpg,dataset/P/CP/009-91.jpg,P,Pavement,CP,Cracked,1,P/CP
C:\Users\sumit\Desktop\kavita_capstone\dataset\W\UW\7080-121.jpg,dataset/W/UW/7080-121.jpg,W,Wall,UW,Uncracked,0,W/UW
C:\Users\sumit\Desktop\kavita_capstone\dataset\D\UD\7038-246.jpg,dataset/D/UD/7038-246.jpg,D,Deck,UD,Uncracked,0,D/UD
C:\Users\sumit\Desktop\kavita_capstone\dataset\W\CW\7108-225.jpg,dataset/W/CW/7108-225.jpg,W,Wall,CW,Cracked,1,W/CW
C:\Users\sumit\Desktop\kavita_capstone\dataset\P\CP\005-82.jpg,dataset/P/CP/005-82.jpg,P,Pavement,CP,Cracked,1,P/CP
C:\Users\sumit\Desktop\kavita_capstone\dataset\D\CD\7026-241.jpg,dataset/D/CD/7026-241.jpg,D,Deck,CD,Cracked,1,D/CD
C:\Users\sumit\Desktop\kavita_capstone\dataset\D\UD\7052-126.jpg,dataset/D/UD/7052-126.jpg,D,Deck,UD,Uncracked,0,D/UD
C:\Users\sumit\Desktop\kavita_capstone\dataset\D\UD\7045-96.jpg,dataset/D/UD/7045-96.jpg,D,Deck,UD,Uncracked,0,D/UD
C:\Users\sumit\Desktop\kavita_capstone\dataset\W\CW\7114-99.jpg,dataset/W/CW/7114-99.jpg,W,Wall,CW,Cracked,1,W/CW
C:\Users\sumit\Desktop\kavita_capstone\dataset\D\CD\7023-181.jpg,dataset/D/CD/7023-181.jpg,D,Deck,CD,Cracked,1,D/CD
C:\Users\sumit\Desktop\kavita_capstone\dataset\P\UP\008-79.jpg,dataset/P/UP/008-79.jpg,P,Pavement,UP,Uncracked,0,P/UP
C:\Users\sumit\Desktop\kavita_capstone\dataset\W\UW\7103-4.jpg,dataset/W/UW/7103-4.jpg,W,Wall,UW,Uncracked,0,W/UW
C:\Users\sumit\Desktop\kavita_capstone\dataset\D\CD\7030-204.jpg,dataset/D/CD/7030-204.jpg,D,Deck,CD,Cracked,1,D/CD
C:\Users\sumit\Desktop\kavita_capstone\dataset\P\CP\103-158.jpg,dataset/P/CP/103-158.jpg,P,Pavement,CP,Cracked,1,P/CP
C:\Users\sumit\Desktop\kavita_capstone\dataset\P\UP\061-165.jpg,dataset/P/UP/061-165.jpg,P,Pavement,UP,Uncracked,0,P/UP
C:\Users\sumit\Desktop\kavita_capstone\dataset\D\UD\7004-53.jpg,dataset/D/UD/7004-53.jpg,D,Deck,UD,Uncracked,0,D/UD
C:\Users\sumit\Desktop\kavita_capstone\dataset\W\CW\7123-203.jpg,dataset/W/CW/7123-203.jpg,W,Wall,CW,Cracked,1,W/CW
C:\Users\sumit\Desktop\kavita_capstone\dataset\P\CP\072-10.jpg,dataset/P/CP/072-10.jpg,P,Pavement,CP,Cracked,1,P/CP
C:\Users\sumit\Desktop\kavita_capstone\dataset\D\UD\7034-147.jpg,dataset/D/UD/7034-147.jpg,D,Deck,UD,Uncracked,0,D/UD
C:\Users\sumit\Desktop\kavita_capstone\dataset\D\UD\7040-233.jpg,dataset/D/UD/7040-233.jpg,D,Deck,UD,Uncracked,0,D/UD
C:\Users\sumit\Desktop\kavita_capstone\dataset\D\UD\7013-240.jpg,dataset/D/UD/7013-240.jpg,D,Deck,UD,Uncracked,0,D/UD
C:\Users\sumit\Desktop\kavita_capstone\dataset\P\CP\082-105.jpg,dataset/P/CP/082-105.jpg,P,Pavement,CP,Cracked,1,P/CP
C:\Users\sumit\Desktop\kavita_capstone\dataset\D\UD\7043-20.jpg,dataset/D/UD/7043-20.jpg,D,Deck,UD,Uncracked,0,D/UD
C:\Users\sumit\Desktop\kavita_capstone\dataset\W\CW\7088-12.jpg,dataset/W/CW/7088-12.jpg,W,Wall,CW,Cracked,1,W/CW
C:\Users\sumit\Desktop\kavita_capstone\dataset\P\CP\081-100.jpg,dataset/P/CP/081-100.jpg,P,Pavement,CP,Cracked,1,P/CP
C:\Users\sumit\Desktop\kavita_capstone\dataset\D\CD\7049-141.jpg,dataset/D/CD/7049-141.jpg,D,Deck,CD,Cracked,1,D/CD
C:\Users\sumit\Desktop\kavita_capstone\dataset\D\CD\7026-135.jpg,dataset/D/CD/7026-135.jpg,D,Deck,CD,Cracked,1,D/CD
C:\Users\sumit\Desktop\kavita_capstone\dataset\P\UP\093-204.jpg,dataset/P/UP/093-204.jpg,P,Pavement,UP,Uncracked,0,P/UP
C:\Users\sumit\Desktop\kavita_capstone\dataset\P\CP\098-103.jpg,dataset/P/CP/098-103.jpg,P,Pavement,CP,Cracked,1,P/CP
C:\Users\sumit\Desktop\kavita_capstone\dataset\D\UD\7028-95.jpg,dataset/D/UD/7028-95.jpg,D,Deck,UD,Uncracked,0,D/UD
C:\Users\sumit\Desktop\kavita_capstone\dataset\W\UW\7134-148.jpg,dataset/W/UW/7134-148.jpg,W,Wall,UW,Uncracked,0,W/UW
C:\Users\sumit\Desktop\kavita_capstone\dataset\W\CW\7095-226.jpg,dataset/W/CW/7095-226.jpg,W,Wall,CW,Cracked,1,W/CW
C:\Users\sumit\Desktop\kavita_capstone\dataset\D\UD\7047-104.jpg,dataset/D/UD/7047-104.jpg,D,Deck,UD,Uncracked,0,D/UD
C:\Users\sumit\Desktop\kavita_capstone\dataset\P\UP\001-190.jpg,dataset/P/UP/001-190.jpg,P,Pavement,UP,Uncracked,0,P/UP
C:\Users\sumit\Desktop\kavita_capstone\dataset\D\CD\7022-186.jpg,dataset/D/CD/7022-186.jpg,D,Deck,CD,Cracked,1,D/CD
C:\Users\sumit\Desktop\kavita_capstone\dataset\P\CP\029-86.jpg,dataset/P/CP/029-86.jpg,P,Pavement,CP,Cracked,1,P/CP
C:\Users\sumit\Desktop\kavita_capstone\dataset\P\UP\025-167.jpg,dataset/P/UP/025-167.jpg,P,Pavement,UP,Uncracked,0,P/UP
C:\Users\sumit\Desktop\kavita_capstone\dataset\D\UD\7027-252.jpg,dataset/D/UD/7027-252.jpg,D,Deck,UD,Uncracked,0,D/UD
C:\Users\sumit\Desktop\kavita_capstone\dataset\P\CP\006-112.jpg,dataset/P/CP/006-112.jpg,P,Pavement,CP,Cracked,1,P/CP
C:\Users\sumit\Desktop\kavita_capstone\dataset\P\CP\028-232.jpg,dataset/P/CP/028-232.jpg,P,Pavement,CP,Cracked,1,P/CP
C:\Users\sumit\Desktop\kavita_capstone\dataset\P\UP\015-44.jpg,dataset/P/UP/015-44.jpg,P,Pavement,UP,Uncracked,0,P/UP
C:\Users\sumit\Desktop\kavita_capstone\dataset\P\UP\089-116.jpg,dataset/P/UP/089-116.jpg,P,Pavement,UP,Uncracked,0,P/UP
C:\Users\sumit\Desktop\kavita_capstone\dataset\D\UD\7041-29.jpg,dataset/D/UD/7041-29.jpg,D,Deck,UD,Uncracked,0,D/UD
C:\Users\sumit\Desktop\kavita_capstone\dataset\W\UW\7079-28.jpg,dataset/W/UW/7079-28.jpg,W,Wall,UW,Uncracked,0,W/UW
C:\Users\sumit\Desktop\kavita_capstone\dataset\W\CW\7093-5.jpg,dataset/W/CW/7093-5.jpg,W,Wall,CW,Cracked,1,W/CW
C:\Users\sumit\Desktop\kavita_capstone\dataset\D\CD\7021-147.jpg,dataset/D/CD/7021-147.jpg,D,Deck,CD,Cracked,1,D/CD
C:\Users\sumit\Desktop\kavita_capstone\dataset\D\UD\7015-202.jpg,dataset/D/UD/7015-202.jpg,D,Deck,UD,Uncracked,0,D/UD
C:\Users\sumit\Desktop\kavita_capstone\dataset\W\CW\7074-130.jpg,dataset/W/CW/7074-130.jpg,W,Wall,CW,Cracked,1,W/CW
C:\Users\sumit\Desktop\kavita_capstone\dataset\D\UD\7017-238.jpg,dataset/D/UD/7017-238.jpg,D,Deck,UD,Uncracked,0,D/UD
C:\Users\sumit\Desktop\kavita_capstone\dataset\D\CD\7023-237.jpg,dataset/D/CD/7023-237.jpg,D,Deck,CD,Cracked,1,D/CD
C:\Users\sumit\Desktop\kavita_capstone\dataset\P\CP\094-123.jpg,dataset/P/CP/094-123.jpg,P,Pavement,CP,Cracked,1,P/CP
C:\Users\sumit\Desktop\kavita_capstone\dataset\W\UW\7108-167.jpg,dataset/W/UW/7108-167.jpg,W,Wall,UW,Uncracked,0,W/UW
C:\Users\sumit\Desktop\kavita_capstone\dataset\P\UP\096-169.jpg,dataset/P/UP/096-169.jpg,P,Pavement,UP,Uncracked,0,P/UP
C:\Users\sumit\Desktop\kavita_capstone\dataset\P\UP\081-33.jpg,dataset/P/UP/081-33.jpg,P,Pavement,UP,Uncracked,0,P/UP
C:\Users\sumit\Desktop\kavita_capstone\dataset\D\UD\7035-156.jpg,dataset/D/UD/7035-156.jpg,D,Deck,UD,Uncracked,0,D/UD
C:\Users\sumit\Desktop\kavita_capstone\dataset\D\UD\7049-56.jpg,dataset/D/UD/7049-56.jpg,D,Deck,UD,Uncracked,0,D/UD
C:\Users\sumit\Desktop\kavita_capstone\dataset\W\UW\7125-177.jpg,dataset/W/UW/7125-177.jpg,W,Wall,UW,Uncracked,0,W/UW
C:\Users\sumit\Desktop\kavita_capstone\dataset\D\UD\7018-95.jpg,dataset/D/UD/7018-95.jpg,D,Deck,UD,Uncracked,0,D/UD
C:\Users\sumit\Desktop\kavita_capstone\dataset\D\CD\7035-47.jpg,dataset/D/CD/7035-47.jpg,D,Deck,CD,Cracked,1,D/CD
C:\Users\sumit\Desktop\kavita_capstone\dataset\W\CW\7109-248.jpg,dataset/W/CW/7109-248.jpg,W,Wall,CW,Cracked,1,W/CW
C:\Users\sumit\Desktop\kavita_capstone\dataset\D\CD\7014-169.jpg,dataset/D/CD/7014-169.jpg,D,Deck,CD,Cracked,1,D/CD
C:\Users\sumit\Desktop\kavita_capstone\dataset\D\UD\7037-212.jpg,dataset/D/UD/7037-212.jpg,D,Deck,UD,Uncracked,0,D/UD
C:\Users\sumit\Desktop\kavita_capstone\dataset\P\CP\063-114.jpg,dataset/P/CP/063-114.jpg,P,Pavement,CP,Cracked,1,P/CP
C:\Users\sumit\Desktop\kavita_capstone\dataset\W\CW\7091-195.jpg,dataset/W/CW/7091-195.jpg,W,Wall,CW,Cracked,1,W/CW
C:\Users\sumit\Desktop\kavita_capstone\dataset\W\UW\7119-40.jpg,dataset/W/UW/7119-40.jpg,W,Wall,UW,Uncracked,0,W/UW
C:\Users\sumit\Desktop\kavita_capstone\dataset\W\UW\7091-164.jpg,dataset/W/UW/7091-164.jpg,W,Wall,UW,Uncracked,0,W/UW
C:\Users\sumit\Desktop\kavita_capstone\dataset\P\CP\044-74.jpg,dataset/P/CP/044-74.jpg,P,Pavement,CP,Cracked,1,P/CP
C:\Users\sumit\Desktop\kavita_capstone\dataset\W\UW\7077-158.jpg,dataset/W/UW/7077-158.jpg,W,Wall,UW,Uncracked,0,W/UW
C:\Users\sumit\Desktop\kavita_capstone\dataset\P\CP\069-60.jpg,dataset/P/CP/069-60.jpg,P,Pavement,CP,Cracked,1,P/CP
C:\Users\sumit\Desktop\kavita_capstone\dataset\D\CD\7033-181.jpg,dataset/D/CD/7033-181.jpg,D,Deck,CD,Cracked,1,D/CD
C:\Users\sumit\Desktop\kavita_capstone\dataset\D\UD\7002-26.jpg,dataset/D/UD/7002-26.jpg,D,Deck,UD,Uncracked,0,D/UD
C:\Users\sumit\Desktop\kavita_capstone\dataset\D\UD\7024-102.jpg,dataset/D/UD/7024-102.jpg,D,Deck,UD,Uncracked,0,D/UD
C:\Users\sumit\Desktop\kavita_capstone\dataset\D\UD\7025-132.jpg,dataset/D/UD/7025-132.jpg,D,Deck,UD,Uncracked,0,D/UD
C:\Users\sumit\Desktop\kavita_capstone\dataset\P\UP\054-233.jpg,dataset/P/UP/054-233.jpg,P,Pavement,UP,Uncracked,0,P/UP
C:\Users\sumit\Desktop\kavita_capstone\dataset\D\CD\7019-248.jpg,dataset/D/CD/7019-248.jpg,D,Deck,CD,Cracked,1,D/CD
C:\Users\sumit\Desktop\kavita_capstone\dataset\W\UW\7104-114.jpg,dataset/W/UW/7104-114.jpg,W,Wall,UW,Uncracked,0,W/UW
C:\Users\sumit\Desktop\kavita_capstone\dataset\W\UW\7098-198.jpg,dataset/W/UW/7098-198.jpg,W,Wall,UW,Uncracked,0,W/UW
C:\Users\sumit\Desktop\kavita_capstone\dataset\W\UW\7132-232.jpg,dataset/W/UW/7132-232.jpg,W,Wall,UW,Uncracked,0,W/UW
C:\Users\sumit\Desktop\kavita_capstone\dataset\W\UW\7105-8.jpg,dataset/W/UW/7105-8.jpg,W,Wall,UW,Uncracked,0,W/UW
C:\Users\sumit\Desktop\kavita_capstone\dataset\P\UP\059-162.jpg,dataset/P/UP/059-162.jpg,P,Pavement,UP,Uncracked,0,P/UP
C:\Users\sumit\Desktop\kavita_capstone\dataset\D\UD\7048-238.jpg,dataset/D/UD/7048-238.jpg,D,Deck,UD,Uncracked,0,D/UD
C:\Users\sumit\Desktop\kavita_capstone\dataset\W\UW\7114-43.jpg,dataset/W/UW/7114-43.jpg,W,Wall,UW,Uncracked,0,W/UW
C:\Users\sumit\Desktop\kavita_capstone\dataset\D\UD\7010-4.jpg,dataset/D/UD/7010-4.jpg,D,Deck,UD,Uncracked,0,D/UD
C:\Users\sumit\Desktop\kavita_capstone\dataset\D\UD\7050-137.jpg,dataset/D/UD/7050-137.jpg,D,Deck,UD,Uncracked,0,D/UD
C:\Users\sumit\Desktop\kavita_capstone\dataset\D\CD\7038-104.jpg,dataset/D/CD/7038-104.jpg,D,Deck,CD,Cracked,1,D/CD
C:\Users\sumit\Desktop\kavita_capstone\dataset\P\UP\022-34.jpg,dataset/P/UP/022-34.jpg,P,Pavement,UP,Uncracked,0,P/UP
C:\Users\sumit\Desktop\kavita_capstone\dataset\D\CD\7016-189.jpg,dataset/D/CD/7016-189.jpg,D,Deck,CD,Cracked,1,D/CD
C:\Users\sumit\Desktop\kavita_capstone\dataset\W\CW\7114-173.jpg,dataset/W/CW/7114-173.jpg,W,Wall,CW,Cracked,1,W/CW
C:\Users\sumit\Desktop\kavita_capstone\dataset\W\CW\7076-203.jpg,dataset/W/CW/7076-203.jpg,W,Wall,CW,Cracked,1,W/CW
C:\Users\sumit\Desktop\kavita_capstone\dataset\P\CP\054-70.jpg,dataset/P/CP/054-70.jpg,P,Pavement,CP,Cracked,1,P/CP
C:\Users\sumit\Desktop\kavita_capstone\dataset\W\CW\7127-152.jpg,dataset/W/CW/7127-152.jpg,W,Wall,CW,Cracked,1,W/CW
C:\Users\sumit\Desktop\kavita_capstone\dataset\W\UW\7097-222.jpg,dataset/W/UW/7097-222.jpg,W,Wall,UW,Uncracked,0,W/UW
C:\Users\sumit\Desktop\kavita_capstone\dataset\P\CP\021-75.jpg,dataset/P/CP/021-75.jpg,P,Pavement,CP,Cracked,1,P/CP
C:\Users\sumit\Desktop\kavita_capstone\dataset\D\CD\7036-217.jpg,dataset/D/CD/7036-217.jpg,D,Deck,CD,Cracked,1,D/CD
C:\Users\sumit\Desktop\kavita_capstone\dataset\P\UP\061-183.jpg,dataset/P/UP/061-183.jpg,P,Pavement,UP,Uncracked,0,P/UP
C:\Users\sumit\Desktop\kavita_capstone\dataset\P\UP\068-65.jpg,dataset/P/UP/068-65.jpg,P,Pavement,UP,Uncracked,0,P/UP
C:\Users\sumit\Desktop\kavita_capstone\dataset\D\UD\7024-5.jpg,dataset/D/UD/7024-5.jpg,D,Deck,UD,Uncracked,0,D/UD
C:\Users\sumit\Desktop\kavita_capstone\dataset\P\CP\078-114.jpg,dataset/P/CP/078-114.jpg,P,Pavement,CP,Cracked,1,P/CP
C:\Users\sumit\Desktop\kavita_capstone\dataset\P\UP\036-114.jpg,dataset/P/UP/036-114.jpg,P,Pavement,UP,Uncracked,0,P/UP
C:\Users\sumit\Desktop\kavita_capstone\dataset\P\CP\078-101.jpg,dataset/P/CP/078-101.jpg,P,Pavement,CP,Cracked,1,P/CP
C:\Users\sumit\Desktop\kavita_capstone\dataset\W\UW\7110-201.jpg,dataset/W/UW/7110-201.jpg,W,Wall,UW,Uncracked,0,W/UW
C:\Users\sumit\Desktop\kavita_capstone\dataset\P\UP\073-12.jpg,dataset/P/UP/073-12.jpg,P,Pavement,UP,Uncracked,0,P/UP
C:\Users\sumit\Desktop\kavita_capstone\dataset\D\UD\7017-201.jpg,dataset/D/UD/7017-201.jpg,D,Deck,UD,Uncracked,0,D/UD
C:\Users\sumit\Desktop\kavita_capstone\dataset\P\UP\042-171.jpg,dataset/P/UP/042-171.jpg,P,Pavement,UP,Uncracked,0,P/UP
C:\Users\sumit\Desktop\kavita_capstone\dataset\W\UW\7138-130.jpg,dataset/W/UW/7138-130.jpg,W,Wall,UW,Uncracked,0,W/UW
C:\Users\sumit\Desktop\kavita_capstone\dataset\P\UP\027-191.jpg,dataset/P/UP/027-191.jpg,P,Pavement,UP,Uncracked,0,P/UP
C:\Users\sumit\Desktop\kavita_capstone\dataset\P\UP\038-227.jpg,dataset/P/UP/038-227.jpg,P,Pavement,UP,Uncracked,0,P/UP
C:\Users\sumit\Desktop\kavita_capstone\dataset\P\CP\098-96.jpg,dataset/P/CP/098-96.jpg,P,Pavement,CP,Cracked,1,P/CP
C:\Users\sumit\Desktop\kavita_capstone\dataset\D\UD\7038-139.jpg,dataset/D/UD/7038-139.jpg,D,Deck,UD,Uncracked,0,D/UD
C:\Users\sumit\Desktop\kavita_capstone\dataset\D\CD\7010-99.jpg,dataset/D/CD/7010-99.jpg,D,Deck,CD,Cracked,1,D/CD
C:\Users\sumit\Desktop\kavita_capstone\dataset\W\UW\7106-4.jpg,dataset/W/UW/7106-4.jpg,W,Wall,UW,Uncracked,0,W/UW
C:\Users\sumit\Desktop\kavita_capstone\dataset\W\CW\7083-42.jpg,dataset/W/CW/7083-42.jpg,W,Wall,CW,Cracked,1,W/CW
C:\Users\sumit\Desktop\kavita_capstone\dataset\W\UW\7114-251.jpg,dataset/W/UW/7114-251.jpg,W,Wall,UW,Uncracked,0,W/UW
C:\Users\sumit\Desktop\kavita_capstone\dataset\P\CP\008-179.jpg,dataset/P/CP/008-179.jpg,P,Pavement,CP,Cracked,1,P/CP
C:\Users\sumit\Desktop\kavita_capstone\dataset\W\CW\7126-47.jpg,dataset/W/CW/7126-47.jpg,W,Wall,CW,Cracked,1,W/CW
C:\Users\sumit\Desktop\kavita_capstone\dataset\W\CW\7113-129.jpg,dataset/W/CW/7113-129.jpg,W,Wall,CW,Cracked,1,W/CW
C:\Users\sumit\Desktop\kavita_capstone\dataset\W\CW\7093-228.jpg,dataset/W/CW/7093-228.jpg,W,Wall,CW,Cracked,1,W/CW
C:\Users\sumit\Desktop\kavita_capstone\dataset\W\CW\7107-136_2.jpg,dataset/W/CW/7107-136_2.jpg,W,Wall,CW,Cracked,1,W/CW
C:\Users\sumit\Desktop\kavita_capstone\dataset\W\UW\7135-26.jpg,dataset/W/UW/7135-26.jpg,W,Wall,UW,Uncracked,0,W/UW
C:\Users\sumit\Desktop\kavita_capstone\dataset\P\UP\040-67.jpg,dataset/P/UP/040-67.jpg,P,Pavement,UP,Uncracked,0,P/UP
C:\Users\sumit\Desktop\kavita_capstone\dataset\W\UW\7096-165.jpg,dataset/W/UW/7096-165.jpg,W,Wall,UW,Uncracked,0,W/UW
C:\Users\sumit\Desktop\kavita_capstone\dataset\D\CD\7033-127.jpg,dataset/D/CD/7033-127.jpg,D,Deck,CD,Cracked,1,D/CD
C:\Users\sumit\Desktop\kavita_capstone\dataset\D\UD\7048-214.jpg,dataset/D/UD/7048-214.jpg,D,Deck,UD,Uncracked,0,D/UD
C:\Users\sumit\Desktop\kavita_capstone\dataset\W\CW\7127-24.jpg,dataset/W/CW/7127-24.jpg,W,Wall,CW,Cracked,1,W/CW
C:\Users\sumit\Desktop\kavita_capstone\dataset\W\UW\7108-26.jpg,dataset/W/UW/7108-26.jpg,W,Wall,UW,Uncracked,0,W/UW
C:\Users\sumit\Desktop\kavita_capstone\dataset\P\CP\103-94.jpg,dataset/P/CP/103-94.jpg,P,Pavement,CP,Cracked,1,P/CP
C:\Users\sumit\Desktop\kavita_capstone\dataset\P\CP\070-56.jpg,dataset/P/CP/070-56.jpg,P,Pavement,CP,Cracked,1,P/CP
C:\Users\sumit\Desktop\kavita_capstone\dataset\P\UP\050-172.jpg,dataset/P/UP/050-172.jpg,P,Pavement,UP,Uncracked,0,P/UP
C:\Users\sumit\Desktop\kavita_capstone\dataset\D\UD\7048-207.jpg,dataset/D/UD/7048-207.jpg,D,Deck,UD,Uncracked,0,D/UD
C:\Users\sumit\Desktop\kavita_capstone\dataset\P\UP\025-155.jpg,dataset/P/UP/025-155.jpg,P,Pavement,UP,Uncracked,0,P/UP
C:\Users\sumit\Desktop\kavita_capstone\dataset\P\UP\078-93.jpg,dataset/P/UP/078-93.jpg,P,Pavement,UP,Uncracked,0,P/UP
C:\Users\sumit\Desktop\kavita_capstone\dataset\P\UP\081-35.jpg,dataset/P/UP/081-35.jpg,P,Pavement,UP,Uncracked,0,P/UP
C:\Users\sumit\Desktop\kavita_capstone\dataset\W\UW\7106-76.jpg,dataset/W/UW/7106-76.jpg,W,Wall,UW,Uncracked,0,W/UW
C:\Users\sumit\Desktop\kavita_capstone\dataset\P\CP\088-81.jpg,dataset/P/CP/088-81.jpg,P,Pavement,CP,Cracked,1,P/CP
C:\Users\sumit\Desktop\kavita_capstone\dataset\P\UP\043-107.jpg,dataset/P/UP/043-107.jpg,P,Pavement,UP,Uncracked,0,P/UP
C:\Users\sumit\Desktop\kavita_capstone\dataset\W\CW\7131-177.jpg,dataset/W/CW/7131-177.jpg,W,Wall,CW,Cracked,1,W/CW
C:\Users\sumit\Desktop\kavita_capstone\dataset\W\CW\7131-178.jpg,dataset/W/CW/7131-178.jpg,W,Wall,CW,Cracked,1,W/CW
C:\Users\sumit\Desktop\kavita_capstone\dataset\D\CD\7010-78.jpg,dataset/D/CD/7010-78.jpg,D,Deck,CD,Cracked,1,D/CD
C:\Users\sumit\Desktop\kavita_capstone\dataset\W\CW\7080-214.jpg,dataset/W/CW/7080-214.jpg,W,Wall,CW,Cracked,1,W/CW
C:\Users\sumit\Desktop\kavita_capstone\dataset\D\UD\7001-158.jpg,dataset/D/UD/7001-158.jpg,D,Deck,UD,Uncracked,0,D/UD
C:\Users\sumit\Desktop\kavita_capstone\dataset\W\UW\7084-229.jpg,dataset/W/UW/7084-229.jpg,W,Wall,UW,Uncracked,0,W/UW
C:\Users\sumit\Desktop\kavita_capstone\dataset\W\UW\7140-203.jpg,dataset/W/UW/7140-203.jpg,W,Wall,UW,Uncracked,0,W/UW
C:\Users\sumit\Desktop\kavita_capstone\dataset\W\CW\7123-6.jpg,dataset/W/CW/7123-6.jpg,W,Wall,CW,Cracked,1,W/CW
C:\Users\sumit\Desktop\kavita_capstone\dataset\D\CD\7027-209.jpg,dataset/D/CD/7027-209.jpg,D,Deck,CD,Cracked,1,D/CD
C:\Users\sumit\Desktop\kavita_capstone\dataset\D\UD\7013-23.jpg,dataset/D/UD/7013-23.jpg,D,Deck,UD,Uncracked,0,D/UD
C:\Users\sumit\Desktop\kavita_capstone\dataset\D\UD\7027-179.jpg,dataset/D/UD/7027-179.jpg,D,Deck,UD,Uncracked,0,D/UD
C:\Users\sumit\Desktop\kavita_capstone\dataset\W\UW\7091-223.jpg,dataset/W/UW/7091-223.jpg,W,Wall,UW,Uncracked,0,W/UW
C:\Users\sumit\Desktop\kavita_capstone\dataset\P\UP\013-142.jpg,dataset/P/UP/013-142.jpg,P,Pavement,UP,Uncracked,0,P/UP
C:\Users\sumit\Desktop\kavita_capstone\dataset\D\CD\7036-110.jpg,dataset/D/CD/7036-110.jpg,D,Deck,CD,Cracked,1,D/CD
C:\Users\sumit\Desktop\kavita_capstone\dataset\D\CD\7046-198.jpg,dataset/D/CD/7046-198.jpg,D,Deck,CD,Cracked,1,D/CD
C:\Users\sumit\Desktop\kavita_capstone\dataset\D\CD\7039-95.jpg,dataset/D/CD/7039-95.jpg,D,Deck,CD,Cracked,1,D/CD
C:\Users\sumit\Desktop\kavita_capstone\dataset\D\UD\7021-231.jpg,dataset/D/UD/7021-231.jpg,D,Deck,UD,Uncracked,0,D/UD
C:\Users\sumit\Desktop\kavita_capstone\dataset\D\UD\7050-53.jpg,dataset/D/UD/7050-53.jpg,D,Deck,UD,Uncracked,0,D/UD
C:\Users\sumit\Desktop\kavita_capstone\dataset\P\CP\017-100.jpg,dataset/P/CP/017-100.jpg,P,Pavement,CP,Cracked,1,P/CP
C:\Users\sumit\Desktop\kavita_capstone\dataset\P\UP\052-185.jpg,dataset/P/UP/052-185.jpg,P,Pavement,UP,Uncracked,0,P/UP
C:\Users\sumit\Desktop\kavita_capstone\dataset\D\CD\7028-246.jpg,dataset/D/CD/7028-246.jpg,D,Deck,CD,Cracked,1,D/CD
C:\Users\sumit\Desktop\kavita_capstone\dataset\D\CD\7029-125.jpg,dataset/D/CD/7029-125.jpg,D,Deck,CD,Cracked,1,D/CD
C:\Users\sumit\Desktop\kavita_capstone\dataset\W\CW\7078-155.jpg,dataset/W/CW/7078-155.jpg,W,Wall,CW,Cracked,1,W/CW
C:\Users\sumit\Desktop\kavita_capstone\dataset\P\UP\056-149.jpg,dataset/P/UP/056-149.jpg,P,Pavement,UP,Uncracked,0,P/UP
C:\Users\sumit\Desktop\kavita_capstone\dataset\D\UD\7040-102.jpg,dataset/D/UD/7040-102.jpg,D,Deck,UD,Uncracked,0,D/UD
C:\Users\sumit\Desktop\kavita_capstone\dataset\D\CD\7020-103.jpg,dataset/D/CD/7020-103.jpg,D,Deck,CD,Cracked,1,D/CD
C:\Users\sumit\Desktop\kavita_capstone\dataset\P\UP\061-80.jpg,dataset/P/UP/061-80.jpg,P,Pavement,UP,Uncracked,0,P/UP
C:\Users\sumit\Desktop\kavita_capstone\dataset\W\UW\7126-38.jpg,dataset/W/UW/7126-38.jpg,W,Wall,UW,Uncracked,0,W/UW
C:\Users\sumit\Desktop\kavita_capstone\dataset\W\UW\7109-71.jpg,dataset/W/UW/7109-71.jpg,W,Wall,UW,Uncracked,0,W/UW
C:\Users\sumit\Desktop\kavita_capstone\dataset\P\UP\004-69.jpg,dataset/P/UP/004-69.jpg,P,Pavement,UP,Uncracked,0,P/UP
C:\Users\sumit\Desktop\kavita_capstone\dataset\P\UP\012-41.jpg,dataset/P/UP/012-41.jpg,P,Pavement,UP,Uncracked,0,P/UP
C:\Users\sumit\Desktop\kavita_capstone\dataset\D\CD\7020-27.jpg,dataset/D/CD/7020-27.jpg,D,Deck,CD,Cracked,1,D/CD
C:\Users\sumit\Desktop\kavita_capstone\dataset\D\UD\7022-215.jpg,dataset/D/UD/7022-215.jpg,D,Deck,UD,Uncracked,0,D/UD
C:\Users\sumit\Desktop\kavita_capstone\dataset\P\UP\101-88.jpg,dataset/P/UP/101-88.jpg,P,Pavement,UP,Uncracked,0,P/UP
C:\Users\sumit\Desktop\kavita_capstone\dataset\P\UP\068-30.jpg,dataset/P/UP/068-30.jpg,P,Pavement,UP,Uncracked,0,P/UP
C:\Users\sumit\Desktop\kavita_capstone\dataset\W\UW\7122-68.jpg,dataset/W/UW/7122-68.jpg,W,Wall,UW,Uncracked,0,W/UW
C:\Users\sumit\Desktop\kavita_capstone\dataset\W\UW\7076-243.jpg,dataset/W/UW/7076-243.jpg,W,Wall,UW,Uncracked,0,W/UW
C:\Users\sumit\Desktop\kavita_capstone\dataset\W\UW\7112-105.jpg,dataset/W/UW/7112-105.jpg,W,Wall,UW,Uncracked,0,W/UW
C:\Users\sumit\Desktop\kavita_capstone\dataset\W\UW\7097-150.jpg,dataset/W/UW/7097-150.jpg,W,Wall,UW,Uncracked,0,W/UW
C:\Users\sumit\Desktop\kavita_capstone\dataset\P\CP\065-92.jpg,dataset/P/CP/065-92.jpg,P,Pavement,CP,Cracked,1,P/CP
C:\Users\sumit\Desktop\kavita_capstone\dataset\D\UD\7023-187.jpg,dataset/D/UD/7023-187.jpg,D,Deck,UD,Uncracked,0,D/UD
C:\Users\sumit\Desktop\kavita_capstone\dataset\D\UD\7017-14.jpg,dataset/D/UD/7017-14.jpg,D,Deck,UD,Uncracked,0,D/UD
C:\Users\sumit\Desktop\kavita_capstone\dataset\P\CP\061-105.jpg,dataset/P/CP/061-105.jpg,P,Pavement,CP,Cracked,1,P/CP
C:\Users\sumit\Desktop\kavita_capstone\dataset\W\UW\7095-110.jpg,dataset/W/UW/7095-110.jpg,W,Wall,UW,Uncracked,0,W/UW
C:\Users\sumit\Desktop\kavita_capstone\dataset\W\UW\7107-197.jpg,dataset/W/UW/7107-197.jpg,W,Wall,UW,Uncracked,0,W/UW
C:\Users\sumit\Desktop\kavita_capstone\dataset\W\CW\7140-116.jpg,dataset/W/CW/7140-116.jpg,W,Wall,CW,Cracked,1,W/CW
C:\Users\sumit\Desktop\kavita_capstone\dataset\W\CW\7071-136.jpg,dataset/W/CW/7071-136.jpg,W,Wall,CW,Cracked,1,W/CW
C:\Users\sumit\Desktop\kavita_capstone\dataset\P\UP\093-104.jpg,dataset/P/UP/093-104.jpg,P,Pavement,UP,Uncracked,0,P/UP
C:\Users\sumit\Desktop\kavita_capstone\dataset\P\CP\007-104.jpg,dataset/P/CP/007-104.jpg,P,Pavement,CP,Cracked,1,P/CP
C:\Users\sumit\Desktop\kavita_capstone\dataset\W\UW\7124-89.jpg,dataset/W/UW/7124-89.jpg,W,Wall,UW,Uncracked,0,W/UW
C:\Users\sumit\Desktop\kavita_capstone\dataset\W\CW\7126-80.jpg,dataset/W/CW/7126-80.jpg,W,Wall,CW,Cracked,1,W/CW
C:\Users\sumit\Desktop\kavita_capstone\dataset\W\CW\7073-198.jpg,dataset/W/CW/7073-198.jpg,W,Wall,CW,Cracked,1,W/CW
C:\Users\sumit\Desktop\kavita_capstone\dataset\D\UD\7027-128.jpg,dataset/D/UD/7027-128.jpg,D,Deck,UD,Uncracked,0,D/UD
C:\Users\sumit\Desktop\kavita_capstone\dataset\D\UD\7050-179.jpg,dataset/D/UD/7050-179.jpg,D,Deck,UD,Uncracked,0,D/UD
C:\Users\sumit\Desktop\kavita_capstone\dataset\W\CW\7089-36.jpg,dataset/W/CW/7089-36.jpg,W,Wall,CW,Cracked,1,W/CW
C:\Users\sumit\Desktop\kavita_capstone\dataset\P\UP\010-90.jpg,dataset/P/UP/010-90.jpg,P,Pavement,UP,Uncracked,0,P/UP
C:\Users\sumit\Desktop\kavita_capstone\dataset\D\CD\7038-126.jpg,dataset/D/CD/7038-126.jpg,D,Deck,CD,Cracked,1,D/CD
C:\Users\sumit\Desktop\kavita_capstone\dataset\D\UD\7036-165.jpg,dataset/D/UD/7036-165.jpg,D,Deck,UD,Uncracked,0,D/UD
C:\Users\sumit\Desktop\kavita_capstone\dataset\W\CW\7120-45.jpg,dataset/W/CW/7120-45.jpg,W,Wall,CW,Cracked,1,W/CW
C:\Users\sumit\Desktop\kavita_capstone\dataset\D\UD\7046-187.jpg,dataset/D/UD/7046-187.jpg,D,Deck,UD,Uncracked,0,D/UD
C:\Users\sumit\Desktop\kavita_capstone\dataset\D\UD\7015-61.jpg,dataset/D/UD/7015-61.jpg,D,Deck,UD,Uncracked,0,D/UD
C:\Users\sumit\Desktop\kavita_capstone\dataset\W\UW\7095-188.jpg,dataset/W/UW/7095-188.jpg,W,Wall,UW,Uncracked,0,W/UW
C:\Users\sumit\Desktop\kavita_capstone\dataset\D\UD\7032-186.jpg,dataset/D/UD/7032-186.jpg,D,Deck,UD,Uncracked,0,D/UD
C:\Users\sumit\Desktop\kavita_capstone\dataset\D\UD\7001-51.jpg,dataset/D/UD/7001-51.jpg,D,Deck,UD,Uncracked,0,D/UD
C:\Users\sumit\Desktop\kavita_capstone\dataset\W\UW\7070-74.jpg,dataset/W/UW/7070-74.jpg,W,Wall,UW,Uncracked,0,W/UW
C:\Users\sumit\Desktop\kavita_capstone\dataset\W\CW\7086-67.jpg,dataset/W/CW/7086-67.jpg,W,Wall,CW,Cracked,1,W/CW
C:\Users\sumit\Desktop\kavita_capstone\dataset\D\UD\7008-39.jpg,dataset/D/UD/7008-39.jpg,D,Deck,UD,Uncracked,0,D/UD
C:\Users\sumit\Desktop\kavita_capstone\dataset\W\UW\7128-252.jpg,dataset/W/UW/7128-252.jpg,W,Wall,UW,Uncracked,0,W/UW
C:\Users\sumit\Desktop\kavita_capstone\dataset\W\UW\7118-227.jpg,dataset/W/UW/7118-227.jpg,W,Wall,UW,Uncracked,0,W/UW
C:\Users\sumit\Desktop\kavita_capstone\dataset\D\CD\7048-142.jpg,dataset/D/CD/7048-142.jpg,D,Deck,CD,Cracked,1,D/CD
C:\Users\sumit\Desktop\kavita_capstone\dataset\P\CP\093-100.jpg,dataset/P/CP/093-100.jpg,P,Pavement,CP,Cracked,1,P/CP
C:\Users\sumit\Desktop\kavita_capstone\dataset\P\UP\014-73.jpg,dataset/P/UP/014-73.jpg,P,Pavement,UP,Uncracked,0,P/UP
C:\Users\sumit\Desktop\kavita_capstone\dataset\W\CW\7071-119.jpg,dataset/W/CW/7071-119.jpg,W,Wall,CW,Cracked,1,W/CW
C:\Users\sumit\Desktop\kavita_capstone\dataset\D\UD\7037-30.jpg,dataset/D/UD/7037-30.jpg,D,Deck,UD,Uncracked,0,D/UD
C:\Users\sumit\Desktop\kavita_capstone\dataset\W\UW\7081-248.jpg,dataset/W/UW/7081-248.jpg,W,Wall,UW,Uncracked,0,W/UW
C:\Users\sumit\Desktop\kavita_capstone\dataset\W\UW\7100-244.jpg,dataset/W/UW/7100-244.jpg,W,Wall,UW,Uncracked,0,W/UW
C:\Users\sumit\Desktop\kavita_capstone\dataset\D\CD\7014-62.jpg,dataset/D/CD/7014-62.jpg,D,Deck,CD,Cracked,1,D/CD
C:\Users\sumit\Desktop\kavita_capstone\dataset\D\UD\7018-85.jpg,dataset/D/UD/7018-85.jpg,D,Deck,UD,Uncracked,0,D/UD
C:\Users\sumit\Desktop\kavita_capstone\dataset\P\UP\074-230.jpg,dataset/P/UP/074-230.jpg,P,Pavement,UP,Uncracked,0,P/UP
C:\Users\sumit\Desktop\kavita_capstone\dataset\W\UW\7097-31.jpg,dataset/W/UW/7097-31.jpg,W,Wall,UW,Uncracked,0,W/UW
C:\Users\sumit\Desktop\kavita_capstone\dataset\D\CD\7005-177.jpg,dataset/D/CD/7005-177.jpg,D,Deck,CD,Cracked,1,D/CD
C:\Users\sumit\Desktop\kavita_capstone\dataset\W\CW\7122-183.jpg,dataset/W/CW/7122-183.jpg,W,Wall,CW,Cracked,1,W/CW
C:\Users\sumit\Desktop\kavita_capstone\dataset\W\CW\7087-238.jpg,dataset/W/CW/7087-238.jpg,W,Wall,CW,Cracked,1,W/CW
C:\Users\sumit\Desktop\kavita_capstone\dataset\P\UP\028-103.jpg,dataset/P/UP/028-103.jpg,P,Pavement,UP,Uncracked,0,P/UP
C:\Users\sumit\Desktop\kavita_capstone\dataset\D\UD\7025-85.jpg,dataset/D/UD/7025-85.jpg,D,Deck,UD,Uncracked,0,D/UD
C:\Users\sumit\Desktop\kavita_capstone\dataset\W\UW\7097-58.jpg,dataset/W/UW/7097-58.jpg,W,Wall,UW,Uncracked,0,W/UW
C:\Users\sumit\Desktop\kavita_capstone\dataset\D\CD\7029-240.jpg,dataset/D/CD/7029-240.jpg,D,Deck,CD,Cracked,1,D/CD
C:\Users\sumit\Desktop\kavita_capstone\dataset\W\CW\7113-82.jpg,dataset/W/CW/7113-82.jpg,W,Wall,CW,Cracked,1,W/CW
C:\Users\sumit\Desktop\kavita_capstone\dataset\D\CD\7041-134.jpg,dataset/D/CD/7041-134.jpg,D,Deck,CD,Cracked,1,D/CD
C:\Users\sumit\Desktop\kavita_capstone\dataset\W\UW\7096-102.jpg,dataset/W/UW/7096-102.jpg,W,Wall,UW,Uncracked,0,W/UW
C:\Users\sumit\Desktop\kavita_capstone\dataset\D\CD\7038-44.jpg,dataset/D/CD/7038-44.jpg,D,Deck,CD,Cracked,1,D/CD
C:\Users\sumit\Desktop\kavita_capstone\dataset\D\UD\7037-73.jpg,dataset/D/UD/7037-73.jpg,D,Deck,UD,Uncracked,0,D/UD
C:\Users\sumit\Desktop\kavita_capstone\dataset\W\CW\7118-80.jpg,dataset/W/CW/7118-80.jpg,W,Wall,CW,Cracked,1,W/CW
C:\Users\sumit\Desktop\kavita_capstone\dataset\D\UD\7028-160.jpg,dataset/D/UD/7028-160.jpg,D,Deck,UD,Uncracked,0,D/UD
C:\Users\sumit\Desktop\kavita_capstone\dataset\W\UW\7099-138.jpg,dataset/W/UW/7099-138.jpg,W,Wall,UW,Uncracked,0,W/UW
C:\Users\sumit\Desktop\kavita_capstone\dataset\W\UW\7117-145.jpg,dataset/W/UW/7117-145.jpg,W,Wall,UW,Uncracked,0,W/UW
C:\Users\sumit\Desktop\kavita_capstone\dataset\D\UD\7028-81.jpg,dataset/D/UD/7028-81.jpg,D,Deck,UD,Uncracked,0,D/UD
C:\Users\sumit\Desktop\kavita_capstone\dataset\D\CD\7017-32.jpg,dataset/D/CD/7017-32.jpg,D,Deck,CD,Cracked,1,D/CD
C:\Users\sumit\Desktop\kavita_capstone\dataset\W\CW\7124-57.jpg,dataset/W/CW/7124-57.jpg,W,Wall,CW,Cracked,1,W/CW
C:\Users\sumit\Desktop\kavita_capstone\dataset\W\UW\7113-165.jpg,dataset/W/UW/7113-165.jpg,W,Wall,UW,Uncracked,0,W/UW
C:\Users\sumit\Desktop\kavita_capstone\dataset\W\CW\7115-138.jpg,dataset/W/CW/7115-138.jpg,W,Wall,CW,Cracked,1,W/CW
C:\Users\sumit\Desktop\kavita_capstone\dataset\W\UW\7069-218.jpg,dataset/W/UW/7069-218.jpg,W,Wall,UW,Uncracked,0,W/UW
C:\Users\sumit\Desktop\kavita_capstone\dataset\D\CD\7002-124.jpg,dataset/D/CD/7002-124.jpg,D,Deck,CD,Cracked,1,D/CD
C:\Users\sumit\Desktop\kavita_capstone\dataset\P\CP\065-88.jpg,dataset/P/CP/065-88.jpg,P,Pavement,CP,Cracked,1,P/CP
C:\Users\sumit\Desktop\kavita_capstone\dataset\W\UW\7109-45.jpg,dataset/W/UW/7109-45.jpg,W,Wall,UW,Uncracked,0,W/UW
C:\Users\sumit\Desktop\kavita_capstone\dataset\P\UP\013-217.jpg,dataset/P/UP/013-217.jpg,P,Pavement,UP,Uncracked,0,P/UP
C:\Users\sumit\Desktop\kavita_capstone\dataset\P\UP\033-152.jpg,dataset/P/UP/033-152.jpg,P,Pavement,UP,Uncracked,0,P/UP
C:\Users\sumit\Desktop\kavita_capstone\dataset\D\CD\7049-136.jpg,dataset/D/CD/7049-136.jpg,D,Deck,CD,Cracked,1,D/CD
C:\Users\sumit\Desktop\kavita_capstone\dataset\P\UP\029-92.jpg,dataset/P/UP/029-92.jpg,P,Pavement,UP,Uncracked,0,P/UP
C:\Users\sumit\Desktop\kavita_capstone\dataset\D\CD\7011-247.jpg,dataset/D/CD/7011-247.jpg,D,Deck,CD,Cracked,1,D/CD
C:\Users\sumit\Desktop\kavita_capstone\dataset\W\UW\7130-199.jpg,dataset/W/UW/7130-199.jpg,W,Wall,UW,Uncracked,0,W/UW
C:\Users\sumit\Desktop\kavita_capstone\dataset\W\CW\7111-218.jpg,dataset/W/CW/7111-218.jpg,W,Wall,CW,Cracked,1,W/CW
C:\Users\sumit\Desktop\kavita_capstone\dataset\P\CP\094-3.jpg,dataset/P/CP/094-3.jpg,P,Pavement,CP,Cracked,1,P/CP
C:\Users\sumit\Desktop\kavita_capstone\dataset\W\CW\7131-141.jpg,dataset/W/CW/7131-141.jpg,W,Wall,CW,Cracked,1,W/CW
C:\Users\sumit\Desktop\kavita_capstone\dataset\P\CP\013-228.jpg,dataset/P/CP/013-228.jpg,P,Pavement,CP,Cracked,1,P/CP
C:\Users\sumit\Desktop\kavita_capstone\dataset\P\CP\081-96.jpg,dataset/P/CP/081-96.jpg,P,Pavement,CP,Cracked,1,P/CP
C:\Users\sumit\Desktop\kavita_capstone\dataset\P\CP\037-124.jpg,dataset/P/CP/037-124.jpg,P,Pavement,CP,Cracked,1,P/CP
C:\Users\sumit\Desktop\kavita_capstone\dataset\W\CW\7088-96.jpg,dataset/W/CW/7088-96.jpg,W,Wall,CW,Cracked,1,W/CW
C:\Users\sumit\Desktop\kavita_capstone\dataset\W\UW\7105-140.jpg,dataset/W/UW/7105-140.jpg,W,Wall,UW,Uncracked,0,W/UW
C:\Users\sumit\Desktop\kavita_capstone\dataset\D\UD\7019-218.jpg,dataset/D/UD/7019-218.jpg,D,Deck,UD,Uncracked,0,D/UD
C:\Users\sumit\Desktop\kavita_capstone\dataset\D\UD\7016-247.jpg,dataset/D/UD/7016-247.jpg,D,Deck,UD,Uncracked,0,D/UD
C:\Users\sumit\Desktop\kavita_capstone\dataset\W\CW\7115-59.jpg,dataset/W/CW/7115-59.jpg,W,Wall,CW,Cracked,1,W/CW
C:\Users\sumit\Desktop\kavita_capstone\dataset\W\UW\7121-39.jpg,dataset/W/UW/7121-39.jpg,W,Wall,UW,Uncracked,0,W/UW
C:\Users\sumit\Desktop\kavita_capstone\dataset\P\UP\061-200.jpg,dataset/P/UP/061-200.jpg,P,Pavement,UP,Uncracked,0,P/UP
C:\Users\sumit\Desktop\kavita_capstone\dataset\W\CW\7124-30.jpg,dataset/W/CW/7124-30.jpg,W,Wall,CW,Cracked,1,W/CW
C:\Users\sumit\Desktop\kavita_capstone\dataset\P\CP\010-125.jpg,dataset/P/CP/010-125.jpg,P,Pavement,CP,Cracked,1,P/CP
C:\Users\sumit\Desktop\kavita_capstone\dataset\W\UW\7114-5.jpg,dataset/W/UW/7114-5.jpg,W,Wall,UW,Uncracked,0,W/UW
C:\Users\sumit\Desktop\kavita_capstone\dataset\W\CW\7078-5.jpg,dataset/W/CW/7078-5.jpg,W,Wall,CW,Cracked,1,W/CW
C:\Users\sumit\Desktop\kavita_capstone\dataset\W\UW\7125-32.jpg,dataset/W/UW/7125-32.jpg,W,Wall,UW,Uncracked,0,W/UW
C:\Users\sumit\Desktop\kavita_capstone\dataset\D\UD\7046-6.jpg,dataset/D/UD/7046-6.jpg,D,Deck,UD,Uncracked,0,D/UD
C:\Users\sumit\Desktop\kavita_capstone\dataset\W\UW\7106-150.jpg,dataset/W/UW/7106-150.jpg,W,Wall,UW,Uncracked,0,W/UW
C:\Users\sumit\Desktop\kavita_capstone\dataset\W\UW\7128-107.jpg,dataset/W/UW/7128-107.jpg,W,Wall,UW,Uncracked,0,W/UW
C:\Users\sumit\Desktop\kavita_capstone\dataset\P\UP\101-84.jpg,dataset/P/UP/101-84.jpg,P,Pavement,UP,Uncracked,0,P/UP
C:\Users\sumit\Desktop\kavita_capstone\dataset\D\CD\7051-203.jpg,dataset/D/CD/7051-203.jpg,D,Deck,CD,Cracked,1,D/CD
C:\Users\sumit\Desktop\kavita_capstone\dataset\P\UP\018-214.jpg,dataset/P/UP/018-214.jpg,P,Pavement,UP,Uncracked,0,P/UP
C:\Users\sumit\Desktop\kavita_capstone\dataset\D\UD\7035-145.jpg,dataset/D/UD/7035-145.jpg,D,Deck,UD,Uncracked,0,D/UD
C:\Users\sumit\Desktop\kavita_capstone\dataset\D\UD\7047-156.jpg,dataset/D/UD/7047-156.jpg,D,Deck,UD,Uncracked,0,D/UD
C:\Users\sumit\Desktop\kavita_capstone\dataset\P\UP\031-193.jpg,dataset/P/UP/031-193.jpg,P,Pavement,UP,Uncracked,0,P/UP
C:\Users\sumit\Desktop\kavita_capstone\dataset\D\UD\7040-211.jpg,dataset/D/UD/7040-211.jpg,D,Deck,UD,Uncracked,0,D/UD
C:\Users\sumit\Desktop\kavita_capstone\dataset\W\CW\7080-155.jpg,dataset/W/CW/7080-155.jpg,W,Wall,CW,Cracked,1,W/CW
C:\Users\sumit\Desktop\kavita_capstone\dataset\W\CW\7115-152.jpg,dataset/W/CW/7115-152.jpg,W,Wall,CW,Cracked,1,W/CW
C:\Users\sumit\Desktop\kavita_capstone\dataset\D\CD\7041-94.jpg,dataset/D/CD/7041-94.jpg,D,Deck,CD,Cracked,1,D/CD
C:\Users\sumit\Desktop\kavita_capstone\dataset\D\CD\7035-59.jpg,dataset/D/CD/7035-59.jpg,D,Deck,CD,Cracked,1,D/CD
C:\Users\sumit\Desktop\kavita_capstone\dataset\D\UD\7041-149.jpg,dataset/D/UD/7041-149.jpg,D,Deck,UD,Uncracked,0,D/UD
C:\Users\sumit\Desktop\kavita_capstone\dataset\W\CW\7073-174.jpg,dataset/W/CW/7073-174.jpg,W,Wall,CW,Cracked,1,W/CW
C:\Users\sumit\Desktop\kavita_capstone\dataset\P\UP\009-114.jpg,dataset/P/UP/009-114.jpg,P,Pavement,UP,Uncracked,0,P/UP
C:\Users\sumit\Desktop\kavita_capstone\dataset\D\CD\7003-33.jpg,dataset/D/CD/7003-33.jpg,D,Deck,CD,Cracked,1,D/CD
C:\Users\sumit\Desktop\kavita_capstone\dataset\D\UD\7041-110.jpg,dataset/D/UD/7041-110.jpg,D,Deck,UD,Uncracked,0,D/UD
C:\Users\sumit\Desktop\kavita_capstone\dataset\D\CD\7037-147.jpg,dataset/D/CD/7037-147.jpg,D,Deck,CD,Cracked,1,D/CD
C:\Users\sumit\Desktop\kavita_capstone\dataset\D\CD\7013-98.jpg,dataset/D/CD/7013-98.jpg,D,Deck,CD,Cracked,1,D/CD
C:\Users\sumit\Desktop\kavita_capstone\dataset\P\CP\090-102.jpg,dataset/P/CP/090-102.jpg,P,Pavement,CP,Cracked,1,P/CP
C:\Users\sumit\Desktop\kavita_capstone\dataset\W\CW\7083-52.jpg,dataset/W/CW/7083-52.jpg,W,Wall,CW,Cracked,1,W/CW
C:\Users\sumit\Desktop\kavita_capstone\dataset\P\UP\056-150.jpg,dataset/P/UP/056-150.jpg,P,Pavement,UP,Uncracked,0,P/UP
C:\Users\sumit\Desktop\kavita_capstone\dataset\D\UD\7051-155.jpg,dataset/D/UD/7051-155.jpg,D,Deck,UD,Uncracked,0,D/UD
C:\Users\sumit\Desktop\kavita_capstone\dataset\P\UP\092-17.jpg,dataset/P/UP/092-17.jpg,P,Pavement,UP,Uncracked,0,P/UP
C:\Users\sumit\Desktop\kavita_capstone\dataset\D\UD\7028-172.jpg,dataset/D/UD/7028-172.jpg,D,Deck,UD,Uncracked,0,D/UD
C:\Users\sumit\Desktop\kavita_capstone\dataset\P\CP\071-29.jpg,dataset/P/CP/071-29.jpg,P,Pavement,CP,Cracked,1,P/CP
C:\Users\sumit\Desktop\kavita_capstone\dataset\D\CD\7047-110.jpg,dataset/D/CD/7047-110.jpg,D,Deck,CD,Cracked,1,D/CD
C:\Users\sumit\Desktop\kavita_capstone\dataset\D\UD\7044-136.jpg,dataset/D/UD/7044-136.jpg,D,Deck,UD,Uncracked,0,D/UD
C:\Users\sumit\Desktop\kavita_capstone\dataset\W\CW\7077-100.jpg,dataset/W/CW/7077-100.jpg,W,Wall,CW,Cracked,1,W/CW
C:\Users\sumit\Desktop\kavita_capstone\dataset\D\UD\7052-248.jpg,dataset/D/UD/7052-248.jpg,D,Deck,UD,Uncracked,0,D/UD
C:\Users\sumit\Desktop\kavita_capstone\dataset\D\CD\7020-5.jpg,dataset/D/CD/7020-5.jpg,D,Deck,CD,Cracked,1,D/CD
C:\Users\sumit\Desktop\kavita_capstone\dataset\D\UD\7040-115.jpg,dataset/D/UD/7040-115.jpg,D,Deck,UD,Uncracked,0,D/UD
C:\Users\sumit\Desktop\kavita_capstone\dataset\D\UD\7007-208.jpg,dataset/D/UD/7007-208.jpg,D,Deck,UD,Uncracked,0,D/UD
C:\Users\sumit\Desktop\kavita_capstone\dataset\W\CW\7069-228.jpg,dataset/W/CW/7069-228.jpg,W,Wall,CW,Cracked,1,W/CW
C:\Users\sumit\Desktop\kavita_capstone\dataset\D\UD\7033-18.jpg,dataset/D/UD/7033-18.jpg,D,Deck,UD,Uncracked,0,D/UD
C:\Users\sumit\Desktop\kavita_capstone\dataset\W\UW\7127-159.jpg,dataset/W/UW/7127-159.jpg,W,Wall,UW,Uncracked,0,W/UW
C:\Users\sumit\Desktop\kavita_capstone\dataset\P\UP\033-39.jpg,dataset/P/UP/033-39.jpg,P,Pavement,UP,Uncracked,0,P/UP
C:\Users\sumit\Desktop\kavita_capstone\dataset\D\UD\7034-139.jpg,dataset/D/UD/7034-139.jpg,D,Deck,UD,Uncracked,0,D/UD
C:\Users\sumit\Desktop\kavita_capstone\dataset\P\CP\005-12.jpg,dataset/P/CP/005-12.jpg,P,Pavement,CP,Cracked,1,P/CP
C:\Users\sumit\Desktop\kavita_capstone\dataset\W\UW\7091-234.jpg,dataset/W/UW/7091-234.jpg,W,Wall,UW,Uncracked,0,W/UW
C:\Users\sumit\Desktop\kavita_capstone\dataset\P\CP\036-56.jpg,dataset/P/CP/036-56.jpg,P,Pavement,CP,Cracked,1,P/CP
C:\Users\sumit\Desktop\kavita_capstone\dataset\D\UD\7039-177.jpg,dataset/D/UD/7039-177.jpg,D,Deck,UD,Uncracked,0,D/UD
C:\Users\sumit\Desktop\kavita_capstone\dataset\W\CW\7093-12.jpg,dataset/W/CW/7093-12.jpg,W,Wall,CW,Cracked,1,W/CW
C:\Users\sumit\Desktop\kavita_capstone\dataset\D\UD\7004-58.jpg,dataset/D/UD/7004-58.jpg,D,Deck,UD,Uncracked,0,D/UD
C:\Users\sumit\Desktop\kavita_capstone\dataset\P\UP\032-230.jpg,dataset/P/UP/032-230.jpg,P,Pavement,UP,Uncracked,0,P/UP
C:\Users\sumit\Desktop\kavita_capstone\dataset\W\CW\7117-108.jpg,dataset/W/CW/7117-108.jpg,W,Wall,CW,Cracked,1,W/CW
C:\Users\sumit\Desktop\kavita_capstone\dataset\W\CW\7088-233.jpg,dataset/W/CW/7088-233.jpg,W,Wall,CW,Cracked,1,W/CW
C:\Users\sumit\Desktop\kavita_capstone\dataset\W\CW\7119-180.jpg,dataset/W/CW/7119-180.jpg,W,Wall,CW,Cracked,1,W/CW
C:\Users\sumit\Desktop\kavita_capstone\dataset\D\CD\7036-30.jpg,dataset/D/CD/7036-30.jpg,D,Deck,CD,Cracked,1,D/CD
C:\Users\sumit\Desktop\kavita_capstone\dataset\W\CW\7098-6.jpg,dataset/W/CW/7098-6.jpg,W,Wall,CW,Cracked,1,W/CW
C:\Users\sumit\Desktop\kavita_capstone\dataset\D\CD\7048-74.jpg,dataset/D/CD/7048-74.jpg,D,Deck,CD,Cracked,1,D/CD
C:\Users\sumit\Desktop\kavita_capstone\dataset\P\CP\098-123.jpg,dataset/P/CP/098-123.jpg,P,Pavement,CP,Cracked,1,P/CP
C:\Users\sumit\Desktop\kavita_capstone\dataset\D\CD\7020-7.jpg,dataset/D/CD/7020-7.jpg,D,Deck,CD,Cracked,1,D/CD
C:\Users\sumit\Desktop\kavita_capstone\dataset\P\UP\015-194.jpg,dataset/P/UP/015-194.jpg,P,Pavement,UP,Uncracked,0,P/UP
C:\Users\sumit\Desktop\kavita_capstone\dataset\W\CW\7101-98.jpg,dataset/W/CW/7101-98.jpg,W,Wall,CW,Cracked,1,W/CW
C:\Users\sumit\Desktop\kavita_capstone\dataset\W\UW\7109-229.jpg,dataset/W/UW/7109-229.jpg,W,Wall,UW,Uncracked,0,W/UW
C:\Users\sumit\Desktop\kavita_capstone\dataset\P\UP\095-166.jpg,dataset/P/UP/095-166.jpg,P,Pavement,UP,Uncracked,0,P/UP
C:\Users\sumit\Desktop\kavita_capstone\dataset\D\UD\7001-201.jpg,dataset/D/UD/7001-201.jpg,D,Deck,UD,Uncracked,0,D/UD
C:\Users\sumit\Desktop\kavita_capstone\dataset\D\CD\7045-125.jpg,dataset/D/CD/7045-125.jpg,D,Deck,CD,Cracked,1,D/CD
C:\Users\sumit\Desktop\kavita_capstone\dataset\D\UD\7017-234.jpg,dataset/D/UD/7017-234.jpg,D,Deck,UD,Uncracked,0,D/UD
C:\Users\sumit\Desktop\kavita_capstone\dataset\D\UD\7028-123.jpg,dataset/D/UD/7028-123.jpg,D,Deck,UD,Uncracked,0,D/UD
C:\Users\sumit\Desktop\kavita_capstone\dataset\D\CD\7051-62.jpg,dataset/D/CD/7051-62.jpg,D,Deck,CD,Cracked,1,D/CD
C:\Users\sumit\Desktop\kavita_capstone\dataset\W\UW\7117-186.jpg,dataset/W/UW/7117-186.jpg,W,Wall,UW,Uncracked,0,W/UW
C:\Users\sumit\Desktop\kavita_capstone\dataset\D\UD\7016-135.jpg,dataset/D/UD/7016-135.jpg,D,Deck,UD,Uncracked,0,D/UD
C:\Users\sumit\Desktop\kavita_capstone\dataset\D\CD\7035-24.jpg,dataset/D/CD/7035-24.jpg,D,Deck,CD,Cracked,1,D/CD
C:\Users\sumit\Desktop\kavita_capstone\dataset\W\UW\7085-199.jpg,dataset/W/UW/7085-199.jpg,W,Wall,UW,Uncracked,0,W/UW
C:\Users\sumit\Desktop\kavita_capstone\dataset\D\UD\7024-65.jpg,dataset/D/UD/7024-65.jpg,D,Deck,UD,Uncracked,0,D/UD
C:\Users\sumit\Desktop\kavita_capstone\dataset\P\CP\022-115.jpg,dataset/P/CP/022-115.jpg,P,Pavement,CP,Cracked,1,P/CP
C:\Users\sumit\Desktop\kavita_capstone\dataset\D\UD\7017-68.jpg,dataset/D/UD/7017-68.jpg,D,Deck,UD,Uncracked,0,D/UD
C:\Users\sumit\Desktop\kavita_capstone\dataset\D\CD\7009-185.jpg,dataset/D/CD/7009-185.jpg,D,Deck,CD,Cracked,1,D/CD
C:\Users\sumit\Desktop\kavita_capstone\dataset\P\UP\016-116.jpg,dataset/P/UP/016-116.jpg,P,Pavement,UP,Uncracked,0,P/UP
C:\Users\sumit\Desktop\kavita_capstone\dataset\P\CP\091-159.jpg,dataset/P/CP/091-159.jpg,P,Pavement,CP,Cracked,1,P/CP
C:\Users\sumit\Desktop\kavita_capstone\dataset\W\UW\7103-214.jpg,dataset/W/UW/7103-214.jpg,W,Wall,UW,Uncracked,0,W/UW
C:\Users\sumit\Desktop\kavita_capstone\dataset\P\CP\067-114.jpg,dataset/P/CP/067-114.jpg,P,Pavement,CP,Cracked,1,P/CP
C:\Users\sumit\Desktop\kavita_capstone\dataset\D\UD\7025-250.jpg,dataset/D/UD/7025-250.jpg,D,Deck,UD,Uncracked,0,D/UD
C:\Users\sumit\Desktop\kavita_capstone\dataset\P\CP\096-100.jpg,dataset/P/CP/096-100.jpg,P,Pavement,CP,Cracked,1,P/CP
C:\Users\sumit\Desktop\kavita_capstone\dataset\D\CD\7041-138.jpg,dataset/D/CD/7041-138.jpg,D,Deck,CD,Cracked,1,D/CD
C:\Users\sumit\Desktop\kavita_capstone\dataset\P\UP\095-233.jpg,dataset/P/UP/095-233.jpg,P,Pavement,UP,Uncracked,0,P/UP
C:\Users\sumit\Desktop\kavita_capstone\dataset\P\UP\016-228.jpg,dataset/P/UP/016-228.jpg,P,Pavement,UP,Uncracked,0,P/UP
C:\Users\sumit\Desktop\kavita_capstone\dataset\P\UP\048-221.jpg,dataset/P/UP/048-221.jpg,P,Pavement,UP,Uncracked,0,P/UP
C:\Users\sumit\Desktop\kavita_capstone\dataset\P\CP\057-115.jpg,dataset/P/CP/057-115.jpg,P,Pavement,CP,Cracked,1,P/CP
C:\Users\sumit\Desktop\kavita_capstone\dataset\W\UW\7122-205.jpg,dataset/W/UW/7122-205.jpg,W,Wall,UW,Uncracked,0,W/UW
C:\Users\sumit\Desktop\kavita_capstone\dataset\D\UD\7045-28.jpg,dataset/D/UD/7045-28.jpg,D,Deck,UD,Uncracked,0,D/UD
C:\Users\sumit\Desktop\kavita_capstone\dataset\D\CD\7048-134.jpg,dataset/D/CD/7048-134.jpg,D,Deck,CD,Cracked,1,D/CD
C:\Users\sumit\Desktop\kavita_capstone\dataset\W\UW\7138-114.jpg,dataset/W/UW/7138-114.jpg,W,Wall,UW,Uncracked,0,W/UW
C:\Users\sumit\Desktop\kavita_capstone\dataset\W\CW\7124-231.jpg,dataset/W/CW/7124-231.jpg,W,Wall,CW,Cracked,1,W/CW
C:\Users\sumit\Desktop\kavita_capstone\dataset\D\CD\7027-207.jpg,dataset/D/CD/7027-207.jpg,D,Deck,CD,Cracked,1,D/CD
C:\Users\sumit\Desktop\kavita_capstone\dataset\P\UP\047-234.jpg,dataset/P/UP/047-234.jpg,P,Pavement,UP,Uncracked,0,P/UP
C:\Users\sumit\Desktop\kavita_capstone\dataset\W\UW\7127-20.jpg,dataset/W/UW/7127-20.jpg,W,Wall,UW,Uncracked,0,W/UW
C:\Users\sumit\Desktop\kavita_capstone\dataset\P\UP\085-125.jpg,dataset/P/UP/085-125.jpg,P,Pavement,UP,Uncracked,0,P/UP
C:\Users\sumit\Desktop\kavita_capstone\dataset\D\CD\7021-118.jpg,dataset/D/CD/7021-118.jpg,D,Deck,CD,Cracked,1,D/CD
C:\Users\sumit\Desktop\kavita_capstone\dataset\W\UW\7128-69.jpg,dataset/W/UW/7128-69.jpg,W,Wall,UW,Uncracked,0,W/UW
C:\Users\sumit\Desktop\kavita_capstone\dataset\W\UW\7078-162.jpg,dataset/W/UW/7078-162.jpg,W,Wall,UW,Uncracked,0,W/UW
C:\Users\sumit\Desktop\kavita_capstone\dataset\P\CP\057-146.jpg,dataset/P/CP/057-146.jpg,P,Pavement,CP,Cracked,1,P/CP
C:\Users\sumit\Desktop\kavita_capstone\dataset\W\UW\7140-145.jpg,dataset/W/UW/7140-145.jpg,W,Wall,UW,Uncracked,0,W/UW
C:\Users\sumit\Desktop\kavita_capstone\dataset\P\CP\093-124.jpg,dataset/P/CP/093-124.jpg,P,Pavement,CP,Cracked,1,P/CP
C:\Users\sumit\Desktop\kavita_capstone\dataset\W\UW\7126-31.jpg,dataset/W/UW/7126-31.jpg,W,Wall,UW,Uncracked,0,W/UW
C:\Users\sumit\Desktop\kavita_capstone\dataset\P\UP\018-63.jpg,dataset/P/UP/018-63.jpg,P,Pavement,UP,Uncracked,0,P/UP
C:\Users\sumit\Desktop\kavita_capstone\dataset\D\UD\7037-194.jpg,dataset/D/UD/7037-194.jpg,D,Deck,UD,Uncracked,0,D/UD
C:\Users\sumit\Desktop\kavita_capstone\dataset\W\CW\7136-204.jpg,dataset/W/CW/7136-204.jpg,W,Wall,CW,Cracked,1,W/CW
C:\Users\sumit\Desktop\kavita_capstone\dataset\P\UP\009-180.jpg,dataset/P/UP/009-180.jpg,P,Pavement,UP,Uncracked,0,P/UP
C:\Users\sumit\Desktop\kavita_capstone\dataset\W\CW\7072-118.jpg,dataset/W/CW/7072-118.jpg,W,Wall,CW,Cracked,1,W/CW
C:\Users\sumit\Desktop\kavita_capstone\dataset\P\CP\019-148.jpg,dataset/P/CP/019-148.jpg,P,Pavement,CP,Cracked,1,P/CP
C:\Users\sumit\Desktop\kavita_capstone\dataset\P\CP\012-105.jpg,dataset/P/CP/012-105.jpg,P,Pavement,CP,Cracked,1,P/CP
C:\Users\sumit\Desktop\kavita_capstone\dataset\D\UD\7051-163.jpg,dataset/D/UD/7051-163.jpg,D,Deck,UD,Uncracked,0,D/UD
C:\Users\sumit\Desktop\kavita_capstone\dataset\D\CD\7054-133.jpg,dataset/D/CD/7054-133.jpg,D,Deck,CD,Cracked,1,D/CD
C:\Users\sumit\Desktop\kavita_capstone\dataset\P\UP\102-150.jpg,dataset/P/UP/102-150.jpg,P,Pavement,UP,Uncracked,0,P/UP
C:\Users\sumit\Desktop\kavita_capstone\dataset\P\CP\088-42.jpg,dataset/P/CP/088-42.jpg,P,Pavement,CP,Cracked,1,P/CP
C:\Users\sumit\Desktop\kavita_capstone\dataset\W\CW\7069-73.jpg,dataset/W/CW/7069-73.jpg,W,Wall,CW,Cracked,1,W/CW
C:\Users\sumit\Desktop\kavita_capstone\dataset\P\CP\028-77.jpg,dataset/P/CP/028-77.jpg,P,Pavement,CP,Cracked,1,P/CP
C:\Users\sumit\Desktop\kavita_capstone\dataset\P\CP\100-91.jpg,dataset/P/CP/100-91.jpg,P,Pavement,CP,Cracked,1,P/CP
C:\Users\sumit\Desktop\kavita_capstone\dataset\P\CP\066-34.jpg,dataset/P/CP/066-34.jpg,P,Pavement,CP,Cracked,1,P/CP
C:\Users\sumit\Desktop\kavita_capstone\dataset\P\UP\003-59.jpg,dataset/P/UP/003-59.jpg,P,Pavement,UP,Uncracked,0,P/UP
C:\Users\sumit\Desktop\kavita_capstone\dataset\W\UW\7097-2.jpg,dataset/W/UW/7097-2.jpg,W,Wall,UW,Uncracked,0,W/UW
C:\Users\sumit\Desktop\kavita_capstone\dataset\P\CP\069-58.jpg,dataset/P/CP/069-58.jpg,P,Pavement,CP,Cracked,1,P/CP
C:\Users\sumit\Desktop\kavita_capstone\dataset\D\UD\7039-44.jpg,dataset/D/UD/7039-44.jpg,D,Deck,UD,Uncracked,0,D/UD
C:\Users\sumit\Desktop\kavita_capstone\dataset\W\CW\7121-244.jpg,dataset/W/CW/7121-244.jpg,W,Wall,CW,Cracked,1,W/CW
C:\Users\sumit\Desktop\kavita_capstone\dataset\D\UD\7023-72.jpg,dataset/D/UD/7023-72.jpg,D,Deck,UD,Uncracked,0,D/UD
C:\Users\sumit\Desktop\kavita_capstone\dataset\P\UP\010-4.jpg,dataset/P/UP/010-4.jpg,P,Pavement,UP,Uncracked,0,P/UP
C:\Users\sumit\Desktop\kavita_capstone\dataset\D\CD\7021-91.jpg,dataset/D/CD/7021-91.jpg,D,Deck,CD,Cracked,1,D/CD
C:\Users\sumit\Desktop\kavita_capstone\dataset\D\CD\7029-175.jpg,dataset/D/CD/7029-175.jpg,D,Deck,CD,Cracked,1,D/CD
C:\Users\sumit\Desktop\kavita_capstone\dataset\P\UP\043-1.jpg,dataset/P/UP/043-1.jpg,P,Pavement,UP,Uncracked,0,P/UP
C:\Users\sumit\Desktop\kavita_capstone\dataset\W\CW\7094-44.jpg,dataset/W/CW/7094-44.jpg,W,Wall,CW,Cracked,1,W/CW
C:\Users\sumit\Desktop\kavita_capstone\dataset\W\CW\7111-115.jpg,dataset/W/CW/7111-115.jpg,W,Wall,CW,Cracked,1,W/CW
C:\Users\sumit\Desktop\kavita_capstone\dataset\W\UW\7127-214.jpg,dataset/W/UW/7127-214.jpg,W,Wall,UW,Uncracked,0,W/UW
C:\Users\sumit\Desktop\kavita_capstone\dataset\W\CW\7085-106.jpg,dataset/W/CW/7085-106.jpg,W,Wall,CW,Cracked,1,W/CW
C:\Users\sumit\Desktop\kavita_capstone\dataset\D\CD\7045-105.jpg,dataset/D/CD/7045-105.jpg,D,Deck,CD,Cracked,1,D/CD
C:\Users\sumit\Desktop\kavita_capstone\dataset\W\CW\7092-176.jpg,dataset/W/CW/7092-176.jpg,W,Wall,CW,Cracked,1,W/CW
C:\Users\sumit\Desktop\kavita_capstone\dataset\W\CW\7106-118.jpg,dataset/W/CW/7106-118.jpg,W,Wall,CW,Cracked,1,W/CW
C:\Users\sumit\Desktop\kavita_capstone\dataset\P\UP\010-34.jpg,dataset/P/UP/010-34.jpg,P,Pavement,UP,Uncracked,0,P/UP
C:\Users\sumit\Desktop\kavita_capstone\dataset\D\CD\7048-192.jpg,dataset/D/CD/7048-192.jpg,D,Deck,CD,Cracked,1,D/CD
C:\Users\sumit\Desktop\kavita_capstone\dataset\W\CW\7087-78.jpg,dataset/W/CW/7087-78.jpg,W,Wall,CW,Cracked,1,W/CW
C:\Users\sumit\Desktop\kavita_capstone\dataset\D\UD\7028-29.jpg,dataset/D/UD/7028-29.jpg,D,Deck,UD,Uncracked,0,D/UD
C:\Users\sumit\Desktop\kavita_capstone\dataset\D\CD\7022-109.jpg,dataset/D/CD/7022-109.jpg,D,Deck,CD,Cracked,1,D/CD
C:\Users\sumit\Desktop\kavita_capstone\dataset\W\CW\7124-167.jpg,dataset/W/CW/7124-167.jpg,W,Wall,CW,Cracked,1,W/CW
C:\Users\sumit\Desktop\kavita_capstone\dataset\P\CP\078-99.jpg,dataset/P/CP/078-99.jpg,P,Pavement,CP,Cracked,1,P/CP
C:\Users\sumit\Desktop\kavita_capstone\dataset\D\CD\7040-155.jpg,dataset/D/CD/7040-155.jpg,D,Deck,CD,Cracked,1,D/CD
C:\Users\sumit\Desktop\kavita_capstone\dataset\W\CW\7086-233.jpg,dataset/W/CW/7086-233.jpg,W,Wall,CW,Cracked,1,W/CW
C:\Users\sumit\Desktop\kavita_capstone\dataset\D\UD\7013-16.jpg,dataset/D/UD/7013-16.jpg,D,Deck,UD,Uncracked,0,D/UD
C:\Users\sumit\Desktop\kavita_capstone\dataset\W\CW\7084-22.jpg,dataset/W/CW/7084-22.jpg,W,Wall,CW,Cracked,1,W/CW
C:\Users\sumit\Desktop\kavita_capstone\dataset\D\UD\7057-174.jpg,dataset/D/UD/7057-174.jpg,D,Deck,UD,Uncracked,0,D/UD
C:\Users\sumit\Desktop\kavita_capstone\dataset\W\UW\7094-174.jpg,dataset/W/UW/7094-174.jpg,W,Wall,UW,Uncracked,0,W/UW
C:\Users\sumit\Desktop\kavita_capstone\dataset\P\CP\083-122.jpg,dataset/P/CP/083-122.jpg,P,Pavement,CP,Cracked,1,P/CP
C:\Users\sumit\Desktop\kavita_capstone\dataset\D\CD\7029-77.jpg,dataset/D/CD/7029-77.jpg,D,Deck,CD,Cracked,1,D/CD
C:\Users\sumit\Desktop\kavita_capstone\dataset\W\UW\7130-79.jpg,dataset/W/UW/7130-79.jpg,W,Wall,UW,Uncracked,0,W/UW
C:\Users\sumit\Desktop\kavita_capstone\dataset\W\UW\7099-212.jpg,dataset/W/UW/7099-212.jpg,W,Wall,UW,Uncracked,0,W/UW
C:\Users\sumit\Desktop\kavita_capstone\dataset\W\CW\7083-136.jpg,dataset/W/CW/7083-136.jpg,W,Wall,CW,Cracked,1,W/CW
C:\Users\sumit\Desktop\kavita_capstone\dataset\W\CW\7085-225.jpg,dataset/W/CW/7085-225.jpg,W,Wall,CW,Cracked,1,W/CW
C:\Users\sumit\Desktop\kavita_capstone\dataset\D\CD\7052-27.jpg,dataset/D/CD/7052-27.jpg,D,Deck,CD,Cracked,1,D/CD
C:\Users\sumit\Desktop\kavita_capstone\dataset\P\CP\094-168.jpg,dataset/P/CP/094-168.jpg,P,Pavement,CP,Cracked,1,P/CP
C:\Users\sumit\Desktop\kavita_capstone\dataset\W\CW\7121-82.jpg,dataset/W/CW/7121-82.jpg,W,Wall,CW,Cracked,1,W/CW
C:\Users\sumit\Desktop\kavita_capstone\dataset\D\CD\7043-21.jpg,dataset/D/CD/7043-21.jpg,D,Deck,CD,Cracked,1,D/CD
C:\Users\sumit\Desktop\kavita_capstone\dataset\W\CW\7092-248.jpg,dataset/W/CW/7092-248.jpg,W,Wall,CW,Cracked,1,W/CW
C:\Users\sumit\Desktop\kavita_capstone\dataset\P\UP\083-138.jpg,dataset/P/UP/083-138.jpg,P,Pavement,UP,Uncracked,0,P/UP
C:\Users\sumit\Desktop\kavita_capstone\dataset\P\CP\084-113.jpg,dataset/P/CP/084-113.jpg,P,Pavement,CP,Cracked,1,P/CP
C:\Users\sumit\Desktop\kavita_capstone\dataset\W\UW\7112-132.jpg,dataset/W/UW/7112-132.jpg,W,Wall,UW,Uncracked,0,W/UW
C:\Users\sumit\Desktop\kavita_capstone\dataset\W\CW\7084-117.jpg,dataset/W/CW/7084-117.jpg,W,Wall,CW,Cracked,1,W/CW
C:\Users\sumit\Desktop\kavita_capstone\dataset\D\UD\7053-241.jpg,dataset/D/UD/7053-241.jpg,D,Deck,UD,Uncracked,0,D/UD
C:\Users\sumit\Desktop\kavita_capstone\dataset\P\CP\028-97.jpg,dataset/P/CP/028-97.jpg,P,Pavement,CP,Cracked,1,P/CP
C:\Users\sumit\Desktop\kavita_capstone\dataset\D\UD\7016-55.jpg,dataset/D/UD/7016-55.jpg,D,Deck,UD,Uncracked,0,D/UD
C:\Users\sumit\Desktop\kavita_capstone\dataset\D\CD\7020-25.jpg,dataset/D/CD/7020-25.jpg,D,Deck,CD,Cracked,1,D/CD
C:\Users\sumit\Desktop\kavita_capstone\dataset\P\UP\098-26.jpg,dataset/P/UP/098-26.jpg,P,Pavement,UP,Uncracked,0,P/UP
C:\Users\sumit\Desktop\kavita_capstone\dataset\W\UW\7083-127.jpg,dataset/W/UW/7083-127.jpg,W,Wall,UW,Uncracked,0,W/UW
C:\Users\sumit\Desktop\kavita_capstone\dataset\P\CP\066-111.jpg,dataset/P/CP/066-111.jpg,P,Pavement,CP,Cracked,1,P/CP
C:\Users\sumit\Desktop\kavita_capstone\dataset\D\CD\7048-190.jpg,dataset/D/CD/7048-190.jpg,D,Deck,CD,Cracked,1,D/CD
C:\Users\sumit\Desktop\kavita_capstone\dataset\W\UW\7075-162.jpg,dataset/W/UW/7075-162.jpg,W,Wall,UW,Uncracked,0,W/UW
C:\Users\sumit\Desktop\kavita_capstone\dataset\P\UP\056-56.jpg,dataset/P/UP/056-56.jpg,P,Pavement,UP,Uncracked,0,P/UP
C:\Users\sumit\Desktop\kavita_capstone\dataset\P\UP\052-135.jpg,dataset/P/UP/052-135.jpg,P,Pavement,UP,Uncracked,0,P/UP
C:\Users\sumit\Desktop\kavita_capstone\dataset\W\CW\7072-136.jpg,dataset/W/CW/7072-136.jpg,W,Wall,CW,Cracked,1,W/CW
C:\Users\sumit\Desktop\kavita_capstone\dataset\P\UP\015-179.jpg,dataset/P/UP/015-179.jpg,P,Pavement,UP,Uncracked,0,P/UP
C:\Users\sumit\Desktop\kavita_capstone\dataset\D\UD\7041-45.jpg,dataset/D/UD/7041-45.jpg,D,Deck,UD,Uncracked,0,D/UD
C:\Users\sumit\Desktop\kavita_capstone\dataset\D\CD\7020-113.jpg,dataset/D/CD/7020-113.jpg,D,Deck,CD,Cracked,1,D/CD
C:\Users\sumit\Desktop\kavita_capstone\dataset\W\CW\7087-194.jpg,dataset/W/CW/7087-194.jpg,W,Wall,CW,Cracked,1,W/CW
C:\Users\sumit\Desktop\kavita_capstone\dataset\W\CW\7074-244.jpg,dataset/W/CW/7074-244.jpg,W,Wall,CW,Cracked,1,W/CW
C:\Users\sumit\Desktop\kavita_capstone\dataset\P\UP\081-118.jpg,dataset/P/UP/081-118.jpg,P,Pavement,UP,Uncracked,0,P/UP
C:\Users\sumit\Desktop\kavita_capstone\dataset\D\CD\7013-28.jpg,dataset/D/CD/7013-28.jpg,D,Deck,CD,Cracked,1,D/CD
C:\Users\sumit\Desktop\kavita_capstone\dataset\W\UW\7076-88.jpg,dataset/W/UW/7076-88.jpg,W,Wall,UW,Uncracked,0,W/UW
C:\Users\sumit\Desktop\kavita_capstone\dataset\P\CP\093-122.jpg,dataset/P/CP/093-122.jpg,P,Pavement,CP,Cracked,1,P/CP
C:\Users\sumit\Desktop\kavita_capstone\dataset\W\UW\7099-210.jpg,dataset/W/UW/7099-210.jpg,W,Wall,UW,Uncracked,0,W/UW
C:\Users\sumit\Desktop\kavita_capstone\dataset\D\CD\7009-22.jpg,dataset/D/CD/7009-22.jpg,D,Deck,CD,Cracked,1,D/CD
C:\Users\sumit\Desktop\kavita_capstone\dataset\W\UW\7110-172.jpg,dataset/W/UW/7110-172.jpg,W,Wall,UW,Uncracked,0,W/UW
C:\Users\sumit\Desktop\kavita_capstone\dataset\P\CP\068-86.jpg,dataset/P/CP/068-86.jpg,P,Pavement,CP,Cracked,1,P/CP
C:\Users\sumit\Desktop\kavita_capstone\dataset\P\CP\009-55.jpg,dataset/P/CP/009-55.jpg,P,Pavement,CP,Cracked,1,P/CP
C:\Users\sumit\Desktop\kavita_capstone\dataset\P\CP\048-162.jpg,dataset/P/CP/048-162.jpg,P,Pavement,CP,Cracked,1,P/CP
C:\Users\sumit\Desktop\kavita_capstone\dataset\P\CP\042-212.jpg,dataset/P/CP/042-212.jpg,P,Pavement,CP,Cracked,1,P/CP
C:\Users\sumit\Desktop\kavita_capstone\dataset\P\UP\050-201.jpg,dataset/P/UP/050-201.jpg,P,Pavement,UP,Uncracked,0,P/UP
C:\Users\sumit\Desktop\kavita_capstone\dataset\D\CD\7048-124.jpg,dataset/D/CD/7048-124.jpg,D,Deck,CD,Cracked,1,D/CD
C:\Users\sumit\Desktop\kavita_capstone\dataset\W\CW\7089-196.jpg,dataset/W/CW/7089-196.jpg,W,Wall,CW,Cracked,1,W/CW
C:\Users\sumit\Desktop\kavita_capstone\dataset\W\UW\7102-205.jpg,dataset/W/UW/7102-205.jpg,W,Wall,UW,Uncracked,0,W/UW
C:\Users\sumit\Desktop\kavita_capstone\dataset\D\CD\7039-75.jpg,dataset/D/CD/7039-75.jpg,D,Deck,CD,Cracked,1,D/CD
C:\Users\sumit\Desktop\kavita_capstone\dataset\P\CP\005-21.jpg,dataset/P/CP/005-21.jpg,P,Pavement,CP,Cracked,1,P/CP
C:\Users\sumit\Desktop\kavita_capstone\dataset\D\CD\7039-99.jpg,dataset/D/CD/7039-99.jpg,D,Deck,CD,Cracked,1,D/CD
C:\Users\sumit\Desktop\kavita_capstone\dataset\D\UD\7038-161.jpg,dataset/D/UD/7038-161.jpg,D,Deck,UD,Uncracked,0,D/UD
C:\Users\sumit\Desktop\kavita_capstone\dataset\W\CW\7113-194.jpg,dataset/W/CW/7113-194.jpg,W,Wall,CW,Cracked,1,W/CW
C:\Users\sumit\Desktop\kavita_capstone\dataset\W\UW\7133-55.jpg,dataset/W/UW/7133-55.jpg,W,Wall,UW,Uncracked,0,W/UW
C:\Users\sumit\Desktop\kavita_capstone\dataset\W\UW\7115-145.jpg,dataset/W/UW/7115-145.jpg,W,Wall,UW,Uncracked,0,W/UW
C:\Users\sumit\Desktop\kavita_capstone\dataset\W\CW\7126-247.jpg,dataset/W/CW/7126-247.jpg,W,Wall,CW,Cracked,1,W/CW
C:\Users\sumit\Desktop\kavita_capstone\dataset\W\CW\7115-60.jpg,dataset/W/CW/7115-60.jpg,W,Wall,CW,Cracked,1,W/CW
C:\Users\sumit\Desktop\kavita_capstone\dataset\D\CD\7018-45.jpg,dataset/D/CD/7018-45.jpg,D,Deck,CD,Cracked,1,D/CD
C:\Users\sumit\Desktop\kavita_capstone\dataset\D\UD\7009-107.jpg,dataset/D/UD/7009-107.jpg,D,Deck,UD,Uncracked,0,D/UD
C:\Users\sumit\Desktop\kavita_capstone\dataset\P\CP\019-183.jpg,dataset/P/CP/019-183.jpg,P,Pavement,CP,Cracked,1,P/CP
C:\Users\sumit\Desktop\kavita_capstone\dataset\P\CP\008-130.jpg,dataset/P/CP/008-130.jpg,P,Pavement,CP,Cracked,1,P/CP
C:\Users\sumit\Desktop\kavita_capstone\dataset\W\CW\7069-122.jpg,dataset/W/CW/7069-122.jpg,W,Wall,CW,Cracked,1,W/CW
C:\Users\sumit\Desktop\kavita_capstone\dataset\W\UW\7116-224.jpg,dataset/W/UW/7116-224.jpg,W,Wall,UW,Uncracked,0,W/UW
C:\Users\sumit\Desktop\kavita_capstone\dataset\P\CP\059-75.jpg,dataset/P/CP/059-75.jpg,P,Pavement,CP,Cracked,1,P/CP
C:\Users\sumit\Desktop\kavita_capstone\dataset\W\CW\7100-237.jpg,dataset/W/CW/7100-237.jpg,W,Wall,CW,Cracked,1,W/CW
C:\Users\sumit\Desktop\kavita_capstone\dataset\D\CD\7057-212.jpg,dataset/D/CD/7057-212.jpg,D,Deck,CD,Cracked,1,D/CD
C:\Users\sumit\Desktop\kavita_capstone\dataset\D\CD\7017-22.jpg,dataset/D/CD/7017-22.jpg,D,Deck,CD,Cracked,1,D/CD
C:\Users\sumit\Desktop\kavita_capstone\dataset\W\CW\7134-117.jpg,dataset/W/CW/7134-117.jpg,W,Wall,CW,Cracked,1,W/CW
C:\Users\sumit\Desktop\kavita_capstone\dataset\D\CD\7043-25.jpg,dataset/D/CD/7043-25.jpg,D,Deck,CD,Cracked,1,D/CD
C:\Users\sumit\Desktop\kavita_capstone\dataset\P\CP\072-176.jpg,dataset/P/CP/072-176.jpg,P,Pavement,CP,Cracked,1,P/CP
C:\Users\sumit\Desktop\kavita_capstone\dataset\D\UD\7012-35.jpg,dataset/D/UD/7012-35.jpg,D,Deck,UD,Uncracked,0,D/UD
C:\Users\sumit\Desktop\kavita_capstone\dataset\W\UW\7131-192.jpg,dataset/W/UW/7131-192.jpg,W,Wall,UW,Uncracked,0,W/UW
C:\Users\sumit\Desktop\kavita_capstone\dataset\W\CW\7093-168.jpg,dataset/W/CW/7093-168.jpg,W,Wall,CW,Cracked,1,W/CW
C:\Users\sumit\Desktop\kavita_capstone\dataset\P\CP\065-87.jpg,dataset/P/CP/065-87.jpg,P,Pavement,CP,Cracked,1,P/CP
C:\Users\sumit\Desktop\kavita_capstone\dataset\D\UD\7052-167.jpg,dataset/D/UD/7052-167.jpg,D,Deck,UD,Uncracked,0,D/UD
C:\Users\sumit\Desktop\kavita_capstone\dataset\W\CW\7073-34.jpg,dataset/W/CW/7073-34.jpg,W,Wall,CW,Cracked,1,W/CW
C:\Users\sumit\Desktop\kavita_capstone\dataset\W\CW\7069-251.jpg,dataset/W/CW/7069-251.jpg,W,Wall,CW,Cracked,1,W/CW
C:\Users\sumit\Desktop\kavita_capstone\dataset\W\CW\7092-58.jpg,dataset/W/CW/7092-58.jpg,W,Wall,CW,Cracked,1,W/CW
C:\Users\sumit\Desktop\kavita_capstone\dataset\P\CP\103-42.jpg,dataset/P/CP/103-42.jpg,P,Pavement,CP,Cracked,1,P/CP
C:\Users\sumit\Desktop\kavita_capstone\dataset\W\UW\7103-234.jpg,dataset/W/UW/7103-234.jpg,W,Wall,UW,Uncracked,0,W/UW
C:\Users\sumit\Desktop\kavita_capstone\dataset\W\CW\7122-97.jpg,dataset/W/CW/7122-97.jpg,W,Wall,CW,Cracked,1,W/CW
C:\Users\sumit\Desktop\kavita_capstone\dataset\W\CW\7107-63_2.jpg,dataset/W/CW/7107-63_2.jpg,W,Wall,CW,Cracked,1,W/CW
C:\Users\sumit\Desktop\kavita_capstone\dataset\W\UW\7132-59.jpg,dataset/W/UW/7132-59.jpg,W,Wall,UW,Uncracked,0,W/UW
C:\Users\sumit\Desktop\kavita_capstone\dataset\P\UP\035-26.jpg,dataset/P/UP/035-26.jpg,P,Pavement,UP,Uncracked,0,P/UP
C:\Users\sumit\Desktop\kavita_capstone\dataset\W\CW\7086-17.jpg,dataset/W/CW/7086-17.jpg,W,Wall,CW,Cracked,1,W/CW
C:\Users\sumit\Desktop\kavita_capstone\dataset\D\UD\7023-99.jpg,dataset/D/UD/7023-99.jpg,D,Deck,UD,Uncracked,0,D/UD
C:\Users\sumit\Desktop\kavita_capstone\dataset\P\UP\070-50.jpg,dataset/P/UP/070-50.jpg,P,Pavement,UP,Uncracked,0,P/UP
C:\Users\sumit\Desktop\kavita_capstone\dataset\D\UD\7052-35.jpg,dataset/D/UD/7052-35.jpg,D,Deck,UD,Uncracked,0,D/UD
C:\Users\sumit\Desktop\kavita_capstone\dataset\W\CW\7109-2.jpg,dataset/W/CW/7109-2.jpg,W,Wall,CW,Cracked,1,W/CW
C:\Users\sumit\Desktop\kavita_capstone\dataset\W\UW\7113-16.jpg,dataset/W/UW/7113-16.jpg,W,Wall,UW,Uncracked,0,W/UW
C:\Users\sumit\Desktop\kavita_capstone\dataset\W\CW\7084-189.jpg,dataset/W/CW/7084-189.jpg,W,Wall,CW,Cracked,1,W/CW
C:\Users\sumit\Desktop\kavita_capstone\dataset\D\CD\7006-155.jpg,dataset/D/CD/7006-155.jpg,D,Deck,CD,Cracked,1,D/CD
C:\Users\sumit\Desktop\kavita_capstone\dataset\D\CD\7038-40.jpg,dataset/D/CD/7038-40.jpg,D,Deck,CD,Cracked,1,D/CD
C:\Users\sumit\Desktop\kavita_capstone\dataset\W\UW\7128-181.jpg,dataset/W/UW/7128-181.jpg,W,Wall,UW,Uncracked,0,W/UW
C:\Users\sumit\Desktop\kavita_capstone\dataset\W\UW\7082-84.jpg,dataset/W/UW/7082-84.jpg,W,Wall,UW,Uncracked,0,W/UW
C:\Users\sumit\Desktop\kavita_capstone\dataset\W\UW\7130-215.jpg,dataset/W/UW/7130-215.jpg,W,Wall,UW,Uncracked,0,W/UW
C:\Users\sumit\Desktop\kavita_capstone\dataset\D\CD\7038-149.jpg,dataset/D/CD/7038-149.jpg,D,Deck,CD,Cracked,1,D/CD
C:\Users\sumit\Desktop\kavita_capstone\dataset\D\UD\7037-158.jpg,dataset/D/UD/7037-158.jpg,D,Deck,UD,Uncracked,0,D/UD
C:\Users\sumit\Desktop\kavita_capstone\dataset\P\CP\021-108.jpg,dataset/P/CP/021-108.jpg,P,Pavement,CP,Cracked,1,P/CP
C:\Users\sumit\Desktop\kavita_capstone\dataset\D\CD\7013-199.jpg,dataset/D/CD/7013-199.jpg,D,Deck,CD,Cracked,1,D/CD
C:\Users\sumit\Desktop\kavita_capstone\dataset\P\UP\004-97.jpg,dataset/P/UP/004-97.jpg,P,Pavement,UP,Uncracked,0,P/UP
C:\Users\sumit\Desktop\kavita_capstone\dataset\W\CW\7093-154.jpg,dataset/W/CW/7093-154.jpg,W,Wall,CW,Cracked,1,W/CW
C:\Users\sumit\Desktop\kavita_capstone\dataset\P\UP\038-150.jpg,dataset/P/UP/038-150.jpg,P,Pavement,UP,Uncracked,0,P/UP
C:\Users\sumit\Desktop\kavita_capstone\dataset\D\UD\7034-78.jpg,dataset/D/UD/7034-78.jpg,D,Deck,UD,Uncracked,0,D/UD
C:\Users\sumit\Desktop\kavita_capstone\dataset\W\CW\7072-132.jpg,dataset/W/CW/7072-132.jpg,W,Wall,CW,Cracked,1,W/CW
C:\Users\sumit\Desktop\kavita_capstone\dataset\P\UP\084-85.jpg,dataset/P/UP/084-85.jpg,P,Pavement,UP,Uncracked,0,P/UP
C:\Users\sumit\Desktop\kavita_capstone\dataset\P\UP\064-71.jpg,dataset/P/UP/064-71.jpg,P,Pavement,UP,Uncracked,0,P/UP
C:\Users\sumit\Desktop\kavita_capstone\dataset\P\UP\061-176.jpg,dataset/P/UP/061-176.jpg,P,Pavement,UP,Uncracked,0,P/UP
C:\Users\sumit\Desktop\kavita_capstone\dataset\P\CP\067-75.jpg,dataset/P/CP/067-75.jpg,P,Pavement,CP,Cracked,1,P/CP
C:\Users\sumit\Desktop\kavita_capstone\dataset\W\UW\7079-108.jpg,dataset/W/UW/7079-108.jpg,W,Wall,UW,Uncracked,0,W/UW
C:\Users\sumit\Desktop\kavita_capstone\dataset\D\UD\7039-244.jpg,dataset/D/UD/7039-244.jpg,D,Deck,UD,Uncracked,0,D/UD
C:\Users\sumit\Desktop\kavita_capstone\dataset\D\UD\7027-130.jpg,dataset/D/UD/7027-130.jpg,D,Deck,UD,Uncracked,0,D/UD
C:\Users\sumit\Desktop\kavita_capstone\dataset\P\CP\079-81.jpg,dataset/P/CP/079-81.jpg,P,Pavement,CP,Cracked,1,P/CP
C:\Users\sumit\Desktop\kavita_capstone\dataset\W\CW\7117-58.jpg,dataset/W/CW/7117-58.jpg,W,Wall,CW,Cracked,1,W/CW
C:\Users\sumit\Desktop\kavita_capstone\dataset\D\UD\7033-110.jpg,dataset/D/UD/7033-110.jpg,D,Deck,UD,Uncracked,0,D/UD
C:\Users\sumit\Desktop\kavita_capstone\dataset\D\CD\7018-225.jpg,dataset/D/CD/7018-225.jpg,D,Deck,CD,Cracked,1,D/CD
C:\Users\sumit\Desktop\kavita_capstone\dataset\W\CW\7076-136.jpg,dataset/W/CW/7076-136.jpg,W,Wall,CW,Cracked,1,W/CW
C:\Users\sumit\Desktop\kavita_capstone\dataset\D\UD\7005-199.jpg,dataset/D/UD/7005-199.jpg,D,Deck,UD,Uncracked,0,D/UD
C:\Users\sumit\Desktop\kavita_capstone\dataset\P\CP\104-59.jpg,dataset/P/CP/104-59.jpg,P,Pavement,CP,Cracked,1,P/CP
C:\Users\sumit\Desktop\kavita_capstone\dataset\P\UP\084-152.jpg,dataset/P/UP/084-152.jpg,P,Pavement,UP,Uncracked,0,P/UP
C:\Users\sumit\Desktop\kavita_capstone\dataset\P\CP\029-110.jpg,dataset/P/CP/029-110.jpg,P,Pavement,CP,Cracked,1,P/CP
C:\Users\sumit\Desktop\kavita_capstone\dataset\W\UW\7085-140.jpg,dataset/W/UW/7085-140.jpg,W,Wall,UW,Uncracked,0,W/UW
C:\Users\sumit\Desktop\kavita_capstone\dataset\W\CW\7076-237.jpg,dataset/W/CW/7076-237.jpg,W,Wall,CW,Cracked,1,W/CW
C:\Users\sumit\Desktop\kavita_capstone\dataset\P\CP\056-173.jpg,dataset/P/CP/056-173.jpg,P,Pavement,CP,Cracked,1,P/CP
C:\Users\sumit\Desktop\kavita_capstone\dataset\D\CD\7049-137.jpg,dataset/D/CD/7049-137.jpg,D,Deck,CD,Cracked,1,D/CD
C:\Users\sumit\Desktop\kavita_capstone\dataset\D\CD\7052-224.jpg,dataset/D/CD/7052-224.jpg,D,Deck,CD,Cracked,1,D/CD
C:\Users\sumit\Desktop\kavita_capstone\dataset\D\CD\7027-68.jpg,dataset/D/CD/7027-68.jpg,D,Deck,CD,Cracked,1,D/CD
C:\Users\sumit\Desktop\kavita_capstone\dataset\D\UD\7013-162.jpg,dataset/D/UD/7013-162.jpg,D,Deck,UD,Uncracked,0,D/UD
C:\Users\sumit\Desktop\kavita_capstone\dataset\W\CW\7080-226.jpg,dataset/W/CW/7080-226.jpg,W,Wall,CW,Cracked,1,W/CW
C:\Users\sumit\Desktop\kavita_capstone\dataset\D\UD\7032-65.jpg,dataset/D/UD/7032-65.jpg,D,Deck,UD,Uncracked,0,D/UD
C:\Users\sumit\Desktop\kavita_capstone\dataset\D\CD\7023-38.jpg,dataset/D/CD/7023-38.jpg,D,Deck,CD,Cracked,1,D/CD
C:\Users\sumit\Desktop\kavita_capstone\dataset\D\CD\7011-79.jpg,dataset/D/CD/7011-79.jpg,D,Deck,CD,Cracked,1,D/CD
C:\Users\sumit\Desktop\kavita_capstone\dataset\D\CD\7022-93.jpg,dataset/D/CD/7022-93.jpg,D,Deck,CD,Cracked,1,D/CD
C:\Users\sumit\Desktop\kavita_capstone\dataset\P\CP\005-189.jpg,dataset/P/CP/005-189.jpg,P,Pavement,CP,Cracked,1,P/CP
C:\Users\sumit\Desktop\kavita_capstone\dataset\W\UW\7118-171.jpg,dataset/W/UW/7118-171.jpg,W,Wall,UW,Uncracked,0,W/UW
C:\Users\sumit\Desktop\kavita_capstone\dataset\D\CD\7029-226.jpg,dataset/D/CD/7029-226.jpg,D,Deck,CD,Cracked,1,D/CD
C:\Users\sumit\Desktop\kavita_capstone\dataset\P\UP\093-111.jpg,dataset/P/UP/093-111.jpg,P,Pavement,UP,Uncracked,0,P/UP
C:\Users\sumit\Desktop\kavita_capstone\dataset\P\CP\028-37.jpg,dataset/P/CP/028-37.jpg,P,Pavement,CP,Cracked,1,P/CP
C:\Users\sumit\Desktop\kavita_capstone\dataset\P\UP\097-96.jpg,dataset/P/UP/097-96.jpg,P,Pavement,UP,Uncracked,0,P/UP
C:\Users\sumit\Desktop\kavita_capstone\dataset\W\UW\7109-208.jpg,dataset/W/UW/7109-208.jpg,W,Wall,UW,Uncracked,0,W/UW
C:\Users\sumit\Desktop\kavita_capstone\dataset\D\UD\7057-9.jpg,dataset/D/UD/7057-9.jpg,D,Deck,UD,Uncracked,0,D/UD
C:\Users\sumit\Desktop\kavita_capstone\dataset\P\UP\067-119.jpg,dataset/P/UP/067-119.jpg,P,Pavement,UP,Uncracked,0,P/UP
C:\Users\sumit\Desktop\kavita_capstone\dataset\D\CD\7021-236.jpg,dataset/D/CD/7021-236.jpg,D,Deck,CD,Cracked,1,D/CD
C:\Users\sumit\Desktop\kavita_capstone\dataset\W\CW\7069-183.jpg,dataset/W/CW/7069-183.jpg,W,Wall,CW,Cracked,1,W/CW
C:\Users\sumit\Desktop\kavita_capstone\dataset\W\UW\7123-14.jpg,dataset/W/UW/7123-14.jpg,W,Wall,UW,Uncracked,0,W/UW
C:\Users\sumit\Desktop\kavita_capstone\dataset\D\UD\7043-32.jpg,dataset/D/UD/7043-32.jpg,D,Deck,UD,Uncracked,0,D/UD
C:\Users\sumit\Desktop\kavita_capstone\dataset\P\UP\027-16.jpg,dataset/P/UP/027-16.jpg,P,Pavement,UP,Uncracked,0,P/UP
C:\Users\sumit\Desktop\kavita_capstone\dataset\D\CD\7021-12.jpg,dataset/D/CD/7021-12.jpg,D,Deck,CD,Cracked,1,D/CD
C:\Users\sumit\Desktop\kavita_capstone\dataset\W\CW\7069-75.jpg,dataset/W/CW/7069-75.jpg,W,Wall,CW,Cracked,1,W/CW
C:\Users\sumit\Desktop\kavita_capstone\dataset\W\UW\7082-223.jpg,dataset/W/UW/7082-223.jpg,W,Wall,UW,Uncracked,0,W/UW
C:\Users\sumit\Desktop\kavita_capstone\dataset\D\UD\7019-208.jpg,dataset/D/UD/7019-208.jpg,D,Deck,UD,Uncracked,0,D/UD
C:\Users\sumit\Desktop\kavita_capstone\dataset\P\UP\029-4.jpg,dataset/P/UP/029-4.jpg,P,Pavement,UP,Uncracked,0,P/UP
C:\Users\sumit\Desktop\kavita_capstone\dataset\D\UD\7010-252.jpg,dataset/D/UD/7010-252.jpg,D,Deck,UD,Uncracked,0,D/UD
C:\Users\sumit\Desktop\kavita_capstone\dataset\W\CW\7069-169.jpg,dataset/W/CW/7069-169.jpg,W,Wall,CW,Cracked,1,W/CW
C:\Users\sumit\Desktop\kavita_capstone\dataset\W\CW\7127-236.jpg,dataset/W/CW/7127-236.jpg,W,Wall,CW,Cracked,1,W/CW
C:\Users\sumit\Desktop\kavita_capstone\dataset\P\UP\090-154.jpg,dataset/P/UP/090-154.jpg,P,Pavement,UP,Uncracked,0,P/UP
C:\Users\sumit\Desktop\kavita_capstone\dataset\W\UW\7082-135.jpg,dataset/W/UW/7082-135.jpg,W,Wall,UW,Uncracked,0,W/UW
C:\Users\sumit\Desktop\kavita_capstone\dataset\D\UD\7010-61.jpg,dataset/D/UD/7010-61.jpg,D,Deck,UD,Uncracked,0,D/UD
C:\Users\sumit\Desktop\kavita_capstone\dataset\W\UW\7133-208.jpg,dataset/W/UW/7133-208.jpg,W,Wall,UW,Uncracked,0,W/UW
C:\Users\sumit\Desktop\kavita_capstone\dataset\W\UW\7072-223.jpg,dataset/W/UW/7072-223.jpg,W,Wall,UW,Uncracked,0,W/UW
C:\Users\sumit\Desktop\kavita_capstone\dataset\D\UD\7051-244.jpg,dataset/D/UD/7051-244.jpg,D,Deck,UD,Uncracked,0,D/UD
C:\Users\sumit\Desktop\kavita_capstone\dataset\P\CP\045-118.jpg,dataset/P/CP/045-118.jpg,P,Pavement,CP,Cracked,1,P/CP
C:\Users\sumit\Desktop\kavita_capstone\dataset\W\CW\7088-33.jpg,dataset/W/CW/7088-33.jpg,W,Wall,CW,Cracked,1,W/CW
C:\Users\sumit\Desktop\kavita_capstone\dataset\P\CP\042-231.jpg,dataset/P/CP/042-231.jpg,P,Pavement,CP,Cracked,1,P/CP
C:\Users\sumit\Desktop\kavita_capstone\dataset\D\CD\7030-228.jpg,dataset/D/CD/7030-228.jpg,D,Deck,CD,Cracked,1,D/CD
C:\Users\sumit\Desktop\kavita_capstone\dataset\D\CD\7034-33.jpg,dataset/D/CD/7034-33.jpg,D,Deck,CD,Cracked,1,D/CD
C:\Users\sumit\Desktop\kavita_capstone\dataset\P\CP\029-101.jpg,dataset/P/CP/029-101.jpg,P,Pavement,CP,Cracked,1,P/CP
C:\Users\sumit\Desktop\kavita_capstone\dataset\P\CP\096-218.jpg,dataset/P/CP/096-218.jpg,P,Pavement,CP,Cracked,1,P/CP
C:\Users\sumit\Desktop\kavita_capstone\dataset\P\CP\075-25.jpg,dataset/P/CP/075-25.jpg,P,Pavement,CP,Cracked,1,P/CP
C:\Users\sumit\Desktop\kavita_capstone\dataset\W\UW\7106-44.jpg,dataset/W/UW/7106-44.jpg,W,Wall,UW,Uncracked,0,W/UW
C:\Users\sumit\Desktop\kavita_capstone\dataset\W\CW\7081-54.jpg,dataset/W/CW/7081-54.jpg,W,Wall,CW,Cracked,1,W/CW
C:\Users\sumit\Desktop\kavita_capstone\dataset\W\UW\7071-103.jpg,dataset/W/UW/7071-103.jpg,W,Wall,UW,Uncracked,0,W/UW
C:\Users\sumit\Desktop\kavita_capstone\dataset\W\CW\7084-59.jpg,dataset/W/CW/7084-59.jpg,W,Wall,CW,Cracked,1,W/CW
C:\Users\sumit\Desktop\kavita_capstone\dataset\P\CP\065-192.jpg,dataset/P/CP/065-192.jpg,P,Pavement,CP,Cracked,1,P/CP
C:\Users\sumit\Desktop\kavita_capstone\dataset\D\UD\7043-65.jpg,dataset/D/UD/7043-65.jpg,D,Deck,UD,Uncracked,0,D/UD
C:\Users\sumit\Desktop\kavita_capstone\dataset\W\UW\7081-245.jpg,dataset/W/UW/7081-245.jpg,W,Wall,UW,Uncracked,0,W/UW
C:\Users\sumit\Desktop\kavita_capstone\dataset\D\CD\7026-152.jpg,dataset/D/CD/7026-152.jpg,D,Deck,CD,Cracked,1,D/CD
C:\Users\sumit\Desktop\kavita_capstone\dataset\D\UD\7008-193.jpg,dataset/D/UD/7008-193.jpg,D,Deck,UD,Uncracked,0,D/UD
C:\Users\sumit\Desktop\kavita_capstone\dataset\D\UD\7025-218.jpg,dataset/D/UD/7025-218.jpg,D,Deck,UD,Uncracked,0,D/UD
C:\Users\sumit\Desktop\kavita_capstone\dataset\W\UW\7094-81.jpg,dataset/W/UW/7094-81.jpg,W,Wall,UW,Uncracked,0,W/UW
C:\Users\sumit\Desktop\kavita_capstone\dataset\D\CD\7038-155.jpg,dataset/D/CD/7038-155.jpg,D,Deck,CD,Cracked,1,D/CD
C:\Users\sumit\Desktop\kavita_capstone\dataset\P\UP\010-38.jpg,dataset/P/UP/010-38.jpg,P,Pavement,UP,Uncracked,0,P/UP
C:\Users\sumit\Desktop\kavita_capstone\dataset\D\CD\7004-75.jpg,dataset/D/CD/7004-75.jpg,D,Deck,CD,Cracked,1,D/CD
C:\Users\sumit\Desktop\kavita_capstone\dataset\W\UW\7112-139.jpg,dataset/W/UW/7112-139.jpg,W,Wall,UW,Uncracked,0,W/UW
C:\Users\sumit\Desktop\kavita_capstone\dataset\P\UP\094-11.jpg,dataset/P/UP/094-11.jpg,P,Pavement,UP,Uncracked,0,P/UP
C:\Users\sumit\Desktop\kavita_capstone\dataset\W\CW\7091-233.jpg,dataset/W/CW/7091-233.jpg,W,Wall,CW,Cracked,1,W/CW
C:\Users\sumit\Desktop\kavita_capstone\dataset\W\CW\7105-9.jpg,dataset/W/CW/7105-9.jpg,W,Wall,CW,Cracked,1,W/CW
C:\Users\sumit\Desktop\kavita_capstone\dataset\W\CW\7078-113.jpg,dataset/W/CW/7078-113.jpg,W,Wall,CW,Cracked,1,W/CW
C:\Users\sumit\Desktop\kavita_capstone\dataset\P\UP\071-49.jpg,dataset/P/UP/071-49.jpg,P,Pavement,UP,Uncracked,0,P/UP
C:\Users\sumit\Desktop\kavita_capstone\dataset\W\CW\7086-198.jpg,dataset/W/CW/7086-198.jpg,W,Wall,CW,Cracked,1,W/CW
C:\Users\sumit\Desktop\kavita_capstone\dataset\P\CP\028-100.jpg,dataset/P/CP/028-100.jpg,P,Pavement,CP,Cracked,1,P/CP
C:\Users\sumit\Desktop\kavita_capstone\dataset\W\UW\7076-165.jpg,dataset/W/UW/7076-165.jpg,W,Wall,UW,Uncracked,0,W/UW
C:\Users\sumit\Desktop\kavita_capstone\dataset\W\UW\7126-209.jpg,dataset/W/UW/7126-209.jpg,W,Wall,UW,Uncracked,0,W/UW
C:\Users\sumit\Desktop\kavita_capstone\dataset\W\CW\7131-104.jpg,dataset/W/CW/7131-104.jpg,W,Wall,CW,Cracked,1,W/CW
C:\Users\sumit\Desktop\kavita_capstone\dataset\W\CW\7124-61.jpg,dataset/W/CW/7124-61.jpg,W,Wall,CW,Cracked,1,W/CW
C:\Users\sumit\Desktop\kavita_capstone\dataset\W\CW\7111-208.jpg,dataset/W/CW/7111-208.jpg,W,Wall,CW,Cracked,1,W/CW
C:\Users\sumit\Desktop\kavita_capstone\dataset\P\CP\076-61.jpg,dataset/P/CP/076-61.jpg,P,Pavement,CP,Cracked,1,P/CP
C:\Users\sumit\Desktop\kavita_capstone\dataset\P\CP\056-39.jpg,dataset/P/CP/056-39.jpg,P,Pavement,CP,Cracked,1,P/CP
C:\Users\sumit\Desktop\kavita_capstone\dataset\W\UW\7119-117.jpg,dataset/W/UW/7119-117.jpg,W,Wall,UW,Uncracked,0,W/UW
C:\Users\sumit\Desktop\kavita_capstone\dataset\W\CW\7083-155.jpg,dataset/W/CW/7083-155.jpg,W,Wall,CW,Cracked,1,W/CW
C:\Users\sumit\Desktop\kavita_capstone\dataset\P\CP\045-44.jpg,dataset/P/CP/045-44.jpg,P,Pavement,CP,Cracked,1,P/CP
C:\Users\sumit\Desktop\kavita_capstone\dataset\W\UW\7117-217.jpg,dataset/W/UW/7117-217.jpg,W,Wall,UW,Uncracked,0,W/UW
C:\Users\sumit\Desktop\kavita_capstone\dataset\P\CP\045-25.jpg,dataset/P/CP/045-25.jpg,P,Pavement,CP,Cracked,1,P/CP
C:\Users\sumit\Desktop\kavita_capstone\dataset\D\UD\7010-57.jpg,dataset/D/UD/7010-57.jpg,D,Deck,UD,Uncracked,0,D/UD
C:\Users\sumit\Desktop\kavita_capstone\dataset\P\UP\057-10.jpg,dataset/P/UP/057-10.jpg,P,Pavement,UP,Uncracked,0,P/UP
C:\Users\sumit\Desktop\kavita_capstone\dataset\D\CD\7021-56.jpg,dataset/D/CD/7021-56.jpg,D,Deck,CD,Cracked,1,D/CD
C:\Users\sumit\Desktop\kavita_capstone\dataset\D\UD\7013-213.jpg,dataset/D/UD/7013-213.jpg,D,Deck,UD,Uncracked,0,D/UD
C:\Users\sumit\Desktop\kavita_capstone\dataset\P\CP\100-57.jpg,dataset/P/CP/100-57.jpg,P,Pavement,CP,Cracked,1,P/CP
C:\Users\sumit\Desktop\kavita_capstone\dataset\D\CD\7026-157.jpg,dataset/D/CD/7026-157.jpg,D,Deck,CD,Cracked,1,D/CD
C:\Users\sumit\Desktop\kavita_capstone\dataset\W\CW\7088-79.jpg,dataset/W/CW/7088-79.jpg,W,Wall,CW,Cracked,1,W/CW
C:\Users\sumit\Desktop\kavita_capstone\dataset\W\CW\7107-224_2.jpg,dataset/W/CW/7107-224_2.jpg,W,Wall,CW,Cracked,1,W/CW
C:\Users\sumit\Desktop\kavita_capstone\dataset\D\CD\7018-7.jpg,dataset/D/CD/7018-7.jpg,D,Deck,CD,Cracked,1,D/CD
C:\Users\sumit\Desktop\kavita_capstone\dataset\P\UP\096-52.jpg,dataset/P/UP/096-52.jpg,P,Pavement,UP,Uncracked,0,P/UP
C:\Users\sumit\Desktop\kavita_capstone\dataset\P\UP\026-233.jpg,dataset/P/UP/026-233.jpg,P,Pavement,UP,Uncracked,0,P/UP
C:\Users\sumit\Desktop\kavita_capstone\dataset\W\CW\7088-11.jpg,dataset/W/CW/7088-11.jpg,W,Wall,CW,Cracked,1,W/CW
C:\Users\sumit\Desktop\kavita_capstone\dataset\D\CD\7015-23.jpg,dataset/D/CD/7015-23.jpg,D,Deck,CD,Cracked,1,D/CD
C:\Users\sumit\Desktop\kavita_capstone\dataset\D\UD\7028-130.jpg,dataset/D/UD/7028-130.jpg,D,Deck,UD,Uncracked,0,D/UD
C:\Users\sumit\Desktop\kavita_capstone\dataset\D\CD\7034-13.jpg,dataset/D/CD/7034-13.jpg,D,Deck,CD,Cracked,1,D/CD
C:\Users\sumit\Desktop\kavita_capstone\dataset\W\CW\7071-106.jpg,dataset/W/CW/7071-106.jpg,W,Wall,CW,Cracked,1,W/CW
C:\Users\sumit\Desktop\kavita_capstone\dataset\W\UW\7092-67.jpg,dataset/W/UW/7092-67.jpg,W,Wall,UW,Uncracked,0,W/UW
C:\Users\sumit\Desktop\kavita_capstone\dataset\D\UD\7049-18.jpg,dataset/D/UD/7049-18.jpg,D,Deck,UD,Uncracked,0,D/UD
C:\Users\sumit\Desktop\kavita_capstone\dataset\D\UD\7014-57.jpg,dataset/D/UD/7014-57.jpg,D,Deck,UD,Uncracked,0,D/UD
C:\Users\sumit\Desktop\kavita_capstone\dataset\W\UW\7080-110.jpg,dataset/W/UW/7080-110.jpg,W,Wall,UW,Uncracked,0,W/UW
C:\Users\sumit\Desktop\kavita_capstone\dataset\P\UP\098-148.jpg,dataset/P/UP/098-148.jpg,P,Pavement,UP,Uncracked,0,P/UP
C:\Users\sumit\Desktop\kavita_capstone\dataset\D\UD\7044-88.jpg,dataset/D/UD/7044-88.jpg,D,Deck,UD,Uncracked,0,D/UD
C:\Users\sumit\Desktop\kavita_capstone\dataset\W\UW\7088-7.jpg,dataset/W/UW/7088-7.jpg,W,Wall,UW,Uncracked,0,W/UW
C:\Users\sumit\Desktop\kavita_capstone\dataset\D\CD\7022-23.jpg,dataset/D/CD/7022-23.jpg,D,Deck,CD,Cracked,1,D/CD
C:\Users\sumit\Desktop\kavita_capstone\dataset\W\CW\7109-212.jpg,dataset/W/CW/7109-212.jpg,W,Wall,CW,Cracked,1,W/CW
C:\Users\sumit\Desktop\kavita_capstone\dataset\D\UD\7032-70.jpg,dataset/D/UD/7032-70.jpg,D,Deck,UD,Uncracked,0,D/UD
C:\Users\sumit\Desktop\kavita_capstone\dataset\W\CW\7074-225.jpg,dataset/W/CW/7074-225.jpg,W,Wall,CW,Cracked,1,W/CW
C:\Users\sumit\Desktop\kavita_capstone\dataset\P\UP\015-95.jpg,dataset/P/UP/015-95.jpg,P,Pavement,UP,Uncracked,0,P/UP
C:\Users\sumit\Desktop\kavita_capstone\dataset\P\CP\007-69.jpg,dataset/P/CP/007-69.jpg,P,Pavement,CP,Cracked,1,P/CP
C:\Users\sumit\Desktop\kavita_capstone\dataset\D\UD\7052-130.jpg,dataset/D/UD/7052-130.jpg,D,Deck,UD,Uncracked,0,D/UD
C:\Users\sumit\Desktop\kavita_capstone\dataset\D\UD\7047-244.jpg,dataset/D/UD/7047-244.jpg,D,Deck,UD,Uncracked,0,D/UD
C:\Users\sumit\Desktop\kavita_capstone\dataset\D\UD\7036-44.jpg,dataset/D/UD/7036-44.jpg,D,Deck,UD,Uncracked,0,D/UD
C:\Users\sumit\Desktop\kavita_capstone\dataset\W\CW\7071-67.jpg,dataset/W/CW/7071-67.jpg,W,Wall,CW,Cracked,1,W/CW
C:\Users\sumit\Desktop\kavita_capstone\dataset\W\UW\7092-138.jpg,dataset/W/UW/7092-138.jpg,W,Wall,UW,Uncracked,0,W/UW
C:\Users\sumit\Desktop\kavita_capstone\dataset\W\UW\7121-116.jpg,dataset/W/UW/7121-116.jpg,W,Wall,UW,Uncracked,0,W/UW
C:\Users\sumit\Desktop\kavita_capstone\dataset\W\UW\7098-72.jpg,dataset/W/UW/7098-72.jpg,W,Wall,UW,Uncracked,0,W/UW
C:\Users\sumit\Desktop\kavita_capstone\dataset\W\UW\7114-49.jpg,dataset/W/UW/7114-49.jpg,W,Wall,UW,Uncracked,0,W/UW
C:\Users\sumit\Desktop\kavita_capstone\dataset\D\UD\7018-186.jpg,dataset/D/UD/7018-186.jpg,D,Deck,UD,Uncracked,0,D/UD
C:\Users\sumit\Desktop\kavita_capstone\dataset\P\UP\015-222.jpg,dataset/P/UP/015-222.jpg,P,Pavement,UP,Uncracked,0,P/UP
C:\Users\sumit\Desktop\kavita_capstone\dataset\P\CP\049-162.jpg,dataset/P/CP/049-162.jpg,P,Pavement,CP,Cracked,1,P/CP
C:\Users\sumit\Desktop\kavita_capstone\dataset\W\CW\7099-244.jpg,dataset/W/CW/7099-244.jpg,W,Wall,CW,Cracked,1,W/CW
C:\Users\sumit\Desktop\kavita_capstone\dataset\W\CW\7122-151.jpg,dataset/W/CW/7122-151.jpg,W,Wall,CW,Cracked,1,W/CW
C:\Users\sumit\Desktop\kavita_capstone\dataset\W\UW\7135-106.jpg,dataset/W/UW/7135-106.jpg,W,Wall,UW,Uncracked,0,W/UW
C:\Users\sumit\Desktop\kavita_capstone\dataset\W\UW\7107-24.jpg,dataset/W/UW/7107-24.jpg,W,Wall,UW,Uncracked,0,W/UW
C:\Users\sumit\Desktop\kavita_capstone\dataset\D\CD\7011-239.jpg,dataset/D/CD/7011-239.jpg,D,Deck,CD,Cracked,1,D/CD
C:\Users\sumit\Desktop\kavita_capstone\dataset\P\UP\041-207.jpg,dataset/P/UP/041-207.jpg,P,Pavement,UP,Uncracked,0,P/UP
C:\Users\sumit\Desktop\kavita_capstone\dataset\W\UW\7071-250.jpg,dataset/W/UW/7071-250.jpg,W,Wall,UW,Uncracked,0,W/UW
C:\Users\sumit\Desktop\kavita_capstone\dataset\W\UW\7105-209.jpg,dataset/W/UW/7105-209.jpg,W,Wall,UW,Uncracked,0,W/UW
C:\Users\sumit\Desktop\kavita_capstone\dataset\P\UP\104-51.jpg,dataset/P/UP/104-51.jpg,P,Pavement,UP,Uncracked,0,P/UP
C:\Users\sumit\Desktop\kavita_capstone\dataset\P\UP\017-138.jpg,dataset/P/UP/017-138.jpg,P,Pavement,UP,Uncracked,0,P/UP
C:\Users\sumit\Desktop\kavita_capstone\dataset\W\CW\7122-189.jpg,dataset/W/CW/7122-189.jpg,W,Wall,CW,Cracked,1,W/CW
C:\Users\sumit\Desktop\kavita_capstone\dataset\W\UW\7117-110.jpg,dataset/W/UW/7117-110.jpg,W,Wall,UW,Uncracked,0,W/UW
C:\Users\sumit\Desktop\kavita_capstone\dataset\D\UD\7022-114.jpg,dataset/D/UD/7022-114.jpg,D,Deck,UD,Uncracked,0,D/UD
C:\Users\sumit\Desktop\kavita_capstone\dataset\W\CW\7087-11.jpg,dataset/W/CW/7087-11.jpg,W,Wall,CW,Cracked,1,W/CW
C:\Users\sumit\Desktop\kavita_capstone\dataset\W\UW\7121-62.jpg,dataset/W/UW/7121-62.jpg,W,Wall,UW,Uncracked,0,W/UW
C:\Users\sumit\Desktop\kavita_capstone\dataset\P\UP\017-75.jpg,dataset/P/UP/017-75.jpg,P,Pavement,UP,Uncracked,0,P/UP
C:\Users\sumit\Desktop\kavita_capstone\dataset\W\UW\7112-31.jpg,dataset/W/UW/7112-31.jpg,W,Wall,UW,Uncracked,0,W/UW
C:\Users\sumit\Desktop\kavita_capstone\dataset\P\CP\090-9.jpg,dataset/P/CP/090-9.jpg,P,Pavement,CP,Cracked,1,P/CP
C:\Users\sumit\Desktop\kavita_capstone\dataset\W\UW\7090-213.jpg,dataset/W/UW/7090-213.jpg,W,Wall,UW,Uncracked,0,W/UW
C:\Users\sumit\Desktop\kavita_capstone\dataset\D\UD\7006-224.jpg,dataset/D/UD/7006-224.jpg,D,Deck,UD,Uncracked,0,D/UD
C:\Users\sumit\Desktop\kavita_capstone\dataset\D\CD\7027-198.jpg,dataset/D/CD/7027-198.jpg,D,Deck,CD,Cracked,1,D/CD
C:\Users\sumit\Desktop\kavita_capstone\dataset\D\UD\7031-250.jpg,dataset/D/UD/7031-250.jpg,D,Deck,UD,Uncracked,0,D/UD
C:\Users\sumit\Desktop\kavita_capstone\dataset\D\UD\7009-245.jpg,dataset/D/UD/7009-245.jpg,D,Deck,UD,Uncracked,0,D/UD
C:\Users\sumit\Desktop\kavita_capstone\dataset\W\CW\7115-65.jpg,dataset/W/CW/7115-65.jpg,W,Wall,CW,Cracked,1,W/CW
C:\Users\sumit\Desktop\kavita_capstone\dataset\P\UP\046-189.jpg,dataset/P/UP/046-189.jpg,P,Pavement,UP,Uncracked,0,P/UP
C:\Users\sumit\Desktop\kavita_capstone\dataset\W\CW\7103-232.jpg,dataset/W/CW/7103-232.jpg,W,Wall,CW,Cracked,1,W/CW
C:\Users\sumit\Desktop\kavita_capstone\dataset\W\UW\7131-110.jpg,dataset/W/UW/7131-110.jpg,W,Wall,UW,Uncracked,0,W/UW
C:\Users\sumit\Desktop\kavita_capstone\dataset\D\UD\7053-177.jpg,dataset/D/UD/7053-177.jpg,D,Deck,UD,Uncracked,0,D/UD
C:\Users\sumit\Desktop\kavita_capstone\dataset\W\UW\7112-236.jpg,dataset/W/UW/7112-236.jpg,W,Wall,UW,Uncracked,0,W/UW
C:\Users\sumit\Desktop\kavita_capstone\dataset\P\CP\002-101.jpg,dataset/P/CP/002-101.jpg,P,Pavement,CP,Cracked,1,P/CP
C:\Users\sumit\Desktop\kavita_capstone\dataset\P\UP\031-233.jpg,dataset/P/UP/031-233.jpg,P,Pavement,UP,Uncracked,0,P/UP
C:\Users\sumit\Desktop\kavita_capstone\dataset\P\CP\086-198.jpg,dataset/P/CP/086-198.jpg,P,Pavement,CP,Cracked,1,P/CP
C:\Users\sumit\Desktop\kavita_capstone\dataset\W\UW\7138-182.jpg,dataset/W/UW/7138-182.jpg,W,Wall,UW,Uncracked,0,W/UW
C:\Users\sumit\Desktop\kavita_capstone\dataset\P\CP\035-123.jpg,dataset/P/CP/035-123.jpg,P,Pavement,CP,Cracked,1,P/CP
C:\Users\sumit\Desktop\kavita_capstone\dataset\D\UD\7033-61.jpg,dataset/D/UD/7033-61.jpg,D,Deck,UD,Uncracked,0,D/UD
C:\Users\sumit\Desktop\kavita_capstone\dataset\D\UD\7012-68.jpg,dataset/D/UD/7012-68.jpg,D,Deck,UD,Uncracked,0,D/UD
C:\Users\sumit\Desktop\kavita_capstone\dataset\P\CP\085-122.jpg,dataset/P/CP/085-122.jpg,P,Pavement,CP,Cracked,1,P/CP
C:\Users\sumit\Desktop\kavita_capstone\dataset\D\CD\7003-50.jpg,dataset/D/CD/7003-50.jpg,D,Deck,CD,Cracked,1,D/CD
C:\Users\sumit\Desktop\kavita_capstone\dataset\D\UD\7025-199.jpg,dataset/D/UD/7025-199.jpg,D,Deck,UD,Uncracked,0,D/UD
C:\Users\sumit\Desktop\kavita_capstone\dataset\D\UD\7028-6.jpg,dataset/D/UD/7028-6.jpg,D,Deck,UD,Uncracked,0,D/UD
C:\Users\sumit\Desktop\kavita_capstone\dataset\W\CW\7086-52.jpg,dataset/W/CW/7086-52.jpg,W,Wall,CW,Cracked,1,W/CW
C:\Users\sumit\Desktop\kavita_capstone\dataset\W\UW\7108-151.jpg,dataset/W/UW/7108-151.jpg,W,Wall,UW,Uncracked,0,W/UW
C:\Users\sumit\Desktop\kavita_capstone\dataset\W\UW\7107-198.jpg,dataset/W/UW/7107-198.jpg,W,Wall,UW,Uncracked,0,W/UW
C:\Users\sumit\Desktop\kavita_capstone\dataset\W\CW\7124-150.jpg,dataset/W/CW/7124-150.jpg,W,Wall,CW,Cracked,1,W/CW
C:\Users\sumit\Desktop\kavita_capstone\dataset\P\CP\037-122.jpg,dataset/P/CP/037-122.jpg,P,Pavement,CP,Cracked,1,P/CP
C:\Users\sumit\Desktop\kavita_capstone\dataset\W\CW\7113-74.jpg,dataset/W/CW/7113-74.jpg,W,Wall,CW,Cracked,1,W/CW
C:\Users\sumit\Desktop\kavita_capstone\dataset\P\CP\086-215.jpg,dataset/P/CP/086-215.jpg,P,Pavement,CP,Cracked,1,P/CP
C:\Users\sumit\Desktop\kavita_capstone\dataset\W\UW\7129-191.jpg,dataset/W/UW/7129-191.jpg,W,Wall,UW,Uncracked,0,W/UW
C:\Users\sumit\Desktop\kavita_capstone\dataset\W\UW\7104-157.jpg,dataset/W/UW/7104-157.jpg,W,Wall,UW,Uncracked,0,W/UW
C:\Users\sumit\Desktop\kavita_capstone\dataset\D\UD\7030-190.jpg,dataset/D/UD/7030-190.jpg,D,Deck,UD,Uncracked,0,D/UD
C:\Users\sumit\Desktop\kavita_capstone\dataset\D\UD\7049-220.jpg,dataset/D/UD/7049-220.jpg,D,Deck,UD,Uncracked,0,D/UD
C:\Users\sumit\Desktop\kavita_capstone\dataset\W\CW\7124-224.jpg,dataset/W/CW/7124-224.jpg,W,Wall,CW,Cracked,1,W/CW
C:\Users\sumit\Desktop\kavita_capstone\dataset\W\UW\7138-212.jpg,dataset/W/UW/7138-212.jpg,W,Wall,UW,Uncracked,0,W/UW
C:\Users\sumit\Desktop\kavita_capstone\dataset\D\UD\7004-212.jpg,dataset/D/UD/7004-212.jpg,D,Deck,UD,Uncracked,0,D/UD
C:\Users\sumit\Desktop\kavita_capstone\dataset\D\UD\7034-20.jpg,dataset/D/UD/7034-20.jpg,D,Deck,UD,Uncracked,0,D/UD
C:\Users\sumit\Desktop\kavita_capstone\dataset\W\UW\7118-53.jpg,dataset/W/UW/7118-53.jpg,W,Wall,UW,Uncracked,0,W/UW
C:\Users\sumit\Desktop\kavita_capstone\dataset\W\UW\7083-148.jpg,dataset/W/UW/7083-148.jpg,W,Wall,UW,Uncracked,0,W/UW
C:\Users\sumit\Desktop\kavita_capstone\dataset\W\CW\7073-67.jpg,dataset/W/CW/7073-67.jpg,W,Wall,CW,Cracked,1,W/CW
C:\Users\sumit\Desktop\kavita_capstone\dataset\D\CD\7010-102.jpg,dataset/D/CD/7010-102.jpg,D,Deck,CD,Cracked,1,D/CD
C:\Users\sumit\Desktop\kavita_capstone\dataset\P\CP\017-95.jpg,dataset/P/CP/017-95.jpg,P,Pavement,CP,Cracked,1,P/CP
C:\Users\sumit\Desktop\kavita_capstone\dataset\W\UW\7100-154.jpg,dataset/W/UW/7100-154.jpg,W,Wall,UW,Uncracked,0,W/UW
C:\Users\sumit\Desktop\kavita_capstone\dataset\P\UP\001-70.jpg,dataset/P/UP/001-70.jpg,P,Pavement,UP,Uncracked,0,P/UP
C:\Users\sumit\Desktop\kavita_capstone\dataset\W\CW\7084-27.jpg,dataset/W/CW/7084-27.jpg,W,Wall,CW,Cracked,1,W/CW
C:\Users\sumit\Desktop\kavita_capstone\dataset\P\UP\066-190.jpg,dataset/P/UP/066-190.jpg,P,Pavement,UP,Uncracked,0,P/UP
C:\Users\sumit\Desktop\kavita_capstone\dataset\D\CD\7048-91.jpg,dataset/D/CD/7048-91.jpg,D,Deck,CD,Cracked,1,D/CD
C:\Users\sumit\Desktop\kavita_capstone\dataset\P\UP\090-158.jpg,dataset/P/UP/090-158.jpg,P,Pavement,UP,Uncracked,0,P/UP
C:\Users\sumit\Desktop\kavita_capstone\dataset\W\CW\7086-237.jpg,dataset/W/CW/7086-237.jpg,W,Wall,CW,Cracked,1,W/CW
C:\Users\sumit\Desktop\kavita_capstone\dataset\P\UP\007-137.jpg,dataset/P/UP/007-137.jpg,P,Pavement,UP,Uncracked,0,P/UP
C:\Users\sumit\Desktop\kavita_capstone\dataset\P\CP\036-78.jpg,dataset/P/CP/036-78.jpg,P,Pavement,CP,Cracked,1,P/CP
C:\Users\sumit\Desktop\kavita_capstone\dataset\P\UP\035-199.jpg,dataset/P/UP/035-199.jpg,P,Pavement,UP,Uncracked,0,P/UP
C:\Users\sumit\Desktop\kavita_capstone\dataset\D\CD\7048-171.jpg,dataset/D/CD/7048-171.jpg,D,Deck,CD,Cracked,1,D/CD
C:\Users\sumit\Desktop\kavita_capstone\dataset\D\UD\7011-106.jpg,dataset/D/UD/7011-106.jpg,D,Deck,UD,Uncracked,0,D/UD
C:\Users\sumit\Desktop\kavita_capstone\dataset\D\CD\7020-45.jpg,dataset/D/CD/7020-45.jpg,D,Deck,CD,Cracked,1,D/CD
C:\Users\sumit\Desktop\kavita_capstone\dataset\D\CD\7041-225.jpg,dataset/D/CD/7041-225.jpg,D,Deck,CD,Cracked,1,D/CD
C:\Users\sumit\Desktop\kavita_capstone\dataset\W\CW\7102-250.jpg,dataset/W/CW/7102-250.jpg,W,Wall,CW,Cracked,1,W/CW
C:\Users\sumit\Desktop\kavita_capstone\dataset\W\UW\7125-223.jpg,dataset/W/UW/7125-223.jpg,W,Wall,UW,Uncracked,0,W/UW
C:\Users\sumit\Desktop\kavita_capstone\dataset\W\UW\7075-37.jpg,dataset/W/UW/7075-37.jpg,W,Wall,UW,Uncracked,0,W/UW
C:\Users\sumit\Desktop\kavita_capstone\dataset\W\CW\7093-49.jpg,dataset/W/CW/7093-49.jpg,W,Wall,CW,Cracked,1,W/CW
C:\Users\sumit\Desktop\kavita_capstone\dataset\P\CP\006-131.jpg,dataset/P/CP/006-131.jpg,P,Pavement,CP,Cracked,1,P/CP
C:\Users\sumit\Desktop\kavita_capstone\dataset\P\UP\061-208.jpg,dataset/P/UP/061-208.jpg,P,Pavement,UP,Uncracked,0,P/UP
C:\Users\sumit\Desktop\kavita_capstone\dataset\P\CP\008-128.jpg,dataset/P/CP/008-128.jpg,P,Pavement,CP,Cracked,1,P/CP
C:\Users\sumit\Desktop\kavita_capstone\dataset\D\UD\7049-87.jpg,dataset/D/UD/7049-87.jpg,D,Deck,UD,Uncracked,0,D/UD
C:\Users\sumit\Desktop\kavita_capstone\dataset\P\CP\083-100.jpg,dataset/P/CP/083-100.jpg,P,Pavement,CP,Cracked,1,P/CP
C:\Users\sumit\Desktop\kavita_capstone\dataset\P\CP\031-141.jpg,dataset/P/CP/031-141.jpg,P,Pavement,CP,Cracked,1,P/CP
C:\Users\sumit\Desktop\kavita_capstone\dataset\P\UP\057-209.jpg,dataset/P/UP/057-209.jpg,P,Pavement,UP,Uncracked,0,P/UP
C:\Users\sumit\Desktop\kavita_capstone\dataset\W\CW\7125-219.jpg,dataset/W/CW/7125-219.jpg,W,Wall,CW,Cracked,1,W/CW
C:\Users\sumit\Desktop\kavita_capstone\dataset\D\CD\7049-225.jpg,dataset/D/CD/7049-225.jpg,D,Deck,CD,Cracked,1,D/CD
C:\Users\sumit\Desktop\kavita_capstone\dataset\W\UW\7117-149.jpg,dataset/W/UW/7117-149.jpg,W,Wall,UW,Uncracked,0,W/UW
C:\Users\sumit\Desktop\kavita_capstone\dataset\W\CW\7078-109.jpg,dataset/W/CW/7078-109.jpg,W,Wall,CW,Cracked,1,W/CW
C:\Users\sumit\Desktop\kavita_capstone\dataset\D\CD\7005-213.jpg,dataset/D/CD/7005-213.jpg,D,Deck,CD,Cracked,1,D/CD
C:\Users\sumit\Desktop\kavita_capstone\dataset\D\CD\7048-43.jpg,dataset/D/CD/7048-43.jpg,D,Deck,CD,Cracked,1,D/CD
C:\Users\sumit\Desktop\kavita_capstone\dataset\D\UD\7005-124.jpg,dataset/D/UD/7005-124.jpg,D,Deck,UD,Uncracked,0,D/UD
C:\Users\sumit\Desktop\kavita_capstone\dataset\W\CW\7124-187.jpg,dataset/W/CW/7124-187.jpg,W,Wall,CW,Cracked,1,W/CW
C:\Users\sumit\Desktop\kavita_capstone\dataset\D\CD\7007-144.jpg,dataset/D/CD/7007-144.jpg,D,Deck,CD,Cracked,1,D/CD
C:\Users\sumit\Desktop\kavita_capstone\dataset\D\UD\7004-54.jpg,dataset/D/UD/7004-54.jpg,D,Deck,UD,Uncracked,0,D/UD
C:\Users\sumit\Desktop\kavita_capstone\dataset\W\CW\7085-62.jpg,dataset/W/CW/7085-62.jpg,W,Wall,CW,Cracked,1,W/CW
C:\Users\sumit\Desktop\kavita_capstone\dataset\W\UW\7081-226.jpg,dataset/W/UW/7081-226.jpg,W,Wall,UW,Uncracked,0,W/UW
C:\Users\sumit\Desktop\kavita_capstone\dataset\P\CP\051-50.jpg,dataset/P/CP/051-50.jpg,P,Pavement,CP,Cracked,1,P/CP
C:\Users\sumit\Desktop\kavita_capstone\dataset\P\CP\028-57.jpg,dataset/P/CP/028-57.jpg,P,Pavement,CP,Cracked,1,P/CP
C:\Users\sumit\Desktop\kavita_capstone\dataset\W\CW\7073-197.jpg,dataset/W/CW/7073-197.jpg,W,Wall,CW,Cracked,1,W/CW
C:\Users\sumit\Desktop\kavita_capstone\dataset\D\CD\7048-79.jpg,dataset/D/CD/7048-79.jpg,D,Deck,CD,Cracked,1,D/CD
C:\Users\sumit\Desktop\kavita_capstone\dataset\P\UP\037-38.jpg,dataset/P/UP/037-38.jpg,P,Pavement,UP,Uncracked,0,P/UP
C:\Users\sumit\Desktop\kavita_capstone\dataset\D\CD\7011-26.jpg,dataset/D/CD/7011-26.jpg,D,Deck,CD,Cracked,1,D/CD
C:\Users\sumit\Desktop\kavita_capstone\dataset\W\UW\7112-217.jpg,dataset/W/UW/7112-217.jpg,W,Wall,UW,Uncracked,0,W/UW
C:\Users\sumit\Desktop\kavita_capstone\dataset\D\CD\7049-121.jpg,dataset/D/CD/7049-121.jpg,D,Deck,CD,Cracked,1,D/CD
C:\Users\sumit\Desktop\kavita_capstone\dataset\D\UD\7040-19.jpg,dataset/D/UD/7040-19.jpg,D,Deck,UD,Uncracked,0,D/UD
C:\Users\sumit\Desktop\kavita_capstone\dataset\P\UP\042-37.jpg,dataset/P/UP/042-37.jpg,P,Pavement,UP,Uncracked,0,P/UP
C:\Users\sumit\Desktop\kavita_capstone\dataset\D\UD\7012-160.jpg,dataset/D/UD/7012-160.jpg,D,Deck,UD,Uncracked,0,D/UD
C:\Users\sumit\Desktop\kavita_capstone\dataset\P\CP\050-95.jpg,dataset/P/CP/050-95.jpg,P,Pavement,CP,Cracked,1,P/CP
C:\Users\sumit\Desktop\kavita_capstone\dataset\P\UP\065-165.jpg,dataset/P/UP/065-165.jpg,P,Pavement,UP,Uncracked,0,P/UP
C:\Users\sumit\Desktop\kavita_capstone\dataset\W\CW\7070-120.jpg,dataset/W/CW/7070-120.jpg,W,Wall,CW,Cracked,1,W/CW
C:\Users\sumit\Desktop\kavita_capstone\dataset\P\CP\101-8.jpg,dataset/P/CP/101-8.jpg,P,Pavement,CP,Cracked,1,P/CP
C:\Users\sumit\Desktop\kavita_capstone\dataset\P\CP\039-81.jpg,dataset/P/CP/039-81.jpg,P,Pavement,CP,Cracked,1,P/CP
C:\Users\sumit\Desktop\kavita_capstone\dataset\P\CP\089-3.jpg,dataset/P/CP/089-3.jpg,P,Pavement,CP,Cracked,1,P/CP
C:\Users\sumit\Desktop\kavita_capstone\dataset\W\UW\7137-129.jpg,dataset/W/UW/7137-129.jpg,W,Wall,UW,Uncracked,0,W/UW
C:\Users\sumit\Desktop\kavita_capstone\dataset\W\CW\7113-44.jpg,dataset/W/CW/7113-44.jpg,W,Wall,CW,Cracked,1,W/CW
C:\Users\sumit\Desktop\kavita_capstone\dataset\P\UP\048-73.jpg,dataset/P/UP/048-73.jpg,P,Pavement,UP,Uncracked,0,P/UP
C:\Users\sumit\Desktop\kavita_capstone\dataset\P\CP\032-143.jpg,dataset/P/CP/032-143.jpg,P,Pavement,CP,Cracked,1,P/CP
C:\Users\sumit\Desktop\kavita_capstone\dataset\D\CD\7010-81.jpg,dataset/D/CD/7010-81.jpg,D,Deck,CD,Cracked,1,D/CD
C:\Users\sumit\Desktop\kavita_capstone\dataset\P\UP\009-187.jpg,dataset/P/UP/009-187.jpg,P,Pavement,UP,Uncracked,0,P/UP
C:\Users\sumit\Desktop\kavita_capstone\dataset\D\UD\7018-146.jpg,dataset/D/UD/7018-146.jpg,D,Deck,UD,Uncracked,0,D/UD
C:\Users\sumit\Desktop\kavita_capstone\dataset\D\UD\7048-240.jpg,dataset/D/UD/7048-240.jpg,D,Deck,UD,Uncracked,0,D/UD
C:\Users\sumit\Desktop\kavita_capstone\dataset\W\CW\7113-94.jpg,dataset/W/CW/7113-94.jpg,W,Wall,CW,Cracked,1,W/CW
C:\Users\sumit\Desktop\kavita_capstone\dataset\D\UD\7051-115.jpg,dataset/D/UD/7051-115.jpg,D,Deck,UD,Uncracked,0,D/UD
C:\Users\sumit\Desktop\kavita_capstone\dataset\P\UP\059-83.jpg,dataset/P/UP/059-83.jpg,P,Pavement,UP,Uncracked,0,P/UP
C:\Users\sumit\Desktop\kavita_capstone\dataset\W\UW\7091-209.jpg,dataset/W/UW/7091-209.jpg,W,Wall,UW,Uncracked,0,W/UW
C:\Users\sumit\Desktop\kavita_capstone\dataset\W\CW\7076-113.jpg,dataset/W/CW/7076-113.jpg,W,Wall,CW,Cracked,1,W/CW
C:\Users\sumit\Desktop\kavita_capstone\dataset\W\CW\7072-98.jpg,dataset/W/CW/7072-98.jpg,W,Wall,CW,Cracked,1,W/CW
C:\Users\sumit\Desktop\kavita_capstone\dataset\P\CP\086-113.jpg,dataset/P/CP/086-113.jpg,P,Pavement,CP,Cracked,1,P/CP
C:\Users\sumit\Desktop\kavita_capstone\dataset\P\CP\067-85.jpg,dataset/P/CP/067-85.jpg,P,Pavement,CP,Cracked,1,P/CP
C:\Users\sumit\Desktop\kavita_capstone\dataset\W\UW\7082-248.jpg,dataset/W/UW/7082-248.jpg,W,Wall,UW,Uncracked,0,W/UW
C:\Users\sumit\Desktop\kavita_capstone\dataset\D\CD\7026-52.jpg,dataset/D/CD/7026-52.jpg,D,Deck,CD,Cracked,1,D/CD
C:\Users\sumit\Desktop\kavita_capstone\dataset\W\UW\7109-182.jpg,dataset/W/UW/7109-182.jpg,W,Wall,UW,Uncracked,0,W/UW
C:\Users\sumit\Desktop\kavita_capstone\dataset\P\UP\076-107.jpg,dataset/P/UP/076-107.jpg,P,Pavement,UP,Uncracked,0,P/UP
C:\Users\sumit\Desktop\kavita_capstone\dataset\W\UW\7140-95.jpg,dataset/W/UW/7140-95.jpg,W,Wall,UW,Uncracked,0,W/UW
C:\Users\sumit\Desktop\kavita_capstone\dataset\P\UP\003-74.jpg,dataset/P/UP/003-74.jpg,P,Pavement,UP,Uncracked,0,P/UP
C:\Users\sumit\Desktop\kavita_capstone\dataset\P\UP\013-182.jpg,dataset/P/UP/013-182.jpg,P,Pavement,UP,Uncracked,0,P/UP
C:\Users\sumit\Desktop\kavita_capstone\dataset\D\CD\7027-129.jpg,dataset/D/CD/7027-129.jpg,D,Deck,CD,Cracked,1,D/CD
C:\Users\sumit\Desktop\kavita_capstone\dataset\D\UD\7036-207.jpg,dataset/D/UD/7036-207.jpg,D,Deck,UD,Uncracked,0,D/UD
C:\Users\sumit\Desktop\kavita_capstone\dataset\D\UD\7016-90.jpg,dataset/D/UD/7016-90.jpg,D,Deck,UD,Uncracked,0,D/UD
C:\Users\sumit\Desktop\kavita_capstone\dataset\P\CP\023-137.jpg,dataset/P/CP/023-137.jpg,P,Pavement,CP,Cracked,1,P/CP
C:\Users\sumit\Desktop\kavita_capstone\dataset\D\UD\7007-249.jpg,dataset/D/UD/7007-249.jpg,D,Deck,UD,Uncracked,0,D/UD
C:\Users\sumit\Desktop\kavita_capstone\dataset\W\CW\7070-83.jpg,dataset/W/CW/7070-83.jpg,W,Wall,CW,Cracked,1,W/CW
C:\Users\sumit\Desktop\kavita_capstone\dataset\D\CD\7016-171.jpg,dataset/D/CD/7016-171.jpg,D,Deck,CD,Cracked,1,D/CD
C:\Users\sumit\Desktop\kavita_capstone\dataset\W\CW\7072-150.jpg,dataset/W/CW/7072-150.jpg,W,Wall,CW,Cracked,1,W/CW
C:\Users\sumit\Desktop\kavita_capstone\dataset\D\CD\7004-175.jpg,dataset/D/CD/7004-175.jpg,D,Deck,CD,Cracked,1,D/CD
C:\Users\sumit\Desktop\kavita_capstone\dataset\D\UD\7007-140.jpg,dataset/D/UD/7007-140.jpg,D,Deck,UD,Uncracked,0,D/UD
C:\Users\sumit\Desktop\kavita_capstone\dataset\P\CP\083-119.jpg,dataset/P/CP/083-119.jpg,P,Pavement,CP,Cracked,1,P/CP
C:\Users\sumit\Desktop\kavita_capstone\dataset\W\CW\7089-225.jpg,dataset/W/CW/7089-225.jpg,W,Wall,CW,Cracked,1,W/CW
C:\Users\sumit\Desktop\kavita_capstone\dataset\P\CP\007-71.jpg,dataset/P/CP/007-71.jpg,P,Pavement,CP,Cracked,1,P/CP
C:\Users\sumit\Desktop\kavita_capstone\dataset\D\CD\7020-162.jpg,dataset/D/CD/7020-162.jpg,D,Deck,CD,Cracked,1,D/CD
C:\Users\sumit\Desktop\kavita_capstone\dataset\W\CW\7072-228.jpg,dataset/W/CW/7072-228.jpg,W,Wall,CW,Cracked,1,W/CW
C:\Users\sumit\Desktop\kavita_capstone\dataset\P\UP\068-190.jpg,dataset/P/UP/068-190.jpg,P,Pavement,UP,Uncracked,0,P/UP
C:\Users\sumit\Desktop\kavita_capstone\dataset\P\CP\088-138.jpg,dataset/P/CP/088-138.jpg,P,Pavement,CP,Cracked,1,P/CP
C:\Users\sumit\Desktop\kavita_capstone\dataset\D\UD\7027-47.jpg,dataset/D/UD/7027-47.jpg,D,Deck,UD,Uncracked,0,D/UD
C:\Users\sumit\Desktop\kavita_capstone\dataset\D\UD\7045-100.jpg,dataset/D/UD/7045-100.jpg,D,Deck,UD,Uncracked,0,D/UD
C:\Users\sumit\Desktop\kavita_capstone\dataset\P\CP\063-102.jpg,dataset/P/CP/063-102.jpg,P,Pavement,CP,Cracked,1,P/CP
C:\Users\sumit\Desktop\kavita_capstone\dataset\P\CP\083-96.jpg,dataset/P/CP/083-96.jpg,P,Pavement,CP,Cracked,1,P/CP
C:\Users\sumit\Desktop\kavita_capstone\dataset\D\UD\7045-212.jpg,dataset/D/UD/7045-212.jpg,D,Deck,UD,Uncracked,0,D/UD
C:\Users\sumit\Desktop\kavita_capstone\dataset\W\UW\7080-222.jpg,dataset/W/UW/7080-222.jpg,W,Wall,UW,Uncracked,0,W/UW
C:\Users\sumit\Desktop\kavita_capstone\dataset\W\UW\7092-190.jpg,dataset/W/UW/7092-190.jpg,W,Wall,UW,Uncracked,0,W/UW
C:\Users\sumit\Desktop\kavita_capstone\dataset\W\CW\7085-67.jpg,dataset/W/CW/7085-67.jpg,W,Wall,CW,Cracked,1,W/CW
C:\Users\sumit\Desktop\kavita_capstone\dataset\P\UP\067-58.jpg,dataset/P/UP/067-58.jpg,P,Pavement,UP,Uncracked,0,P/UP
C:\Users\sumit\Desktop\kavita_capstone\dataset\D\UD\7041-73.jpg,dataset/D/UD/7041-73.jpg,D,Deck,UD,Uncracked,0,D/UD
C:\Users\sumit\Desktop\kavita_capstone\dataset\W\UW\7123-150.jpg,dataset/W/UW/7123-150.jpg,W,Wall,UW,Uncracked,0,W/UW
C:\Users\sumit\Desktop\kavita_capstone\dataset\W\CW\7069-90.jpg,dataset/W/CW/7069-90.jpg,W,Wall,CW,Cracked,1,W/CW
C:\Users\sumit\Desktop\kavita_capstone\dataset\P\CP\072-45.jpg,dataset/P/CP/072-45.jpg,P,Pavement,CP,Cracked,1,P/CP
C:\Users\sumit\Desktop\kavita_capstone\dataset\D\CD\7004-39.jpg,dataset/D/CD/7004-39.jpg,D,Deck,CD,Cracked,1,D/CD
C:\Users\sumit\Desktop\kavita_capstone\dataset\W\CW\7083-174.jpg,dataset/W/CW/7083-174.jpg,W,Wall,CW,Cracked,1,W/CW
C:\Users\sumit\Desktop\kavita_capstone\dataset\W\CW\7122-120.jpg,dataset/W/CW/7122-120.jpg,W,Wall,CW,Cracked,1,W/CW
C:\Users\sumit\Desktop\kavita_capstone\dataset\P\UP\059-25.jpg,dataset/P/UP/059-25.jpg,P,Pavement,UP,Uncracked,0,P/UP
C:\Users\sumit\Desktop\kavita_capstone\dataset\W\CW\7077-87.jpg,dataset/W/CW/7077-87.jpg,W,Wall,CW,Cracked,1,W/CW
C:\Users\sumit\Desktop\kavita_capstone\dataset\P\UP\047-23.jpg,dataset/P/UP/047-23.jpg,P,Pavement,UP,Uncracked,0,P/UP
C:\Users\sumit\Desktop\kavita_capstone\dataset\P\UP\003-100.jpg,dataset/P/UP/003-100.jpg,P,Pavement,UP,Uncracked,0,P/UP
C:\Users\sumit\Desktop\kavita_capstone\dataset\D\CD\7048-229.jpg,dataset/D/CD/7048-229.jpg,D,Deck,CD,Cracked,1,D/CD
C:\Users\sumit\Desktop\kavita_capstone\dataset\P\UP\080-155.jpg,dataset/P/UP/080-155.jpg,P,Pavement,UP,Uncracked,0,P/UP
C:\Users\sumit\Desktop\kavita_capstone\dataset\P\UP\024-18.jpg,dataset/P/UP/024-18.jpg,P,Pavement,UP,Uncracked,0,P/UP
C:\Users\sumit\Desktop\kavita_capstone\dataset\W\UW\7083-14.jpg,dataset/W/UW/7083-14.jpg,W,Wall,UW,Uncracked,0,W/UW
C:\Users\sumit\Desktop\kavita_capstone\dataset\W\UW\7082-50.jpg,dataset/W/UW/7082-50.jpg,W,Wall,UW,Uncracked,0,W/UW
C:\Users\sumit\Desktop\kavita_capstone\dataset\D\CD\7009-98.jpg,dataset/D/CD/7009-98.jpg,D,Deck,CD,Cracked,1,D/CD
C:\Users\sumit\Desktop\kavita_capstone\dataset\W\CW\7086-160.jpg,dataset/W/CW/7086-160.jpg,W,Wall,CW,Cracked,1,W/CW
C:\Users\sumit\Desktop\kavita_capstone\dataset\P\UP\039-57.jpg,dataset/P/UP/039-57.jpg,P,Pavement,UP,Uncracked,0,P/UP
C:\Users\sumit\Desktop\kavita_capstone\dataset\P\CP\044-101.jpg,dataset/P/CP/044-101.jpg,P,Pavement,CP,Cracked,1,P/CP
C:\Users\sumit\Desktop\kavita_capstone\dataset\W\UW\7082-146.jpg,dataset/W/UW/7082-146.jpg,W,Wall,UW,Uncracked,0,W/UW
C:\Users\sumit\Desktop\kavita_capstone\dataset\P\UP\076-231.jpg,dataset/P/UP/076-231.jpg,P,Pavement,UP,Uncracked,0,P/UP
C:\Users\sumit\Desktop\kavita_capstone\dataset\W\CW\7107-154_2.jpg,dataset/W/CW/7107-154_2.jpg,W,Wall,CW,Cracked,1,W/CW
C:\Users\sumit\Desktop\kavita_capstone\dataset\D\CD\7053-104.jpg,dataset/D/CD/7053-104.jpg,D,Deck,CD,Cracked,1,D/CD
C:\Users\sumit\Desktop\kavita_capstone\dataset\D\CD\7001-236.jpg,dataset/D/CD/7001-236.jpg,D,Deck,CD,Cracked,1,D/CD
C:\Users\sumit\Desktop\kavita_capstone\dataset\D\CD\7038-156.jpg,dataset/D/CD/7038-156.jpg,D,Deck,CD,Cracked,1,D/CD
C:\Users\sumit\Desktop\kavita_capstone\dataset\P\UP\005-106.jpg,dataset/P/UP/005-106.jpg,P,Pavement,UP,Uncracked,0,P/UP
C:\Users\sumit\Desktop\kavita_capstone\dataset\D\UD\7045-6.jpg,dataset/D/UD/7045-6.jpg,D,Deck,UD,Uncracked,0,D/UD
C:\Users\sumit\Desktop\kavita_capstone\dataset\D\UD\7024-75.jpg,dataset/D/UD/7024-75.jpg,D,Deck,UD,Uncracked,0,D/UD
C:\Users\sumit\Desktop\kavita_capstone\dataset\W\CW\7076-170.jpg,dataset/W/CW/7076-170.jpg,W,Wall,CW,Cracked,1,W/CW
C:\Users\sumit\Desktop\kavita_capstone\dataset\D\UD\7032-26.jpg,dataset/D/UD/7032-26.jpg,D,Deck,UD,Uncracked,0,D/UD
C:\Users\sumit\Desktop\kavita_capstone\dataset\W\CW\7069-204.jpg,dataset/W/CW/7069-204.jpg,W,Wall,CW,Cracked,1,W/CW
C:\Users\sumit\Desktop\kavita_capstone\dataset\D\CD\7039-117.jpg,dataset/D/CD/7039-117.jpg,D,Deck,CD,Cracked,1,D/CD
C:\Users\sumit\Desktop\kavita_capstone\dataset\D\UD\7033-138.jpg,dataset/D/UD/7033-138.jpg,D,Deck,UD,Uncracked,0,D/UD
C:\Users\sumit\Desktop\kavita_capstone\dataset\W\CW\7089-243.jpg,dataset/W/CW/7089-243.jpg,W,Wall,CW,Cracked,1,W/CW
C:\Users\sumit\Desktop\kavita_capstone\dataset\P\CP\019-135.jpg,dataset/P/CP/019-135.jpg,P,Pavement,CP,Cracked,1,P/CP
C:\Users\sumit\Desktop\kavita_capstone\dataset\P\CP\027-1_2.jpg,dataset/P/CP/027-1_2.jpg,P,Pavement,CP,Cracked,1,P/CP
C:\Users\sumit\Desktop\kavita_capstone\dataset\P\CP\018-117.jpg,dataset/P/CP/018-117.jpg,P,Pavement,CP,Cracked,1,P/CP
C:\Users\sumit\Desktop\kavita_capstone\dataset\P\UP\012-200.jpg,dataset/P/UP/012-200.jpg,P,Pavement,UP,Uncracked,0,P/UP
C:\Users\sumit\Desktop\kavita_capstone\dataset\P\UP\078-228.jpg,dataset/P/UP/078-228.jpg,P,Pavement,UP,Uncracked,0,P/UP
C:\Users\sumit\Desktop\kavita_capstone\dataset\D\CD\7021-174.jpg,dataset/D/CD/7021-174.jpg,D,Deck,CD,Cracked,1,D/CD
C:\Users\sumit\Desktop\kavita_capstone\dataset\P\UP\059-19.jpg,dataset/P/UP/059-19.jpg,P,Pavement,UP,Uncracked,0,P/UP
C:\Users\sumit\Desktop\kavita_capstone\dataset\D\CD\7020-96.jpg,dataset/D/CD/7020-96.jpg,D,Deck,CD,Cracked,1,D/CD
C:\Users\sumit\Desktop\kavita_capstone\dataset\D\UD\7016-134.jpg,dataset/D/UD/7016-134.jpg,D,Deck,UD,Uncracked,0,D/UD
C:\Users\sumit\Desktop\kavita_capstone\dataset\D\UD\7031-204.jpg,dataset/D/UD/7031-204.jpg,D,Deck,UD,Uncracked,0,D/UD
C:\Users\sumit\Desktop\kavita_capstone\dataset\W\UW\7120-21.jpg,dataset/W/UW/7120-21.jpg,W,Wall,UW,Uncracked,0,W/UW
C:\Users\sumit\Desktop\kavita_capstone\dataset\P\CP\096-197.jpg,dataset/P/CP/096-197.jpg,P,Pavement,CP,Cracked,1,P/CP
C:\Users\sumit\Desktop\kavita_capstone\dataset\P\CP\092-63.jpg,dataset/P/CP/092-63.jpg,P,Pavement,CP,Cracked,1,P/CP
C:\Users\sumit\Desktop\kavita_capstone\dataset\D\CD\7018-102.jpg,dataset/D/CD/7018-102.jpg,D,Deck,CD,Cracked,1,D/CD
C:\Users\sumit\Desktop\kavita_capstone\dataset\P\CP\034-105.jpg,dataset/P/CP/034-105.jpg,P,Pavement,CP,Cracked,1,P/CP
C:\Users\sumit\Desktop\kavita_capstone\dataset\P\CP\066-109.jpg,dataset/P/CP/066-109.jpg,P,Pavement,CP,Cracked,1,P/CP
C:\Users\sumit\Desktop\kavita_capstone\dataset\D\CD\7018-121.jpg,dataset/D/CD/7018-121.jpg,D,Deck,CD,Cracked,1,D/CD
C:\Users\sumit\Desktop\kavita_capstone\dataset\P\CP\027-41_2.jpg,dataset/P/CP/027-41_2.jpg,P,Pavement,CP,Cracked,1,P/CP
C:\Users\sumit\Desktop\kavita_capstone\dataset\P\CP\059-101.jpg,dataset/P/CP/059-101.jpg,P,Pavement,CP,Cracked,1,P/CP
C:\Users\sumit\Desktop\kavita_capstone\dataset\P\CP\076-111.jpg,dataset/P/CP/076-111.jpg,P,Pavement,CP,Cracked,1,P/CP
C:\Users\sumit\Desktop\kavita_capstone\dataset\W\CW\7089-71.jpg,dataset/W/CW/7089-71.jpg,W,Wall,CW,Cracked,1,W/CW
C:\Users\sumit\Desktop\kavita_capstone\dataset\W\CW\7089-241.jpg,dataset/W/CW/7089-241.jpg,W,Wall,CW,Cracked,1,W/CW
C:\Users\sumit\Desktop\kavita_capstone\dataset\D\CD\7029-166.jpg,dataset/D/CD/7029-166.jpg,D,Deck,CD,Cracked,1,D/CD
C:\Users\sumit\Desktop\kavita_capstone\dataset\P\UP\014-71.jpg,dataset/P/UP/014-71.jpg,P,Pavement,UP,Uncracked,0,P/UP
C:\Users\sumit\Desktop\kavita_capstone\dataset\D\UD\7045-227.jpg,dataset/D/UD/7045-227.jpg,D,Deck,UD,Uncracked,0,D/UD
C:\Users\sumit\Desktop\kavita_capstone\dataset\W\UW\7090-73.jpg,dataset/W/UW/7090-73.jpg,W,Wall,UW,Uncracked,0,W/UW
C:\Users\sumit\Desktop\kavita_capstone\dataset\P\CP\062-95.jpg,dataset/P/CP/062-95.jpg,P,Pavement,CP,Cracked,1,P/CP
C:\Users\sumit\Desktop\kavita_capstone\dataset\P\CP\040-95.jpg,dataset/P/CP/040-95.jpg,P,Pavement,CP,Cracked,1,P/CP
C:\Users\sumit\Desktop\kavita_capstone\dataset\D\CD\7039-119.jpg,dataset/D/CD/7039-119.jpg,D,Deck,CD,Cracked,1,D/CD
C:\Users\sumit\Desktop\kavita_capstone\dataset\W\UW\7123-38.jpg,dataset/W/UW/7123-38.jpg,W,Wall,UW,Uncracked,0,W/UW
C:\Users\sumit\Desktop\kavita_capstone\dataset\W\CW\7092-236.jpg,dataset/W/CW/7092-236.jpg,W,Wall,CW,Cracked,1,W/CW
C:\Users\sumit\Desktop\kavita_capstone\dataset\P\CP\032-104.jpg,dataset/P/CP/032-104.jpg,P,Pavement,CP,Cracked,1,P/CP
C:\Users\sumit\Desktop\kavita_capstone\dataset\W\UW\7137-128.jpg,dataset/W/UW/7137-128.jpg,W,Wall,UW,Uncracked,0,W/UW
C:\Users\sumit\Desktop\kavita_capstone\dataset\W\CW\7111-15.jpg,dataset/W/CW/7111-15.jpg,W,Wall,CW,Cracked,1,W/CW
C:\Users\sumit\Desktop\kavita_capstone\dataset\D\UD\7054-113.jpg,dataset/D/UD/7054-113.jpg,D,Deck,UD,Uncracked,0,D/UD
C:\Users\sumit\Desktop\kavita_capstone\dataset\D\UD\7014-139.jpg,dataset/D/UD/7014-139.jpg,D,Deck,UD,Uncracked,0,D/UD
C:\Users\sumit\Desktop\kavita_capstone\dataset\W\CW\7122-230.jpg,dataset/W/CW/7122-230.jpg,W,Wall,CW,Cracked,1,W/CW
C:\Users\sumit\Desktop\kavita_capstone\dataset\D\CD\7020-95.jpg,dataset/D/CD/7020-95.jpg,D,Deck,CD,Cracked,1,D/CD
C:\Users\sumit\Desktop\kavita_capstone\dataset\D\CD\7034-129.jpg,dataset/D/CD/7034-129.jpg,D,Deck,CD,Cracked,1,D/CD
C:\Users\sumit\Desktop\kavita_capstone\dataset\P\CP\078-103.jpg,dataset/P/CP/078-103.jpg,P,Pavement,CP,Cracked,1,P/CP
C:\Users\sumit\Desktop\kavita_capstone\dataset\W\UW\7098-94.jpg,dataset/W/UW/7098-94.jpg,W,Wall,UW,Uncracked,0,W/UW
C:\Users\sumit\Desktop\kavita_capstone\dataset\W\UW\7117-162.jpg,dataset/W/UW/7117-162.jpg,W,Wall,UW,Uncracked,0,W/UW
C:\Users\sumit\Desktop\kavita_capstone\dataset\D\CD\7032-131.jpg,dataset/D/CD/7032-131.jpg,D,Deck,CD,Cracked,1,D/CD
C:\Users\sumit\Desktop\kavita_capstone\dataset\D\CD\7034-23.jpg,dataset/D/CD/7034-23.jpg,D,Deck,CD,Cracked,1,D/CD
C:\Users\sumit\Desktop\kavita_capstone\dataset\W\CW\7086-185.jpg,dataset/W/CW/7086-185.jpg,W,Wall,CW,Cracked,1,W/CW
C:\Users\sumit\Desktop\kavita_capstone\dataset\P\CP\095-59.jpg,dataset/P/CP/095-59.jpg,P,Pavement,CP,Cracked,1,P/CP
C:\Users\sumit\Desktop\kavita_capstone\dataset\D\UD\7016-31.jpg,dataset/D/UD/7016-31.jpg,D,Deck,UD,Uncracked,0,D/UD
C:\Users\sumit\Desktop\kavita_capstone\dataset\D\UD\7023-104.jpg,dataset/D/UD/7023-104.jpg,D,Deck,UD,Uncracked,0,D/UD
C:\Users\sumit\Desktop\kavita_capstone\dataset\P\UP\025-97.jpg,dataset/P/UP/025-97.jpg,P,Pavement,UP,Uncracked,0,P/UP
C:\Users\sumit\Desktop\kavita_capstone\dataset\P\CP\018-207.jpg,dataset/P/CP/018-207.jpg,P,Pavement,CP,Cracked,1,P/CP
C:\Users\sumit\Desktop\kavita_capstone\dataset\W\CW\7087-155.jpg,dataset/W/CW/7087-155.jpg,W,Wall,CW,Cracked,1,W/CW
C:\Users\sumit\Desktop\kavita_capstone\dataset\D\CD\7049-140.jpg,dataset/D/CD/7049-140.jpg,D,Deck,CD,Cracked,1,D/CD
C:\Users\sumit\Desktop\kavita_capstone\dataset\W\CW\7090-124.jpg,dataset/W/CW/7090-124.jpg,W,Wall,CW,Cracked,1,W/CW
C:\Users\sumit\Desktop\kavita_capstone\dataset\P\CP\095-58.jpg,dataset/P/CP/095-58.jpg,P,Pavement,CP,Cracked,1,P/CP
C:\Users\sumit\Desktop\kavita_capstone\dataset\W\CW\7070-25.jpg,dataset/W/CW/7070-25.jpg,W,Wall,CW,Cracked,1,W/CW
C:\Users\sumit\Desktop\kavita_capstone\dataset\W\CW\7069-245.jpg,dataset/W/CW/7069-245.jpg,W,Wall,CW,Cracked,1,W/CW
C:\Users\sumit\Desktop\kavita_capstone\dataset\P\UP\077-12.jpg,dataset/P/UP/077-12.jpg,P,Pavement,UP,Uncracked,0,P/UP
C:\Users\sumit\Desktop\kavita_capstone\dataset\W\CW\7119-175.jpg,dataset/W/CW/7119-175.jpg,W,Wall,CW,Cracked,1,W/CW
C:\Users\sumit\Desktop\kavita_capstone\dataset\P\CP\094-142.jpg,dataset/P/CP/094-142.jpg,P,Pavement,CP,Cracked,1,P/CP
C:\Users\sumit\Desktop\kavita_capstone\dataset\W\CW\7085-43.jpg,dataset/W/CW/7085-43.jpg,W,Wall,CW,Cracked,1,W/CW
C:\Users\sumit\Desktop\kavita_capstone\dataset\W\UW\7132-20.jpg,dataset/W/UW/7132-20.jpg,W,Wall,UW,Uncracked,0,W/UW
C:\Users\sumit\Desktop\kavita_capstone\dataset\D\CD\7020-182.jpg,dataset/D/CD/7020-182.jpg,D,Deck,CD,Cracked,1,D/CD
C:\Users\sumit\Desktop\kavita_capstone\dataset\P\UP\043-28.jpg,dataset/P/UP/043-28.jpg,P,Pavement,UP,Uncracked,0,P/UP
C:\Users\sumit\Desktop\kavita_capstone\dataset\W\CW\7096-8.jpg,dataset/W/CW/7096-8.jpg,W,Wall,CW,Cracked,1,W/CW
C:\Users\sumit\Desktop\kavita_capstone\dataset\P\CP\040-98.jpg,dataset/P/CP/040-98.jpg,P,Pavement,CP,Cracked,1,P/CP
C:\Users\sumit\Desktop\kavita_capstone\dataset\P\CP\098-105.jpg,dataset/P/CP/098-105.jpg,P,Pavement,CP,Cracked,1,P/CP
C:\Users\sumit\Desktop\kavita_capstone\dataset\D\UD\7011-126.jpg,dataset/D/UD/7011-126.jpg,D,Deck,UD,Uncracked,0,D/UD
C:\Users\sumit\Desktop\kavita_capstone\dataset\W\UW\7105-17.jpg,dataset/W/UW/7105-17.jpg,W,Wall,UW,Uncracked,0,W/UW
C:\Users\sumit\Desktop\kavita_capstone\dataset\D\CD\7039-134.jpg,dataset/D/CD/7039-134.jpg,D,Deck,CD,Cracked,1,D/CD
C:\Users\sumit\Desktop\kavita_capstone\dataset\W\UW\7133-23.jpg,dataset/W/UW/7133-23.jpg,W,Wall,UW,Uncracked,0,W/UW
C:\Users\sumit\Desktop\kavita_capstone\dataset\W\CW\7092-122.jpg,dataset/W/CW/7092-122.jpg,W,Wall,CW,Cracked,1,W/CW
C:\Users\sumit\Desktop\kavita_capstone\dataset\W\CW\7071-169.jpg,dataset/W/CW/7071-169.jpg,W,Wall,CW,Cracked,1,W/CW
C:\Users\sumit\Desktop\kavita_capstone\dataset\P\UP\102-87.jpg,dataset/P/UP/102-87.jpg,P,Pavement,UP,Uncracked,0,P/UP
C:\Users\sumit\Desktop\kavita_capstone\dataset\W\UW\7118-11.jpg,dataset/W/UW/7118-11.jpg,W,Wall,UW,Uncracked,0,W/UW
C:\Users\sumit\Desktop\kavita_capstone\dataset\W\CW\7094-241.jpg,dataset/W/CW/7094-241.jpg,W,Wall,CW,Cracked,1,W/CW
C:\Users\sumit\Desktop\kavita_capstone\dataset\P\UP\092-119.jpg,dataset/P/UP/092-119.jpg,P,Pavement,UP,Uncracked,0,P/UP
C:\Users\sumit\Desktop\kavita_capstone\dataset\P\UP\060-125.jpg,dataset/P/UP/060-125.jpg,P,Pavement,UP,Uncracked,0,P/UP
C:\Users\sumit\Desktop\kavita_capstone\dataset\W\UW\7123-103.jpg,dataset/W/UW/7123-103.jpg,W,Wall,UW,Uncracked,0,W/UW
C:\Users\sumit\Desktop\kavita_capstone\dataset\D\CD\7035-79.jpg,dataset/D/CD/7035-79.jpg,D,Deck,CD,Cracked,1,D/CD
C:\Users\sumit\Desktop\kavita_capstone\dataset\W\CW\7085-84.jpg,dataset/W/CW/7085-84.jpg,W,Wall,CW,Cracked,1,W/CW
C:\Users\sumit\Desktop\kavita_capstone\dataset\W\UW\7084-34.jpg,dataset/W/UW/7084-34.jpg,W,Wall,UW,Uncracked,0,W/UW
C:\Users\sumit\Desktop\kavita_capstone\dataset\W\UW\7131-198.jpg,dataset/W/UW/7131-198.jpg,W,Wall,UW,Uncracked,0,W/UW
C:\Users\sumit\Desktop\kavita_capstone\dataset\W\UW\7072-45.jpg,dataset/W/UW/7072-45.jpg,W,Wall,UW,Uncracked,0,W/UW
C:\Users\sumit\Desktop\kavita_capstone\dataset\P\CP\082-100.jpg,dataset/P/CP/082-100.jpg,P,Pavement,CP,Cracked,1,P/CP
C:\Users\sumit\Desktop\kavita_capstone\dataset\P\CP\082-102.jpg,dataset/P/CP/082-102.jpg,P,Pavement,CP,Cracked,1,P/CP
C:\Users\sumit\Desktop\kavita_capstone\dataset\W\CW\7125-129.jpg,dataset/W/CW/7125-129.jpg,W,Wall,CW,Cracked,1,W/CW
C:\Users\sumit\Desktop\kavita_capstone\dataset\D\UD\7013-95.jpg,dataset/D/UD/7013-95.jpg,D,Deck,UD,Uncracked,0,D/UD
C:\Users\sumit\Desktop\kavita_capstone\dataset\P\UP\057-234.jpg,dataset/P/UP/057-234.jpg,P,Pavement,UP,Uncracked,0,P/UP
C:\Users\sumit\Desktop\kavita_capstone\dataset\P\CP\053-46.jpg,dataset/P/CP/053-46.jpg,P,Pavement,CP,Cracked,1,P/CP
C:\Users\sumit\Desktop\kavita_capstone\dataset\D\CD\7022-110.jpg,dataset/D/CD/7022-110.jpg,D,Deck,CD,Cracked,1,D/CD
C:\Users\sumit\Desktop\kavita_capstone\dataset\P\CP\059-131.jpg,dataset/P/CP/059-131.jpg,P,Pavement,CP,Cracked,1,P/CP
C:\Users\sumit\Desktop\kavita_capstone\dataset\D\UD\7031-208.jpg,dataset/D/UD/7031-208.jpg,D,Deck,UD,Uncracked,0,D/UD
C:\Users\sumit\Desktop\kavita_capstone\dataset\W\UW\7072-170.jpg,dataset/W/UW/7072-170.jpg,W,Wall,UW,Uncracked,0,W/UW
C:\Users\sumit\Desktop\kavita_capstone\dataset\P\UP\024-195.jpg,dataset/P/UP/024-195.jpg,P,Pavement,UP,Uncracked,0,P/UP
C:\Users\sumit\Desktop\kavita_capstone\dataset\D\UD\7017-79.jpg,dataset/D/UD/7017-79.jpg,D,Deck,UD,Uncracked,0,D/UD
C:\Users\sumit\Desktop\kavita_capstone\dataset\D\CD\7046-177.jpg,dataset/D/CD/7046-177.jpg,D,Deck,CD,Cracked,1,D/CD
C:\Users\sumit\Desktop\kavita_capstone\dataset\D\CD\7028-156.jpg,dataset/D/CD/7028-156.jpg,D,Deck,CD,Cracked,1,D/CD
C:\Users\sumit\Desktop\kavita_capstone\dataset\D\CD\7048-93.jpg,dataset/D/CD/7048-93.jpg,D,Deck,CD,Cracked,1,D/CD
C:\Users\sumit\Desktop\kavita_capstone\dataset\W\CW\7084-135.jpg,dataset/W/CW/7084-135.jpg,W,Wall,CW,Cracked,1,W/CW
C:\Users\sumit\Desktop\kavita_capstone\dataset\P\UP\057-14.jpg,dataset/P/UP/057-14.jpg,P,Pavement,UP,Uncracked,0,P/UP
C:\Users\sumit\Desktop\kavita_capstone\dataset\D\CD\7021-55.jpg,dataset/D/CD/7021-55.jpg,D,Deck,CD,Cracked,1,D/CD
C:\Users\sumit\Desktop\kavita_capstone\dataset\D\UD\7010-49.jpg,dataset/D/UD/7010-49.jpg,D,Deck,UD,Uncracked,0,D/UD
C:\Users\sumit\Desktop\kavita_capstone\dataset\W\UW\7135-146.jpg,dataset/W/UW/7135-146.jpg,W,Wall,UW,Uncracked,0,W/UW
C:\Users\sumit\Desktop\kavita_capstone\dataset\P\UP\045-227.jpg,dataset/P/UP/045-227.jpg,P,Pavement,UP,Uncracked,0,P/UP
C:\Users\sumit\Desktop\kavita_capstone\dataset\P\UP\083-86.jpg,dataset/P/UP/083-86.jpg,P,Pavement,UP,Uncracked,0,P/UP
C:\Users\sumit\Desktop\kavita_capstone\dataset\W\CW\7069-8.jpg,dataset/W/CW/7069-8.jpg,W,Wall,CW,Cracked,1,W/CW
C:\Users\sumit\Desktop\kavita_capstone\dataset\P\CP\010-111.jpg,dataset/P/CP/010-111.jpg,P,Pavement,CP,Cracked,1,P/CP
C:\Users\sumit\Desktop\kavita_capstone\dataset\P\UP\045-117.jpg,dataset/P/UP/045-117.jpg,P,Pavement,UP,Uncracked,0,P/UP
C:\Users\sumit\Desktop\kavita_capstone\dataset\W\UW\7133-250.jpg,dataset/W/UW/7133-250.jpg,W,Wall,UW,Uncracked,0,W/UW
C:\Users\sumit\Desktop\kavita_capstone\dataset\P\CP\096-119.jpg,dataset/P/CP/096-119.jpg,P,Pavement,CP,Cracked,1,P/CP
C:\Users\sumit\Desktop\kavita_capstone\dataset\W\UW\7085-44.jpg,dataset/W/UW/7085-44.jpg,W,Wall,UW,Uncracked,0,W/UW
C:\Users\sumit\Desktop\kavita_capstone\dataset\D\CD\7012-240.jpg,dataset/D/CD/7012-240.jpg,D,Deck,CD,Cracked,1,D/CD
C:\Users\sumit\Desktop\kavita_capstone\dataset\P\CP\066-103.jpg,dataset/P/CP/066-103.jpg,P,Pavement,CP,Cracked,1,P/CP
C:\Users\sumit\Desktop\kavita_capstone\dataset\W\UW\7074-150.jpg,dataset/W/UW/7074-150.jpg,W,Wall,UW,Uncracked,0,W/UW
C:\Users\sumit\Desktop\kavita_capstone\dataset\P\CP\071-71.jpg,dataset/P/CP/071-71.jpg,P,Pavement,CP,Cracked,1,P/CP
C:\Users\sumit\Desktop\kavita_capstone\dataset\W\UW\7098-59.jpg,dataset/W/UW/7098-59.jpg,W,Wall,UW,Uncracked,0,W/UW
C:\Users\sumit\Desktop\kavita_capstone\dataset\W\CW\7078-41.jpg,dataset/W/CW/7078-41.jpg,W,Wall,CW,Cracked,1,W/CW
C:\Users\sumit\Desktop\kavita_capstone\dataset\D\CD\7007-48.jpg,dataset/D/CD/7007-48.jpg,D,Deck,CD,Cracked,1,D/CD
C:\Users\sumit\Desktop\kavita_capstone\dataset\D\UD\7010-178.jpg,dataset/D/UD/7010-178.jpg,D,Deck,UD,Uncracked,0,D/UD
C:\Users\sumit\Desktop\kavita_capstone\dataset\D\UD\7013-22.jpg,dataset/D/UD/7013-22.jpg,D,Deck,UD,Uncracked,0,D/UD
C:\Users\sumit\Desktop\kavita_capstone\dataset\D\CD\7039-120.jpg,dataset/D/CD/7039-120.jpg,D,Deck,CD,Cracked,1,D/CD
C:\Users\sumit\Desktop\kavita_capstone\dataset\P\UP\066-178.jpg,dataset/P/UP/066-178.jpg,P,Pavement,UP,Uncracked,0,P/UP
C:\Users\sumit\Desktop\kavita_capstone\dataset\D\CD\7046-40.jpg,dataset/D/CD/7046-40.jpg,D,Deck,CD,Cracked,1,D/CD
C:\Users\sumit\Desktop\kavita_capstone\dataset\D\CD\7029-105.jpg,dataset/D/CD/7029-105.jpg,D,Deck,CD,Cracked,1,D/CD
C:\Users\sumit\Desktop\kavita_capstone\dataset\D\CD\7020-109.jpg,dataset/D/CD/7020-109.jpg,D,Deck,CD,Cracked,1,D/CD
C:\Users\sumit\Desktop\kavita_capstone\dataset\W\UW\7090-126.jpg,dataset/W/UW/7090-126.jpg,W,Wall,UW,Uncracked,0,W/UW
C:\Users\sumit\Desktop\kavita_capstone\dataset\P\UP\002-27.jpg,dataset/P/UP/002-27.jpg,P,Pavement,UP,Uncracked,0,P/UP
C:\Users\sumit\Desktop\kavita_capstone\dataset\P\CP\092-65.jpg,dataset/P/CP/092-65.jpg,P,Pavement,CP,Cracked,1,P/CP
C:\Users\sumit\Desktop\kavita_capstone\dataset\D\UD\7025-240.jpg,dataset/D/UD/7025-240.jpg,D,Deck,UD,Uncracked,0,D/UD
C:\Users\sumit\Desktop\kavita_capstone\dataset\P\UP\069-35.jpg,dataset/P/UP/069-35.jpg,P,Pavement,UP,Uncracked,0,P/UP
C:\Users\sumit\Desktop\kavita_capstone\dataset\D\CD\7051-36.jpg,dataset/D/CD/7051-36.jpg,D,Deck,CD,Cracked,1,D/CD
C:\Users\sumit\Desktop\kavita_capstone\dataset\W\UW\7096-192.jpg,dataset/W/UW/7096-192.jpg,W,Wall,UW,Uncracked,0,W/UW
C:\Users\sumit\Desktop\kavita_capstone\dataset\D\CD\7048-150.jpg,dataset/D/CD/7048-150.jpg,D,Deck,CD,Cracked,1,D/CD
C:\Users\sumit\Desktop\kavita_capstone\dataset\D\CD\7021-127.jpg,dataset/D/CD/7021-127.jpg,D,Deck,CD,Cracked,1,D/CD
C:\Users\sumit\Desktop\kavita_capstone\dataset\D\CD\7009-94.jpg,dataset/D/CD/7009-94.jpg,D,Deck,CD,Cracked,1,D/CD
C:\Users\sumit\Desktop\kavita_capstone\dataset\D\CD\7025-64.jpg,dataset/D/CD/7025-64.jpg,D,Deck,CD,Cracked,1,D/CD
C:\Users\sumit\Desktop\kavita_capstone\dataset\D\UD\7010-222.jpg,dataset/D/UD/7010-222.jpg,D,Deck,UD,Uncracked,0,D/UD
C:\Users\sumit\Desktop\kavita_capstone\dataset\W\CW\7126-41.jpg,dataset/W/CW/7126-41.jpg,W,Wall,CW,Cracked,1,W/CW
C:\Users\sumit\Desktop\kavita_capstone\dataset\D\UD\7016-156.jpg,dataset/D/UD/7016-156.jpg,D,Deck,UD,Uncracked,0,D/UD
C:\Users\sumit\Desktop\kavita_capstone\dataset\W\CW\7083-119.jpg,dataset/W/CW/7083-119.jpg,W,Wall,CW,Cracked,1,W/CW
C:\Users\sumit\Desktop\kavita_capstone\dataset\D\CD\7050-188.jpg,dataset/D/CD/7050-188.jpg,D,Deck,CD,Cracked,1,D/CD
C:\Users\sumit\Desktop\kavita_capstone\dataset\D\CD\7015-58.jpg,dataset/D/CD/7015-58.jpg,D,Deck,CD,Cracked,1,D/CD
C:\Users\sumit\Desktop\kavita_capstone\dataset\W\UW\7133-195.jpg,dataset/W/UW/7133-195.jpg,W,Wall,UW,Uncracked,0,W/UW
C:\Users\sumit\Desktop\kavita_capstone\dataset\D\UD\7034-169.jpg,dataset/D/UD/7034-169.jpg,D,Deck,UD,Uncracked,0,D/UD
C:\Users\sumit\Desktop\kavita_capstone\dataset\D\CD\7026-153.jpg,dataset/D/CD/7026-153.jpg,D,Deck,CD,Cracked,1,D/CD
C:\Users\sumit\Desktop\kavita_capstone\dataset\W\UW\7134-163.jpg,dataset/W/UW/7134-163.jpg,W,Wall,UW,Uncracked,0,W/UW
C:\Users\sumit\Desktop\kavita_capstone\dataset\W\CW\7101-62.jpg,dataset/W/CW/7101-62.jpg,W,Wall,CW,Cracked,1,W/CW
C:\Users\sumit\Desktop\kavita_capstone\dataset\D\UD\7035-90.jpg,dataset/D/UD/7035-90.jpg,D,Deck,UD,Uncracked,0,D/UD
C:\Users\sumit\Desktop\kavita_capstone\dataset\D\UD\7035-235.jpg,dataset/D/UD/7035-235.jpg,D,Deck,UD,Uncracked,0,D/UD
C:\Users\sumit\Desktop\kavita_capstone\dataset\P\CP\063-105.jpg,dataset/P/CP/063-105.jpg,P,Pavement,CP,Cracked,1,P/CP
C:\Users\sumit\Desktop\kavita_capstone\dataset\D\UD\7034-208.jpg,dataset/D/UD/7034-208.jpg,D,Deck,UD,Uncracked,0,D/UD
C:\Users\sumit\Desktop\kavita_capstone\dataset\D\UD\7052-199.jpg,dataset/D/UD/7052-199.jpg,D,Deck,UD,Uncracked,0,D/UD
C:\Users\sumit\Desktop\kavita_capstone\dataset\W\CW\7101-135.jpg,dataset/W/CW/7101-135.jpg,W,Wall,CW,Cracked,1,W/CW
C:\Users\sumit\Desktop\kavita_capstone\dataset\W\UW\7118-174.jpg,dataset/W/UW/7118-174.jpg,W,Wall,UW,Uncracked,0,W/UW
C:\Users\sumit\Desktop\kavita_capstone\dataset\W\CW\7131-214.jpg,dataset/W/CW/7131-214.jpg,W,Wall,CW,Cracked,1,W/CW
C:\Users\sumit\Desktop\kavita_capstone\dataset\P\CP\004-127.jpg,dataset/P/CP/004-127.jpg,P,Pavement,CP,Cracked,1,P/CP
C:\Users\sumit\Desktop\kavita_capstone\dataset\P\CP\008-131.jpg,dataset/P/CP/008-131.jpg,P,Pavement,CP,Cracked,1,P/CP
C:\Users\sumit\Desktop\kavita_capstone\dataset\D\CD\7024-97.jpg,dataset/D/CD/7024-97.jpg,D,Deck,CD,Cracked,1,D/CD
C:\Users\sumit\Desktop\kavita_capstone\dataset\W\CW\7087-123.jpg,dataset/W/CW/7087-123.jpg,W,Wall,CW,Cracked,1,W/CW
C:\Users\sumit\Desktop\kavita_capstone\dataset\D\CD\7027-169.jpg,dataset/D/CD/7027-169.jpg,D,Deck,CD,Cracked,1,D/CD
C:\Users\sumit\Desktop\kavita_capstone\dataset\D\UD\7028-47.jpg,dataset/D/UD/7028-47.jpg,D,Deck,UD,Uncracked,0,D/UD
C:\Users\sumit\Desktop\kavita_capstone\dataset\W\CW\7114-92.jpg,dataset/W/CW/7114-92.jpg,W,Wall,CW,Cracked,1,W/CW
C:\Users\sumit\Desktop\kavita_capstone\dataset\W\CW\7069-34.jpg,dataset/W/CW/7069-34.jpg,W,Wall,CW,Cracked,1,W/CW
C:\Users\sumit\Desktop\kavita_capstone\dataset\D\CD\7028-243.jpg,dataset/D/CD/7028-243.jpg,D,Deck,CD,Cracked,1,D/CD
C:\Users\sumit\Desktop\kavita_capstone\dataset\W\UW\7138-28.jpg,dataset/W/UW/7138-28.jpg,W,Wall,UW,Uncracked,0,W/UW
C:\Users\sumit\Desktop\kavita_capstone\dataset\P\UP\063-234.jpg,dataset/P/UP/063-234.jpg,P,Pavement,UP,Uncracked,0,P/UP
C:\Users\sumit\Desktop\kavita_capstone\dataset\W\UW\7136-29.jpg,dataset/W/UW/7136-29.jpg,W,Wall,UW,Uncracked,0,W/UW
C:\Users\sumit\Desktop\kavita_capstone\dataset\W\CW\7139-219.jpg,dataset/W/CW/7139-219.jpg,W,Wall,CW,Cracked,1,W/CW
C:\Users\sumit\Desktop\kavita_capstone\dataset\W\CW\7112-207.jpg,dataset/W/CW/7112-207.jpg,W,Wall,CW,Cracked,1,W/CW
C:\Users\sumit\Desktop\kavita_capstone\dataset\D\UD\7012-215.jpg,dataset/D/UD/7012-215.jpg,D,Deck,UD,Uncracked,0,D/UD
C:\Users\sumit\Desktop\kavita_capstone\dataset\D\UD\7046-223.jpg,dataset/D/UD/7046-223.jpg,D,Deck,UD,Uncracked,0,D/UD
C:\Users\sumit\Desktop\kavita_capstone\dataset\D\CD\7025-31.jpg,dataset/D/CD/7025-31.jpg,D,Deck,CD,Cracked,1,D/CD
C:\Users\sumit\Desktop\kavita_capstone\dataset\D\CD\7022-185.jpg,dataset/D/CD/7022-185.jpg,D,Deck,CD,Cracked,1,D/CD
C:\Users\sumit\Desktop\kavita_capstone\dataset\W\CW\7074-205.jpg,dataset/W/CW/7074-205.jpg,W,Wall,CW,Cracked,1,W/CW
C:\Users\sumit\Desktop\kavita_capstone\dataset\P\CP\029-217.jpg,dataset/P/CP/029-217.jpg,P,Pavement,CP,Cracked,1,P/CP
C:\Users\sumit\Desktop\kavita_capstone\dataset\P\CP\029-116.jpg,dataset/P/CP/029-116.jpg,P,Pavement,CP,Cracked,1,P/CP
C:\Users\sumit\Desktop\kavita_capstone\dataset\W\UW\7133-235.jpg,dataset/W/UW/7133-235.jpg,W,Wall,UW,Uncracked,0,W/UW
C:\Users\sumit\Desktop\kavita_capstone\dataset\P\UP\067-147.jpg,dataset/P/UP/067-147.jpg,P,Pavement,UP,Uncracked,0,P/UP
C:\Users\sumit\Desktop\kavita_capstone\dataset\P\CP\023-52.jpg,dataset/P/CP/023-52.jpg,P,Pavement,CP,Cracked,1,P/CP
C:\Users\sumit\Desktop\kavita_capstone\dataset\W\UW\7091-42.jpg,dataset/W/UW/7091-42.jpg,W,Wall,UW,Uncracked,0,W/UW
C:\Users\sumit\Desktop\kavita_capstone\dataset\P\UP\004-70.jpg,dataset/P/UP/004-70.jpg,P,Pavement,UP,Uncracked,0,P/UP
C:\Users\sumit\Desktop\kavita_capstone\dataset\P\UP\055-92.jpg,dataset/P/UP/055-92.jpg,P,Pavement,UP,Uncracked,0,P/UP
C:\Users\sumit\Desktop\kavita_capstone\dataset\D\UD\7033-84.jpg,dataset/D/UD/7033-84.jpg,D,Deck,UD,Uncracked,0,D/UD
C:\Users\sumit\Desktop\kavita_capstone\dataset\P\UP\083-183.jpg,dataset/P/UP/083-183.jpg,P,Pavement,UP,Uncracked,0,P/UP
C:\Users\sumit\Desktop\kavita_capstone\dataset\W\UW\7128-117.jpg,dataset/W/UW/7128-117.jpg,W,Wall,UW,Uncracked,0,W/UW
C:\Users\sumit\Desktop\kavita_capstone\dataset\D\UD\7031-41.jpg,dataset/D/UD/7031-41.jpg,D,Deck,UD,Uncracked,0,D/UD
C:\Users\sumit\Desktop\kavita_capstone\dataset\D\CD\7010-116.jpg,dataset/D/CD/7010-116.jpg,D,Deck,CD,Cracked,1,D/CD
C:\Users\sumit\Desktop\kavita_capstone\dataset\D\UD\7014-189.jpg,dataset/D/UD/7014-189.jpg,D,Deck,UD,Uncracked,0,D/UD
C:\Users\sumit\Desktop\kavita_capstone\dataset\P\CP\098-124.jpg,dataset/P/CP/098-124.jpg,P,Pavement,CP,Cracked,1,P/CP
C:\Users\sumit\Desktop\kavita_capstone\dataset\W\UW\7083-192.jpg,dataset/W/UW/7083-192.jpg,W,Wall,UW,Uncracked,0,W/UW
C:\Users\sumit\Desktop\kavita_capstone\dataset\P\CP\092-123.jpg,dataset/P/CP/092-123.jpg,P,Pavement,CP,Cracked,1,P/CP
C:\Users\sumit\Desktop\kavita_capstone\dataset\W\UW\7132-164.jpg,dataset/W/UW/7132-164.jpg,W,Wall,UW,Uncracked,0,W/UW
C:\Users\sumit\Desktop\kavita_capstone\dataset\P\CP\058-46.jpg,dataset/P/CP/058-46.jpg,P,Pavement,CP,Cracked,1,P/CP
C:\Users\sumit\Desktop\kavita_capstone\dataset\D\CD\7007-38.jpg,dataset/D/CD/7007-38.jpg,D,Deck,CD,Cracked,1,D/CD
C:\Users\sumit\Desktop\kavita_capstone\dataset\W\CW\7108-28.jpg,dataset/W/CW/7108-28.jpg,W,Wall,CW,Cracked,1,W/CW
C:\Users\sumit\Desktop\kavita_capstone\dataset\W\CW\7076-8.jpg,dataset/W/CW/7076-8.jpg,W,Wall,CW,Cracked,1,W/CW
C:\Users\sumit\Desktop\kavita_capstone\dataset\D\UD\7003-190.jpg,dataset/D/UD/7003-190.jpg,D,Deck,UD,Uncracked,0,D/UD
C:\Users\sumit\Desktop\kavita_capstone\dataset\P\UP\070-73.jpg,dataset/P/UP/070-73.jpg,P,Pavement,UP,Uncracked,0,P/UP
C:\Users\sumit\Desktop\kavita_capstone\dataset\D\CD\7019-58.jpg,dataset/D/CD/7019-58.jpg,D,Deck,CD,Cracked,1,D/CD
C:\Users\sumit\Desktop\kavita_capstone\dataset\W\UW\7084-86.jpg,dataset/W/UW/7084-86.jpg,W,Wall,UW,Uncracked,0,W/UW
C:\Users\sumit\Desktop\kavita_capstone\dataset\P\UP\081-34.jpg,dataset/P/UP/081-34.jpg,P,Pavement,UP,Uncracked,0,P/UP
C:\Users\sumit\Desktop\kavita_capstone\dataset\W\UW\7079-238.jpg,dataset/W/UW/7079-238.jpg,W,Wall,UW,Uncracked,0,W/UW
C:\Users\sumit\Desktop\kavita_capstone\dataset\D\UD\7022-22.jpg,dataset/D/UD/7022-22.jpg,D,Deck,UD,Uncracked,0,D/UD
C:\Users\sumit\Desktop\kavita_capstone\dataset\D\UD\7035-23.jpg,dataset/D/UD/7035-23.jpg,D,Deck,UD,Uncracked,0,D/UD
C:\Users\sumit\Desktop\kavita_capstone\dataset\P\UP\104-178.jpg,dataset/P/UP/104-178.jpg,P,Pavement,UP,Uncracked,0,P/UP
C:\Users\sumit\Desktop\kavita_capstone\dataset\P\CP\090-81.jpg,dataset/P/CP/090-81.jpg,P,Pavement,CP,Cracked,1,P/CP
C:\Users\sumit\Desktop\kavita_capstone\dataset\P\CP\004-128.jpg,dataset/P/CP/004-128.jpg,P,Pavement,CP,Cracked,1,P/CP
C:\Users\sumit\Desktop\kavita_capstone\dataset\D\UD\7034-243.jpg,dataset/D/UD/7034-243.jpg,D,Deck,UD,Uncracked,0,D/UD
C:\Users\sumit\Desktop\kavita_capstone\dataset\D\CD\7009-24.jpg,dataset/D/CD/7009-24.jpg,D,Deck,CD,Cracked,1,D/CD
C:\Users\sumit\Desktop\kavita_capstone\dataset\W\CW\7094-190.jpg,dataset/W/CW/7094-190.jpg,W,Wall,CW,Cracked,1,W/CW
C:\Users\sumit\Desktop\kavita_capstone\dataset\W\UW\7081-173.jpg,dataset/W/UW/7081-173.jpg,W,Wall,UW,Uncracked,0,W/UW
C:\Users\sumit\Desktop\kavita_capstone\dataset\D\CD\7006-5.jpg,dataset/D/CD/7006-5.jpg,D,Deck,CD,Cracked,1,D/CD
C:\Users\sumit\Desktop\kavita_capstone\dataset\P\CP\052-130.jpg,dataset/P/CP/052-130.jpg,P,Pavement,CP,Cracked,1,P/CP
C:\Users\sumit\Desktop\kavita_capstone\dataset\W\CW\7114-111.jpg,dataset/W/CW/7114-111.jpg,W,Wall,CW,Cracked,1,W/CW
C:\Users\sumit\Desktop\kavita_capstone\dataset\P\UP\080-182.jpg,dataset/P/UP/080-182.jpg,P,Pavement,UP,Uncracked,0,P/UP
C:\Users\sumit\Desktop\kavita_capstone\dataset\D\UD\7036-227.jpg,dataset/D/UD/7036-227.jpg,D,Deck,UD,Uncracked,0,D/UD
C:\Users\sumit\Desktop\kavita_capstone\dataset\P\CP\003-169.jpg,dataset/P/CP/003-169.jpg,P,Pavement,CP,Cracked,1,P/CP
C:\Users\sumit\Desktop\kavita_capstone\dataset\W\UW\7140-79.jpg,dataset/W/UW/7140-79.jpg,W,Wall,UW,Uncracked,0,W/UW
C:\Users\sumit\Desktop\kavita_capstone\dataset\W\UW\7105-76.jpg,dataset/W/UW/7105-76.jpg,W,Wall,UW,Uncracked,0,W/UW
C:\Users\sumit\Desktop\kavita_capstone\dataset\W\UW\7082-123.jpg,dataset/W/UW/7082-123.jpg,W,Wall,UW,Uncracked,0,W/UW
C:\Users\sumit\Desktop\kavita_capstone\dataset\W\CW\7115-191.jpg,dataset/W/CW/7115-191.jpg,W,Wall,CW,Cracked,1,W/CW
C:\Users\sumit\Desktop\kavita_capstone\dataset\P\CP\030-62.jpg,dataset/P/CP/030-62.jpg,P,Pavement,CP,Cracked,1,P/CP
C:\Users\sumit\Desktop\kavita_capstone\dataset\D\CD\7022-75.jpg,dataset/D/CD/7022-75.jpg,D,Deck,CD,Cracked,1,D/CD
C:\Users\sumit\Desktop\kavita_capstone\dataset\P\CP\005-80.jpg,dataset/P/CP/005-80.jpg,P,Pavement,CP,Cracked,1,P/CP
C:\Users\sumit\Desktop\kavita_capstone\dataset\W\CW\7134-63.jpg,dataset/W/CW/7134-63.jpg,W,Wall,CW,Cracked,1,W/CW
C:\Users\sumit\Desktop\kavita_capstone\dataset\P\UP\072-87.jpg,dataset/P/UP/072-87.jpg,P,Pavement,UP,Uncracked,0,P/UP
C:\Users\sumit\Desktop\kavita_capstone\dataset\D\CD\7004-25.jpg,dataset/D/CD/7004-25.jpg,D,Deck,CD,Cracked,1,D/CD
C:\Users\sumit\Desktop\kavita_capstone\dataset\P\UP\067-133.jpg,dataset/P/UP/067-133.jpg,P,Pavement,UP,Uncracked,0,P/UP
C:\Users\sumit\Desktop\kavita_capstone\dataset\D\CD\7034-7.jpg,dataset/D/CD/7034-7.jpg,D,Deck,CD,Cracked,1,D/CD
C:\Users\sumit\Desktop\kavita_capstone\dataset\P\UP\057-228.jpg,dataset/P/UP/057-228.jpg,P,Pavement,UP,Uncracked,0,P/UP
C:\Users\sumit\Desktop\kavita_capstone\dataset\P\CP\033-91.jpg,dataset/P/CP/033-91.jpg,P,Pavement,CP,Cracked,1,P/CP
C:\Users\sumit\Desktop\kavita_capstone\dataset\P\UP\012-179.jpg,dataset/P/UP/012-179.jpg,P,Pavement,UP,Uncracked,0,P/UP
C:\Users\sumit\Desktop\kavita_capstone\dataset\D\UD\7015-100.jpg,dataset/D/UD/7015-100.jpg,D,Deck,UD,Uncracked,0,D/UD
C:\Users\sumit\Desktop\kavita_capstone\dataset\P\CP\100-118.jpg,dataset/P/CP/100-118.jpg,P,Pavement,CP,Cracked,1,P/CP
C:\Users\sumit\Desktop\kavita_capstone\dataset\D\UD\7028-222.jpg,dataset/D/UD/7028-222.jpg,D,Deck,UD,Uncracked,0,D/UD
C:\Users\sumit\Desktop\kavita_capstone\dataset\W\CW\7099-171.jpg,dataset/W/CW/7099-171.jpg,W,Wall,CW,Cracked,1,W/CW
C:\Users\sumit\Desktop\kavita_capstone\dataset\D\UD\7015-150.jpg,dataset/D/UD/7015-150.jpg,D,Deck,UD,Uncracked,0,D/UD
C:\Users\sumit\Desktop\kavita_capstone\dataset\P\CP\059-77.jpg,dataset/P/CP/059-77.jpg,P,Pavement,CP,Cracked,1,P/CP
C:\Users\sumit\Desktop\kavita_capstone\dataset\P\UP\056-170.jpg,dataset/P/UP/056-170.jpg,P,Pavement,UP,Uncracked,0,P/UP
C:\Users\sumit\Desktop\kavita_capstone\dataset\D\CD\7021-148.jpg,dataset/D/CD/7021-148.jpg,D,Deck,CD,Cracked,1,D/CD
C:\Users\sumit\Desktop\kavita_capstone\dataset\P\UP\003-221.jpg,dataset/P/UP/003-221.jpg,P,Pavement,UP,Uncracked,0,P/UP
C:\Users\sumit\Desktop\kavita_capstone\dataset\D\UD\7037-177.jpg,dataset/D/UD/7037-177.jpg,D,Deck,UD,Uncracked,0,D/UD
C:\Users\sumit\Desktop\kavita_capstone\dataset\W\UW\7118-235.jpg,dataset/W/UW/7118-235.jpg,W,Wall,UW,Uncracked,0,W/UW
C:\Users\sumit\Desktop\kavita_capstone\dataset\D\CD\7049-16.jpg,dataset/D/CD/7049-16.jpg,D,Deck,CD,Cracked,1,D/CD
C:\Users\sumit\Desktop\kavita_capstone\dataset\W\CW\7126-177.jpg,dataset/W/CW/7126-177.jpg,W,Wall,CW,Cracked,1,W/CW
C:\Users\sumit\Desktop\kavita_capstone\dataset\W\CW\7125-135.jpg,dataset/W/CW/7125-135.jpg,W,Wall,CW,Cracked,1,W/CW
C:\Users\sumit\Desktop\kavita_capstone\dataset\W\UW\7089-132.jpg,dataset/W/UW/7089-132.jpg,W,Wall,UW,Uncracked,0,W/UW
C:\Users\sumit\Desktop\kavita_capstone\dataset\W\UW\7090-63.jpg,dataset/W/UW/7090-63.jpg,W,Wall,UW,Uncracked,0,W/UW
C:\Users\sumit\Desktop\kavita_capstone\dataset\D\CD\7035-29.jpg,dataset/D/CD/7035-29.jpg,D,Deck,CD,Cracked,1,D/CD
C:\Users\sumit\Desktop\kavita_capstone\dataset\D\UD\7032-4.jpg,dataset/D/UD/7032-4.jpg,D,Deck,UD,Uncracked,0,D/UD
C:\Users\sumit\Desktop\kavita_capstone\dataset\W\UW\7133-167.jpg,dataset/W/UW/7133-167.jpg,W,Wall,UW,Uncracked,0,W/UW
C:\Users\sumit\Desktop\kavita_capstone\dataset\D\UD\7029-34.jpg,dataset/D/UD/7029-34.jpg,D,Deck,UD,Uncracked,0,D/UD
C:\Users\sumit\Desktop\kavita_capstone\dataset\D\CD\7026-75.jpg,dataset/D/CD/7026-75.jpg,D,Deck,CD,Cracked,1,D/CD
C:\Users\sumit\Desktop\kavita_capstone\dataset\W\CW\7081-171.jpg,dataset/W/CW/7081-171.jpg,W,Wall,CW,Cracked,1,W/CW
C:\Users\sumit\Desktop\kavita_capstone\dataset\P\CP\018-70.jpg,dataset/P/CP/018-70.jpg,P,Pavement,CP,Cracked,1,P/CP
C:\Users\sumit\Desktop\kavita_capstone\dataset\P\UP\069-228.jpg,dataset/P/UP/069-228.jpg,P,Pavement,UP,Uncracked,0,P/UP
C:\Users\sumit\Desktop\kavita_capstone\dataset\D\CD\7027-173.jpg,dataset/D/CD/7027-173.jpg,D,Deck,CD,Cracked,1,D/CD
C:\Users\sumit\Desktop\kavita_capstone\dataset\D\CD\7004-3.jpg,dataset/D/CD/7004-3.jpg,D,Deck,CD,Cracked,1,D/CD
C:\Users\sumit\Desktop\kavita_capstone\dataset\P\UP\080-66.jpg,dataset/P/UP/080-66.jpg,P,Pavement,UP,Uncracked,0,P/UP
C:\Users\sumit\Desktop\kavita_capstone\dataset\W\CW\7083-141.jpg,dataset/W/CW/7083-141.jpg,W,Wall,CW,Cracked,1,W/CW
C:\Users\sumit\Desktop\kavita_capstone\dataset\W\CW\7087-59.jpg,dataset/W/CW/7087-59.jpg,W,Wall,CW,Cracked,1,W/CW
C:\Users\sumit\Desktop\kavita_capstone\dataset\P\UP\097-190.jpg,dataset/P/UP/097-190.jpg,P,Pavement,UP,Uncracked,0,P/UP
C:\Users\sumit\Desktop\kavita_capstone\dataset\P\CP\100-141.jpg,dataset/P/CP/100-141.jpg,P,Pavement,CP,Cracked,1,P/CP
C:\Users\sumit\Desktop\kavita_capstone\dataset\D\CD\7040-103.jpg,dataset/D/CD/7040-103.jpg,D,Deck,CD,Cracked,1,D/CD
C:\Users\sumit\Desktop\kavita_capstone\dataset\W\CW\7112-119.jpg,dataset/W/CW/7112-119.jpg,W,Wall,CW,Cracked,1,W/CW
C:\Users\sumit\Desktop\kavita_capstone\dataset\P\CP\085-135.jpg,dataset/P/CP/085-135.jpg,P,Pavement,CP,Cracked,1,P/CP
C:\Users\sumit\Desktop\kavita_capstone\dataset\D\CD\7013-81.jpg,dataset/D/CD/7013-81.jpg,D,Deck,CD,Cracked,1,D/CD
C:\Users\sumit\Desktop\kavita_capstone\dataset\P\CP\023-155.jpg,dataset/P/CP/023-155.jpg,P,Pavement,CP,Cracked,1,P/CP
C:\Users\sumit\Desktop\kavita_capstone\dataset\D\CD\7047-245.jpg,dataset/D/CD/7047-245.jpg,D,Deck,CD,Cracked,1,D/CD
C:\Users\sumit\Desktop\kavita_capstone\dataset\P\UP\009-15.jpg,dataset/P/UP/009-15.jpg,P,Pavement,UP,Uncracked,0,P/UP
C:\Users\sumit\Desktop\kavita_capstone\dataset\D\CD\7020-65.jpg,dataset/D/CD/7020-65.jpg,D,Deck,CD,Cracked,1,D/CD
C:\Users\sumit\Desktop\kavita_capstone\dataset\D\UD\7053-240.jpg,dataset/D/UD/7053-240.jpg,D,Deck,UD,Uncracked,0,D/UD
C:\Users\sumit\Desktop\kavita_capstone\dataset\P\CP\014-144.jpg,dataset/P/CP/014-144.jpg,P,Pavement,CP,Cracked,1,P/CP
C:\Users\sumit\Desktop\kavita_capstone\dataset\D\CD\7020-2.jpg,dataset/D/CD/7020-2.jpg,D,Deck,CD,Cracked,1,D/CD
C:\Users\sumit\Desktop\kavita_capstone\dataset\D\UD\7039-178.jpg,dataset/D/UD/7039-178.jpg,D,Deck,UD,Uncracked,0,D/UD
C:\Users\sumit\Desktop\kavita_capstone\dataset\P\UP\091-61.jpg,dataset/P/UP/091-61.jpg,P,Pavement,UP,Uncracked,0,P/UP
C:\Users\sumit\Desktop\kavita_capstone\dataset\D\UD\7034-178.jpg,dataset/D/UD/7034-178.jpg,D,Deck,UD,Uncracked,0,D/UD
C:\Users\sumit\Desktop\kavita_capstone\dataset\P\CP\070-103.jpg,dataset/P/CP/070-103.jpg,P,Pavement,CP,Cracked,1,P/CP
C:\Users\sumit\Desktop\kavita_capstone\dataset\P\CP\029-231.jpg,dataset/P/CP/029-231.jpg,P,Pavement,CP,Cracked,1,P/CP
C:\Users\sumit\Desktop\kavita_capstone\dataset\D\UD\7035-243.jpg,dataset/D/UD/7035-243.jpg,D,Deck,UD,Uncracked,0,D/UD
C:\Users\sumit\Desktop\kavita_capstone\dataset\W\UW\7074-71.jpg,dataset/W/UW/7074-71.jpg,W,Wall,UW,Uncracked,0,W/UW
C:\Users\sumit\Desktop\kavita_capstone\dataset\P\CP\008-160.jpg,dataset/P/CP/008-160.jpg,P,Pavement,CP,Cracked,1,P/CP
C:\Users\sumit\Desktop\kavita_capstone\dataset\D\CD\7035-46.jpg,dataset/D/CD/7035-46.jpg,D,Deck,CD,Cracked,1,D/CD
C:\Users\sumit\Desktop\kavita_capstone\dataset\P\CP\038-86.jpg,dataset/P/CP/038-86.jpg,P,Pavement,CP,Cracked,1,P/CP
C:\Users\sumit\Desktop\kavita_capstone\dataset\W\CW\7119-174.jpg,dataset/W/CW/7119-174.jpg,W,Wall,CW,Cracked,1,W/CW
C:\Users\sumit\Desktop\kavita_capstone\dataset\D\CD\7010-184.jpg,dataset/D/CD/7010-184.jpg,D,Deck,CD,Cracked,1,D/CD
C:\Users\sumit\Desktop\kavita_capstone\dataset\W\CW\7119-150.jpg,dataset/W/CW/7119-150.jpg,W,Wall,CW,Cracked,1,W/CW
C:\Users\sumit\Desktop\kavita_capstone\dataset\W\CW\7124-129.jpg,dataset/W/CW/7124-129.jpg,W,Wall,CW,Cracked,1,W/CW
C:\Users\sumit\Desktop\kavita_capstone\dataset\W\UW\7125-167.jpg,dataset/W/UW/7125-167.jpg,W,Wall,UW,Uncracked,0,W/UW
C:\Users\sumit\Desktop\kavita_capstone\dataset\P\CP\103-98.jpg,dataset/P/CP/103-98.jpg,P,Pavement,CP,Cracked,1,P/CP
C:\Users\sumit\Desktop\kavita_capstone\dataset\D\UD\7045-34.jpg,dataset/D/UD/7045-34.jpg,D,Deck,UD,Uncracked,0,D/UD
C:\Users\sumit\Desktop\kavita_capstone\dataset\P\UP\073-133.jpg,dataset/P/UP/073-133.jpg,P,Pavement,UP,Uncracked,0,P/UP
C:\Users\sumit\Desktop\kavita_capstone\dataset\P\CP\091-118.jpg,dataset/P/CP/091-118.jpg,P,Pavement,CP,Cracked,1,P/CP
C:\Users\sumit\Desktop\kavita_capstone\dataset\P\UP\049-26.jpg,dataset/P/UP/049-26.jpg,P,Pavement,UP,Uncracked,0,P/UP
C:\Users\sumit\Desktop\kavita_capstone\dataset\P\UP\093-38.jpg,dataset/P/UP/093-38.jpg,P,Pavement,UP,Uncracked,0,P/UP
C:\Users\sumit\Desktop\kavita_capstone\dataset\D\CD\7001-78.jpg,dataset/D/CD/7001-78.jpg,D,Deck,CD,Cracked,1,D/CD
C:\Users\sumit\Desktop\kavita_capstone\dataset\W\UW\7096-72.jpg,dataset/W/UW/7096-72.jpg,W,Wall,UW,Uncracked,0,W/UW
C:\Users\sumit\Desktop\kavita_capstone\dataset\D\CD\7022-184.jpg,dataset/D/CD/7022-184.jpg,D,Deck,CD,Cracked,1,D/CD
C:\Users\sumit\Desktop\kavita_capstone\dataset\W\UW\7092-97.jpg,dataset/W/UW/7092-97.jpg,W,Wall,UW,Uncracked,0,W/UW
C:\Users\sumit\Desktop\kavita_capstone\dataset\W\UW\7127-248.jpg,dataset/W/UW/7127-248.jpg,W,Wall,UW,Uncracked,0,W/UW
C:\Users\sumit\Desktop\kavita_capstone\dataset\P\CP\056-113.jpg,dataset/P/CP/056-113.jpg,P,Pavement,CP,Cracked,1,P/CP
C:\Users\sumit\Desktop\kavita_capstone\dataset\W\UW\7126-142.jpg,dataset/W/UW/7126-142.jpg,W,Wall,UW,Uncracked,0,W/UW
C:\Users\sumit\Desktop\kavita_capstone\dataset\D\CD\7015-87.jpg,dataset/D/CD/7015-87.jpg,D,Deck,CD,Cracked,1,D/CD
C:\Users\sumit\Desktop\kavita_capstone\dataset\W\UW\7074-1.jpg,dataset/W/UW/7074-1.jpg,W,Wall,UW,Uncracked,0,W/UW
C:\Users\sumit\Desktop\kavita_capstone\dataset\D\CD\7048-9.jpg,dataset/D/CD/7048-9.jpg,D,Deck,CD,Cracked,1,D/CD
C:\Users\sumit\Desktop\kavita_capstone\dataset\D\UD\7052-128.jpg,dataset/D/UD/7052-128.jpg,D,Deck,UD,Uncracked,0,D/UD
C:\Users\sumit\Desktop\kavita_capstone\dataset\D\UD\7018-137.jpg,dataset/D/UD/7018-137.jpg,D,Deck,UD,Uncracked,0,D/UD
C:\Users\sumit\Desktop\kavita_capstone\dataset\D\CD\7022-40.jpg,dataset/D/CD/7022-40.jpg,D,Deck,CD,Cracked,1,D/CD
C:\Users\sumit\Desktop\kavita_capstone\dataset\W\UW\7070-239.jpg,dataset/W/UW/7070-239.jpg,W,Wall,UW,Uncracked,0,W/UW
C:\Users\sumit\Desktop\kavita_capstone\dataset\P\UP\065-44.jpg,dataset/P/UP/065-44.jpg,P,Pavement,UP,Uncracked,0,P/UP
C:\Users\sumit\Desktop\kavita_capstone\dataset\D\CD\7021-11.jpg,dataset/D/CD/7021-11.jpg,D,Deck,CD,Cracked,1,D/CD
C:\Users\sumit\Desktop\kavita_capstone\dataset\W\UW\7076-131.jpg,dataset/W/UW/7076-131.jpg,W,Wall,UW,Uncracked,0,W/UW
C:\Users\sumit\Desktop\kavita_capstone\dataset\W\CW\7122-204.jpg,dataset/W/CW/7122-204.jpg,W,Wall,CW,Cracked,1,W/CW
C:\Users\sumit\Desktop\kavita_capstone\dataset\D\UD\7044-238.jpg,dataset/D/UD/7044-238.jpg,D,Deck,UD,Uncracked,0,D/UD
C:\Users\sumit\Desktop\kavita_capstone\dataset\P\CP\092-112.jpg,dataset/P/CP/092-112.jpg,P,Pavement,CP,Cracked,1,P/CP
C:\Users\sumit\Desktop\kavita_capstone\dataset\W\CW\7115-157.jpg,dataset/W/CW/7115-157.jpg,W,Wall,CW,Cracked,1,W/CW
C:\Users\sumit\Desktop\kavita_capstone\dataset\D\CD\7003-195.jpg,dataset/D/CD/7003-195.jpg,D,Deck,CD,Cracked,1,D/CD
C:\Users\sumit\Desktop\kavita_capstone\dataset\D\CD\7036-136.jpg,dataset/D/CD/7036-136.jpg,D,Deck,CD,Cracked,1,D/CD
C:\Users\sumit\Desktop\kavita_capstone\dataset\D\UD\7019-6.jpg,dataset/D/UD/7019-6.jpg,D,Deck,UD,Uncracked,0,D/UD
C:\Users\sumit\Desktop\kavita_capstone\dataset\D\UD\7019-43.jpg,dataset/D/UD/7019-43.jpg,D,Deck,UD,Uncracked,0,D/UD
C:\Users\sumit\Desktop\kavita_capstone\dataset\P\CP\038-78.jpg,dataset/P/CP/038-78.jpg,P,Pavement,CP,Cracked,1,P/CP
C:\Users\sumit\Desktop\kavita_capstone\dataset\D\UD\7057-28.jpg,dataset/D/UD/7057-28.jpg,D,Deck,UD,Uncracked,0,D/UD
C:\Users\sumit\Desktop\kavita_capstone\dataset\D\UD\7045-22.jpg,dataset/D/UD/7045-22.jpg,D,Deck,UD,Uncracked,0,D/UD
C:\Users\sumit\Desktop\kavita_capstone\dataset\D\CD\7047-205.jpg,dataset/D/CD/7047-205.jpg,D,Deck,CD,Cracked,1,D/CD
C:\Users\sumit\Desktop\kavita_capstone\dataset\W\CW\7090-218.jpg,dataset/W/CW/7090-218.jpg,W,Wall,CW,Cracked,1,W/CW
C:\Users\sumit\Desktop\kavita_capstone\dataset\D\CD\7013-201.jpg,dataset/D/CD/7013-201.jpg,D,Deck,CD,Cracked,1,D/CD
C:\Users\sumit\Desktop\kavita_capstone\dataset\W\UW\7118-167.jpg,dataset/W/UW/7118-167.jpg,W,Wall,UW,Uncracked,0,W/UW
C:\Users\sumit\Desktop\kavita_capstone\dataset\W\UW\7094-249.jpg,dataset/W/UW/7094-249.jpg,W,Wall,UW,Uncracked,0,W/UW
C:\Users\sumit\Desktop\kavita_capstone\dataset\P\UP\019-97.jpg,dataset/P/UP/019-97.jpg,P,Pavement,UP,Uncracked,0,P/UP
C:\Users\sumit\Desktop\kavita_capstone\dataset\D\CD\7057-196.jpg,dataset/D/CD/7057-196.jpg,D,Deck,CD,Cracked,1,D/CD
C:\Users\sumit\Desktop\kavita_capstone\dataset\W\CW\7124-74.jpg,dataset/W/CW/7124-74.jpg,W,Wall,CW,Cracked,1,W/CW
C:\Users\sumit\Desktop\kavita_capstone\dataset\D\CD\7019-153.jpg,dataset/D/CD/7019-153.jpg,D,Deck,CD,Cracked,1,D/CD
C:\Users\sumit\Desktop\kavita_capstone\dataset\P\CP\011-164.jpg,dataset/P/CP/011-164.jpg,P,Pavement,CP,Cracked,1,P/CP
C:\Users\sumit\Desktop\kavita_capstone\dataset\P\CP\064-157.jpg,dataset/P/CP/064-157.jpg,P,Pavement,CP,Cracked,1,P/CP
C:\Users\sumit\Desktop\kavita_capstone\dataset\D\UD\7039-241.jpg,dataset/D/UD/7039-241.jpg,D,Deck,UD,Uncracked,0,D/UD
C:\Users\sumit\Desktop\kavita_capstone\dataset\D\UD\7008-241.jpg,dataset/D/UD/7008-241.jpg,D,Deck,UD,Uncracked,0,D/UD
C:\Users\sumit\Desktop\kavita_capstone\dataset\D\CD\7024-128.jpg,dataset/D/CD/7024-128.jpg,D,Deck,CD,Cracked,1,D/CD
C:\Users\sumit\Desktop\kavita_capstone\dataset\D\UD\7052-238.jpg,dataset/D/UD/7052-238.jpg,D,Deck,UD,Uncracked,0,D/UD
C:\Users\sumit\Desktop\kavita_capstone\dataset\P\CP\083-99.jpg,dataset/P/CP/083-99.jpg,P,Pavement,CP,Cracked,1,P/CP
C:\Users\sumit\Desktop\kavita_capstone\dataset\W\CW\7092-56.jpg,dataset/W/CW/7092-56.jpg,W,Wall,CW,Cracked,1,W/CW
C:\Users\sumit\Desktop\kavita_capstone\dataset\W\CW\7083-179.jpg,dataset/W/CW/7083-179.jpg,W,Wall,CW,Cracked,1,W/CW
C:\Users\sumit\Desktop\kavita_capstone\dataset\D\UD\7037-200.jpg,dataset/D/UD/7037-200.jpg,D,Deck,UD,Uncracked,0,D/UD
C:\Users\sumit\Desktop\kavita_capstone\dataset\P\CP\070-80.jpg,dataset/P/CP/070-80.jpg,P,Pavement,CP,Cracked,1,P/CP
C:\Users\sumit\Desktop\kavita_capstone\dataset\W\UW\7112-48.jpg,dataset/W/UW/7112-48.jpg,W,Wall,UW,Uncracked,0,W/UW
C:\Users\sumit\Desktop\kavita_capstone\dataset\P\CP\088-120.jpg,dataset/P/CP/088-120.jpg,P,Pavement,CP,Cracked,1,P/CP
C:\Users\sumit\Desktop\kavita_capstone\dataset\W\CW\7136-13.jpg,dataset/W/CW/7136-13.jpg,W,Wall,CW,Cracked,1,W/CW
C:\Users\sumit\Desktop\kavita_capstone\dataset\D\CD\7038-60.jpg,dataset/D/CD/7038-60.jpg,D,Deck,CD,Cracked,1,D/CD
C:\Users\sumit\Desktop\kavita_capstone\dataset\W\CW\7091-128.jpg,dataset/W/CW/7091-128.jpg,W,Wall,CW,Cracked,1,W/CW
C:\Users\sumit\Desktop\kavita_capstone\dataset\P\UP\099-36.jpg,dataset/P/UP/099-36.jpg,P,Pavement,UP,Uncracked,0,P/UP
C:\Users\sumit\Desktop\kavita_capstone\dataset\W\CW\7080-61.jpg,dataset/W/CW/7080-61.jpg,W,Wall,CW,Cracked,1,W/CW
C:\Users\sumit\Desktop\kavita_capstone\dataset\D\CD\7048-1.jpg,dataset/D/CD/7048-1.jpg,D,Deck,CD,Cracked,1,D/CD
C:\Users\sumit\Desktop\kavita_capstone\dataset\W\UW\7123-122.jpg,dataset/W/UW/7123-122.jpg,W,Wall,UW,Uncracked,0,W/UW
C:\Users\sumit\Desktop\kavita_capstone\dataset\D\UD\7002-60.jpg,dataset/D/UD/7002-60.jpg,D,Deck,UD,Uncracked,0,D/UD
C:\Users\sumit\Desktop\kavita_capstone\dataset\W\UW\7114-222.jpg,dataset/W/UW/7114-222.jpg,W,Wall,UW,Uncracked,0,W/UW
C:\Users\sumit\Desktop\kavita_capstone\dataset\P\UP\019-55.jpg,dataset/P/UP/019-55.jpg,P,Pavement,UP,Uncracked,0,P/UP
C:\Users\sumit\Desktop\kavita_capstone\dataset\W\CW\7078-14.jpg,dataset/W/CW/7078-14.jpg,W,Wall,CW,Cracked,1,W/CW
C:\Users\sumit\Desktop\kavita_capstone\dataset\D\CD\7048-61.jpg,dataset/D/CD/7048-61.jpg,D,Deck,CD,Cracked,1,D/CD
C:\Users\sumit\Desktop\kavita_capstone\dataset\W\UW\7128-183.jpg,dataset/W/UW/7128-183.jpg,W,Wall,UW,Uncracked,0,W/UW
C:\Users\sumit\Desktop\kavita_capstone\dataset\W\CW\7070-97.jpg,dataset/W/CW/7070-97.jpg,W,Wall,CW,Cracked,1,W/CW
C:\Users\sumit\Desktop\kavita_capstone\dataset\P\CP\070-102.jpg,dataset/P/CP/070-102.jpg,P,Pavement,CP,Cracked,1,P/CP
C:\Users\sumit\Desktop\kavita_capstone\dataset\D\UD\7051-194.jpg,dataset/D/UD/7051-194.jpg,D,Deck,UD,Uncracked,0,D/UD
C:\Users\sumit\Desktop\kavita_capstone\dataset\D\UD\7022-177.jpg,dataset/D/UD/7022-177.jpg,D,Deck,UD,Uncracked,0,D/UD
C:\Users\sumit\Desktop\kavita_capstone\dataset\W\CW\7116-136.jpg,dataset/W/CW/7116-136.jpg,W,Wall,CW,Cracked,1,W/CW
C:\Users\sumit\Desktop\kavita_capstone\dataset\W\UW\7076-89.jpg,dataset/W/UW/7076-89.jpg,W,Wall,UW,Uncracked,0,W/UW
C:\Users\sumit\Desktop\kavita_capstone\dataset\D\CD\7011-193.jpg,dataset/D/CD/7011-193.jpg,D,Deck,CD,Cracked,1,D/CD
C:\Users\sumit\Desktop\kavita_capstone\dataset\D\CD\7023-27.jpg,dataset/D/CD/7023-27.jpg,D,Deck,CD,Cracked,1,D/CD
C:\Users\sumit\Desktop\kavita_capstone\dataset\W\UW\7101-193.jpg,dataset/W/UW/7101-193.jpg,W,Wall,UW,Uncracked,0,W/UW
C:\Users\sumit\Desktop\kavita_capstone\dataset\P\CP\013-156.jpg,dataset/P/CP/013-156.jpg,P,Pavement,CP,Cracked,1,P/CP
C:\Users\sumit\Desktop\kavita_capstone\dataset\W\CW\7087-138.jpg,dataset/W/CW/7087-138.jpg,W,Wall,CW,Cracked,1,W/CW
C:\Users\sumit\Desktop\kavita_capstone\dataset\D\UD\7003-191.jpg,dataset/D/UD/7003-191.jpg,D,Deck,UD,Uncracked,0,D/UD
C:\Users\sumit\Desktop\kavita_capstone\dataset\W\UW\7088-87.jpg,dataset/W/UW/7088-87.jpg,W,Wall,UW,Uncracked,0,W/UW
C:\Users\sumit\Desktop\kavita_capstone\dataset\P\UP\014-70.jpg,dataset/P/UP/014-70.jpg,P,Pavement,UP,Uncracked,0,P/UP
C:\Users\sumit\Desktop\kavita_capstone\dataset\W\CW\7088-62.jpg,dataset/W/CW/7088-62.jpg,W,Wall,CW,Cracked,1,W/CW
C:\Users\sumit\Desktop\kavita_capstone\dataset\D\UD\7022-32.jpg,dataset/D/UD/7022-32.jpg,D,Deck,UD,Uncracked,0,D/UD
C:\Users\sumit\Desktop\kavita_capstone\dataset\D\CD\7040-137.jpg,dataset/D/CD/7040-137.jpg,D,Deck,CD,Cracked,1,D/CD
C:\Users\sumit\Desktop\kavita_capstone\dataset\P\UP\021-36.jpg,dataset/P/UP/021-36.jpg,P,Pavement,UP,Uncracked,0,P/UP
C:\Users\sumit\Desktop\kavita_capstone\dataset\P\CP\103-157.jpg,dataset/P/CP/103-157.jpg,P,Pavement,CP,Cracked,1,P/CP
C:\Users\sumit\Desktop\kavita_capstone\dataset\W\CW\7093-197.jpg,dataset/W/CW/7093-197.jpg,W,Wall,CW,Cracked,1,W/CW
C:\Users\sumit\Desktop\kavita_capstone\dataset\W\UW\7136-206.jpg,dataset/W/UW/7136-206.jpg,W,Wall,UW,Uncracked,0,W/UW
C:\Users\sumit\Desktop\kavita_capstone\dataset\P\UP\024-135.jpg,dataset/P/UP/024-135.jpg,P,Pavement,UP,Uncracked,0,P/UP
C:\Users\sumit\Desktop\kavita_capstone\dataset\D\UD\7016-187.jpg,dataset/D/UD/7016-187.jpg,D,Deck,UD,Uncracked,0,D/UD
C:\Users\sumit\Desktop\kavita_capstone\dataset\D\CD\7057-214.jpg,dataset/D/CD/7057-214.jpg,D,Deck,CD,Cracked,1,D/CD
C:\Users\sumit\Desktop\kavita_capstone\dataset\P\CP\072-135.jpg,dataset/P/CP/072-135.jpg,P,Pavement,CP,Cracked,1,P/CP
C:\Users\sumit\Desktop\kavita_capstone\dataset\P\CP\036-57.jpg,dataset/P/CP/036-57.jpg,P,Pavement,CP,Cracked,1,P/CP
C:\Users\sumit\Desktop\kavita_capstone\dataset\W\CW\7083-186.jpg,dataset/W/CW/7083-186.jpg,W,Wall,CW,Cracked,1,W/CW
C:\Users\sumit\Desktop\kavita_capstone\dataset\P\CP\020-99.jpg,dataset/P/CP/020-99.jpg,P,Pavement,CP,Cracked,1,P/CP
C:\Users\sumit\Desktop\kavita_capstone\dataset\P\UP\090-139.jpg,dataset/P/UP/090-139.jpg,P,Pavement,UP,Uncracked,0,P/UP
C:\Users\sumit\Desktop\kavita_capstone\dataset\D\CD\7038-115.jpg,dataset/D/CD/7038-115.jpg,D,Deck,CD,Cracked,1,D/CD
C:\Users\sumit\Desktop\kavita_capstone\dataset\D\CD\7047-227.jpg,dataset/D/CD/7047-227.jpg,D,Deck,CD,Cracked,1,D/CD
C:\Users\sumit\Desktop\kavita_capstone\dataset\W\UW\7075-58.jpg,dataset/W/UW/7075-58.jpg,W,Wall,UW,Uncracked,0,W/UW
C:\Users\sumit\Desktop\kavita_capstone\dataset\W\UW\7080-215.jpg,dataset/W/UW/7080-215.jpg,W,Wall,UW,Uncracked,0,W/UW
C:\Users\sumit\Desktop\kavita_capstone\dataset\W\UW\7107-47.jpg,dataset/W/UW/7107-47.jpg,W,Wall,UW,Uncracked,0,W/UW
C:\Users\sumit\Desktop\kavita_capstone\dataset\W\UW\7098-204.jpg,dataset/W/UW/7098-204.jpg,W,Wall,UW,Uncracked,0,W/UW
C:\Users\sumit\Desktop\kavita_capstone\dataset\W\UW\7094-237.jpg,dataset/W/UW/7094-237.jpg,W,Wall,UW,Uncracked,0,W/UW
C:\Users\sumit\Desktop\kavita_capstone\dataset\W\UW\7109-155.jpg,dataset/W/UW/7109-155.jpg,W,Wall,UW,Uncracked,0,W/UW
C:\Users\sumit\Desktop\kavita_capstone\dataset\D\CD\7020-47.jpg,dataset/D/CD/7020-47.jpg,D,Deck,CD,Cracked,1,D/CD
C:\Users\sumit\Desktop\kavita_capstone\dataset\D\UD\7025-252.jpg,dataset/D/UD/7025-252.jpg,D,Deck,UD,Uncracked,0,D/UD
C:\Users\sumit\Desktop\kavita_capstone\dataset\D\UD\7014-73.jpg,dataset/D/UD/7014-73.jpg,D,Deck,UD,Uncracked,0,D/UD
C:\Users\sumit\Desktop\kavita_capstone\dataset\P\UP\085-147.jpg,dataset/P/UP/085-147.jpg,P,Pavement,UP,Uncracked,0,P/UP
C:\Users\sumit\Desktop\kavita_capstone\dataset\P\CP\020-169.jpg,dataset/P/CP/020-169.jpg,P,Pavement,CP,Cracked,1,P/CP
C:\Users\sumit\Desktop\kavita_capstone\dataset\P\CP\067-83.jpg,dataset/P/CP/067-83.jpg,P,Pavement,CP,Cracked,1,P/CP
C:\Users\sumit\Desktop\kavita_capstone\dataset\D\UD\7052-25.jpg,dataset/D/UD/7052-25.jpg,D,Deck,UD,Uncracked,0,D/UD
C:\Users\sumit\Desktop\kavita_capstone\dataset\P\CP\006-62.jpg,dataset/P/CP/006-62.jpg,P,Pavement,CP,Cracked,1,P/CP
C:\Users\sumit\Desktop\kavita_capstone\dataset\D\CD\7007-180.jpg,dataset/D/CD/7007-180.jpg,D,Deck,CD,Cracked,1,D/CD
C:\Users\sumit\Desktop\kavita_capstone\dataset\P\CP\063-101.jpg,dataset/P/CP/063-101.jpg,P,Pavement,CP,Cracked,1,P/CP
C:\Users\sumit\Desktop\kavita_capstone\dataset\P\UP\091-164.jpg,dataset/P/UP/091-164.jpg,P,Pavement,UP,Uncracked,0,P/UP
C:\Users\sumit\Desktop\kavita_capstone\dataset\P\CP\087-28.jpg,dataset/P/CP/087-28.jpg,P,Pavement,CP,Cracked,1,P/CP
C:\Users\sumit\Desktop\kavita_capstone\dataset\P\UP\057-82.jpg,dataset/P/UP/057-82.jpg,P,Pavement,UP,Uncracked,0,P/UP
C:\Users\sumit\Desktop\kavita_capstone\dataset\D\CD\7022-39.jpg,dataset/D/CD/7022-39.jpg,D,Deck,CD,Cracked,1,D/CD
C:\Users\sumit\Desktop\kavita_capstone\dataset\W\CW\7120-44.jpg,dataset/W/CW/7120-44.jpg,W,Wall,CW,Cracked,1,W/CW
C:\Users\sumit\Desktop\kavita_capstone\dataset\D\CD\7024-145.jpg,dataset/D/CD/7024-145.jpg,D,Deck,CD,Cracked,1,D/CD
C:\Users\sumit\Desktop\kavita_capstone\dataset\P\UP\024-49.jpg,dataset/P/UP/024-49.jpg,P,Pavement,UP,Uncracked,0,P/UP
C:\Users\sumit\Desktop\kavita_capstone\dataset\W\CW\7098-172.jpg,dataset/W/CW/7098-172.jpg,W,Wall,CW,Cracked,1,W/CW
C:\Users\sumit\Desktop\kavita_capstone\dataset\W\CW\7099-226.jpg,dataset/W/CW/7099-226.jpg,W,Wall,CW,Cracked,1,W/CW
C:\Users\sumit\Desktop\kavita_capstone\dataset\P\CP\086-65.jpg,dataset/P/CP/086-65.jpg,P,Pavement,CP,Cracked,1,P/CP
C:\Users\sumit\Desktop\kavita_capstone\dataset\W\CW\7095-155.jpg,dataset/W/CW/7095-155.jpg,W,Wall,CW,Cracked,1,W/CW
C:\Users\sumit\Desktop\kavita_capstone\dataset\D\CD\7049-72.jpg,dataset/D/CD/7049-72.jpg,D,Deck,CD,Cracked,1,D/CD
C:\Users\sumit\Desktop\kavita_capstone\dataset\D\CD\7028-42.jpg,dataset/D/CD/7028-42.jpg,D,Deck,CD,Cracked,1,D/CD
C:\Users\sumit\Desktop\kavita_capstone\dataset\D\CD\7028-76.jpg,dataset/D/CD/7028-76.jpg,D,Deck,CD,Cracked,1,D/CD
C:\Users\sumit\Desktop\kavita_capstone\dataset\P\CP\001-101.jpg,dataset/P/CP/001-101.jpg,P,Pavement,CP,Cracked,1,P/CP
C:\Users\sumit\Desktop\kavita_capstone\dataset\P\CP\040-97.jpg,dataset/P/CP/040-97.jpg,P,Pavement,CP,Cracked,1,P/CP
C:\Users\sumit\Desktop\kavita_capstone\dataset\W\CW\7113-132.jpg,dataset/W/CW/7113-132.jpg,W,Wall,CW,Cracked,1,W/CW
C:\Users\sumit\Desktop\kavita_capstone\dataset\W\UW\7069-112.jpg,dataset/W/UW/7069-112.jpg,W,Wall,UW,Uncracked,0,W/UW
C:\Users\sumit\Desktop\kavita_capstone\dataset\P\UP\051-86.jpg,dataset/P/UP/051-86.jpg,P,Pavement,UP,Uncracked,0,P/UP
C:\Users\sumit\Desktop\kavita_capstone\dataset\D\UD\7009-106.jpg,dataset/D/UD/7009-106.jpg,D,Deck,UD,Uncracked,0,D/UD
C:\Users\sumit\Desktop\kavita_capstone\dataset\P\CP\072-126.jpg,dataset/P/CP/072-126.jpg,P,Pavement,CP,Cracked,1,P/CP
C:\Users\sumit\Desktop\kavita_capstone\dataset\W\UW\7081-186.jpg,dataset/W/UW/7081-186.jpg,W,Wall,UW,Uncracked,0,W/UW
C:\Users\sumit\Desktop\kavita_capstone\dataset\W\UW\7091-28.jpg,dataset/W/UW/7091-28.jpg,W,Wall,UW,Uncracked,0,W/UW
C:\Users\sumit\Desktop\kavita_capstone\dataset\D\UD\7037-56.jpg,dataset/D/UD/7037-56.jpg,D,Deck,UD,Uncracked,0,D/UD
C:\Users\sumit\Desktop\kavita_capstone\dataset\D\CD\7012-211.jpg,dataset/D/CD/7012-211.jpg,D,Deck,CD,Cracked,1,D/CD
C:\Users\sumit\Desktop\kavita_capstone\dataset\D\CD\7021-97.jpg,dataset/D/CD/7021-97.jpg,D,Deck,CD,Cracked,1,D/CD
C:\Users\sumit\Desktop\kavita_capstone\dataset\W\UW\7078-71.jpg,dataset/W/UW/7078-71.jpg,W,Wall,UW,Uncracked,0,W/UW
C:\Users\sumit\Desktop\kavita_capstone\dataset\D\UD\7047-149.jpg,dataset/D/UD/7047-149.jpg,D,Deck,UD,Uncracked,0,D/UD
C:\Users\sumit\Desktop\kavita_capstone\dataset\D\UD\7016-58.jpg,dataset/D/UD/7016-58.jpg,D,Deck,UD,Uncracked,0,D/UD
C:\Users\sumit\Desktop\kavita_capstone\dataset\P\CP\029-234.jpg,dataset/P/CP/029-234.jpg,P,Pavement,CP,Cracked,1,P/CP
C:\Users\sumit\Desktop\kavita_capstone\dataset\P\CP\044-98.jpg,dataset/P/CP/044-98.jpg,P,Pavement,CP,Cracked,1,P/CP
C:\Users\sumit\Desktop\kavita_capstone\dataset\D\CD\7029-78.jpg,dataset/D/CD/7029-78.jpg,D,Deck,CD,Cracked,1,D/CD
C:\Users\sumit\Desktop\kavita_capstone\dataset\P\CP\051-97.jpg,dataset/P/CP/051-97.jpg,P,Pavement,CP,Cracked,1,P/CP
C:\Users\sumit\Desktop\kavita_capstone\dataset\W\CW\7086-33.jpg,dataset/W/CW/7086-33.jpg,W,Wall,CW,Cracked,1,W/CW
C:\Users\sumit\Desktop\kavita_capstone\dataset\P\UP\077-188.jpg,dataset/P/UP/077-188.jpg,P,Pavement,UP,Uncracked,0,P/UP
C:\Users\sumit\Desktop\kavita_capstone\dataset\P\UP\009-225.jpg,dataset/P/UP/009-225.jpg,P,Pavement,UP,Uncracked,0,P/UP
C:\Users\sumit\Desktop\kavita_capstone\dataset\W\CW\7081-63.jpg,dataset/W/CW/7081-63.jpg,W,Wall,CW,Cracked,1,W/CW
C:\Users\sumit\Desktop\kavita_capstone\dataset\W\UW\7134-134.jpg,dataset/W/UW/7134-134.jpg,W,Wall,UW,Uncracked,0,W/UW
C:\Users\sumit\Desktop\kavita_capstone\dataset\P\CP\102-112.jpg,dataset/P/CP/102-112.jpg,P,Pavement,CP,Cracked,1,P/CP
C:\Users\sumit\Desktop\kavita_capstone\dataset\P\CP\047-99.jpg,dataset/P/CP/047-99.jpg,P,Pavement,CP,Cracked,1,P/CP
C:\Users\sumit\Desktop\kavita_capstone\dataset\W\UW\7116-212.jpg,dataset/W/UW/7116-212.jpg,W,Wall,UW,Uncracked,0,W/UW
C:\Users\sumit\Desktop\kavita_capstone\dataset\W\CW\7109-230.jpg,dataset/W/CW/7109-230.jpg,W,Wall,CW,Cracked,1,W/CW
C:\Users\sumit\Desktop\kavita_capstone\dataset\P\CP\096-106.jpg,dataset/P/CP/096-106.jpg,P,Pavement,CP,Cracked,1,P/CP
C:\Users\sumit\Desktop\kavita_capstone\dataset\D\CD\7009-59.jpg,dataset/D/CD/7009-59.jpg,D,Deck,CD,Cracked,1,D/CD
C:\Users\sumit\Desktop\kavita_capstone\dataset\W\UW\7075-108.jpg,dataset/W/UW/7075-108.jpg,W,Wall,UW,Uncracked,0,W/UW
C:\Users\sumit\Desktop\kavita_capstone\dataset\P\CP\047-117.jpg,dataset/P/CP/047-117.jpg,P,Pavement,CP,Cracked,1,P/CP
C:\Users\sumit\Desktop\kavita_capstone\dataset\W\UW\7115-111.jpg,dataset/W/UW/7115-111.jpg,W,Wall,UW,Uncracked,0,W/UW
C:\Users\sumit\Desktop\kavita_capstone\dataset\P\CP\071-72.jpg,dataset/P/CP/071-72.jpg,P,Pavement,CP,Cracked,1,P/CP
C:\Users\sumit\Desktop\kavita_capstone\dataset\P\UP\051-99.jpg,dataset/P/UP/051-99.jpg,P,Pavement,UP,Uncracked,0,P/UP
C:\Users\sumit\Desktop\kavita_capstone\dataset\W\UW\7112-237.jpg,dataset/W/UW/7112-237.jpg,W,Wall,UW,Uncracked,0,W/UW
C:\Users\sumit\Desktop\kavita_capstone\dataset\P\CP\023-81.jpg,dataset/P/CP/023-81.jpg,P,Pavement,CP,Cracked,1,P/CP
C:\Users\sumit\Desktop\kavita_capstone\dataset\P\CP\099-104.jpg,dataset/P/CP/099-104.jpg,P,Pavement,CP,Cracked,1,P/CP
C:\Users\sumit\Desktop\kavita_capstone\dataset\P\UP\065-189.jpg,dataset/P/UP/065-189.jpg,P,Pavement,UP,Uncracked,0,P/UP
C:\Users\sumit\Desktop\kavita_capstone\dataset\W\CW\7087-215.jpg,dataset/W/CW/7087-215.jpg,W,Wall,CW,Cracked,1,W/CW
C:\Users\sumit\Desktop\kavita_capstone\dataset\P\CP\083-94.jpg,dataset/P/CP/083-94.jpg,P,Pavement,CP,Cracked,1,P/CP
C:\Users\sumit\Desktop\kavita_capstone\dataset\W\CW\7131-67.jpg,dataset/W/CW/7131-67.jpg,W,Wall,CW,Cracked,1,W/CW
C:\Users\sumit\Desktop\kavita_capstone\dataset\D\CD\7041-12.jpg,dataset/D/CD/7041-12.jpg,D,Deck,CD,Cracked,1,D/CD
C:\Users\sumit\Desktop\kavita_capstone\dataset\W\UW\7082-141.jpg,dataset/W/UW/7082-141.jpg,W,Wall,UW,Uncracked,0,W/UW
C:\Users\sumit\Desktop\kavita_capstone\dataset\P\CP\018-102.jpg,dataset/P/CP/018-102.jpg,P,Pavement,CP,Cracked,1,P/CP
C:\Users\sumit\Desktop\kavita_capstone\dataset\D\CD\7027-33.jpg,dataset/D/CD/7027-33.jpg,D,Deck,CD,Cracked,1,D/CD
C:\Users\sumit\Desktop\kavita_capstone\dataset\P\CP\095-77.jpg,dataset/P/CP/095-77.jpg,P,Pavement,CP,Cracked,1,P/CP
C:\Users\sumit\Desktop\kavita_capstone\dataset\W\CW\7084-84.jpg,dataset/W/CW/7084-84.jpg,W,Wall,CW,Cracked,1,W/CW
C:\Users\sumit\Desktop\kavita_capstone\dataset\W\CW\7104-125.jpg,dataset/W/CW/7104-125.jpg,W,Wall,CW,Cracked,1,W/CW
C:\Users\sumit\Desktop\kavita_capstone\dataset\D\CD\7007-110.jpg,dataset/D/CD/7007-110.jpg,D,Deck,CD,Cracked,1,D/CD
C:\Users\sumit\Desktop\kavita_capstone\dataset\W\UW\7087-210.jpg,dataset/W/UW/7087-210.jpg,W,Wall,UW,Uncracked,0,W/UW
C:\Users\sumit\Desktop\kavita_capstone\dataset\P\UP\077-208.jpg,dataset/P/UP/077-208.jpg,P,Pavement,UP,Uncracked,0,P/UP
C:\Users\sumit\Desktop\kavita_capstone\dataset\D\UD\7038-135.jpg,dataset/D/UD/7038-135.jpg,D,Deck,UD,Uncracked,0,D/UD
C:\Users\sumit\Desktop\kavita_capstone\dataset\P\CP\101-117.jpg,dataset/P/CP/101-117.jpg,P,Pavement,CP,Cracked,1,P/CP
C:\Users\sumit\Desktop\kavita_capstone\dataset\P\CP\010-126.jpg,dataset/P/CP/010-126.jpg,P,Pavement,CP,Cracked,1,P/CP
C:\Users\sumit\Desktop\kavita_capstone\dataset\W\CW\7078-158.jpg,dataset/W/CW/7078-158.jpg,W,Wall,CW,Cracked,1,W/CW
C:\Users\sumit\Desktop\kavita_capstone\dataset\P\UP\103-124.jpg,dataset/P/UP/103-124.jpg,P,Pavement,UP,Uncracked,0,P/UP
C:\Users\sumit\Desktop\kavita_capstone\dataset\D\UD\7014-239.jpg,dataset/D/UD/7014-239.jpg,D,Deck,UD,Uncracked,0,D/UD
C:\Users\sumit\Desktop\kavita_capstone\dataset\P\CP\057-116.jpg,dataset/P/CP/057-116.jpg,P,Pavement,CP,Cracked,1,P/CP
C:\Users\sumit\Desktop\kavita_capstone\dataset\P\CP\096-115.jpg,dataset/P/CP/096-115.jpg,P,Pavement,CP,Cracked,1,P/CP
C:\Users\sumit\Desktop\kavita_capstone\dataset\W\CW\7109-40.jpg,dataset/W/CW/7109-40.jpg,W,Wall,CW,Cracked,1,W/CW
C:\Users\sumit\Desktop\kavita_capstone\dataset\W\UW\7129-29.jpg,dataset/W/UW/7129-29.jpg,W,Wall,UW,Uncracked,0,W/UW
C:\Users\sumit\Desktop\kavita_capstone\dataset\D\CD\7019-115.jpg,dataset/D/CD/7019-115.jpg,D,Deck,CD,Cracked,1,D/CD
C:\Users\sumit\Desktop\kavita_capstone\dataset\D\CD\7048-47.jpg,dataset/D/CD/7048-47.jpg,D,Deck,CD,Cracked,1,D/CD
C:\Users\sumit\Desktop\kavita_capstone\dataset\W\UW\7129-141.jpg,dataset/W/UW/7129-141.jpg,W,Wall,UW,Uncracked,0,W/UW
C:\Users\sumit\Desktop\kavita_capstone\dataset\D\UD\7037-15.jpg,dataset/D/UD/7037-15.jpg,D,Deck,UD,Uncracked,0,D/UD
C:\Users\sumit\Desktop\kavita_capstone\dataset\D\UD\7010-64.jpg,dataset/D/UD/7010-64.jpg,D,Deck,UD,Uncracked,0,D/UD
C:\Users\sumit\Desktop\kavita_capstone\dataset\P\UP\011-88.jpg,dataset/P/UP/011-88.jpg,P,Pavement,UP,Uncracked,0,P/UP
C:\Users\sumit\Desktop\kavita_capstone\dataset\P\UP\004-42.jpg,dataset/P/UP/004-42.jpg,P,Pavement,UP,Uncracked,0,P/UP
C:\Users\sumit\Desktop\kavita_capstone\dataset\D\CD\7036-87.jpg,dataset/D/CD/7036-87.jpg,D,Deck,CD,Cracked,1,D/CD
C:\Users\sumit\Desktop\kavita_capstone\dataset\P\CP\035-77.jpg,dataset/P/CP/035-77.jpg,P,Pavement,CP,Cracked,1,P/CP
C:\Users\sumit\Desktop\kavita_capstone\dataset\P\UP\069-197.jpg,dataset/P/UP/069-197.jpg,P,Pavement,UP,Uncracked,0,P/UP
C:\Users\sumit\Desktop\kavita_capstone\dataset\D\CD\7016-118.jpg,dataset/D/CD/7016-118.jpg,D,Deck,CD,Cracked,1,D/CD
C:\Users\sumit\Desktop\kavita_capstone\dataset\D\CD\7037-135.jpg,dataset/D/CD/7037-135.jpg,D,Deck,CD,Cracked,1,D/CD
C:\Users\sumit\Desktop\kavita_capstone\dataset\W\UW\7099-70.jpg,dataset/W/UW/7099-70.jpg,W,Wall,UW,Uncracked,0,W/UW
C:\Users\sumit\Desktop\kavita_capstone\dataset\D\UD\7046-251.jpg,dataset/D/UD/7046-251.jpg,D,Deck,UD,Uncracked,0,D/UD
C:\Users\sumit\Desktop\kavita_capstone\dataset\W\CW\7125-118.jpg,dataset/W/CW/7125-118.jpg,W,Wall,CW,Cracked,1,W/CW
C:\Users\sumit\Desktop\kavita_capstone\dataset\W\CW\7093-71.jpg,dataset/W/CW/7093-71.jpg,W,Wall,CW,Cracked,1,W/CW
C:\Users\sumit\Desktop\kavita_capstone\dataset\W\UW\7121-182.jpg,dataset/W/UW/7121-182.jpg,W,Wall,UW,Uncracked,0,W/UW
C:\Users\sumit\Desktop\kavita_capstone\dataset\D\CD\7049-129.jpg,dataset/D/CD/7049-129.jpg,D,Deck,CD,Cracked,1,D/CD
C:\Users\sumit\Desktop\kavita_capstone\dataset\D\UD\7057-154.jpg,dataset/D/UD/7057-154.jpg,D,Deck,UD,Uncracked,0,D/UD
C:\Users\sumit\Desktop\kavita_capstone\dataset\D\CD\7049-107.jpg,dataset/D/CD/7049-107.jpg,D,Deck,CD,Cracked,1,D/CD
C:\Users\sumit\Desktop\kavita_capstone\dataset\W\UW\7096-164.jpg,dataset/W/UW/7096-164.jpg,W,Wall,UW,Uncracked,0,W/UW
C:\Users\sumit\Desktop\kavita_capstone\dataset\D\CD\7015-176.jpg,dataset/D/CD/7015-176.jpg,D,Deck,CD,Cracked,1,D/CD
C:\Users\sumit\Desktop\kavita_capstone\dataset\D\CD\7009-92.jpg,dataset/D/CD/7009-92.jpg,D,Deck,CD,Cracked,1,D/CD
C:\Users\sumit\Desktop\kavita_capstone\dataset\W\UW\7110-106.jpg,dataset/W/UW/7110-106.jpg,W,Wall,UW,Uncracked,0,W/UW
C:\Users\sumit\Desktop\kavita_capstone\dataset\W\CW\7104-6.jpg,dataset/W/CW/7104-6.jpg,W,Wall,CW,Cracked,1,W/CW
C:\Users\sumit\Desktop\kavita_capstone\dataset\D\CD\7046-116.jpg,dataset/D/CD/7046-116.jpg,D,Deck,CD,Cracked,1,D/CD
C:\Users\sumit\Desktop\kavita_capstone\dataset\P\UP\096-19.jpg,dataset/P/UP/096-19.jpg,P,Pavement,UP,Uncracked,0,P/UP
C:\Users\sumit\Desktop\kavita_capstone\dataset\W\UW\7100-183.jpg,dataset/W/UW/7100-183.jpg,W,Wall,UW,Uncracked,0,W/UW
C:\Users\sumit\Desktop\kavita_capstone\dataset\W\UW\7087-111.jpg,dataset/W/UW/7087-111.jpg,W,Wall,UW,Uncracked,0,W/UW
C:\Users\sumit\Desktop\kavita_capstone\dataset\D\CD\7051-35.jpg,dataset/D/CD/7051-35.jpg,D,Deck,CD,Cracked,1,D/CD
C:\Users\sumit\Desktop\kavita_capstone\dataset\P\UP\011-129.jpg,dataset/P/UP/011-129.jpg,P,Pavement,UP,Uncracked,0,P/UP
C:\Users\sumit\Desktop\kavita_capstone\dataset\D\UD\7005-25.jpg,dataset/D/UD/7005-25.jpg,D,Deck,UD,Uncracked,0,D/UD
C:\Users\sumit\Desktop\kavita_capstone\dataset\D\CD\7023-196.jpg,dataset/D/CD/7023-196.jpg,D,Deck,CD,Cracked,1,D/CD
C:\Users\sumit\Desktop\kavita_capstone\dataset\D\UD\7045-198.jpg,dataset/D/UD/7045-198.jpg,D,Deck,UD,Uncracked,0,D/UD
C:\Users\sumit\Desktop\kavita_capstone\dataset\D\CD\7037-182.jpg,dataset/D/CD/7037-182.jpg,D,Deck,CD,Cracked,1,D/CD
C:\Users\sumit\Desktop\kavita_capstone\dataset\D\UD\7044-7.jpg,dataset/D/UD/7044-7.jpg,D,Deck,UD,Uncracked,0,D/UD
C:\Users\sumit\Desktop\kavita_capstone\dataset\P\CP\054-97.jpg,dataset/P/CP/054-97.jpg,P,Pavement,CP,Cracked,1,P/CP
C:\Users\sumit\Desktop\kavita_capstone\dataset\P\UP\032-149.jpg,dataset/P/UP/032-149.jpg,P,Pavement,UP,Uncracked,0,P/UP
C:\Users\sumit\Desktop\kavita_capstone\dataset\D\CD\7018-126.jpg,dataset/D/CD/7018-126.jpg,D,Deck,CD,Cracked,1,D/CD
C:\Users\sumit\Desktop\kavita_capstone\dataset\W\CW\7088-123.jpg,dataset/W/CW/7088-123.jpg,W,Wall,CW,Cracked,1,W/CW
C:\Users\sumit\Desktop\kavita_capstone\dataset\P\UP\017-177.jpg,dataset/P/UP/017-177.jpg,P,Pavement,UP,Uncracked,0,P/UP
C:\Users\sumit\Desktop\kavita_capstone\dataset\P\CP\072-43.jpg,dataset/P/CP/072-43.jpg,P,Pavement,CP,Cracked,1,P/CP
C:\Users\sumit\Desktop\kavita_capstone\dataset\W\CW\7090-122.jpg,dataset/W/CW/7090-122.jpg,W,Wall,CW,Cracked,1,W/CW
C:\Users\sumit\Desktop\kavita_capstone\dataset\D\UD\7035-35.jpg,dataset/D/UD/7035-35.jpg,D,Deck,UD,Uncracked,0,D/UD
C:\Users\sumit\Desktop\kavita_capstone\dataset\P\UP\065-172.jpg,dataset/P/UP/065-172.jpg,P,Pavement,UP,Uncracked,0,P/UP
C:\Users\sumit\Desktop\kavita_capstone\dataset\D\CD\7040-126.jpg,dataset/D/CD/7040-126.jpg,D,Deck,CD,Cracked,1,D/CD
C:\Users\sumit\Desktop\kavita_capstone\dataset\P\UP\029-189.jpg,dataset/P/UP/029-189.jpg,P,Pavement,UP,Uncracked,0,P/UP
C:\Users\sumit\Desktop\kavita_capstone\dataset\W\CW\7093-15.jpg,dataset/W/CW/7093-15.jpg,W,Wall,CW,Cracked,1,W/CW
C:\Users\sumit\Desktop\kavita_capstone\dataset\P\UP\017-89.jpg,dataset/P/UP/017-89.jpg,P,Pavement,UP,Uncracked,0,P/UP
C:\Users\sumit\Desktop\kavita_capstone\dataset\W\CW\7089-193.jpg,dataset/W/CW/7089-193.jpg,W,Wall,CW,Cracked,1,W/CW
C:\Users\sumit\Desktop\kavita_capstone\dataset\W\UW\7116-97.jpg,dataset/W/UW/7116-97.jpg,W,Wall,UW,Uncracked,0,W/UW
C:\Users\sumit\Desktop\kavita_capstone\dataset\D\UD\7016-181.jpg,dataset/D/UD/7016-181.jpg,D,Deck,UD,Uncracked,0,D/UD
C:\Users\sumit\Desktop\kavita_capstone\dataset\P\UP\024-26.jpg,dataset/P/UP/024-26.jpg,P,Pavement,UP,Uncracked,0,P/UP
C:\Users\sumit\Desktop\kavita_capstone\dataset\W\CW\7119-159.jpg,dataset/W/CW/7119-159.jpg,W,Wall,CW,Cracked,1,W/CW
C:\Users\sumit\Desktop\kavita_capstone\dataset\D\UD\7024-71.jpg,dataset/D/UD/7024-71.jpg,D,Deck,UD,Uncracked,0,D/UD
C:\Users\sumit\Desktop\kavita_capstone\dataset\W\UW\7093-53.jpg,dataset/W/UW/7093-53.jpg,W,Wall,UW,Uncracked,0,W/UW
C:\Users\sumit\Desktop\kavita_capstone\dataset\W\UW\7121-52.jpg,dataset/W/UW/7121-52.jpg,W,Wall,UW,Uncracked,0,W/UW
C:\Users\sumit\Desktop\kavita_capstone\dataset\P\UP\061-60.jpg,dataset/P/UP/061-60.jpg,P,Pavement,UP,Uncracked,0,P/UP
C:\Users\sumit\Desktop\kavita_capstone\dataset\D\UD\7009-244.jpg,dataset/D/UD/7009-244.jpg,D,Deck,UD,Uncracked,0,D/UD
C:\Users\sumit\Desktop\kavita_capstone\dataset\D\CD\7017-148.jpg,dataset/D/CD/7017-148.jpg,D,Deck,CD,Cracked,1,D/CD
C:\Users\sumit\Desktop\kavita_capstone\dataset\D\UD\7045-209.jpg,dataset/D/UD/7045-209.jpg,D,Deck,UD,Uncracked,0,D/UD
C:\Users\sumit\Desktop\kavita_capstone\dataset\D\UD\7025-166.jpg,dataset/D/UD/7025-166.jpg,D,Deck,UD,Uncracked,0,D/UD
C:\Users\sumit\Desktop\kavita_capstone\dataset\D\CD\7001-17.jpg,dataset/D/CD/7001-17.jpg,D,Deck,CD,Cracked,1,D/CD
C:\Users\sumit\Desktop\kavita_capstone\dataset\P\CP\063-148.jpg,dataset/P/CP/063-148.jpg,P,Pavement,CP,Cracked,1,P/CP
C:\Users\sumit\Desktop\kavita_capstone\dataset\D\UD\7022-72.jpg,dataset/D/UD/7022-72.jpg,D,Deck,UD,Uncracked,0,D/UD
C:\Users\sumit\Desktop\kavita_capstone\dataset\D\UD\7027-10.jpg,dataset/D/UD/7027-10.jpg,D,Deck,UD,Uncracked,0,D/UD
C:\Users\sumit\Desktop\kavita_capstone\dataset\P\CP\019-134.jpg,dataset/P/CP/019-134.jpg,P,Pavement,CP,Cracked,1,P/CP
C:\Users\sumit\Desktop\kavita_capstone\dataset\W\UW\7071-138.jpg,dataset/W/UW/7071-138.jpg,W,Wall,UW,Uncracked,0,W/UW
C:\Users\sumit\Desktop\kavita_capstone\dataset\P\CP\071-48.jpg,dataset/P/CP/071-48.jpg,P,Pavement,CP,Cracked,1,P/CP
C:\Users\sumit\Desktop\kavita_capstone\dataset\P\CP\098-104.jpg,dataset/P/CP/098-104.jpg,P,Pavement,CP,Cracked,1,P/CP
C:\Users\sumit\Desktop\kavita_capstone\dataset\W\UW\7100-25.jpg,dataset/W/UW/7100-25.jpg,W,Wall,UW,Uncracked,0,W/UW
C:\Users\sumit\Desktop\kavita_capstone\dataset\D\UD\7013-106.jpg,dataset/D/UD/7013-106.jpg,D,Deck,UD,Uncracked,0,D/UD
C:\Users\sumit\Desktop\kavita_capstone\dataset\P\UP\024-178.jpg,dataset/P/UP/024-178.jpg,P,Pavement,UP,Uncracked,0,P/UP
C:\Users\sumit\Desktop\kavita_capstone\dataset\P\UP\027-31.jpg,dataset/P/UP/027-31.jpg,P,Pavement,UP,Uncracked,0,P/UP
C:\Users\sumit\Desktop\kavita_capstone\dataset\W\UW\7095-206.jpg,dataset/W/UW/7095-206.jpg,W,Wall,UW,Uncracked,0,W/UW
C:\Users\sumit\Desktop\kavita_capstone\dataset\W\UW\7082-207.jpg,dataset/W/UW/7082-207.jpg,W,Wall,UW,Uncracked,0,W/UW
C:\Users\sumit\Desktop\kavita_capstone\dataset\D\CD\7004-179.jpg,dataset/D/CD/7004-179.jpg,D,Deck,CD,Cracked,1,D/CD
C:\Users\sumit\Desktop\kavita_capstone\dataset\W\CW\7123-24.jpg,dataset/W/CW/7123-24.jpg,W,Wall,CW,Cracked,1,W/CW
C:\Users\sumit\Desktop\kavita_capstone\dataset\W\CW\7076-45.jpg,dataset/W/CW/7076-45.jpg,W,Wall,CW,Cracked,1,W/CW
C:\Users\sumit\Desktop\kavita_capstone\dataset\P\UP\073-96.jpg,dataset/P/UP/073-96.jpg,P,Pavement,UP,Uncracked,0,P/UP
C:\Users\sumit\Desktop\kavita_capstone\dataset\D\UD\7027-149.jpg,dataset/D/UD/7027-149.jpg,D,Deck,UD,Uncracked,0,D/UD
C:\Users\sumit\Desktop\kavita_capstone\dataset\P\CP\076-129.jpg,dataset/P/CP/076-129.jpg,P,Pavement,CP,Cracked,1,P/CP
C:\Users\sumit\Desktop\kavita_capstone\dataset\P\UP\086-72.jpg,dataset/P/UP/086-72.jpg,P,Pavement,UP,Uncracked,0,P/UP
C:\Users\sumit\Desktop\kavita_capstone\dataset\W\UW\7098-233.jpg,dataset/W/UW/7098-233.jpg,W,Wall,UW,Uncracked,0,W/UW
C:\Users\sumit\Desktop\kavita_capstone\dataset\P\UP\088-27.jpg,dataset/P/UP/088-27.jpg,P,Pavement,UP,Uncracked,0,P/UP
C:\Users\sumit\Desktop\kavita_capstone\dataset\D\UD\7011-116.jpg,dataset/D/UD/7011-116.jpg,D,Deck,UD,Uncracked,0,D/UD
C:\Users\sumit\Desktop\kavita_capstone\dataset\D\UD\7038-34.jpg,dataset/D/UD/7038-34.jpg,D,Deck,UD,Uncracked,0,D/UD
C:\Users\sumit\Desktop\kavita_capstone\dataset\W\UW\7104-191.jpg,dataset/W/UW/7104-191.jpg,W,Wall,UW,Uncracked,0,W/UW
C:\Users\sumit\Desktop\kavita_capstone\dataset\D\UD\7016-105.jpg,dataset/D/UD/7016-105.jpg,D,Deck,UD,Uncracked,0,D/UD
C:\Users\sumit\Desktop\kavita_capstone\dataset\W\CW\7088-27.jpg,dataset/W/CW/7088-27.jpg,W,Wall,CW,Cracked,1,W/CW
C:\Users\sumit\Desktop\kavita_capstone\dataset\D\UD\7002-147.jpg,dataset/D/UD/7002-147.jpg,D,Deck,UD,Uncracked,0,D/UD
C:\Users\sumit\Desktop\kavita_capstone\dataset\P\CP\045-174.jpg,dataset/P/CP/045-174.jpg,P,Pavement,CP,Cracked,1,P/CP
C:\Users\sumit\Desktop\kavita_capstone\dataset\D\UD\7034-201.jpg,dataset/D/UD/7034-201.jpg,D,Deck,UD,Uncracked,0,D/UD
C:\Users\sumit\Desktop\kavita_capstone\dataset\P\UP\044-6.jpg,dataset/P/UP/044-6.jpg,P,Pavement,UP,Uncracked,0,P/UP
C:\Users\sumit\Desktop\kavita_capstone\dataset\D\CD\7010-100.jpg,dataset/D/CD/7010-100.jpg,D,Deck,CD,Cracked,1,D/CD
C:\Users\sumit\Desktop\kavita_capstone\dataset\W\UW\7113-2.jpg,dataset/W/UW/7113-2.jpg,W,Wall,UW,Uncracked,0,W/UW
C:\Users\sumit\Desktop\kavita_capstone\dataset\W\CW\7087-177.jpg,dataset/W/CW/7087-177.jpg,W,Wall,CW,Cracked,1,W/CW
C:\Users\sumit\Desktop\kavita_capstone\dataset\W\UW\7140-40.jpg,dataset/W/UW/7140-40.jpg,W,Wall,UW,Uncracked,0,W/UW
C:\Users\sumit\Desktop\kavita_capstone\dataset\P\CP\005-43.jpg,dataset/P/CP/005-43.jpg,P,Pavement,CP,Cracked,1,P/CP
C:\Users\sumit\Desktop\kavita_capstone\dataset\W\CW\7087-50.jpg,dataset/W/CW/7087-50.jpg,W,Wall,CW,Cracked,1,W/CW
C:\Users\sumit\Desktop\kavita_capstone\dataset\W\CW\7070-102.jpg,dataset/W/CW/7070-102.jpg,W,Wall,CW,Cracked,1,W/CW
C:\Users\sumit\Desktop\kavita_capstone\dataset\W\CW\7091-45.jpg,dataset/W/CW/7091-45.jpg,W,Wall,CW,Cracked,1,W/CW
C:\Users\sumit\Desktop\kavita_capstone\dataset\D\UD\7024-217.jpg,dataset/D/UD/7024-217.jpg,D,Deck,UD,Uncracked,0,D/UD
C:\Users\sumit\Desktop\kavita_capstone\dataset\W\UW\7127-130.jpg,dataset/W/UW/7127-130.jpg,W,Wall,UW,Uncracked,0,W/UW
C:\Users\sumit\Desktop\kavita_capstone\dataset\W\UW\7136-73.jpg,dataset/W/UW/7136-73.jpg,W,Wall,UW,Uncracked,0,W/UW
C:\Users\sumit\Desktop\kavita_capstone\dataset\D\UD\7002-208.jpg,dataset/D/UD/7002-208.jpg,D,Deck,UD,Uncracked,0,D/UD
C:\Users\sumit\Desktop\kavita_capstone\dataset\D\UD\7034-76.jpg,dataset/D/UD/7034-76.jpg,D,Deck,UD,Uncracked,0,D/UD
C:\Users\sumit\Desktop\kavita_capstone\dataset\D\CD\7017-52.jpg,dataset/D/CD/7017-52.jpg,D,Deck,CD,Cracked,1,D/CD
C:\Users\sumit\Desktop\kavita_capstone\dataset\W\CW\7070-227.jpg,dataset/W/CW/7070-227.jpg,W,Wall,CW,Cracked,1,W/CW
C:\Users\sumit\Desktop\kavita_capstone\dataset\W\UW\7130-237.jpg,dataset/W/UW/7130-237.jpg,W,Wall,UW,Uncracked,0,W/UW
C:\Users\sumit\Desktop\kavita_capstone\dataset\P\CP\004-117.jpg,dataset/P/CP/004-117.jpg,P,Pavement,CP,Cracked,1,P/CP
C:\Users\sumit\Desktop\kavita_capstone\dataset\P\UP\020-76.jpg,dataset/P/UP/020-76.jpg,P,Pavement,UP,Uncracked,0,P/UP
C:\Users\sumit\Desktop\kavita_capstone\dataset\W\CW\7071-117.jpg,dataset/W/CW/7071-117.jpg,W,Wall,CW,Cracked,1,W/CW
C:\Users\sumit\Desktop\kavita_capstone\dataset\P\UP\057-93.jpg,dataset/P/UP/057-93.jpg,P,Pavement,UP,Uncracked,0,P/UP
C:\Users\sumit\Desktop\kavita_capstone\dataset\P\CP\028-55.jpg,dataset/P/CP/028-55.jpg,P,Pavement,CP,Cracked,1,P/CP
C:\Users\sumit\Desktop\kavita_capstone\dataset\D\CD\7009-152.jpg,dataset/D/CD/7009-152.jpg,D,Deck,CD,Cracked,1,D/CD
C:\Users\sumit\Desktop\kavita_capstone\dataset\P\CP\065-104.jpg,dataset/P/CP/065-104.jpg,P,Pavement,CP,Cracked,1,P/CP
C:\Users\sumit\Desktop\kavita_capstone\dataset\D\UD\7029-200.jpg,dataset/D/UD/7029-200.jpg,D,Deck,UD,Uncracked,0,D/UD
C:\Users\sumit\Desktop\kavita_capstone\dataset\P\CP\026-134.jpg,dataset/P/CP/026-134.jpg,P,Pavement,CP,Cracked,1,P/CP
C:\Users\sumit\Desktop\kavita_capstone\dataset\D\CD\7023-218.jpg,dataset/D/CD/7023-218.jpg,D,Deck,CD,Cracked,1,D/CD
C:\Users\sumit\Desktop\kavita_capstone\dataset\P\UP\103-186.jpg,dataset/P/UP/103-186.jpg,P,Pavement,UP,Uncracked,0,P/UP
C:\Users\sumit\Desktop\kavita_capstone\dataset\D\CD\7005-62.jpg,dataset/D/CD/7005-62.jpg,D,Deck,CD,Cracked,1,D/CD
C:\Users\sumit\Desktop\kavita_capstone\dataset\W\CW\7075-213.jpg,dataset/W/CW/7075-213.jpg,W,Wall,CW,Cracked,1,W/CW
C:\Users\sumit\Desktop\kavita_capstone\dataset\P\UP\003-164.jpg,dataset/P/UP/003-164.jpg,P,Pavement,UP,Uncracked,0,P/UP
C:\Users\sumit\Desktop\kavita_capstone\dataset\P\CP\071-96.jpg,dataset/P/CP/071-96.jpg,P,Pavement,CP,Cracked,1,P/CP
C:\Users\sumit\Desktop\kavita_capstone\dataset\P\UP\038-92.jpg,dataset/P/UP/038-92.jpg,P,Pavement,UP,Uncracked,0,P/UP
C:\Users\sumit\Desktop\kavita_capstone\dataset\W\CW\7124-213.jpg,dataset/W/CW/7124-213.jpg,W,Wall,CW,Cracked,1,W/CW
C:\Users\sumit\Desktop\kavita_capstone\dataset\P\CP\033-119.jpg,dataset/P/CP/033-119.jpg,P,Pavement,CP,Cracked,1,P/CP
C:\Users\sumit\Desktop\kavita_capstone\dataset\D\CD\7022-128.jpg,dataset/D/CD/7022-128.jpg,D,Deck,CD,Cracked,1,D/CD
C:\Users\sumit\Desktop\kavita_capstone\dataset\D\CD\7024-29.jpg,dataset/D/CD/7024-29.jpg,D,Deck,CD,Cracked,1,D/CD
C:\Users\sumit\Desktop\kavita_capstone\dataset\W\UW\7071-206.jpg,dataset/W/UW/7071-206.jpg,W,Wall,UW,Uncracked,0,W/UW
C:\Users\sumit\Desktop\kavita_capstone\dataset\D\UD\7027-17.jpg,dataset/D/UD/7027-17.jpg,D,Deck,UD,Uncracked,0,D/UD
C:\Users\sumit\Desktop\kavita_capstone\dataset\D\UD\7040-5.jpg,dataset/D/UD/7040-5.jpg,D,Deck,UD,Uncracked,0,D/UD
C:\Users\sumit\Desktop\kavita_capstone\dataset\P\CP\003-60.jpg,dataset/P/CP/003-60.jpg,P,Pavement,CP,Cracked,1,P/CP
C:\Users\sumit\Desktop\kavita_capstone\dataset\P\UP\058-101.jpg,dataset/P/UP/058-101.jpg,P,Pavement,UP,Uncracked,0,P/UP
C:\Users\sumit\Desktop\kavita_capstone\dataset\W\CW\7081-17.jpg,dataset/W/CW/7081-17.jpg,W,Wall,CW,Cracked,1,W/CW
C:\Users\sumit\Desktop\kavita_capstone\dataset\P\UP\035-127.jpg,dataset/P/UP/035-127.jpg,P,Pavement,UP,Uncracked,0,P/UP
C:\Users\sumit\Desktop\kavita_capstone\dataset\D\CD\7010-138.jpg,dataset/D/CD/7010-138.jpg,D,Deck,CD,Cracked,1,D/CD
C:\Users\sumit\Desktop\kavita_capstone\dataset\P\UP\008-120.jpg,dataset/P/UP/008-120.jpg,P,Pavement,UP,Uncracked,0,P/UP
C:\Users\sumit\Desktop\kavita_capstone\dataset\W\UW\7107-85.jpg,dataset/W/UW/7107-85.jpg,W,Wall,UW,Uncracked,0,W/UW
C:\Users\sumit\Desktop\kavita_capstone\dataset\D\CD\7005-173.jpg,dataset/D/CD/7005-173.jpg,D,Deck,CD,Cracked,1,D/CD
C:\Users\sumit\Desktop\kavita_capstone\dataset\D\UD\7037-99.jpg,dataset/D/UD/7037-99.jpg,D,Deck,UD,Uncracked,0,D/UD
C:\Users\sumit\Desktop\kavita_capstone\dataset\P\UP\023-23.jpg,dataset/P/UP/023-23.jpg,P,Pavement,UP,Uncracked,0,P/UP
C:\Users\sumit\Desktop\kavita_capstone\dataset\D\UD\7033-38.jpg,dataset/D/UD/7033-38.jpg,D,Deck,UD,Uncracked,0,D/UD
C:\Users\sumit\Desktop\kavita_capstone\dataset\D\CD\7008-85.jpg,dataset/D/CD/7008-85.jpg,D,Deck,CD,Cracked,1,D/CD
C:\Users\sumit\Desktop\kavita_capstone\dataset\P\CP\026-137.jpg,dataset/P/CP/026-137.jpg,P,Pavement,CP,Cracked,1,P/CP
C:\Users\sumit\Desktop\kavita_capstone\dataset\D\CD\7012-183.jpg,dataset/D/CD/7012-183.jpg,D,Deck,CD,Cracked,1,D/CD
C:\Users\sumit\Desktop\kavita_capstone\dataset\D\UD\7033-159.jpg,dataset/D/UD/7033-159.jpg,D,Deck,UD,Uncracked,0,D/UD
C:\Users\sumit\Desktop\kavita_capstone\dataset\P\UP\023-125.jpg,dataset/P/UP/023-125.jpg,P,Pavement,UP,Uncracked,0,P/UP
C:\Users\sumit\Desktop\kavita_capstone\dataset\W\UW\7106-109.jpg,dataset/W/UW/7106-109.jpg,W,Wall,UW,Uncracked,0,W/UW
C:\Users\sumit\Desktop\kavita_capstone\dataset\P\CP\100-49.jpg,dataset/P/CP/100-49.jpg,P,Pavement,CP,Cracked,1,P/CP
C:\Users\sumit\Desktop\kavita_capstone\dataset\D\UD\7046-125.jpg,dataset/D/UD/7046-125.jpg,D,Deck,UD,Uncracked,0,D/UD
C:\Users\sumit\Desktop\kavita_capstone\dataset\D\CD\7037-28.jpg,dataset/D/CD/7037-28.jpg,D,Deck,CD,Cracked,1,D/CD
C:\Users\sumit\Desktop\kavita_capstone\dataset\P\UP\070-174.jpg,dataset/P/UP/070-174.jpg,P,Pavement,UP,Uncracked,0,P/UP
C:\Users\sumit\Desktop\kavita_capstone\dataset\P\CP\100-76.jpg,dataset/P/CP/100-76.jpg,P,Pavement,CP,Cracked,1,P/CP
C:\Users\sumit\Desktop\kavita_capstone\dataset\P\UP\030-198.jpg,dataset/P/UP/030-198.jpg,P,Pavement,UP,Uncracked,0,P/UP
C:\Users\sumit\Desktop\kavita_capstone\dataset\D\CD\7011-176.jpg,dataset/D/CD/7011-176.jpg,D,Deck,CD,Cracked,1,D/CD
C:\Users\sumit\Desktop\kavita_capstone\dataset\W\UW\7091-30.jpg,dataset/W/UW/7091-30.jpg,W,Wall,UW,Uncracked,0,W/UW
C:\Users\sumit\Desktop\kavita_capstone\dataset\D\UD\7017-212.jpg,dataset/D/UD/7017-212.jpg,D,Deck,UD,Uncracked,0,D/UD
C:\Users\sumit\Desktop\kavita_capstone\dataset\D\CD\7010-108.jpg,dataset/D/CD/7010-108.jpg,D,Deck,CD,Cracked,1,D/CD
C:\Users\sumit\Desktop\kavita_capstone\dataset\D\UD\7012-46.jpg,dataset/D/UD/7012-46.jpg,D,Deck,UD,Uncracked,0,D/UD
C:\Users\sumit\Desktop\kavita_capstone\dataset\D\UD\7024-158.jpg,dataset/D/UD/7024-158.jpg,D,Deck,UD,Uncracked,0,D/UD
C:\Users\sumit\Desktop\kavita_capstone\dataset\D\UD\7040-147.jpg,dataset/D/UD/7040-147.jpg,D,Deck,UD,Uncracked,0,D/UD
C:\Users\sumit\Desktop\kavita_capstone\dataset\D\UD\7024-212.jpg,dataset/D/UD/7024-212.jpg,D,Deck,UD,Uncracked,0,D/UD
C:\Users\sumit\Desktop\kavita_capstone\dataset\W\CW\7078-33.jpg,dataset/W/CW/7078-33.jpg,W,Wall,CW,Cracked,1,W/CW
C:\Users\sumit\Desktop\kavita_capstone\dataset\D\UD\7039-28.jpg,dataset/D/UD/7039-28.jpg,D,Deck,UD,Uncracked,0,D/UD
C:\Users\sumit\Desktop\kavita_capstone\dataset\P\UP\005-75.jpg,dataset/P/UP/005-75.jpg,P,Pavement,UP,Uncracked,0,P/UP
C:\Users\sumit\Desktop\kavita_capstone\dataset\W\UW\7072-212.jpg,dataset/W/UW/7072-212.jpg,W,Wall,UW,Uncracked,0,W/UW
C:\Users\sumit\Desktop\kavita_capstone\dataset\P\UP\085-184.jpg,dataset/P/UP/085-184.jpg,P,Pavement,UP,Uncracked,0,P/UP
C:\Users\sumit\Desktop\kavita_capstone\dataset\D\UD\7049-112.jpg,dataset/D/UD/7049-112.jpg,D,Deck,UD,Uncracked,0,D/UD
C:\Users\sumit\Desktop\kavita_capstone\dataset\D\CD\7006-97.jpg,dataset/D/CD/7006-97.jpg,D,Deck,CD,Cracked,1,D/CD
C:\Users\sumit\Desktop\kavita_capstone\dataset\D\CD\7037-21.jpg,dataset/D/CD/7037-21.jpg,D,Deck,CD,Cracked,1,D/CD
C:\Users\sumit\Desktop\kavita_capstone\dataset\D\UD\7026-21.jpg,dataset/D/UD/7026-21.jpg,D,Deck,UD,Uncracked,0,D/UD
C:\Users\sumit\Desktop\kavita_capstone\dataset\P\CP\005-224.jpg,dataset/P/CP/005-224.jpg,P,Pavement,CP,Cracked,1,P/CP
C:\Users\sumit\Desktop\kavita_capstone\dataset\W\CW\7069-162.jpg,dataset/W/CW/7069-162.jpg,W,Wall,CW,Cracked,1,W/CW
C:\Users\sumit\Desktop\kavita_capstone\dataset\W\UW\7097-6.jpg,dataset/W/UW/7097-6.jpg,W,Wall,UW,Uncracked,0,W/UW
C:\Users\sumit\Desktop\kavita_capstone\dataset\D\UD\7047-100.jpg,dataset/D/UD/7047-100.jpg,D,Deck,UD,Uncracked,0,D/UD
C:\Users\sumit\Desktop\kavita_capstone\dataset\D\UD\7033-30.jpg,dataset/D/UD/7033-30.jpg,D,Deck,UD,Uncracked,0,D/UD
C:\Users\sumit\Desktop\kavita_capstone\dataset\D\CD\7024-76.jpg,dataset/D/CD/7024-76.jpg,D,Deck,CD,Cracked,1,D/CD
C:\Users\sumit\Desktop\kavita_capstone\dataset\W\UW\7104-140.jpg,dataset/W/UW/7104-140.jpg,W,Wall,UW,Uncracked,0,W/UW
C:\Users\sumit\Desktop\kavita_capstone\dataset\D\CD\7048-40.jpg,dataset/D/CD/7048-40.jpg,D,Deck,CD,Cracked,1,D/CD
C:\Users\sumit\Desktop\kavita_capstone\dataset\P\UP\035-111.jpg,dataset/P/UP/035-111.jpg,P,Pavement,UP,Uncracked,0,P/UP
C:\Users\sumit\Desktop\kavita_capstone\dataset\P\CP\042-175.jpg,dataset/P/CP/042-175.jpg,P,Pavement,CP,Cracked,1,P/CP
C:\Users\sumit\Desktop\kavita_capstone\dataset\D\CD\7001-57.jpg,dataset/D/CD/7001-57.jpg,D,Deck,CD,Cracked,1,D/CD
C:\Users\sumit\Desktop\kavita_capstone\dataset\P\CP\019-181.jpg,dataset/P/CP/019-181.jpg,P,Pavement,CP,Cracked,1,P/CP
C:\Users\sumit\Desktop\kavita_capstone\dataset\D\CD\7004-61.jpg,dataset/D/CD/7004-61.jpg,D,Deck,CD,Cracked,1,D/CD
C:\Users\sumit\Desktop\kavita_capstone\dataset\P\UP\027-87.jpg,dataset/P/UP/027-87.jpg,P,Pavement,UP,Uncracked,0,P/UP
C:\Users\sumit\Desktop\kavita_capstone\dataset\W\CW\7131-238.jpg,dataset/W/CW/7131-238.jpg,W,Wall,CW,Cracked,1,W/CW
C:\Users\sumit\Desktop\kavita_capstone\dataset\W\CW\7122-186.jpg,dataset/W/CW/7122-186.jpg,W,Wall,CW,Cracked,1,W/CW
C:\Users\sumit\Desktop\kavita_capstone\dataset\P\UP\091-170.jpg,dataset/P/UP/091-170.jpg,P,Pavement,UP,Uncracked,0,P/UP
C:\Users\sumit\Desktop\kavita_capstone\dataset\W\CW\7084-115.jpg,dataset/W/CW/7084-115.jpg,W,Wall,CW,Cracked,1,W/CW
C:\Users\sumit\Desktop\kavita_capstone\dataset\W\CW\7077-26.jpg,dataset/W/CW/7077-26.jpg,W,Wall,CW,Cracked,1,W/CW
C:\Users\sumit\Desktop\kavita_capstone\dataset\D\UD\7044-49.jpg,dataset/D/UD/7044-49.jpg,D,Deck,UD,Uncracked,0,D/UD
C:\Users\sumit\Desktop\kavita_capstone\dataset\P\UP\050-20.jpg,dataset/P/UP/050-20.jpg,P,Pavement,UP,Uncracked,0,P/UP
C:\Users\sumit\Desktop\kavita_capstone\dataset\D\CD\7008-6.jpg,dataset/D/CD/7008-6.jpg,D,Deck,CD,Cracked,1,D/CD
C:\Users\sumit\Desktop\kavita_capstone\dataset\P\CP\029-111.jpg,dataset/P/CP/029-111.jpg,P,Pavement,CP,Cracked,1,P/CP
C:\Users\sumit\Desktop\kavita_capstone\dataset\P\UP\004-178.jpg,dataset/P/UP/004-178.jpg,P,Pavement,UP,Uncracked,0,P/UP
C:\Users\sumit\Desktop\kavita_capstone\dataset\D\UD\7005-38.jpg,dataset/D/UD/7005-38.jpg,D,Deck,UD,Uncracked,0,D/UD
C:\Users\sumit\Desktop\kavita_capstone\dataset\D\CD\7041-113.jpg,dataset/D/CD/7041-113.jpg,D,Deck,CD,Cracked,1,D/CD
C:\Users\sumit\Desktop\kavita_capstone\dataset\W\UW\7103-185.jpg,dataset/W/UW/7103-185.jpg,W,Wall,UW,Uncracked,0,W/UW
C:\Users\sumit\Desktop\kavita_capstone\dataset\W\CW\7103-250.jpg,dataset/W/CW/7103-250.jpg,W,Wall,CW,Cracked,1,W/CW
C:\Users\sumit\Desktop\kavita_capstone\dataset\P\CP\028-75.jpg,dataset/P/CP/028-75.jpg,P,Pavement,CP,Cracked,1,P/CP
C:\Users\sumit\Desktop\kavita_capstone\dataset\D\UD\7039-57.jpg,dataset/D/UD/7039-57.jpg,D,Deck,UD,Uncracked,0,D/UD
C:\Users\sumit\Desktop\kavita_capstone\dataset\W\UW\7140-205.jpg,dataset/W/UW/7140-205.jpg,W,Wall,UW,Uncracked,0,W/UW
C:\Users\sumit\Desktop\kavita_capstone\dataset\D\UD\7029-106.jpg,dataset/D/UD/7029-106.jpg,D,Deck,UD,Uncracked,0,D/UD
C:\Users\sumit\Desktop\kavita_capstone\dataset\D\UD\7003-143.jpg,dataset/D/UD/7003-143.jpg,D,Deck,UD,Uncracked,0,D/UD
C:\Users\sumit\Desktop\kavita_capstone\dataset\D\CD\7003-18.jpg,dataset/D/CD/7003-18.jpg,D,Deck,CD,Cracked,1,D/CD
C:\Users\sumit\Desktop\kavita_capstone\dataset\P\UP\012-126.jpg,dataset/P/UP/012-126.jpg,P,Pavement,UP,Uncracked,0,P/UP
C:\Users\sumit\Desktop\kavita_capstone\dataset\D\UD\7009-65.jpg,dataset/D/UD/7009-65.jpg,D,Deck,UD,Uncracked,0,D/UD
C:\Users\sumit\Desktop\kavita_capstone\dataset\W\CW\7111-101.jpg,dataset/W/CW/7111-101.jpg,W,Wall,CW,Cracked,1,W/CW
C:\Users\sumit\Desktop\kavita_capstone\dataset\D\CD\7021-224.jpg,dataset/D/CD/7021-224.jpg,D,Deck,CD,Cracked,1,D/CD
C:\Users\sumit\Desktop\kavita_capstone\dataset\D\CD\7040-82.jpg,dataset/D/CD/7040-82.jpg,D,Deck,CD,Cracked,1,D/CD
C:\Users\sumit\Desktop\kavita_capstone\dataset\P\UP\037-17.jpg,dataset/P/UP/037-17.jpg,P,Pavement,UP,Uncracked,0,P/UP
C:\Users\sumit\Desktop\kavita_capstone\dataset\W\CW\7116-117.jpg,dataset/W/CW/7116-117.jpg,W,Wall,CW,Cracked,1,W/CW
C:\Users\sumit\Desktop\kavita_capstone\dataset\D\CD\7013-200.jpg,dataset/D/CD/7013-200.jpg,D,Deck,CD,Cracked,1,D/CD
C:\Users\sumit\Desktop\kavita_capstone\dataset\W\CW\7113-185.jpg,dataset/W/CW/7113-185.jpg,W,Wall,CW,Cracked,1,W/CW
C:\Users\sumit\Desktop\kavita_capstone\dataset\D\UD\7031-148.jpg,dataset/D/UD/7031-148.jpg,D,Deck,UD,Uncracked,0,D/UD
C:\Users\sumit\Desktop\kavita_capstone\dataset\W\UW\7112-47.jpg,dataset/W/UW/7112-47.jpg,W,Wall,UW,Uncracked,0,W/UW
C:\Users\sumit\Desktop\kavita_capstone\dataset\D\CD\7022-201.jpg,dataset/D/CD/7022-201.jpg,D,Deck,CD,Cracked,1,D/CD
C:\Users\sumit\Desktop\kavita_capstone\dataset\P\CP\094-41.jpg,dataset/P/CP/094-41.jpg,P,Pavement,CP,Cracked,1,P/CP
C:\Users\sumit\Desktop\kavita_capstone\dataset\D\UD\7009-177.jpg,dataset/D/UD/7009-177.jpg,D,Deck,UD,Uncracked,0,D/UD
C:\Users\sumit\Desktop\kavita_capstone\dataset\P\CP\073-51.jpg,dataset/P/CP/073-51.jpg,P,Pavement,CP,Cracked,1,P/CP
C:\Users\sumit\Desktop\kavita_capstone\dataset\D\UD\7026-82.jpg,dataset/D/UD/7026-82.jpg,D,Deck,UD,Uncracked,0,D/UD
C:\Users\sumit\Desktop\kavita_capstone\dataset\P\UP\069-42.jpg,dataset/P/UP/069-42.jpg,P,Pavement,UP,Uncracked,0,P/UP
C:\Users\sumit\Desktop\kavita_capstone\dataset\P\UP\104-170.jpg,dataset/P/UP/104-170.jpg,P,Pavement,UP,Uncracked,0,P/UP
C:\Users\sumit\Desktop\kavita_capstone\dataset\W\CW\7084-103.jpg,dataset/W/CW/7084-103.jpg,W,Wall,CW,Cracked,1,W/CW
C:\Users\sumit\Desktop\kavita_capstone\dataset\W\CW\7085-101.jpg,dataset/W/CW/7085-101.jpg,W,Wall,CW,Cracked,1,W/CW
C:\Users\sumit\Desktop\kavita_capstone\dataset\P\UP\023-98.jpg,dataset/P/UP/023-98.jpg,P,Pavement,UP,Uncracked,0,P/UP
C:\Users\sumit\Desktop\kavita_capstone\dataset\D\UD\7049-226.jpg,dataset/D/UD/7049-226.jpg,D,Deck,UD,Uncracked,0,D/UD
C:\Users\sumit\Desktop\kavita_capstone\dataset\D\CD\7041-202.jpg,dataset/D/CD/7041-202.jpg,D,Deck,CD,Cracked,1,D/CD
C:\Users\sumit\Desktop\kavita_capstone\dataset\D\UD\7057-144.jpg,dataset/D/UD/7057-144.jpg,D,Deck,UD,Uncracked,0,D/UD
C:\Users\sumit\Desktop\kavita_capstone\dataset\P\CP\072-81.jpg,dataset/P/CP/072-81.jpg,P,Pavement,CP,Cracked,1,P/CP
C:\Users\sumit\Desktop\kavita_capstone\dataset\D\CD\7057-213.jpg,dataset/D/CD/7057-213.jpg,D,Deck,CD,Cracked,1,D/CD
C:\Users\sumit\Desktop\kavita_capstone\dataset\P\UP\025-127.jpg,dataset/P/UP/025-127.jpg,P,Pavement,UP,Uncracked,0,P/UP
C:\Users\sumit\Desktop\kavita_capstone\dataset\P\UP\058-134.jpg,dataset/P/UP/058-134.jpg,P,Pavement,UP,Uncracked,0,P/UP
C:\Users\sumit\Desktop\kavita_capstone\dataset\D\CD\7003-68.jpg,dataset/D/CD/7003-68.jpg,D,Deck,CD,Cracked,1,D/CD
C:\Users\sumit\Desktop\kavita_capstone\dataset\W\UW\7125-244.jpg,dataset/W/UW/7125-244.jpg,W,Wall,UW,Uncracked,0,W/UW
C:\Users\sumit\Desktop\kavita_capstone\dataset\P\UP\024-119.jpg,dataset/P/UP/024-119.jpg,P,Pavement,UP,Uncracked,0,P/UP
C:\Users\sumit\Desktop\kavita_capstone\dataset\D\UD\7041-103.jpg,dataset/D/UD/7041-103.jpg,D,Deck,UD,Uncracked,0,D/UD
C:\Users\sumit\Desktop\kavita_capstone\dataset\W\UW\7094-165.jpg,dataset/W/UW/7094-165.jpg,W,Wall,UW,Uncracked,0,W/UW
C:\Users\sumit\Desktop\kavita_capstone\dataset\W\UW\7105-125.jpg,dataset/W/UW/7105-125.jpg,W,Wall,UW,Uncracked,0,W/UW
C:\Users\sumit\Desktop\kavita_capstone\dataset\D\CD\7034-5.jpg,dataset/D/CD/7034-5.jpg,D,Deck,CD,Cracked,1,D/CD
C:\Users\sumit\Desktop\kavita_capstone\dataset\W\CW\7088-10.jpg,dataset/W/CW/7088-10.jpg,W,Wall,CW,Cracked,1,W/CW
C:\Users\sumit\Desktop\kavita_capstone\dataset\P\CP\099-126.jpg,dataset/P/CP/099-126.jpg,P,Pavement,CP,Cracked,1,P/CP
C:\Users\sumit\Desktop\kavita_capstone\dataset\W\CW\7112-74.jpg,dataset/W/CW/7112-74.jpg,W,Wall,CW,Cracked,1,W/CW
C:\Users\sumit\Desktop\kavita_capstone\dataset\W\UW\7082-221.jpg,dataset/W/UW/7082-221.jpg,W,Wall,UW,Uncracked,0,W/UW
C:\Users\sumit\Desktop\kavita_capstone\dataset\W\UW\7082-197.jpg,dataset/W/UW/7082-197.jpg,W,Wall,UW,Uncracked,0,W/UW
C:\Users\sumit\Desktop\kavita_capstone\dataset\D\UD\7017-30.jpg,dataset/D/UD/7017-30.jpg,D,Deck,UD,Uncracked,0,D/UD
C:\Users\sumit\Desktop\kavita_capstone\dataset\W\UW\7135-210.jpg,dataset/W/UW/7135-210.jpg,W,Wall,UW,Uncracked,0,W/UW
C:\Users\sumit\Desktop\kavita_capstone\dataset\P\UP\035-207.jpg,dataset/P/UP/035-207.jpg,P,Pavement,UP,Uncracked,0,P/UP
C:\Users\sumit\Desktop\kavita_capstone\dataset\D\UD\7004-239.jpg,dataset/D/UD/7004-239.jpg,D,Deck,UD,Uncracked,0,D/UD
C:\Users\sumit\Desktop\kavita_capstone\dataset\D\CD\7049-93.jpg,dataset/D/CD/7049-93.jpg,D,Deck,CD,Cracked,1,D/CD
C:\Users\sumit\Desktop\kavita_capstone\dataset\P\CP\093-234.jpg,dataset/P/CP/093-234.jpg,P,Pavement,CP,Cracked,1,P/CP
C:\Users\sumit\Desktop\kavita_capstone\dataset\D\CD\7040-238.jpg,dataset/D/CD/7040-238.jpg,D,Deck,CD,Cracked,1,D/CD
C:\Users\sumit\Desktop\kavita_capstone\dataset\D\CD\7045-104.jpg,dataset/D/CD/7045-104.jpg,D,Deck,CD,Cracked,1,D/CD
C:\Users\sumit\Desktop\kavita_capstone\dataset\P\CP\051-35.jpg,dataset/P/CP/051-35.jpg,P,Pavement,CP,Cracked,1,P/CP
C:\Users\sumit\Desktop\kavita_capstone\dataset\D\CD\7049-179.jpg,dataset/D/CD/7049-179.jpg,D,Deck,CD,Cracked,1,D/CD
C:\Users\sumit\Desktop\kavita_capstone\dataset\P\UP\012-176.jpg,dataset/P/UP/012-176.jpg,P,Pavement,UP,Uncracked,0,P/UP
C:\Users\sumit\Desktop\kavita_capstone\dataset\D\CD\7028-129.jpg,dataset/D/CD/7028-129.jpg,D,Deck,CD,Cracked,1,D/CD
C:\Users\sumit\Desktop\kavita_capstone\dataset\P\CP\102-143.jpg,dataset/P/CP/102-143.jpg,P,Pavement,CP,Cracked,1,P/CP
C:\Users\sumit\Desktop\kavita_capstone\dataset\D\UD\7014-7.jpg,dataset/D/UD/7014-7.jpg,D,Deck,UD,Uncracked,0,D/UD
C:\Users\sumit\Desktop\kavita_capstone\dataset\D\CD\7006-73.jpg,dataset/D/CD/7006-73.jpg,D,Deck,CD,Cracked,1,D/CD
C:\Users\sumit\Desktop\kavita_capstone\dataset\W\UW\7083-129.jpg,dataset/W/UW/7083-129.jpg,W,Wall,UW,Uncracked,0,W/UW
C:\Users\sumit\Desktop\kavita_capstone\dataset\P\CP\076-139.jpg,dataset/P/CP/076-139.jpg,P,Pavement,CP,Cracked,1,P/CP
C:\Users\sumit\Desktop\kavita_capstone\dataset\W\CW\7122-11.jpg,dataset/W/CW/7122-11.jpg,W,Wall,CW,Cracked,1,W/CW
C:\Users\sumit\Desktop\kavita_capstone\dataset\P\CP\029-114.jpg,dataset/P/CP/029-114.jpg,P,Pavement,CP,Cracked,1,P/CP
C:\Users\sumit\Desktop\kavita_capstone\dataset\D\CD\7024-146.jpg,dataset/D/CD/7024-146.jpg,D,Deck,CD,Cracked,1,D/CD
C:\Users\sumit\Desktop\kavita_capstone\dataset\P\UP\089-92.jpg,dataset/P/UP/089-92.jpg,P,Pavement,UP,Uncracked,0,P/UP
C:\Users\sumit\Desktop\kavita_capstone\dataset\P\UP\041-131.jpg,dataset/P/UP/041-131.jpg,P,Pavement,UP,Uncracked,0,P/UP
C:\Users\sumit\Desktop\kavita_capstone\dataset\P\CP\001-131.jpg,dataset/P/CP/001-131.jpg,P,Pavement,CP,Cracked,1,P/CP
C:\Users\sumit\Desktop\kavita_capstone\dataset\P\UP\001-3.jpg,dataset/P/UP/001-3.jpg,P,Pavement,UP,Uncracked,0,P/UP
C:\Users\sumit\Desktop\kavita_capstone\dataset\D\CD\7040-204.jpg,dataset/D/CD/7040-204.jpg,D,Deck,CD,Cracked,1,D/CD
C:\Users\sumit\Desktop\kavita_capstone\dataset\P\UP\083-218.jpg,dataset/P/UP/083-218.jpg,P,Pavement,UP,Uncracked,0,P/UP
C:\Users\sumit\Desktop\kavita_capstone\dataset\W\UW\7083-4.jpg,dataset/W/UW/7083-4.jpg,W,Wall,UW,Uncracked,0,W/UW
C:\Users\sumit\Desktop\kavita_capstone\dataset\D\UD\7004-201.jpg,dataset/D/UD/7004-201.jpg,D,Deck,UD,Uncracked,0,D/UD
C:\Users\sumit\Desktop\kavita_capstone\dataset\P\CP\057-105.jpg,dataset/P/CP/057-105.jpg,P,Pavement,CP,Cracked,1,P/CP
C:\Users\sumit\Desktop\kavita_capstone\dataset\D\CD\7040-84.jpg,dataset/D/CD/7040-84.jpg,D,Deck,CD,Cracked,1,D/CD
C:\Users\sumit\Desktop\kavita_capstone\dataset\W\UW\7085-146.jpg,dataset/W/UW/7085-146.jpg,W,Wall,UW,Uncracked,0,W/UW
C:\Users\sumit\Desktop\kavita_capstone\dataset\D\CD\7039-135.jpg,dataset/D/CD/7039-135.jpg,D,Deck,CD,Cracked,1,D/CD
C:\Users\sumit\Desktop\kavita_capstone\dataset\W\UW\7106-106.jpg,dataset/W/UW/7106-106.jpg,W,Wall,UW,Uncracked,0,W/UW
C:\Users\sumit\Desktop\kavita_capstone\dataset\D\UD\7040-192.jpg,dataset/D/UD/7040-192.jpg,D,Deck,UD,Uncracked,0,D/UD
C:\Users\sumit\Desktop\kavita_capstone\dataset\P\UP\061-56.jpg,dataset/P/UP/061-56.jpg,P,Pavement,UP,Uncracked,0,P/UP
C:\Users\sumit\Desktop\kavita_capstone\dataset\P\CP\006-163.jpg,dataset/P/CP/006-163.jpg,P,Pavement,CP,Cracked,1,P/CP
C:\Users\sumit\Desktop\kavita_capstone\dataset\D\CD\7026-170.jpg,dataset/D/CD/7026-170.jpg,D,Deck,CD,Cracked,1,D/CD
C:\Users\sumit\Desktop\kavita_capstone\dataset\D\UD\7012-45.jpg,dataset/D/UD/7012-45.jpg,D,Deck,UD,Uncracked,0,D/UD
C:\Users\sumit\Desktop\kavita_capstone\dataset\P\UP\102-144.jpg,dataset/P/UP/102-144.jpg,P,Pavement,UP,Uncracked,0,P/UP
C:\Users\sumit\Desktop\kavita_capstone\dataset\W\UW\7121-123.jpg,dataset/W/UW/7121-123.jpg,W,Wall,UW,Uncracked,0,W/UW
C:\Users\sumit\Desktop\kavita_capstone\dataset\W\CW\7113-193.jpg,dataset/W/CW/7113-193.jpg,W,Wall,CW,Cracked,1,W/CW
C:\Users\sumit\Desktop\kavita_capstone\dataset\W\UW\7120-162.jpg,dataset/W/UW/7120-162.jpg,W,Wall,UW,Uncracked,0,W/UW
C:\Users\sumit\Desktop\kavita_capstone\dataset\P\UP\024-215.jpg,dataset/P/UP/024-215.jpg,P,Pavement,UP,Uncracked,0,P/UP
C:\Users\sumit\Desktop\kavita_capstone\dataset\D\CD\7017-190.jpg,dataset/D/CD/7017-190.jpg,D,Deck,CD,Cracked,1,D/CD
C:\Users\sumit\Desktop\kavita_capstone\dataset\D\UD\7005-51.jpg,dataset/D/UD/7005-51.jpg,D,Deck,UD,Uncracked,0,D/UD
C:\Users\sumit\Desktop\kavita_capstone\dataset\W\CW\7123-48.jpg,dataset/W/CW/7123-48.jpg,W,Wall,CW,Cracked,1,W/CW
C:\Users\sumit\Desktop\kavita_capstone\dataset\P\CP\018-234.jpg,dataset/P/CP/018-234.jpg,P,Pavement,CP,Cracked,1,P/CP
C:\Users\sumit\Desktop\kavita_capstone\dataset\P\CP\076-138.jpg,dataset/P/CP/076-138.jpg,P,Pavement,CP,Cracked,1,P/CP
C:\Users\sumit\Desktop\kavita_capstone\dataset\D\CD\7002-32.jpg,dataset/D/CD/7002-32.jpg,D,Deck,CD,Cracked,1,D/CD
C:\Users\sumit\Desktop\kavita_capstone\dataset\P\UP\038-198.jpg,dataset/P/UP/038-198.jpg,P,Pavement,UP,Uncracked,0,P/UP
C:\Users\sumit\Desktop\kavita_capstone\dataset\P\CP\073-64.jpg,dataset/P/CP/073-64.jpg,P,Pavement,CP,Cracked,1,P/CP
C:\Users\sumit\Desktop\kavita_capstone\dataset\D\CD\7015-52.jpg,dataset/D/CD/7015-52.jpg,D,Deck,CD,Cracked,1,D/CD
C:\Users\sumit\Desktop\kavita_capstone\dataset\P\UP\090-176.jpg,dataset/P/UP/090-176.jpg,P,Pavement,UP,Uncracked,0,P/UP
C:\Users\sumit\Desktop\kavita_capstone\dataset\W\UW\7083-145.jpg,dataset/W/UW/7083-145.jpg,W,Wall,UW,Uncracked,0,W/UW
C:\Users\sumit\Desktop\kavita_capstone\dataset\W\CW\7113-90.jpg,dataset/W/CW/7113-90.jpg,W,Wall,CW,Cracked,1,W/CW
C:\Users\sumit\Desktop\kavita_capstone\dataset\P\CP\098-99.jpg,dataset/P/CP/098-99.jpg,P,Pavement,CP,Cracked,1,P/CP
C:\Users\sumit\Desktop\kavita_capstone\dataset\D\CD\7012-170.jpg,dataset/D/CD/7012-170.jpg,D,Deck,CD,Cracked,1,D/CD
C:\Users\sumit\Desktop\kavita_capstone\dataset\P\UP\018-170.jpg,dataset/P/UP/018-170.jpg,P,Pavement,UP,Uncracked,0,P/UP
C:\Users\sumit\Desktop\kavita_capstone\dataset\P\UP\017-33.jpg,dataset/P/UP/017-33.jpg,P,Pavement,UP,Uncracked,0,P/UP
C:\Users\sumit\Desktop\kavita_capstone\dataset\W\UW\7132-174.jpg,dataset/W/UW/7132-174.jpg,W,Wall,UW,Uncracked,0,W/UW
C:\Users\sumit\Desktop\kavita_capstone\dataset\P\CP\053-64.jpg,dataset/P/CP/053-64.jpg,P,Pavement,CP,Cracked,1,P/CP
C:\Users\sumit\Desktop\kavita_capstone\dataset\D\CD\7010-130.jpg,dataset/D/CD/7010-130.jpg,D,Deck,CD,Cracked,1,D/CD
C:\Users\sumit\Desktop\kavita_capstone\dataset\P\UP\009-65.jpg,dataset/P/UP/009-65.jpg,P,Pavement,UP,Uncracked,0,P/UP
C:\Users\sumit\Desktop\kavita_capstone\dataset\D\CD\7015-175.jpg,dataset/D/CD/7015-175.jpg,D,Deck,CD,Cracked,1,D/CD
C:\Users\sumit\Desktop\kavita_capstone\dataset\P\CP\070-59.jpg,dataset/P/CP/070-59.jpg,P,Pavement,CP,Cracked,1,P/CP
C:\Users\sumit\Desktop\kavita_capstone\dataset\P\CP\081-119.jpg,dataset/P/CP/081-119.jpg,P,Pavement,CP,Cracked,1,P/CP
C:\Users\sumit\Desktop\kavita_capstone\dataset\P\CP\073-50.jpg,dataset/P/CP/073-50.jpg,P,Pavement,CP,Cracked,1,P/CP
C:\Users\sumit\Desktop\kavita_capstone\dataset\W\UW\7128-176.jpg,dataset/W/UW/7128-176.jpg,W,Wall,UW,Uncracked,0,W/UW
C:\Users\sumit\Desktop\kavita_capstone\dataset\P\UP\031-214.jpg,dataset/P/UP/031-214.jpg,P,Pavement,UP,Uncracked,0,P/UP
C:\Users\sumit\Desktop\kavita_capstone\dataset\W\CW\7125-239.jpg,dataset/W/CW/7125-239.jpg,W,Wall,CW,Cracked,1,W/CW
C:\Users\sumit\Desktop\kavita_capstone\dataset\P\UP\065-144.jpg,dataset/P/UP/065-144.jpg,P,Pavement,UP,Uncracked,0,P/UP
C:\Users\sumit\Desktop\kavita_capstone\dataset\D\CD\7025-30.jpg,dataset/D/CD/7025-30.jpg,D,Deck,CD,Cracked,1,D/CD
C:\Users\sumit\Desktop\kavita_capstone\dataset\D\UD\7007-243.jpg,dataset/D/UD/7007-243.jpg,D,Deck,UD,Uncracked,0,D/UD
C:\Users\sumit\Desktop\kavita_capstone\dataset\P\UP\063-179.jpg,dataset/P/UP/063-179.jpg,P,Pavement,UP,Uncracked,0,P/UP
C:\Users\sumit\Desktop\kavita_capstone\dataset\D\UD\7049-149.jpg,dataset/D/UD/7049-149.jpg,D,Deck,UD,Uncracked,0,D/UD
C:\Users\sumit\Desktop\kavita_capstone\dataset\W\UW\7117-70.jpg,dataset/W/UW/7117-70.jpg,W,Wall,UW,Uncracked,0,W/UW
C:\Users\sumit\Desktop\kavita_capstone\dataset\W\UW\7109-109.jpg,dataset/W/UW/7109-109.jpg,W,Wall,UW,Uncracked,0,W/UW
C:\Users\sumit\Desktop\kavita_capstone\dataset\P\CP\077-96.jpg,dataset/P/CP/077-96.jpg,P,Pavement,CP,Cracked,1,P/CP
C:\Users\sumit\Desktop\kavita_capstone\dataset\W\UW\7116-205.jpg,dataset/W/UW/7116-205.jpg,W,Wall,UW,Uncracked,0,W/UW
C:\Users\sumit\Desktop\kavita_capstone\dataset\D\CD\7051-152.jpg,dataset/D/CD/7051-152.jpg,D,Deck,CD,Cracked,1,D/CD
C:\Users\sumit\Desktop\kavita_capstone\dataset\D\CD\7010-42.jpg,dataset/D/CD/7010-42.jpg,D,Deck,CD,Cracked,1,D/CD
C:\Users\sumit\Desktop\kavita_capstone\dataset\P\CP\077-95.jpg,dataset/P/CP/077-95.jpg,P,Pavement,CP,Cracked,1,P/CP
C:\Users\sumit\Desktop\kavita_capstone\dataset\D\CD\7051-63.jpg,dataset/D/CD/7051-63.jpg,D,Deck,CD,Cracked,1,D/CD
C:\Users\sumit\Desktop\kavita_capstone\dataset\W\UW\7135-191.jpg,dataset/W/UW/7135-191.jpg,W,Wall,UW,Uncracked,0,W/UW
C:\Users\sumit\Desktop\kavita_capstone\dataset\P\UP\028-60.jpg,dataset/P/UP/028-60.jpg,P,Pavement,UP,Uncracked,0,P/UP
C:\Users\sumit\Desktop\kavita_capstone\dataset\P\CP\048-124.jpg,dataset/P/CP/048-124.jpg,P,Pavement,CP,Cracked,1,P/CP
C:\Users\sumit\Desktop\kavita_capstone\dataset\P\CP\046-81.jpg,dataset/P/CP/046-81.jpg,P,Pavement,CP,Cracked,1,P/CP
C:\Users\sumit\Desktop\kavita_capstone\dataset\D\CD\7003-17.jpg,dataset/D/CD/7003-17.jpg,D,Deck,CD,Cracked,1,D/CD
C:\Users\sumit\Desktop\kavita_capstone\dataset\W\CW\7074-94.jpg,dataset/W/CW/7074-94.jpg,W,Wall,CW,Cracked,1,W/CW
C:\Users\sumit\Desktop\kavita_capstone\dataset\P\CP\063-147.jpg,dataset/P/CP/063-147.jpg,P,Pavement,CP,Cracked,1,P/CP
C:\Users\sumit\Desktop\kavita_capstone\dataset\P\CP\041-78.jpg,dataset/P/CP/041-78.jpg,P,Pavement,CP,Cracked,1,P/CP
C:\Users\sumit\Desktop\kavita_capstone\dataset\P\CP\007-66.jpg,dataset/P/CP/007-66.jpg,P,Pavement,CP,Cracked,1,P/CP
C:\Users\sumit\Desktop\kavita_capstone\dataset\W\UW\7081-3.jpg,dataset/W/UW/7081-3.jpg,W,Wall,UW,Uncracked,0,W/UW
C:\Users\sumit\Desktop\kavita_capstone\dataset\D\UD\7054-244.jpg,dataset/D/UD/7054-244.jpg,D,Deck,UD,Uncracked,0,D/UD
C:\Users\sumit\Desktop\kavita_capstone\dataset\W\CW\7095-244.jpg,dataset/W/CW/7095-244.jpg,W,Wall,CW,Cracked,1,W/CW
C:\Users\sumit\Desktop\kavita_capstone\dataset\P\CP\065-131.jpg,dataset/P/CP/065-131.jpg,P,Pavement,CP,Cracked,1,P/CP
C:\Users\sumit\Desktop\kavita_capstone\dataset\P\CP\078-85.jpg,dataset/P/CP/078-85.jpg,P,Pavement,CP,Cracked,1,P/CP
C:\Users\sumit\Desktop\kavita_capstone\dataset\D\UD\7031-177.jpg,dataset/D/UD/7031-177.jpg,D,Deck,UD,Uncracked,0,D/UD
C:\Users\sumit\Desktop\kavita_capstone\dataset\D\CD\7041-174.jpg,dataset/D/CD/7041-174.jpg,D,Deck,CD,Cracked,1,D/CD
C:\Users\sumit\Desktop\kavita_capstone\dataset\P\CP\004-124.jpg,dataset/P/CP/004-124.jpg,P,Pavement,CP,Cracked,1,P/CP
C:\Users\sumit\Desktop\kavita_capstone\dataset\W\UW\7125-249.jpg,dataset/W/UW/7125-249.jpg,W,Wall,UW,Uncracked,0,W/UW
C:\Users\sumit\Desktop\kavita_capstone\dataset\P\CP\049-92.jpg,dataset/P/CP/049-92.jpg,P,Pavement,CP,Cracked,1,P/CP
C:\Users\sumit\Desktop\kavita_capstone\dataset\P\CP\001-145.jpg,dataset/P/CP/001-145.jpg,P,Pavement,CP,Cracked,1,P/CP
C:\Users\sumit\Desktop\kavita_capstone\dataset\P\UP\040-82.jpg,dataset/P/UP/040-82.jpg,P,Pavement,UP,Uncracked,0,P/UP
C:\Users\sumit\Desktop\kavita_capstone\dataset\W\UW\7123-251.jpg,dataset/W/UW/7123-251.jpg,W,Wall,UW,Uncracked,0,W/UW
C:\Users\sumit\Desktop\kavita_capstone\dataset\W\CW\7092-186.jpg,dataset/W/CW/7092-186.jpg,W,Wall,CW,Cracked,1,W/CW
C:\Users\sumit\Desktop\kavita_capstone\dataset\W\UW\7140-34.jpg,dataset/W/UW/7140-34.jpg,W,Wall,UW,Uncracked,0,W/UW
C:\Users\sumit\Desktop\kavita_capstone\dataset\D\CD\7002-14.jpg,dataset/D/CD/7002-14.jpg,D,Deck,CD,Cracked,1,D/CD
C:\Users\sumit\Desktop\kavita_capstone\dataset\D\CD\7029-202.jpg,dataset/D/CD/7029-202.jpg,D,Deck,CD,Cracked,1,D/CD
C:\Users\sumit\Desktop\kavita_capstone\dataset\D\CD\7026-94.jpg,dataset/D/CD/7026-94.jpg,D,Deck,CD,Cracked,1,D/CD
C:\Users\sumit\Desktop\kavita_capstone\dataset\W\CW\7086-103.jpg,dataset/W/CW/7086-103.jpg,W,Wall,CW,Cracked,1,W/CW
C:\Users\sumit\Desktop\kavita_capstone\dataset\P\UP\018-186.jpg,dataset/P/UP/018-186.jpg,P,Pavement,UP,Uncracked,0,P/UP
C:\Users\sumit\Desktop\kavita_capstone\dataset\W\UW\7121-56.jpg,dataset/W/UW/7121-56.jpg,W,Wall,UW,Uncracked,0,W/UW
C:\Users\sumit\Desktop\kavita_capstone\dataset\W\CW\7103-79.jpg,dataset/W/CW/7103-79.jpg,W,Wall,CW,Cracked,1,W/CW
C:\Users\sumit\Desktop\kavita_capstone\dataset\D\UD\7045-35.jpg,dataset/D/UD/7045-35.jpg,D,Deck,UD,Uncracked,0,D/UD
C:\Users\sumit\Desktop\kavita_capstone\dataset\D\UD\7051-132.jpg,dataset/D/UD/7051-132.jpg,D,Deck,UD,Uncracked,0,D/UD
C:\Users\sumit\Desktop\kavita_capstone\dataset\D\CD\7019-191.jpg,dataset/D/CD/7019-191.jpg,D,Deck,CD,Cracked,1,D/CD
C:\Users\sumit\Desktop\kavita_capstone\dataset\W\CW\7089-153.jpg,dataset/W/CW/7089-153.jpg,W,Wall,CW,Cracked,1,W/CW
C:\Users\sumit\Desktop\kavita_capstone\dataset\D\CD\7010-34.jpg,dataset/D/CD/7010-34.jpg,D,Deck,CD,Cracked,1,D/CD
C:\Users\sumit\Desktop\kavita_capstone\dataset\W\CW\7115-35.jpg,dataset/W/CW/7115-35.jpg,W,Wall,CW,Cracked,1,W/CW
C:\Users\sumit\Desktop\kavita_capstone\dataset\P\UP\020-188.jpg,dataset/P/UP/020-188.jpg,P,Pavement,UP,Uncracked,0,P/UP
C:\Users\sumit\Desktop\kavita_capstone\dataset\P\CP\092-61.jpg,dataset/P/CP/092-61.jpg,P,Pavement,CP,Cracked,1,P/CP
C:\Users\sumit\Desktop\kavita_capstone\dataset\D\UD\7051-172.jpg,dataset/D/UD/7051-172.jpg,D,Deck,UD,Uncracked,0,D/UD
C:\Users\sumit\Desktop\kavita_capstone\dataset\D\CD\7008-99.jpg,dataset/D/CD/7008-99.jpg,D,Deck,CD,Cracked,1,D/CD
C:\Users\sumit\Desktop\kavita_capstone\dataset\D\UD\7001-112.jpg,dataset/D/UD/7001-112.jpg,D,Deck,UD,Uncracked,0,D/UD
C:\Users\sumit\Desktop\kavita_capstone\dataset\W\UW\7130-252.jpg,dataset/W/UW/7130-252.jpg,W,Wall,UW,Uncracked,0,W/UW
C:\Users\sumit\Desktop\kavita_capstone\dataset\W\CW\7088-32.jpg,dataset/W/CW/7088-32.jpg,W,Wall,CW,Cracked,1,W/CW
C:\Users\sumit\Desktop\kavita_capstone\dataset\P\UP\091-143.jpg,dataset/P/UP/091-143.jpg,P,Pavement,UP,Uncracked,0,P/UP
C:\Users\sumit\Desktop\kavita_capstone\dataset\P\UP\101-162.jpg,dataset/P/UP/101-162.jpg,P,Pavement,UP,Uncracked,0,P/UP
C:\Users\sumit\Desktop\kavita_capstone\dataset\D\UD\7024-56.jpg,dataset/D/UD/7024-56.jpg,D,Deck,UD,Uncracked,0,D/UD
C:\Users\sumit\Desktop\kavita_capstone\dataset\W\CW\7083-241.jpg,dataset/W/CW/7083-241.jpg,W,Wall,CW,Cracked,1,W/CW
C:\Users\sumit\Desktop\kavita_capstone\dataset\W\UW\7104-39.jpg,dataset/W/UW/7104-39.jpg,W,Wall,UW,Uncracked,0,W/UW
C:\Users\sumit\Desktop\kavita_capstone\dataset\P\CP\086-80.jpg,dataset/P/CP/086-80.jpg,P,Pavement,CP,Cracked,1,P/CP
C:\Users\sumit\Desktop\kavita_capstone\dataset\D\CD\7028-185.jpg,dataset/D/CD/7028-185.jpg,D,Deck,CD,Cracked,1,D/CD
C:\Users\sumit\Desktop\kavita_capstone\dataset\W\UW\7134-20.jpg,dataset/W/UW/7134-20.jpg,W,Wall,UW,Uncracked,0,W/UW
C:\Users\sumit\Desktop\kavita_capstone\dataset\W\CW\7088-213.jpg,dataset/W/CW/7088-213.jpg,W,Wall,CW,Cracked,1,W/CW
C:\Users\sumit\Desktop\kavita_capstone\dataset\P\CP\071-55.jpg,dataset/P/CP/071-55.jpg,P,Pavement,CP,Cracked,1,P/CP
C:\Users\sumit\Desktop\kavita_capstone\dataset\D\CD\7017-136.jpg,dataset/D/CD/7017-136.jpg,D,Deck,CD,Cracked,1,D/CD
C:\Users\sumit\Desktop\kavita_capstone\dataset\D\CD\7036-49.jpg,dataset/D/CD/7036-49.jpg,D,Deck,CD,Cracked,1,D/CD
C:\Users\sumit\Desktop\kavita_capstone\dataset\W\UW\7132-169.jpg,dataset/W/UW/7132-169.jpg,W,Wall,UW,Uncracked,0,W/UW
C:\Users\sumit\Desktop\kavita_capstone\dataset\D\UD\7027-90.jpg,dataset/D/UD/7027-90.jpg,D,Deck,UD,Uncracked,0,D/UD
C:\Users\sumit\Desktop\kavita_capstone\dataset\W\UW\7103-12.jpg,dataset/W/UW/7103-12.jpg,W,Wall,UW,Uncracked,0,W/UW
C:\Users\sumit\Desktop\kavita_capstone\dataset\W\UW\7135-98.jpg,dataset/W/UW/7135-98.jpg,W,Wall,UW,Uncracked,0,W/UW
C:\Users\sumit\Desktop\kavita_capstone\dataset\D\CD\7034-130.jpg,dataset/D/CD/7034-130.jpg,D,Deck,CD,Cracked,1,D/CD
C:\Users\sumit\Desktop\kavita_capstone\dataset\P\CP\099-92.jpg,dataset/P/CP/099-92.jpg,P,Pavement,CP,Cracked,1,P/CP
C:\Users\sumit\Desktop\kavita_capstone\dataset\P\UP\054-110.jpg,dataset/P/UP/054-110.jpg,P,Pavement,UP,Uncracked,0,P/UP
C:\Users\sumit\Desktop\kavita_capstone\dataset\W\UW\7115-181.jpg,dataset/W/UW/7115-181.jpg,W,Wall,UW,Uncracked,0,W/UW
C:\Users\sumit\Desktop\kavita_capstone\dataset\P\CP\086-48.jpg,dataset/P/CP/086-48.jpg,P,Pavement,CP,Cracked,1,P/CP
C:\Users\sumit\Desktop\kavita_capstone\dataset\P\UP\031-3.jpg,dataset/P/UP/031-3.jpg,P,Pavement,UP,Uncracked,0,P/UP
C:\Users\sumit\Desktop\kavita_capstone\dataset\P\CP\096-102.jpg,dataset/P/CP/096-102.jpg,P,Pavement,CP,Cracked,1,P/CP
C:\Users\sumit\Desktop\kavita_capstone\dataset\P\CP\092-159.jpg,dataset/P/CP/092-159.jpg,P,Pavement,CP,Cracked,1,P/CP
C:\Users\sumit\Desktop\kavita_capstone\dataset\D\CD\7026-205.jpg,dataset/D/CD/7026-205.jpg,D,Deck,CD,Cracked,1,D/CD
C:\Users\sumit\Desktop\kavita_capstone\dataset\W\CW\7083-157.jpg,dataset/W/CW/7083-157.jpg,W,Wall,CW,Cracked,1,W/CW
C:\Users\sumit\Desktop\kavita_capstone\dataset\P\CP\083-123.jpg,dataset/P/CP/083-123.jpg,P,Pavement,CP,Cracked,1,P/CP
C:\Users\sumit\Desktop\kavita_capstone\dataset\W\UW\7081-119.jpg,dataset/W/UW/7081-119.jpg,W,Wall,UW,Uncracked,0,W/UW
C:\Users\sumit\Desktop\kavita_capstone\dataset\W\CW\7115-80.jpg,dataset/W/CW/7115-80.jpg,W,Wall,CW,Cracked,1,W/CW
C:\Users\sumit\Desktop\kavita_capstone\dataset\P\CP\009-20.jpg,dataset/P/CP/009-20.jpg,P,Pavement,CP,Cracked,1,P/CP
C:\Users\sumit\Desktop\kavita_capstone\dataset\W\UW\7107-252.jpg,dataset/W/UW/7107-252.jpg,W,Wall,UW,Uncracked,0,W/UW
C:\Users\sumit\Desktop\kavita_capstone\dataset\P\UP\026-39.jpg,dataset/P/UP/026-39.jpg,P,Pavement,UP,Uncracked,0,P/UP
C:\Users\sumit\Desktop\kavita_capstone\dataset\P\CP\029-206.jpg,dataset/P/CP/029-206.jpg,P,Pavement,CP,Cracked,1,P/CP
C:\Users\sumit\Desktop\kavita_capstone\dataset\P\CP\098-114.jpg,dataset/P/CP/098-114.jpg,P,Pavement,CP,Cracked,1,P/CP
C:\Users\sumit\Desktop\kavita_capstone\dataset\W\UW\7088-72.jpg,dataset/W/UW/7088-72.jpg,W,Wall,UW,Uncracked,0,W/UW
C:\Users\sumit\Desktop\kavita_capstone\dataset\D\UD\7037-44.jpg,dataset/D/UD/7037-44.jpg,D,Deck,UD,Uncracked,0,D/UD
C:\Users\sumit\Desktop\kavita_capstone\dataset\P\CP\103-180.jpg,dataset/P/CP/103-180.jpg,P,Pavement,CP,Cracked,1,P/CP
C:\Users\sumit\Desktop\kavita_capstone\dataset\D\CD\7011-211.jpg,dataset/D/CD/7011-211.jpg,D,Deck,CD,Cracked,1,D/CD
C:\Users\sumit\Desktop\kavita_capstone\dataset\W\CW\7081-57.jpg,dataset/W/CW/7081-57.jpg,W,Wall,CW,Cracked,1,W/CW
C:\Users\sumit\Desktop\kavita_capstone\dataset\W\UW\7105-61.jpg,dataset/W/UW/7105-61.jpg,W,Wall,UW,Uncracked,0,W/UW
C:\Users\sumit\Desktop\kavita_capstone\dataset\W\CW\7113-100.jpg,dataset/W/CW/7113-100.jpg,W,Wall,CW,Cracked,1,W/CW
C:\Users\sumit\Desktop\kavita_capstone\dataset\D\CD\7040-151.jpg,dataset/D/CD/7040-151.jpg,D,Deck,CD,Cracked,1,D/CD
C:\Users\sumit\Desktop\kavita_capstone\dataset\P\UP\047-40.jpg,dataset/P/UP/047-40.jpg,P,Pavement,UP,Uncracked,0,P/UP
C:\Users\sumit\Desktop\kavita_capstone\dataset\P\UP\083-185.jpg,dataset/P/UP/083-185.jpg,P,Pavement,UP,Uncracked,0,P/UP
C:\Users\sumit\Desktop\kavita_capstone\dataset\W\UW\7102-86.jpg,dataset/W/UW/7102-86.jpg,W,Wall,UW,Uncracked,0,W/UW
C:\Users\sumit\Desktop\kavita_capstone\dataset\D\UD\7033-24.jpg,dataset/D/UD/7033-24.jpg,D,Deck,UD,Uncracked,0,D/UD
C:\Users\sumit\Desktop\kavita_capstone\dataset\P\CP\002-95.jpg,dataset/P/CP/002-95.jpg,P,Pavement,CP,Cracked,1,P/CP
C:\Users\sumit\Desktop\kavita_capstone\dataset\W\UW\7072-242.jpg,dataset/W/UW/7072-242.jpg,W,Wall,UW,Uncracked,0,W/UW
C:\Users\sumit\Desktop\kavita_capstone\dataset\D\UD\7008-172.jpg,dataset/D/UD/7008-172.jpg,D,Deck,UD,Uncracked,0,D/UD
C:\Users\sumit\Desktop\kavita_capstone\dataset\P\UP\067-122.jpg,dataset/P/UP/067-122.jpg,P,Pavement,UP,Uncracked,0,P/UP
C:\Users\sumit\Desktop\kavita_capstone\dataset\P\UP\094-165.jpg,dataset/P/UP/094-165.jpg,P,Pavement,UP,Uncracked,0,P/UP
C:\Users\sumit\Desktop\kavita_capstone\dataset\W\CW\7088-99.jpg,dataset/W/CW/7088-99.jpg,W,Wall,CW,Cracked,1,W/CW
C:\Users\sumit\Desktop\kavita_capstone\dataset\W\UW\7140-76.jpg,dataset/W/UW/7140-76.jpg,W,Wall,UW,Uncracked,0,W/UW
C:\Users\sumit\Desktop\kavita_capstone\dataset\D\CD\7020-170.jpg,dataset/D/CD/7020-170.jpg,D,Deck,CD,Cracked,1,D/CD
C:\Users\sumit\Desktop\kavita_capstone\dataset\P\UP\009-226.jpg,dataset/P/UP/009-226.jpg,P,Pavement,UP,Uncracked,0,P/UP
C:\Users\sumit\Desktop\kavita_capstone\dataset\D\UD\7013-56.jpg,dataset/D/UD/7013-56.jpg,D,Deck,UD,Uncracked,0,D/UD
C:\Users\sumit\Desktop\kavita_capstone\dataset\P\CP\026-120.jpg,dataset/P/CP/026-120.jpg,P,Pavement,CP,Cracked,1,P/CP
C:\Users\sumit\Desktop\kavita_capstone\dataset\D\UD\7043-33.jpg,dataset/D/UD/7043-33.jpg,D,Deck,UD,Uncracked,0,D/UD
C:\Users\sumit\Desktop\kavita_capstone\dataset\D\CD\7017-60.jpg,dataset/D/CD/7017-60.jpg,D,Deck,CD,Cracked,1,D/CD
C:\Users\sumit\Desktop\kavita_capstone\dataset\W\CW\7093-234.jpg,dataset/W/CW/7093-234.jpg,W,Wall,CW,Cracked,1,W/CW
C:\Users\sumit\Desktop\kavita_capstone\dataset\P\CP\102-96.jpg,dataset/P/CP/102-96.jpg,P,Pavement,CP,Cracked,1,P/CP
C:\Users\sumit\Desktop\kavita_capstone\dataset\D\UD\7025-133.jpg,dataset/D/UD/7025-133.jpg,D,Deck,UD,Uncracked,0,D/UD
C:\Users\sumit\Desktop\kavita_capstone\dataset\P\CP\091-75.jpg,dataset/P/CP/091-75.jpg,P,Pavement,CP,Cracked,1,P/CP
C:\Users\sumit\Desktop\kavita_capstone\dataset\D\UD\7045-195.jpg,dataset/D/UD/7045-195.jpg,D,Deck,UD,Uncracked,0,D/UD
C:\Users\sumit\Desktop\kavita_capstone\dataset\D\CD\7017-130.jpg,dataset/D/CD/7017-130.jpg,D,Deck,CD,Cracked,1,D/CD
C:\Users\sumit\Desktop\kavita_capstone\dataset\W\UW\7126-65.jpg,dataset/W/UW/7126-65.jpg,W,Wall,UW,Uncracked,0,W/UW
C:\Users\sumit\Desktop\kavita_capstone\dataset\D\UD\7027-69.jpg,dataset/D/UD/7027-69.jpg,D,Deck,UD,Uncracked,0,D/UD
C:\Users\sumit\Desktop\kavita_capstone\dataset\D\UD\7027-184.jpg,dataset/D/UD/7027-184.jpg,D,Deck,UD,Uncracked,0,D/UD
C:\Users\sumit\Desktop\kavita_capstone\dataset\D\CD\7002-64.jpg,dataset/D/CD/7002-64.jpg,D,Deck,CD,Cracked,1,D/CD
C:\Users\sumit\Desktop\kavita_capstone\dataset\W\UW\7083-37.jpg,dataset/W/UW/7083-37.jpg,W,Wall,UW,Uncracked,0,W/UW
C:\Users\sumit\Desktop\kavita_capstone\dataset\P\CP\072-123.jpg,dataset/P/CP/072-123.jpg,P,Pavement,CP,Cracked,1,P/CP
C:\Users\sumit\Desktop\kavita_capstone\dataset\D\CD\7030-88.jpg,dataset/D/CD/7030-88.jpg,D,Deck,CD,Cracked,1,D/CD
C:\Users\sumit\Desktop\kavita_capstone\dataset\D\CD\7039-151.jpg,dataset/D/CD/7039-151.jpg,D,Deck,CD,Cracked,1,D/CD
C:\Users\sumit\Desktop\kavita_capstone\dataset\W\UW\7088-174.jpg,dataset/W/UW/7088-174.jpg,W,Wall,UW,Uncracked,0,W/UW
C:\Users\sumit\Desktop\kavita_capstone\dataset\D\UD\7031-185.jpg,dataset/D/UD/7031-185.jpg,D,Deck,UD,Uncracked,0,D/UD
C:\Users\sumit\Desktop\kavita_capstone\dataset\P\UP\051-34.jpg,dataset/P/UP/051-34.jpg,P,Pavement,UP,Uncracked,0,P/UP
C:\Users\sumit\Desktop\kavita_capstone\dataset\D\UD\7052-231.jpg,dataset/D/UD/7052-231.jpg,D,Deck,UD,Uncracked,0,D/UD
C:\Users\sumit\Desktop\kavita_capstone\dataset\P\CP\010-113.jpg,dataset/P/CP/010-113.jpg,P,Pavement,CP,Cracked,1,P/CP
C:\Users\sumit\Desktop\kavita_capstone\dataset\P\CP\085-120.jpg,dataset/P/CP/085-120.jpg,P,Pavement,CP,Cracked,1,P/CP
C:\Users\sumit\Desktop\kavita_capstone\dataset\P\CP\009-88.jpg,dataset/P/CP/009-88.jpg,P,Pavement,CP,Cracked,1,P/CP
C:\Users\sumit\Desktop\kavita_capstone\dataset\D\UD\7047-211.jpg,dataset/D/UD/7047-211.jpg,D,Deck,UD,Uncracked,0,D/UD
C:\Users\sumit\Desktop\kavita_capstone\dataset\P\UP\080-100.jpg,dataset/P/UP/080-100.jpg,P,Pavement,UP,Uncracked,0,P/UP
C:\Users\sumit\Desktop\kavita_capstone\dataset\P\CP\099-106.jpg,dataset/P/CP/099-106.jpg,P,Pavement,CP,Cracked,1,P/CP
C:\Users\sumit\Desktop\kavita_capstone\dataset\D\UD\7004-221.jpg,dataset/D/UD/7004-221.jpg,D,Deck,UD,Uncracked,0,D/UD
C:\Users\sumit\Desktop\kavita_capstone\dataset\D\UD\7052-143.jpg,dataset/D/UD/7052-143.jpg,D,Deck,UD,Uncracked,0,D/UD
C:\Users\sumit\Desktop\kavita_capstone\dataset\D\UD\7041-46.jpg,dataset/D/UD/7041-46.jpg,D,Deck,UD,Uncracked,0,D/UD
C:\Users\sumit\Desktop\kavita_capstone\dataset\P\UP\047-65.jpg,dataset/P/UP/047-65.jpg,P,Pavement,UP,Uncracked,0,P/UP
C:\Users\sumit\Desktop\kavita_capstone\dataset\P\UP\038-173.jpg,dataset/P/UP/038-173.jpg,P,Pavement,UP,Uncracked,0,P/UP
C:\Users\sumit\Desktop\kavita_capstone\dataset\D\CD\7003-227.jpg,dataset/D/CD/7003-227.jpg,D,Deck,CD,Cracked,1,D/CD
C:\Users\sumit\Desktop\kavita_capstone\dataset\P\CP\027-100.jpg,dataset/P/CP/027-100.jpg,P,Pavement,CP,Cracked,1,P/CP
C:\Users\sumit\Desktop\kavita_capstone\dataset\W\UW\7129-62.jpg,dataset/W/UW/7129-62.jpg,W,Wall,UW,Uncracked,0,W/UW
C:\Users\sumit\Desktop\kavita_capstone\dataset\W\CW\7116-6.jpg,dataset/W/CW/7116-6.jpg,W,Wall,CW,Cracked,1,W/CW
C:\Users\sumit\Desktop\kavita_capstone\dataset\W\UW\7111-4.jpg,dataset/W/UW/7111-4.jpg,W,Wall,UW,Uncracked,0,W/UW
C:\Users\sumit\Desktop\kavita_capstone\dataset\W\UW\7128-70.jpg,dataset/W/UW/7128-70.jpg,W,Wall,UW,Uncracked,0,W/UW
C:\Users\sumit\Desktop\kavita_capstone\dataset\P\UP\009-44.jpg,dataset/P/UP/009-44.jpg,P,Pavement,UP,Uncracked,0,P/UP
C:\Users\sumit\Desktop\kavita_capstone\dataset\W\CW\7112-228.jpg,dataset/W/CW/7112-228.jpg,W,Wall,CW,Cracked,1,W/CW
C:\Users\sumit\Desktop\kavita_capstone\dataset\D\CD\7004-120.jpg,dataset/D/CD/7004-120.jpg,D,Deck,CD,Cracked,1,D/CD
C:\Users\sumit\Desktop\kavita_capstone\dataset\W\UW\7095-99.jpg,dataset/W/UW/7095-99.jpg,W,Wall,UW,Uncracked,0,W/UW
C:\Users\sumit\Desktop\kavita_capstone\dataset\D\CD\7044-54.jpg,dataset/D/CD/7044-54.jpg,D,Deck,CD,Cracked,1,D/CD
C:\Users\sumit\Desktop\kavita_capstone\dataset\W\CW\7095-173.jpg,dataset/W/CW/7095-173.jpg,W,Wall,CW,Cracked,1,W/CW
C:\Users\sumit\Desktop\kavita_capstone\dataset\D\UD\7008-20.jpg,dataset/D/UD/7008-20.jpg,D,Deck,UD,Uncracked,0,D/UD
C:\Users\sumit\Desktop\kavita_capstone\dataset\W\UW\7137-190.jpg,dataset/W/UW/7137-190.jpg,W,Wall,UW,Uncracked,0,W/UW
C:\Users\sumit\Desktop\kavita_capstone\dataset\P\CP\012-97.jpg,dataset/P/CP/012-97.jpg,P,Pavement,CP,Cracked,1,P/CP
C:\Users\sumit\Desktop\kavita_capstone\dataset\P\UP\012-33.jpg,dataset/P/UP/012-33.jpg,P,Pavement,UP,Uncracked,0,P/UP
C:\Users\sumit\Desktop\kavita_capstone\dataset\P\UP\064-16.jpg,dataset/P/UP/064-16.jpg,P,Pavement,UP,Uncracked,0,P/UP
C:\Users\sumit\Desktop\kavita_capstone\dataset\W\UW\7103-220.jpg,dataset/W/UW/7103-220.jpg,W,Wall,UW,Uncracked,0,W/UW
C:\Users\sumit\Desktop\kavita_capstone\dataset\P\UP\022-21.jpg,dataset/P/UP/022-21.jpg,P,Pavement,UP,Uncracked,0,P/UP
C:\Users\sumit\Desktop\kavita_capstone\dataset\P\CP\102-116.jpg,dataset/P/CP/102-116.jpg,P,Pavement,CP,Cracked,1,P/CP
C:\Users\sumit\Desktop\kavita_capstone\dataset\W\CW\7124-135.jpg,dataset/W/CW/7124-135.jpg,W,Wall,CW,Cracked,1,W/CW
C:\Users\sumit\Desktop\kavita_capstone\dataset\W\CW\7094-226.jpg,dataset/W/CW/7094-226.jpg,W,Wall,CW,Cracked,1,W/CW
C:\Users\sumit\Desktop\kavita_capstone\dataset\W\CW\7069-222.jpg,dataset/W/CW/7069-222.jpg,W,Wall,CW,Cracked,1,W/CW
C:\Users\sumit\Desktop\kavita_capstone\dataset\D\UD\7008-102.jpg,dataset/D/UD/7008-102.jpg,D,Deck,UD,Uncracked,0,D/UD
C:\Users\sumit\Desktop\kavita_capstone\dataset\D\CD\7028-192.jpg,dataset/D/CD/7028-192.jpg,D,Deck,CD,Cracked,1,D/CD
C:\Users\sumit\Desktop\kavita_capstone\dataset\P\CP\034-76.jpg,dataset/P/CP/034-76.jpg,P,Pavement,CP,Cracked,1,P/CP
C:\Users\sumit\Desktop\kavita_capstone\dataset\W\CW\7113-120.jpg,dataset/W/CW/7113-120.jpg,W,Wall,CW,Cracked,1,W/CW
C:\Users\sumit\Desktop\kavita_capstone\dataset\D\CD\7021-109.jpg,dataset/D/CD/7021-109.jpg,D,Deck,CD,Cracked,1,D/CD
C:\Users\sumit\Desktop\kavita_capstone\dataset\P\UP\090-65.jpg,dataset/P/UP/090-65.jpg,P,Pavement,UP,Uncracked,0,P/UP
C:\Users\sumit\Desktop\kavita_capstone\dataset\D\CD\7051-217.jpg,dataset/D/CD/7051-217.jpg,D,Deck,CD,Cracked,1,D/CD
C:\Users\sumit\Desktop\kavita_capstone\dataset\P\CP\053-117.jpg,dataset/P/CP/053-117.jpg,P,Pavement,CP,Cracked,1,P/CP
C:\Users\sumit\Desktop\kavita_capstone\dataset\P\CP\019-63.jpg,dataset/P/CP/019-63.jpg,P,Pavement,CP,Cracked,1,P/CP
C:\Users\sumit\Desktop\kavita_capstone\dataset\P\CP\071-87.jpg,dataset/P/CP/071-87.jpg,P,Pavement,CP,Cracked,1,P/CP
C:\Users\sumit\Desktop\kavita_capstone\dataset\P\CP\062-96.jpg,dataset/P/CP/062-96.jpg,P,Pavement,CP,Cracked,1,P/CP
C:\Users\sumit\Desktop\kavita_capstone\dataset\D\UD\7043-122.jpg,dataset/D/UD/7043-122.jpg,D,Deck,UD,Uncracked,0,D/UD
C:\Users\sumit\Desktop\kavita_capstone\dataset\D\CD\7036-101.jpg,dataset/D/CD/7036-101.jpg,D,Deck,CD,Cracked,1,D/CD
C:\Users\sumit\Desktop\kavita_capstone\dataset\P\UP\091-56.jpg,dataset/P/UP/091-56.jpg,P,Pavement,UP,Uncracked,0,P/UP
C:\Users\sumit\Desktop\kavita_capstone\dataset\W\CW\7074-175.jpg,dataset/W/CW/7074-175.jpg,W,Wall,CW,Cracked,1,W/CW
C:\Users\sumit\Desktop\kavita_capstone\dataset\W\CW\7072-227.jpg,dataset/W/CW/7072-227.jpg,W,Wall,CW,Cracked,1,W/CW
C:\Users\sumit\Desktop\kavita_capstone\dataset\D\CD\7040-169.jpg,dataset/D/CD/7040-169.jpg,D,Deck,CD,Cracked,1,D/CD
C:\Users\sumit\Desktop\kavita_capstone\dataset\D\CD\7002-63.jpg,dataset/D/CD/7002-63.jpg,D,Deck,CD,Cracked,1,D/CD
C:\Users\sumit\Desktop\kavita_capstone\dataset\W\CW\7090-71.jpg,dataset/W/CW/7090-71.jpg,W,Wall,CW,Cracked,1,W/CW
C:\Users\sumit\Desktop\kavita_capstone\dataset\P\UP\057-152.jpg,dataset/P/UP/057-152.jpg,P,Pavement,UP,Uncracked,0,P/UP
C:\Users\sumit\Desktop\kavita_capstone\dataset\W\CW\7131-115.jpg,dataset/W/CW/7131-115.jpg,W,Wall,CW,Cracked,1,W/CW
C:\Users\sumit\Desktop\kavita_capstone\dataset\P\UP\073-142.jpg,dataset/P/UP/073-142.jpg,P,Pavement,UP,Uncracked,0,P/UP
C:\Users\sumit\Desktop\kavita_capstone\dataset\D\CD\7022-223.jpg,dataset/D/CD/7022-223.jpg,D,Deck,CD,Cracked,1,D/CD
C:\Users\sumit\Desktop\kavita_capstone\dataset\P\UP\076-140.jpg,dataset/P/UP/076-140.jpg,P,Pavement,UP,Uncracked,0,P/UP
C:\Users\sumit\Desktop\kavita_capstone\dataset\P\UP\004-162.jpg,dataset/P/UP/004-162.jpg,P,Pavement,UP,Uncracked,0,P/UP
C:\Users\sumit\Desktop\kavita_capstone\dataset\P\CP\018-48.jpg,dataset/P/CP/018-48.jpg,P,Pavement,CP,Cracked,1,P/CP
C:\Users\sumit\Desktop\kavita_capstone\dataset\D\UD\7025-142.jpg,dataset/D/UD/7025-142.jpg,D,Deck,UD,Uncracked,0,D/UD
C:\Users\sumit\Desktop\kavita_capstone\dataset\W\CW\7094-80.jpg,dataset/W/CW/7094-80.jpg,W,Wall,CW,Cracked,1,W/CW
C:\Users\sumit\Desktop\kavita_capstone\dataset\P\CP\087-22.jpg,dataset/P/CP/087-22.jpg,P,Pavement,CP,Cracked,1,P/CP
C:\Users\sumit\Desktop\kavita_capstone\dataset\D\CD\7039-85.jpg,dataset/D/CD/7039-85.jpg,D,Deck,CD,Cracked,1,D/CD
C:\Users\sumit\Desktop\kavita_capstone\dataset\P\UP\023-47.jpg,dataset/P/UP/023-47.jpg,P,Pavement,UP,Uncracked,0,P/UP
C:\Users\sumit\Desktop\kavita_capstone\dataset\W\UW\7123-65.jpg,dataset/W/UW/7123-65.jpg,W,Wall,UW,Uncracked,0,W/UW
C:\Users\sumit\Desktop\kavita_capstone\dataset\P\UP\031-130.jpg,dataset/P/UP/031-130.jpg,P,Pavement,UP,Uncracked,0,P/UP
C:\Users\sumit\Desktop\kavita_capstone\dataset\W\UW\7116-244.jpg,dataset/W/UW/7116-244.jpg,W,Wall,UW,Uncracked,0,W/UW
C:\Users\sumit\Desktop\kavita_capstone\dataset\W\UW\7132-65.jpg,dataset/W/UW/7132-65.jpg,W,Wall,UW,Uncracked,0,W/UW
C:\Users\sumit\Desktop\kavita_capstone\dataset\W\CW\7078-189.jpg,dataset/W/CW/7078-189.jpg,W,Wall,CW,Cracked,1,W/CW
C:\Users\sumit\Desktop\kavita_capstone\dataset\P\CP\023-12.jpg,dataset/P/CP/023-12.jpg,P,Pavement,CP,Cracked,1,P/CP
C:\Users\sumit\Desktop\kavita_capstone\dataset\P\CP\083-120.jpg,dataset/P/CP/083-120.jpg,P,Pavement,CP,Cracked,1,P/CP
C:\Users\sumit\Desktop\kavita_capstone\dataset\W\CW\7129-223.jpg,dataset/W/CW/7129-223.jpg,W,Wall,CW,Cracked,1,W/CW
C:\Users\sumit\Desktop\kavita_capstone\dataset\D\CD\7019-21.jpg,dataset/D/CD/7019-21.jpg,D,Deck,CD,Cracked,1,D/CD
C:\Users\sumit\Desktop\kavita_capstone\dataset\W\CW\7137-65.jpg,dataset/W/CW/7137-65.jpg,W,Wall,CW,Cracked,1,W/CW
C:\Users\sumit\Desktop\kavita_capstone\dataset\D\UD\7036-205.jpg,dataset/D/UD/7036-205.jpg,D,Deck,UD,Uncracked,0,D/UD
C:\Users\sumit\Desktop\kavita_capstone\dataset\W\UW\7120-212.jpg,dataset/W/UW/7120-212.jpg,W,Wall,UW,Uncracked,0,W/UW
C:\Users\sumit\Desktop\kavita_capstone\dataset\W\CW\7101-226.jpg,dataset/W/CW/7101-226.jpg,W,Wall,CW,Cracked,1,W/CW
C:\Users\sumit\Desktop\kavita_capstone\dataset\W\CW\7088-178.jpg,dataset/W/CW/7088-178.jpg,W,Wall,CW,Cracked,1,W/CW
C:\Users\sumit\Desktop\kavita_capstone\dataset\W\UW\7104-242.jpg,dataset/W/UW/7104-242.jpg,W,Wall,UW,Uncracked,0,W/UW
C:\Users\sumit\Desktop\kavita_capstone\dataset\P\UP\051-190.jpg,dataset/P/UP/051-190.jpg,P,Pavement,UP,Uncracked,0,P/UP
C:\Users\sumit\Desktop\kavita_capstone\dataset\D\CD\7021-39.jpg,dataset/D/CD/7021-39.jpg,D,Deck,CD,Cracked,1,D/CD
C:\Users\sumit\Desktop\kavita_capstone\dataset\P\CP\075-138.jpg,dataset/P/CP/075-138.jpg,P,Pavement,CP,Cracked,1,P/CP
C:\Users\sumit\Desktop\kavita_capstone\dataset\P\CP\054-112.jpg,dataset/P/CP/054-112.jpg,P,Pavement,CP,Cracked,1,P/CP
C:\Users\sumit\Desktop\kavita_capstone\dataset\P\UP\055-35.jpg,dataset/P/UP/055-35.jpg,P,Pavement,UP,Uncracked,0,P/UP
C:\Users\sumit\Desktop\kavita_capstone\dataset\W\UW\7078-200.jpg,dataset/W/UW/7078-200.jpg,W,Wall,UW,Uncracked,0,W/UW
C:\Users\sumit\Desktop\kavita_capstone\dataset\D\CD\7051-153.jpg,dataset/D/CD/7051-153.jpg,D,Deck,CD,Cracked,1,D/CD
C:\Users\sumit\Desktop\kavita_capstone\dataset\W\CW\7092-92.jpg,dataset/W/CW/7092-92.jpg,W,Wall,CW,Cracked,1,W/CW
C:\Users\sumit\Desktop\kavita_capstone\dataset\P\CP\048-122.jpg,dataset/P/CP/048-122.jpg,P,Pavement,CP,Cracked,1,P/CP
C:\Users\sumit\Desktop\kavita_capstone\dataset\P\CP\062-100.jpg,dataset/P/CP/062-100.jpg,P,Pavement,CP,Cracked,1,P/CP
C:\Users\sumit\Desktop\kavita_capstone\dataset\W\CW\7121-29.jpg,dataset/W/CW/7121-29.jpg,W,Wall,CW,Cracked,1,W/CW
C:\Users\sumit\Desktop\kavita_capstone\dataset\D\UD\7029-87.jpg,dataset/D/UD/7029-87.jpg,D,Deck,UD,Uncracked,0,D/UD
C:\Users\sumit\Desktop\kavita_capstone\dataset\D\UD\7029-71.jpg,dataset/D/UD/7029-71.jpg,D,Deck,UD,Uncracked,0,D/UD
C:\Users\sumit\Desktop\kavita_capstone\dataset\P\UP\027-104.jpg,dataset/P/UP/027-104.jpg,P,Pavement,UP,Uncracked,0,P/UP
C:\Users\sumit\Desktop\kavita_capstone\dataset\P\UP\008-58.jpg,dataset/P/UP/008-58.jpg,P,Pavement,UP,Uncracked,0,P/UP
C:\Users\sumit\Desktop\kavita_capstone\dataset\P\CP\030-213.jpg,dataset/P/CP/030-213.jpg,P,Pavement,CP,Cracked,1,P/CP
C:\Users\sumit\Desktop\kavita_capstone\dataset\W\CW\7086-58.jpg,dataset/W/CW/7086-58.jpg,W,Wall,CW,Cracked,1,W/CW
C:\Users\sumit\Desktop\kavita_capstone\dataset\P\CP\036-79.jpg,dataset/P/CP/036-79.jpg,P,Pavement,CP,Cracked,1,P/CP
C:\Users\sumit\Desktop\kavita_capstone\dataset\W\CW\7093-94.jpg,dataset/W/CW/7093-94.jpg,W,Wall,CW,Cracked,1,W/CW
C:\Users\sumit\Desktop\kavita_capstone\dataset\P\UP\028-92.jpg,dataset/P/UP/028-92.jpg,P,Pavement,UP,Uncracked,0,P/UP
C:\Users\sumit\Desktop\kavita_capstone\dataset\D\CD\7026-119.jpg,dataset/D/CD/7026-119.jpg,D,Deck,CD,Cracked,1,D/CD
C:\Users\sumit\Desktop\kavita_capstone\dataset\W\CW\7087-63.jpg,dataset/W/CW/7087-63.jpg,W,Wall,CW,Cracked,1,W/CW
C:\Users\sumit\Desktop\kavita_capstone\dataset\P\CP\055-154.jpg,dataset/P/CP/055-154.jpg,P,Pavement,CP,Cracked,1,P/CP
C:\Users\sumit\Desktop\kavita_capstone\dataset\D\UD\7005-103.jpg,dataset/D/UD/7005-103.jpg,D,Deck,UD,Uncracked,0,D/UD
C:\Users\sumit\Desktop\kavita_capstone\dataset\W\UW\7120-53.jpg,dataset/W/UW/7120-53.jpg,W,Wall,UW,Uncracked,0,W/UW
C:\Users\sumit\Desktop\kavita_capstone\dataset\P\UP\018-216.jpg,dataset/P/UP/018-216.jpg,P,Pavement,UP,Uncracked,0,P/UP
C:\Users\sumit\Desktop\kavita_capstone\dataset\W\UW\7098-30.jpg,dataset/W/UW/7098-30.jpg,W,Wall,UW,Uncracked,0,W/UW
C:\Users\sumit\Desktop\kavita_capstone\dataset\W\UW\7102-224.jpg,dataset/W/UW/7102-224.jpg,W,Wall,UW,Uncracked,0,W/UW
C:\Users\sumit\Desktop\kavita_capstone\dataset\P\CP\095-113.jpg,dataset/P/CP/095-113.jpg,P,Pavement,CP,Cracked,1,P/CP
C:\Users\sumit\Desktop\kavita_capstone\dataset\P\UP\029-77.jpg,dataset/P/UP/029-77.jpg,P,Pavement,UP,Uncracked,0,P/UP
C:\Users\sumit\Desktop\kavita_capstone\dataset\W\CW\7088-195.jpg,dataset/W/CW/7088-195.jpg,W,Wall,CW,Cracked,1,W/CW
C:\Users\sumit\Desktop\kavita_capstone\dataset\D\CD\7012-86.jpg,dataset/D/CD/7012-86.jpg,D,Deck,CD,Cracked,1,D/CD
C:\Users\sumit\Desktop\kavita_capstone\dataset\D\UD\7018-135.jpg,dataset/D/UD/7018-135.jpg,D,Deck,UD,Uncracked,0,D/UD
C:\Users\sumit\Desktop\kavita_capstone\dataset\P\CP\095-134.jpg,dataset/P/CP/095-134.jpg,P,Pavement,CP,Cracked,1,P/CP
C:\Users\sumit\Desktop\kavita_capstone\dataset\D\CD\7004-126.jpg,dataset/D/CD/7004-126.jpg,D,Deck,CD,Cracked,1,D/CD
C:\Users\sumit\Desktop\kavita_capstone\dataset\D\UD\7040-68.jpg,dataset/D/UD/7040-68.jpg,D,Deck,UD,Uncracked,0,D/UD
C:\Users\sumit\Desktop\kavita_capstone\dataset\P\UP\043-216.jpg,dataset/P/UP/043-216.jpg,P,Pavement,UP,Uncracked,0,P/UP
C:\Users\sumit\Desktop\kavita_capstone\dataset\W\UW\7095-141.jpg,dataset/W/UW/7095-141.jpg,W,Wall,UW,Uncracked,0,W/UW
C:\Users\sumit\Desktop\kavita_capstone\dataset\D\UD\7028-13.jpg,dataset/D/UD/7028-13.jpg,D,Deck,UD,Uncracked,0,D/UD
C:\Users\sumit\Desktop\kavita_capstone\dataset\D\UD\7053-46.jpg,dataset/D/UD/7053-46.jpg,D,Deck,UD,Uncracked,0,D/UD
C:\Users\sumit\Desktop\kavita_capstone\dataset\D\UD\7001-186.jpg,dataset/D/UD/7001-186.jpg,D,Deck,UD,Uncracked,0,D/UD
C:\Users\sumit\Desktop\kavita_capstone\dataset\P\CP\002-126.jpg,dataset/P/CP/002-126.jpg,P,Pavement,CP,Cracked,1,P/CP
C:\Users\sumit\Desktop\kavita_capstone\dataset\D\CD\7049-128.jpg,dataset/D/CD/7049-128.jpg,D,Deck,CD,Cracked,1,D/CD
C:\Users\sumit\Desktop\kavita_capstone\dataset\D\CD\7010-117.jpg,dataset/D/CD/7010-117.jpg,D,Deck,CD,Cracked,1,D/CD
C:\Users\sumit\Desktop\kavita_capstone\dataset\W\UW\7100-71.jpg,dataset/W/UW/7100-71.jpg,W,Wall,UW,Uncracked,0,W/UW
C:\Users\sumit\Desktop\kavita_capstone\dataset\D\UD\7009-224.jpg,dataset/D/UD/7009-224.jpg,D,Deck,UD,Uncracked,0,D/UD
C:\Users\sumit\Desktop\kavita_capstone\dataset\D\CD\7012-187.jpg,dataset/D/CD/7012-187.jpg,D,Deck,CD,Cracked,1,D/CD
C:\Users\sumit\Desktop\kavita_capstone\dataset\P\CP\044-81.jpg,dataset/P/CP/044-81.jpg,P,Pavement,CP,Cracked,1,P/CP
C:\Users\sumit\Desktop\kavita_capstone\dataset\D\UD\7016-161.jpg,dataset/D/UD/7016-161.jpg,D,Deck,UD,Uncracked,0,D/UD
C:\Users\sumit\Desktop\kavita_capstone\dataset\W\UW\7081-4.jpg,dataset/W/UW/7081-4.jpg,W,Wall,UW,Uncracked,0,W/UW
C:\Users\sumit\Desktop\kavita_capstone\dataset\P\UP\096-226.jpg,dataset/P/UP/096-226.jpg,P,Pavement,UP,Uncracked,0,P/UP
C:\Users\sumit\Desktop\kavita_capstone\dataset\W\CW\7086-130.jpg,dataset/W/CW/7086-130.jpg,W,Wall,CW,Cracked,1,W/CW
C:\Users\sumit\Desktop\kavita_capstone\dataset\P\UP\047-55.jpg,dataset/P/UP/047-55.jpg,P,Pavement,UP,Uncracked,0,P/UP
C:\Users\sumit\Desktop\kavita_capstone\dataset\D\UD\7029-120.jpg,dataset/D/UD/7029-120.jpg,D,Deck,UD,Uncracked,0,D/UD
C:\Users\sumit\Desktop\kavita_capstone\dataset\P\UP\056-193.jpg,dataset/P/UP/056-193.jpg,P,Pavement,UP,Uncracked,0,P/UP
C:\Users\sumit\Desktop\kavita_capstone\dataset\W\UW\7074-213.jpg,dataset/W/UW/7074-213.jpg,W,Wall,UW,Uncracked,0,W/UW
C:\Users\sumit\Desktop\kavita_capstone\dataset\D\CD\7015-193.jpg,dataset/D/CD/7015-193.jpg,D,Deck,CD,Cracked,1,D/CD
C:\Users\sumit\Desktop\kavita_capstone\dataset\P\CP\086-78.jpg,dataset/P/CP/086-78.jpg,P,Pavement,CP,Cracked,1,P/CP
C:\Users\sumit\Desktop\kavita_capstone\dataset\P\CP\019-46.jpg,dataset/P/CP/019-46.jpg,P,Pavement,CP,Cracked,1,P/CP
C:\Users\sumit\Desktop\kavita_capstone\dataset\D\CD\7007-241.jpg,dataset/D/CD/7007-241.jpg,D,Deck,CD,Cracked,1,D/CD
C:\Users\sumit\Desktop\kavita_capstone\dataset\P\CP\062-110.jpg,dataset/P/CP/062-110.jpg,P,Pavement,CP,Cracked,1,P/CP
C:\Users\sumit\Desktop\kavita_capstone\dataset\P\UP\042-49.jpg,dataset/P/UP/042-49.jpg,P,Pavement,UP,Uncracked,0,P/UP
C:\Users\sumit\Desktop\kavita_capstone\dataset\P\UP\036-168.jpg,dataset/P/UP/036-168.jpg,P,Pavement,UP,Uncracked,0,P/UP
C:\Users\sumit\Desktop\kavita_capstone\dataset\D\CD\7040-44.jpg,dataset/D/CD/7040-44.jpg,D,Deck,CD,Cracked,1,D/CD
C:\Users\sumit\Desktop\kavita_capstone\dataset\P\CP\076-116.jpg,dataset/P/CP/076-116.jpg,P,Pavement,CP,Cracked,1,P/CP
C:\Users\sumit\Desktop\kavita_capstone\dataset\W\UW\7105-5.jpg,dataset/W/UW/7105-5.jpg,W,Wall,UW,Uncracked,0,W/UW
C:\Users\sumit\Desktop\kavita_capstone\dataset\D\UD\7020-12.jpg,dataset/D/UD/7020-12.jpg,D,Deck,UD,Uncracked,0,D/UD
C:\Users\sumit\Desktop\kavita_capstone\dataset\D\UD\7026-245.jpg,dataset/D/UD/7026-245.jpg,D,Deck,UD,Uncracked,0,D/UD
C:\Users\sumit\Desktop\kavita_capstone\dataset\P\UP\048-74.jpg,dataset/P/UP/048-74.jpg,P,Pavement,UP,Uncracked,0,P/UP
C:\Users\sumit\Desktop\kavita_capstone\dataset\P\UP\034-165.jpg,dataset/P/UP/034-165.jpg,P,Pavement,UP,Uncracked,0,P/UP
C:\Users\sumit\Desktop\kavita_capstone\dataset\W\UW\7082-230.jpg,dataset/W/UW/7082-230.jpg,W,Wall,UW,Uncracked,0,W/UW
C:\Users\sumit\Desktop\kavita_capstone\dataset\W\UW\7134-129.jpg,dataset/W/UW/7134-129.jpg,W,Wall,UW,Uncracked,0,W/UW
C:\Users\sumit\Desktop\kavita_capstone\dataset\W\UW\7109-207.jpg,dataset/W/UW/7109-207.jpg,W,Wall,UW,Uncracked,0,W/UW
C:\Users\sumit\Desktop\kavita_capstone\dataset\P\UP\064-33.jpg,dataset/P/UP/064-33.jpg,P,Pavement,UP,Uncracked,0,P/UP
C:\Users\sumit\Desktop\kavita_capstone\dataset\W\CW\7086-213.jpg,dataset/W/CW/7086-213.jpg,W,Wall,CW,Cracked,1,W/CW
C:\Users\sumit\Desktop\kavita_capstone\dataset\P\CP\088-100.jpg,dataset/P/CP/088-100.jpg,P,Pavement,CP,Cracked,1,P/CP
C:\Users\sumit\Desktop\kavita_capstone\dataset\P\UP\009-54.jpg,dataset/P/UP/009-54.jpg,P,Pavement,UP,Uncracked,0,P/UP
C:\Users\sumit\Desktop\kavita_capstone\dataset\P\UP\016-76.jpg,dataset/P/UP/016-76.jpg,P,Pavement,UP,Uncracked,0,P/UP
C:\Users\sumit\Desktop\kavita_capstone\dataset\D\UD\7039-188.jpg,dataset/D/UD/7039-188.jpg,D,Deck,UD,Uncracked,0,D/UD
C:\Users\sumit\Desktop\kavita_capstone\dataset\P\CP\089-99.jpg,dataset/P/CP/089-99.jpg,P,Pavement,CP,Cracked,1,P/CP
C:\Users\sumit\Desktop\kavita_capstone\dataset\P\UP\078-84.jpg,dataset/P/UP/078-84.jpg,P,Pavement,UP,Uncracked,0,P/UP
C:\Users\sumit\Desktop\kavita_capstone\dataset\W\UW\7128-137.jpg,dataset/W/UW/7128-137.jpg,W,Wall,UW,Uncracked,0,W/UW
C:\Users\sumit\Desktop\kavita_capstone\dataset\P\UP\037-154.jpg,dataset/P/UP/037-154.jpg,P,Pavement,UP,Uncracked,0,P/UP
C:\Users\sumit\Desktop\kavita_capstone\dataset\W\UW\7125-24.jpg,dataset/W/UW/7125-24.jpg,W,Wall,UW,Uncracked,0,W/UW
C:\Users\sumit\Desktop\kavita_capstone\dataset\P\UP\060-129.jpg,dataset/P/UP/060-129.jpg,P,Pavement,UP,Uncracked,0,P/UP
C:\Users\sumit\Desktop\kavita_capstone\dataset\D\CD\7049-130.jpg,dataset/D/CD/7049-130.jpg,D,Deck,CD,Cracked,1,D/CD
C:\Users\sumit\Desktop\kavita_capstone\dataset\P\UP\052-175.jpg,dataset/P/UP/052-175.jpg,P,Pavement,UP,Uncracked,0,P/UP
C:\Users\sumit\Desktop\kavita_capstone\dataset\W\CW\7092-168.jpg,dataset/W/CW/7092-168.jpg,W,Wall,CW,Cracked,1,W/CW
C:\Users\sumit\Desktop\kavita_capstone\dataset\P\CP\013-48.jpg,dataset/P/CP/013-48.jpg,P,Pavement,CP,Cracked,1,P/CP
C:\Users\sumit\Desktop\kavita_capstone\dataset\W\CW\7118-152.jpg,dataset/W/CW/7118-152.jpg,W,Wall,CW,Cracked,1,W/CW
C:\Users\sumit\Desktop\kavita_capstone\dataset\W\UW\7108-85.jpg,dataset/W/UW/7108-85.jpg,W,Wall,UW,Uncracked,0,W/UW
C:\Users\sumit\Desktop\kavita_capstone\dataset\D\CD\7028-186.jpg,dataset/D/CD/7028-186.jpg,D,Deck,CD,Cracked,1,D/CD
C:\Users\sumit\Desktop\kavita_capstone\dataset\W\UW\7126-169.jpg,dataset/W/UW/7126-169.jpg,W,Wall,UW,Uncracked,0,W/UW
C:\Users\sumit\Desktop\kavita_capstone\dataset\D\CD\7052-45.jpg,dataset/D/CD/7052-45.jpg,D,Deck,CD,Cracked,1,D/CD
C:\Users\sumit\Desktop\kavita_capstone\dataset\W\UW\7082-198.jpg,dataset/W/UW/7082-198.jpg,W,Wall,UW,Uncracked,0,W/UW
C:\Users\sumit\Desktop\kavita_capstone\dataset\W\UW\7104-235.jpg,dataset/W/UW/7104-235.jpg,W,Wall,UW,Uncracked,0,W/UW
C:\Users\sumit\Desktop\kavita_capstone\dataset\D\CD\7016-87.jpg,dataset/D/CD/7016-87.jpg,D,Deck,CD,Cracked,1,D/CD
C:\Users\sumit\Desktop\kavita_capstone\dataset\W\CW\7118-88.jpg,dataset/W/CW/7118-88.jpg,W,Wall,CW,Cracked,1,W/CW
C:\Users\sumit\Desktop\kavita_capstone\dataset\W\UW\7076-166.jpg,dataset/W/UW/7076-166.jpg,W,Wall,UW,Uncracked,0,W/UW
C:\Users\sumit\Desktop\kavita_capstone\dataset\P\UP\055-77.jpg,dataset/P/UP/055-77.jpg,P,Pavement,UP,Uncracked,0,P/UP
C:\Users\sumit\Desktop\kavita_capstone\dataset\P\CP\085-95.jpg,dataset/P/CP/085-95.jpg,P,Pavement,CP,Cracked,1,P/CP
C:\Users\sumit\Desktop\kavita_capstone\dataset\W\CW\7105-131.jpg,dataset/W/CW/7105-131.jpg,W,Wall,CW,Cracked,1,W/CW
C:\Users\sumit\Desktop\kavita_capstone\dataset\P\CP\027-40_2.jpg,dataset/P/CP/027-40_2.jpg,P,Pavement,CP,Cracked,1,P/CP
C:\Users\sumit\Desktop\kavita_capstone\dataset\D\CD\7026-145.jpg,dataset/D/CD/7026-145.jpg,D,Deck,CD,Cracked,1,D/CD
C:\Users\sumit\Desktop\kavita_capstone\dataset\D\CD\7046-137.jpg,dataset/D/CD/7046-137.jpg,D,Deck,CD,Cracked,1,D/CD
C:\Users\sumit\Desktop\kavita_capstone\dataset\W\UW\7106-23.jpg,dataset/W/UW/7106-23.jpg,W,Wall,UW,Uncracked,0,W/UW
C:\Users\sumit\Desktop\kavita_capstone\dataset\P\CP\061-117.jpg,dataset/P/CP/061-117.jpg,P,Pavement,CP,Cracked,1,P/CP
C:\Users\sumit\Desktop\kavita_capstone\dataset\D\UD\7038-91.jpg,dataset/D/UD/7038-91.jpg,D,Deck,UD,Uncracked,0,D/UD
C:\Users\sumit\Desktop\kavita_capstone\dataset\W\CW\7088-80.jpg,dataset/W/CW/7088-80.jpg,W,Wall,CW,Cracked,1,W/CW
C:\Users\sumit\Desktop\kavita_capstone\dataset\P\UP\037-141.jpg,dataset/P/UP/037-141.jpg,P,Pavement,UP,Uncracked,0,P/UP
C:\Users\sumit\Desktop\kavita_capstone\dataset\W\CW\7133-153.jpg,dataset/W/CW/7133-153.jpg,W,Wall,CW,Cracked,1,W/CW
C:\Users\sumit\Desktop\kavita_capstone\dataset\P\UP\009-195.jpg,dataset/P/UP/009-195.jpg,P,Pavement,UP,Uncracked,0,P/UP
C:\Users\sumit\Desktop\kavita_capstone\dataset\P\CP\094-120.jpg,dataset/P/CP/094-120.jpg,P,Pavement,CP,Cracked,1,P/CP
C:\Users\sumit\Desktop\kavita_capstone\dataset\D\UD\7033-139.jpg,dataset/D/UD/7033-139.jpg,D,Deck,UD,Uncracked,0,D/UD
C:\Users\sumit\Desktop\kavita_capstone\dataset\W\UW\7122-54.jpg,dataset/W/UW/7122-54.jpg,W,Wall,UW,Uncracked,0,W/UW
C:\Users\sumit\Desktop\kavita_capstone\dataset\P\CP\101-137.jpg,dataset/P/CP/101-137.jpg,P,Pavement,CP,Cracked,1,P/CP
C:\Users\sumit\Desktop\kavita_capstone\dataset\P\CP\074-125.jpg,dataset/P/CP/074-125.jpg,P,Pavement,CP,Cracked,1,P/CP
C:\Users\sumit\Desktop\kavita_capstone\dataset\D\CD\7048-96.jpg,dataset/D/CD/7048-96.jpg,D,Deck,CD,Cracked,1,D/CD
C:\Users\sumit\Desktop\kavita_capstone\dataset\W\CW\7125-225.jpg,dataset/W/CW/7125-225.jpg,W,Wall,CW,Cracked,1,W/CW
C:\Users\sumit\Desktop\kavita_capstone\dataset\D\UD\7045-228.jpg,dataset/D/UD/7045-228.jpg,D,Deck,UD,Uncracked,0,D/UD
C:\Users\sumit\Desktop\kavita_capstone\dataset\P\CP\011-86.jpg,dataset/P/CP/011-86.jpg,P,Pavement,CP,Cracked,1,P/CP
C:\Users\sumit\Desktop\kavita_capstone\dataset\P\CP\092-43.jpg,dataset/P/CP/092-43.jpg,P,Pavement,CP,Cracked,1,P/CP
C:\Users\sumit\Desktop\kavita_capstone\dataset\W\UW\7106-238.jpg,dataset/W/UW/7106-238.jpg,W,Wall,UW,Uncracked,0,W/UW
C:\Users\sumit\Desktop\kavita_capstone\dataset\P\CP\045-211.jpg,dataset/P/CP/045-211.jpg,P,Pavement,CP,Cracked,1,P/CP
C:\Users\sumit\Desktop\kavita_capstone\dataset\D\UD\7048-189.jpg,dataset/D/UD/7048-189.jpg,D,Deck,UD,Uncracked,0,D/UD
C:\Users\sumit\Desktop\kavita_capstone\dataset\P\UP\039-61.jpg,dataset/P/UP/039-61.jpg,P,Pavement,UP,Uncracked,0,P/UP
C:\Users\sumit\Desktop\kavita_capstone\dataset\W\CW\7085-169.jpg,dataset/W/CW/7085-169.jpg,W,Wall,CW,Cracked,1,W/CW
C:\Users\sumit\Desktop\kavita_capstone\dataset\P\CP\018-88.jpg,dataset/P/CP/018-88.jpg,P,Pavement,CP,Cracked,1,P/CP
C:\Users\sumit\Desktop\kavita_capstone\dataset\P\CP\046-97.jpg,dataset/P/CP/046-97.jpg,P,Pavement,CP,Cracked,1,P/CP
C:\Users\sumit\Desktop\kavita_capstone\dataset\P\CP\021-104.jpg,dataset/P/CP/021-104.jpg,P,Pavement,CP,Cracked,1,P/CP
C:\Users\sumit\Desktop\kavita_capstone\dataset\P\CP\104-39.jpg,dataset/P/CP/104-39.jpg,P,Pavement,CP,Cracked,1,P/CP
C:\Users\sumit\Desktop\kavita_capstone\dataset\W\UW\7117-107.jpg,dataset/W/UW/7117-107.jpg,W,Wall,UW,Uncracked,0,W/UW
C:\Users\sumit\Desktop\kavita_capstone\dataset\W\UW\7105-249.jpg,dataset/W/UW/7105-249.jpg,W,Wall,UW,Uncracked,0,W/UW
C:\Users\sumit\Desktop\kavita_capstone\dataset\P\UP\056-63.jpg,dataset/P/UP/056-63.jpg,P,Pavement,UP,Uncracked,0,P/UP
C:\Users\sumit\Desktop\kavita_capstone\dataset\W\CW\7119-245.jpg,dataset/W/CW/7119-245.jpg,W,Wall,CW,Cracked,1,W/CW
C:\Users\sumit\Desktop\kavita_capstone\dataset\P\CP\050-75.jpg,dataset/P/CP/050-75.jpg,P,Pavement,CP,Cracked,1,P/CP
C:\Users\sumit\Desktop\kavita_capstone\dataset\D\CD\7026-74.jpg,dataset/D/CD/7026-74.jpg,D,Deck,CD,Cracked,1,D/CD
C:\Users\sumit\Desktop\kavita_capstone\dataset\P\CP\062-102.jpg,dataset/P/CP/062-102.jpg,P,Pavement,CP,Cracked,1,P/CP
C:\Users\sumit\Desktop\kavita_capstone\dataset\W\UW\7089-230.jpg,dataset/W/UW/7089-230.jpg,W,Wall,UW,Uncracked,0,W/UW
C:\Users\sumit\Desktop\kavita_capstone\dataset\D\CD\7039-22.jpg,dataset/D/CD/7039-22.jpg,D,Deck,CD,Cracked,1,D/CD
C:\Users\sumit\Desktop\kavita_capstone\dataset\W\CW\7084-28.jpg,dataset/W/CW/7084-28.jpg,W,Wall,CW,Cracked,1,W/CW
C:\Users\sumit\Desktop\kavita_capstone\dataset\P\CP\091-116.jpg,dataset/P/CP/091-116.jpg,P,Pavement,CP,Cracked,1,P/CP
C:\Users\sumit\Desktop\kavita_capstone\dataset\P\CP\091-98.jpg,dataset/P/CP/091-98.jpg,P,Pavement,CP,Cracked,1,P/CP
C:\Users\sumit\Desktop\kavita_capstone\dataset\P\UP\025-83.jpg,dataset/P/UP/025-83.jpg,P,Pavement,UP,Uncracked,0,P/UP
C:\Users\sumit\Desktop\kavita_capstone\dataset\W\UW\7126-67.jpg,dataset/W/UW/7126-67.jpg,W,Wall,UW,Uncracked,0,W/UW
C:\Users\sumit\Desktop\kavita_capstone\dataset\P\UP\064-196.jpg,dataset/P/UP/064-196.jpg,P,Pavement,UP,Uncracked,0,P/UP
C:\Users\sumit\Desktop\kavita_capstone\dataset\W\UW\7093-128.jpg,dataset/W/UW/7093-128.jpg,W,Wall,UW,Uncracked,0,W/UW
C:\Users\sumit\Desktop\kavita_capstone\dataset\P\CP\023-120.jpg,dataset/P/CP/023-120.jpg,P,Pavement,CP,Cracked,1,P/CP
C:\Users\sumit\Desktop\kavita_capstone\dataset\D\UD\7014-213.jpg,dataset/D/UD/7014-213.jpg,D,Deck,UD,Uncracked,0,D/UD
C:\Users\sumit\Desktop\kavita_capstone\dataset\D\CD\7026-166.jpg,dataset/D/CD/7026-166.jpg,D,Deck,CD,Cracked,1,D/CD
C:\Users\sumit\Desktop\kavita_capstone\dataset\D\UD\7009-70.jpg,dataset/D/UD/7009-70.jpg,D,Deck,UD,Uncracked,0,D/UD
C:\Users\sumit\Desktop\kavita_capstone\dataset\W\UW\7101-214.jpg,dataset/W/UW/7101-214.jpg,W,Wall,UW,Uncracked,0,W/UW
C:\Users\sumit\Desktop\kavita_capstone\dataset\D\CD\7046-77.jpg,dataset/D/CD/7046-77.jpg,D,Deck,CD,Cracked,1,D/CD
C:\Users\sumit\Desktop\kavita_capstone\dataset\P\CP\009-87.jpg,dataset/P/CP/009-87.jpg,P,Pavement,CP,Cracked,1,P/CP
C:\Users\sumit\Desktop\kavita_capstone\dataset\W\UW\7126-17.jpg,dataset/W/UW/7126-17.jpg,W,Wall,UW,Uncracked,0,W/UW
C:\Users\sumit\Desktop\kavita_capstone\dataset\D\UD\7037-40.jpg,dataset/D/UD/7037-40.jpg,D,Deck,UD,Uncracked,0,D/UD
C:\Users\sumit\Desktop\kavita_capstone\dataset\W\UW\7135-220.jpg,dataset/W/UW/7135-220.jpg,W,Wall,UW,Uncracked,0,W/UW
C:\Users\sumit\Desktop\kavita_capstone\dataset\D\UD\7033-122.jpg,dataset/D/UD/7033-122.jpg,D,Deck,UD,Uncracked,0,D/UD
C:\Users\sumit\Desktop\kavita_capstone\dataset\D\CD\7002-212.jpg,dataset/D/CD/7002-212.jpg,D,Deck,CD,Cracked,1,D/CD
C:\Users\sumit\Desktop\kavita_capstone\dataset\D\UD\7047-173.jpg,dataset/D/UD/7047-173.jpg,D,Deck,UD,Uncracked,0,D/UD
C:\Users\sumit\Desktop\kavita_capstone\dataset\D\CD\7012-191.jpg,dataset/D/CD/7012-191.jpg,D,Deck,CD,Cracked,1,D/CD
C:\Users\sumit\Desktop\kavita_capstone\dataset\D\CD\7012-31.jpg,dataset/D/CD/7012-31.jpg,D,Deck,CD,Cracked,1,D/CD
C:\Users\sumit\Desktop\kavita_capstone\dataset\W\CW\7126-185.jpg,dataset/W/CW/7126-185.jpg,W,Wall,CW,Cracked,1,W/CW
C:\Users\sumit\Desktop\kavita_capstone\dataset\P\UP\061-182.jpg,dataset/P/UP/061-182.jpg,P,Pavement,UP,Uncracked,0,P/UP
C:\Users\sumit\Desktop\kavita_capstone\dataset\P\CP\090-82.jpg,dataset/P/CP/090-82.jpg,P,Pavement,CP,Cracked,1,P/CP
C:\Users\sumit\Desktop\kavita_capstone\dataset\W\UW\7079-218.jpg,dataset/W/UW/7079-218.jpg,W,Wall,UW,Uncracked,0,W/UW
C:\Users\sumit\Desktop\kavita_capstone\dataset\P\CP\081-159.jpg,dataset/P/CP/081-159.jpg,P,Pavement,CP,Cracked,1,P/CP
C:\Users\sumit\Desktop\kavita_capstone\dataset\W\CW\7082-95.jpg,dataset/W/CW/7082-95.jpg,W,Wall,CW,Cracked,1,W/CW
C:\Users\sumit\Desktop\kavita_capstone\dataset\P\CP\068-92.jpg,dataset/P/CP/068-92.jpg,P,Pavement,CP,Cracked,1,P/CP
C:\Users\sumit\Desktop\kavita_capstone\dataset\P\CP\070-58.jpg,dataset/P/CP/070-58.jpg,P,Pavement,CP,Cracked,1,P/CP
C:\Users\sumit\Desktop\kavita_capstone\dataset\W\UW\7111-251.jpg,dataset/W/UW/7111-251.jpg,W,Wall,UW,Uncracked,0,W/UW
C:\Users\sumit\Desktop\kavita_capstone\dataset\D\UD\7048-29.jpg,dataset/D/UD/7048-29.jpg,D,Deck,UD,Uncracked,0,D/UD
C:\Users\sumit\Desktop\kavita_capstone\dataset\D\UD\7031-192.jpg,dataset/D/UD/7031-192.jpg,D,Deck,UD,Uncracked,0,D/UD
C:\Users\sumit\Desktop\kavita_capstone\dataset\D\CD\7015-51.jpg,dataset/D/CD/7015-51.jpg,D,Deck,CD,Cracked,1,D/CD
C:\Users\sumit\Desktop\kavita_capstone\dataset\D\UD\7044-58.jpg,dataset/D/UD/7044-58.jpg,D,Deck,UD,Uncracked,0,D/UD
C:\Users\sumit\Desktop\kavita_capstone\dataset\W\CW\7103-130.jpg,dataset/W/CW/7103-130.jpg,W,Wall,CW,Cracked,1,W/CW
C:\Users\sumit\Desktop\kavita_capstone\dataset\D\UD\7049-170.jpg,dataset/D/UD/7049-170.jpg,D,Deck,UD,Uncracked,0,D/UD
C:\Users\sumit\Desktop\kavita_capstone\dataset\D\CD\7049-73.jpg,dataset/D/CD/7049-73.jpg,D,Deck,CD,Cracked,1,D/CD
C:\Users\sumit\Desktop\kavita_capstone\dataset\P\CP\012-107.jpg,dataset/P/CP/012-107.jpg,P,Pavement,CP,Cracked,1,P/CP
C:\Users\sumit\Desktop\kavita_capstone\dataset\P\CP\086-234.jpg,dataset/P/CP/086-234.jpg,P,Pavement,CP,Cracked,1,P/CP
C:\Users\sumit\Desktop\kavita_capstone\dataset\P\CP\091-64.jpg,dataset/P/CP/091-64.jpg,P,Pavement,CP,Cracked,1,P/CP
C:\Users\sumit\Desktop\kavita_capstone\dataset\D\UD\7010-224.jpg,dataset/D/UD/7010-224.jpg,D,Deck,UD,Uncracked,0,D/UD
C:\Users\sumit\Desktop\kavita_capstone\dataset\W\UW\7130-110.jpg,dataset/W/UW/7130-110.jpg,W,Wall,UW,Uncracked,0,W/UW
C:\Users\sumit\Desktop\kavita_capstone\dataset\W\UW\7134-158.jpg,dataset/W/UW/7134-158.jpg,W,Wall,UW,Uncracked,0,W/UW
C:\Users\sumit\Desktop\kavita_capstone\dataset\W\UW\7071-248.jpg,dataset/W/UW/7071-248.jpg,W,Wall,UW,Uncracked,0,W/UW
C:\Users\sumit\Desktop\kavita_capstone\dataset\P\CP\067-77.jpg,dataset/P/CP/067-77.jpg,P,Pavement,CP,Cracked,1,P/CP
C:\Users\sumit\Desktop\kavita_capstone\dataset\W\CW\7083-60.jpg,dataset/W/CW/7083-60.jpg,W,Wall,CW,Cracked,1,W/CW
C:\Users\sumit\Desktop\kavita_capstone\dataset\W\UW\7095-236.jpg,dataset/W/UW/7095-236.jpg,W,Wall,UW,Uncracked,0,W/UW
C:\Users\sumit\Desktop\kavita_capstone\dataset\W\CW\7075-237.jpg,dataset/W/CW/7075-237.jpg,W,Wall,CW,Cracked,1,W/CW
C:\Users\sumit\Desktop\kavita_capstone\dataset\W\CW\7076-169.jpg,dataset/W/CW/7076-169.jpg,W,Wall,CW,Cracked,1,W/CW
C:\Users\sumit\Desktop\kavita_capstone\dataset\W\UW\7071-58.jpg,dataset/W/UW/7071-58.jpg,W,Wall,UW,Uncracked,0,W/UW
C:\Users\sumit\Desktop\kavita_capstone\dataset\W\UW\7120-54.jpg,dataset/W/UW/7120-54.jpg,W,Wall,UW,Uncracked,0,W/UW
C:\Users\sumit\Desktop\kavita_capstone\dataset\W\CW\7131-215.jpg,dataset/W/CW/7131-215.jpg,W,Wall,CW,Cracked,1,W/CW
C:\Users\sumit\Desktop\kavita_capstone\dataset\P\CP\013-29.jpg,dataset/P/CP/013-29.jpg,P,Pavement,CP,Cracked,1,P/CP
C:\Users\sumit\Desktop\kavita_capstone\dataset\W\UW\7103-246.jpg,dataset/W/UW/7103-246.jpg,W,Wall,UW,Uncracked,0,W/UW
C:\Users\sumit\Desktop\kavita_capstone\dataset\P\CP\071-62.jpg,dataset/P/CP/071-62.jpg,P,Pavement,CP,Cracked,1,P/CP
C:\Users\sumit\Desktop\kavita_capstone\dataset\D\UD\7032-24.jpg,dataset/D/UD/7032-24.jpg,D,Deck,UD,Uncracked,0,D/UD
C:\Users\sumit\Desktop\kavita_capstone\dataset\W\CW\7124-171.jpg,dataset/W/CW/7124-171.jpg,W,Wall,CW,Cracked,1,W/CW
C:\Users\sumit\Desktop\kavita_capstone\dataset\P\UP\015-16.jpg,dataset/P/UP/015-16.jpg,P,Pavement,UP,Uncracked,0,P/UP
C:\Users\sumit\Desktop\kavita_capstone\dataset\D\UD\7015-27.jpg,dataset/D/UD/7015-27.jpg,D,Deck,UD,Uncracked,0,D/UD
C:\Users\sumit\Desktop\kavita_capstone\dataset\D\UD\7031-108.jpg,dataset/D/UD/7031-108.jpg,D,Deck,UD,Uncracked,0,D/UD
C:\Users\sumit\Desktop\kavita_capstone\dataset\D\UD\7018-105.jpg,dataset/D/UD/7018-105.jpg,D,Deck,UD,Uncracked,0,D/UD
C:\Users\sumit\Desktop\kavita_capstone\dataset\P\UP\095-169.jpg,dataset/P/UP/095-169.jpg,P,Pavement,UP,Uncracked,0,P/UP
C:\Users\sumit\Desktop\kavita_capstone\dataset\D\UD\7040-37.jpg,dataset/D/UD/7040-37.jpg,D,Deck,UD,Uncracked,0,D/UD
C:\Users\sumit\Desktop\kavita_capstone\dataset\D\CD\7028-63.jpg,dataset/D/CD/7028-63.jpg,D,Deck,CD,Cracked,1,D/CD
C:\Users\sumit\Desktop\kavita_capstone\dataset\W\UW\7107-78.jpg,dataset/W/UW/7107-78.jpg,W,Wall,UW,Uncracked,0,W/UW
C:\Users\sumit\Desktop\kavita_capstone\dataset\P\CP\023-44.jpg,dataset/P/CP/023-44.jpg,P,Pavement,CP,Cracked,1,P/CP
C:\Users\sumit\Desktop\kavita_capstone\dataset\D\CD\7038-125.jpg,dataset/D/CD/7038-125.jpg,D,Deck,CD,Cracked,1,D/CD
C:\Users\sumit\Desktop\kavita_capstone\dataset\D\UD\7028-224.jpg,dataset/D/UD/7028-224.jpg,D,Deck,UD,Uncracked,0,D/UD
C:\Users\sumit\Desktop\kavita_capstone\dataset\D\UD\7017-251.jpg,dataset/D/UD/7017-251.jpg,D,Deck,UD,Uncracked,0,D/UD
C:\Users\sumit\Desktop\kavita_capstone\dataset\D\CD\7024-79.jpg,dataset/D/CD/7024-79.jpg,D,Deck,CD,Cracked,1,D/CD
C:\Users\sumit\Desktop\kavita_capstone\dataset\D\CD\7029-75.jpg,dataset/D/CD/7029-75.jpg,D,Deck,CD,Cracked,1,D/CD
C:\Users\sumit\Desktop\kavita_capstone\dataset\D\CD\7011-159.jpg,dataset/D/CD/7011-159.jpg,D,Deck,CD,Cracked,1,D/CD
C:\Users\sumit\Desktop\kavita_capstone\dataset\D\CD\7003-86.jpg,dataset/D/CD/7003-86.jpg,D,Deck,CD,Cracked,1,D/CD
C:\Users\sumit\Desktop\kavita_capstone\dataset\D\UD\7045-58.jpg,dataset/D/UD/7045-58.jpg,D,Deck,UD,Uncracked,0,D/UD
C:\Users\sumit\Desktop\kavita_capstone\dataset\W\UW\7136-67.jpg,dataset/W/UW/7136-67.jpg,W,Wall,UW,Uncracked,0,W/UW
C:\Users\sumit\Desktop\kavita_capstone\dataset\W\CW\7103-132.jpg,dataset/W/CW/7103-132.jpg,W,Wall,CW,Cracked,1,W/CW
C:\Users\sumit\Desktop\kavita_capstone\dataset\W\CW\7089-242.jpg,dataset/W/CW/7089-242.jpg,W,Wall,CW,Cracked,1,W/CW
C:\Users\sumit\Desktop\kavita_capstone\dataset\W\UW\7109-216.jpg,dataset/W/UW/7109-216.jpg,W,Wall,UW,Uncracked,0,W/UW
C:\Users\sumit\Desktop\kavita_capstone\dataset\P\UP\101-83.jpg,dataset/P/UP/101-83.jpg,P,Pavement,UP,Uncracked,0,P/UP
C:\Users\sumit\Desktop\kavita_capstone\dataset\W\CW\7078-149.jpg,dataset/W/CW/7078-149.jpg,W,Wall,CW,Cracked,1,W/CW
C:\Users\sumit\Desktop\kavita_capstone\dataset\D\CD\7048-222.jpg,dataset/D/CD/7048-222.jpg,D,Deck,CD,Cracked,1,D/CD
C:\Users\sumit\Desktop\kavita_capstone\dataset\W\CW\7082-9.jpg,dataset/W/CW/7082-9.jpg,W,Wall,CW,Cracked,1,W/CW
C:\Users\sumit\Desktop\kavita_capstone\dataset\D\UD\7039-30.jpg,dataset/D/UD/7039-30.jpg,D,Deck,UD,Uncracked,0,D/UD
C:\Users\sumit\Desktop\kavita_capstone\dataset\W\CW\7136-65.jpg,dataset/W/CW/7136-65.jpg,W,Wall,CW,Cracked,1,W/CW
C:\Users\sumit\Desktop\kavita_capstone\dataset\W\UW\7100-159.jpg,dataset/W/UW/7100-159.jpg,W,Wall,UW,Uncracked,0,W/UW
C:\Users\sumit\Desktop\kavita_capstone\dataset\D\UD\7029-216.jpg,dataset/D/UD/7029-216.jpg,D,Deck,UD,Uncracked,0,D/UD
C:\Users\sumit\Desktop\kavita_capstone\dataset\P\CP\012-103.jpg,dataset/P/CP/012-103.jpg,P,Pavement,CP,Cracked,1,P/CP
C:\Users\sumit\Desktop\kavita_capstone\dataset\P\CP\009-38.jpg,dataset/P/CP/009-38.jpg,P,Pavement,CP,Cracked,1,P/CP
C:\Users\sumit\Desktop\kavita_capstone\dataset\D\UD\7031-197.jpg,dataset/D/UD/7031-197.jpg,D,Deck,UD,Uncracked,0,D/UD
C:\Users\sumit\Desktop\kavita_capstone\dataset\P\CP\038-97.jpg,dataset/P/CP/038-97.jpg,P,Pavement,CP,Cracked,1,P/CP
C:\Users\sumit\Desktop\kavita_capstone\dataset\P\UP\049-233.jpg,dataset/P/UP/049-233.jpg,P,Pavement,UP,Uncracked,0,P/UP
C:\Users\sumit\Desktop\kavita_capstone\dataset\D\UD\7032-150.jpg,dataset/D/UD/7032-150.jpg,D,Deck,UD,Uncracked,0,D/UD
C:\Users\sumit\Desktop\kavita_capstone\dataset\P\CP\014-143.jpg,dataset/P/CP/014-143.jpg,P,Pavement,CP,Cracked,1,P/CP
C:\Users\sumit\Desktop\kavita_capstone\dataset\P\UP\012-167.jpg,dataset/P/UP/012-167.jpg,P,Pavement,UP,Uncracked,0,P/UP
C:\Users\sumit\Desktop\kavita_capstone\dataset\P\CP\007-102.jpg,dataset/P/CP/007-102.jpg,P,Pavement,CP,Cracked,1,P/CP
C:\Users\sumit\Desktop\kavita_capstone\dataset\D\CD\7030-171.jpg,dataset/D/CD/7030-171.jpg,D,Deck,CD,Cracked,1,D/CD
C:\Users\sumit\Desktop\kavita_capstone\dataset\D\UD\7022-221.jpg,dataset/D/UD/7022-221.jpg,D,Deck,UD,Uncracked,0,D/UD
C:\Users\sumit\Desktop\kavita_capstone\dataset\D\UD\7045-139.jpg,dataset/D/UD/7045-139.jpg,D,Deck,UD,Uncracked,0,D/UD
C:\Users\sumit\Desktop\kavita_capstone\dataset\D\CD\7033-215.jpg,dataset/D/CD/7033-215.jpg,D,Deck,CD,Cracked,1,D/CD
C:\Users\sumit\Desktop\kavita_capstone\dataset\D\UD\7047-112.jpg,dataset/D/UD/7047-112.jpg,D,Deck,UD,Uncracked,0,D/UD
C:\Users\sumit\Desktop\kavita_capstone\dataset\P\UP\028-133.jpg,dataset/P/UP/028-133.jpg,P,Pavement,UP,Uncracked,0,P/UP
C:\Users\sumit\Desktop\kavita_capstone\dataset\P\UP\092-97.jpg,dataset/P/UP/092-97.jpg,P,Pavement,UP,Uncracked,0,P/UP
C:\Users\sumit\Desktop\kavita_capstone\dataset\W\CW\7119-220.jpg,dataset/W/CW/7119-220.jpg,W,Wall,CW,Cracked,1,W/CW
C:\Users\sumit\Desktop\kavita_capstone\dataset\W\CW\7078-195.jpg,dataset/W/CW/7078-195.jpg,W,Wall,CW,Cracked,1,W/CW
C:\Users\sumit\Desktop\kavita_capstone\dataset\P\CP\098-94.jpg,dataset/P/CP/098-94.jpg,P,Pavement,CP,Cracked,1,P/CP
C:\Users\sumit\Desktop\kavita_capstone\dataset\W\CW\7133-224.jpg,dataset/W/CW/7133-224.jpg,W,Wall,CW,Cracked,1,W/CW
C:\Users\sumit\Desktop\kavita_capstone\dataset\P\CP\054-96.jpg,dataset/P/CP/054-96.jpg,P,Pavement,CP,Cracked,1,P/CP
C:\Users\sumit\Desktop\kavita_capstone\dataset\P\UP\012-127.jpg,dataset/P/UP/012-127.jpg,P,Pavement,UP,Uncracked,0,P/UP
C:\Users\sumit\Desktop\kavita_capstone\dataset\D\CD\7004-33.jpg,dataset/D/CD/7004-33.jpg,D,Deck,CD,Cracked,1,D/CD
C:\Users\sumit\Desktop\kavita_capstone\dataset\D\UD\7040-149.jpg,dataset/D/UD/7040-149.jpg,D,Deck,UD,Uncracked,0,D/UD
C:\Users\sumit\Desktop\kavita_capstone\dataset\D\UD\7054-32.jpg,dataset/D/UD/7054-32.jpg,D,Deck,UD,Uncracked,0,D/UD
C:\Users\sumit\Desktop\kavita_capstone\dataset\D\UD\7032-191.jpg,dataset/D/UD/7032-191.jpg,D,Deck,UD,Uncracked,0,D/UD
C:\Users\sumit\Desktop\kavita_capstone\dataset\D\UD\7057-104.jpg,dataset/D/UD/7057-104.jpg,D,Deck,UD,Uncracked,0,D/UD
C:\Users\sumit\Desktop\kavita_capstone\dataset\D\CD\7009-46.jpg,dataset/D/CD/7009-46.jpg,D,Deck,CD,Cracked,1,D/CD
C:\Users\sumit\Desktop\kavita_capstone\dataset\W\CW\7112-116.jpg,dataset/W/CW/7112-116.jpg,W,Wall,CW,Cracked,1,W/CW
C:\Users\sumit\Desktop\kavita_capstone\dataset\D\CD\7028-39.jpg,dataset/D/CD/7028-39.jpg,D,Deck,CD,Cracked,1,D/CD
C:\Users\sumit\Desktop\kavita_capstone\dataset\P\CP\058-75.jpg,dataset/P/CP/058-75.jpg,P,Pavement,CP,Cracked,1,P/CP
C:\Users\sumit\Desktop\kavita_capstone\dataset\D\UD\7048-155.jpg,dataset/D/UD/7048-155.jpg,D,Deck,UD,Uncracked,0,D/UD
C:\Users\sumit\Desktop\kavita_capstone\dataset\D\CD\7006-6.jpg,dataset/D/CD/7006-6.jpg,D,Deck,CD,Cracked,1,D/CD
C:\Users\sumit\Desktop\kavita_capstone\dataset\P\CP\071-95.jpg,dataset/P/CP/071-95.jpg,P,Pavement,CP,Cracked,1,P/CP
C:\Users\sumit\Desktop\kavita_capstone\dataset\W\CW\7079-208.jpg,dataset/W/CW/7079-208.jpg,W,Wall,CW,Cracked,1,W/CW
C:\Users\sumit\Desktop\kavita_capstone\dataset\W\UW\7116-79.jpg,dataset/W/UW/7116-79.jpg,W,Wall,UW,Uncracked,0,W/UW
C:\Users\sumit\Desktop\kavita_capstone\dataset\P\UP\031-87.jpg,dataset/P/UP/031-87.jpg,P,Pavement,UP,Uncracked,0,P/UP
C:\Users\sumit\Desktop\kavita_capstone\dataset\D\CD\7007-2.jpg,dataset/D/CD/7007-2.jpg,D,Deck,CD,Cracked,1,D/CD
C:\Users\sumit\Desktop\kavita_capstone\dataset\W\UW\7070-122.jpg,dataset/W/UW/7070-122.jpg,W,Wall,UW,Uncracked,0,W/UW
C:\Users\sumit\Desktop\kavita_capstone\dataset\W\CW\7122-63.jpg,dataset/W/CW/7122-63.jpg,W,Wall,CW,Cracked,1,W/CW
C:\Users\sumit\Desktop\kavita_capstone\dataset\W\CW\7122-27.jpg,dataset/W/CW/7122-27.jpg,W,Wall,CW,Cracked,1,W/CW
C:\Users\sumit\Desktop\kavita_capstone\dataset\W\UW\7101-107.jpg,dataset/W/UW/7101-107.jpg,W,Wall,UW,Uncracked,0,W/UW
C:\Users\sumit\Desktop\kavita_capstone\dataset\D\CD\7033-180.jpg,dataset/D/CD/7033-180.jpg,D,Deck,CD,Cracked,1,D/CD
C:\Users\sumit\Desktop\kavita_capstone\dataset\P\CP\061-101.jpg,dataset/P/CP/061-101.jpg,P,Pavement,CP,Cracked,1,P/CP
C:\Users\sumit\Desktop\kavita_capstone\dataset\P\UP\076-164.jpg,dataset/P/UP/076-164.jpg,P,Pavement,UP,Uncracked,0,P/UP
C:\Users\sumit\Desktop\kavita_capstone\dataset\W\CW\7080-152.jpg,dataset/W/CW/7080-152.jpg,W,Wall,CW,Cracked,1,W/CW
C:\Users\sumit\Desktop\kavita_capstone\dataset\P\CP\081-157.jpg,dataset/P/CP/081-157.jpg,P,Pavement,CP,Cracked,1,P/CP
C:\Users\sumit\Desktop\kavita_capstone\dataset\P\CP\065-110.jpg,dataset/P/CP/065-110.jpg,P,Pavement,CP,Cracked,1,P/CP
C:\Users\sumit\Desktop\kavita_capstone\dataset\P\CP\010-108.jpg,dataset/P/CP/010-108.jpg,P,Pavement,CP,Cracked,1,P/CP
C:\Users\sumit\Desktop\kavita_capstone\dataset\P\UP\012-210.jpg,dataset/P/UP/012-210.jpg,P,Pavement,UP,Uncracked,0,P/UP
C:\Users\sumit\Desktop\kavita_capstone\dataset\D\UD\7010-149.jpg,dataset/D/UD/7010-149.jpg,D,Deck,UD,Uncracked,0,D/UD
C:\Users\sumit\Desktop\kavita_capstone\dataset\D\UD\7031-232.jpg,dataset/D/UD/7031-232.jpg,D,Deck,UD,Uncracked,0,D/UD
C:\Users\sumit\Desktop\kavita_capstone\dataset\D\UD\7052-229.jpg,dataset/D/UD/7052-229.jpg,D,Deck,UD,Uncracked,0,D/UD
C:\Users\sumit\Desktop\kavita_capstone\dataset\P\UP\037-167.jpg,dataset/P/UP/037-167.jpg,P,Pavement,UP,Uncracked,0,P/UP
C:\Users\sumit\Desktop\kavita_capstone\dataset\P\CP\021-95.jpg,dataset/P/CP/021-95.jpg,P,Pavement,CP,Cracked,1,P/CP
C:\Users\sumit\Desktop\kavita_capstone\dataset\D\CD\7049-30.jpg,dataset/D/CD/7049-30.jpg,D,Deck,CD,Cracked,1,D/CD
C:\Users\sumit\Desktop\kavita_capstone\dataset\D\UD\7049-155.jpg,dataset/D/UD/7049-155.jpg,D,Deck,UD,Uncracked,0,D/UD
C:\Users\sumit\Desktop\kavita_capstone\dataset\P\UP\057-64.jpg,dataset/P/UP/057-64.jpg,P,Pavement,UP,Uncracked,0,P/UP
C:\Users\sumit\Desktop\kavita_capstone\dataset\W\UW\7131-64.jpg,dataset/W/UW/7131-64.jpg,W,Wall,UW,Uncracked,0,W/UW
C:\Users\sumit\Desktop\kavita_capstone\dataset\W\UW\7095-176.jpg,dataset/W/UW/7095-176.jpg,W,Wall,UW,Uncracked,0,W/UW
C:\Users\sumit\Desktop\kavita_capstone\dataset\P\CP\101-138.jpg,dataset/P/CP/101-138.jpg,P,Pavement,CP,Cracked,1,P/CP
C:\Users\sumit\Desktop\kavita_capstone\dataset\W\CW\7084-212.jpg,dataset/W/CW/7084-212.jpg,W,Wall,CW,Cracked,1,W/CW
C:\Users\sumit\Desktop\kavita_capstone\dataset\D\UD\7011-198.jpg,dataset/D/UD/7011-198.jpg,D,Deck,UD,Uncracked,0,D/UD
C:\Users\sumit\Desktop\kavita_capstone\dataset\D\CD\7049-152.jpg,dataset/D/CD/7049-152.jpg,D,Deck,CD,Cracked,1,D/CD
C:\Users\sumit\Desktop\kavita_capstone\dataset\P\CP\049-42.jpg,dataset/P/CP/049-42.jpg,P,Pavement,CP,Cracked,1,P/CP
C:\Users\sumit\Desktop\kavita_capstone\dataset\P\CP\034-106.jpg,dataset/P/CP/034-106.jpg,P,Pavement,CP,Cracked,1,P/CP
C:\Users\sumit\Desktop\kavita_capstone\dataset\D\UD\7050-204.jpg,dataset/D/UD/7050-204.jpg,D,Deck,UD,Uncracked,0,D/UD
C:\Users\sumit\Desktop\kavita_capstone\dataset\W\CW\7069-154.jpg,dataset/W/CW/7069-154.jpg,W,Wall,CW,Cracked,1,W/CW
C:\Users\sumit\Desktop\kavita_capstone\dataset\P\CP\072-77.jpg,dataset/P/CP/072-77.jpg,P,Pavement,CP,Cracked,1,P/CP
C:\Users\sumit\Desktop\kavita_capstone\dataset\D\UD\7051-46.jpg,dataset/D/UD/7051-46.jpg,D,Deck,UD,Uncracked,0,D/UD
C:\Users\sumit\Desktop\kavita_capstone\dataset\D\UD\7003-141.jpg,dataset/D/UD/7003-141.jpg,D,Deck,UD,Uncracked,0,D/UD
C:\Users\sumit\Desktop\kavita_capstone\dataset\W\UW\7071-37.jpg,dataset/W/UW/7071-37.jpg,W,Wall,UW,Uncracked,0,W/UW
C:\Users\sumit\Desktop\kavita_capstone\dataset\D\UD\7023-8.jpg,dataset/D/UD/7023-8.jpg,D,Deck,UD,Uncracked,0,D/UD
C:\Users\sumit\Desktop\kavita_capstone\dataset\W\UW\7135-70.jpg,dataset/W/UW/7135-70.jpg,W,Wall,UW,Uncracked,0,W/UW
C:\Users\sumit\Desktop\kavita_capstone\dataset\D\CD\7005-82.jpg,dataset/D/CD/7005-82.jpg,D,Deck,CD,Cracked,1,D/CD
C:\Users\sumit\Desktop\kavita_capstone\dataset\D\CD\7018-140.jpg,dataset/D/CD/7018-140.jpg,D,Deck,CD,Cracked,1,D/CD
C:\Users\sumit\Desktop\kavita_capstone\dataset\D\UD\7016-50.jpg,dataset/D/UD/7016-50.jpg,D,Deck,UD,Uncracked,0,D/UD
C:\Users\sumit\Desktop\kavita_capstone\dataset\P\CP\071-99.jpg,dataset/P/CP/071-99.jpg,P,Pavement,CP,Cracked,1,P/CP
C:\Users\sumit\Desktop\kavita_capstone\dataset\W\UW\7137-125.jpg,dataset/W/UW/7137-125.jpg,W,Wall,UW,Uncracked,0,W/UW
C:\Users\sumit\Desktop\kavita_capstone\dataset\D\UD\7005-48.jpg,dataset/D/UD/7005-48.jpg,D,Deck,UD,Uncracked,0,D/UD
C:\Users\sumit\Desktop\kavita_capstone\dataset\W\UW\7088-162.jpg,dataset/W/UW/7088-162.jpg,W,Wall,UW,Uncracked,0,W/UW
C:\Users\sumit\Desktop\kavita_capstone\dataset\D\UD\7050-250.jpg,dataset/D/UD/7050-250.jpg,D,Deck,UD,Uncracked,0,D/UD
C:\Users\sumit\Desktop\kavita_capstone\dataset\D\UD\7053-6.jpg,dataset/D/UD/7053-6.jpg,D,Deck,UD,Uncracked,0,D/UD
C:\Users\sumit\Desktop\kavita_capstone\dataset\W\CW\7118-225.jpg,dataset/W/CW/7118-225.jpg,W,Wall,CW,Cracked,1,W/CW
C:\Users\sumit\Desktop\kavita_capstone\dataset\D\CD\7011-142.jpg,dataset/D/CD/7011-142.jpg,D,Deck,CD,Cracked,1,D/CD
C:\Users\sumit\Desktop\kavita_capstone\dataset\W\UW\7104-233.jpg,dataset/W/UW/7104-233.jpg,W,Wall,UW,Uncracked,0,W/UW
C:\Users\sumit\Desktop\kavita_capstone\dataset\D\UD\7011-12.jpg,dataset/D/UD/7011-12.jpg,D,Deck,UD,Uncracked,0,D/UD
C:\Users\sumit\Desktop\kavita_capstone\dataset\P\UP\014-74.jpg,dataset/P/UP/014-74.jpg,P,Pavement,UP,Uncracked,0,P/UP
C:\Users\sumit\Desktop\kavita_capstone\dataset\D\CD\7048-231.jpg,dataset/D/CD/7048-231.jpg,D,Deck,CD,Cracked,1,D/CD
C:\Users\sumit\Desktop\kavita_capstone\dataset\P\CP\099-96.jpg,dataset/P/CP/099-96.jpg,P,Pavement,CP,Cracked,1,P/CP
C:\Users\sumit\Desktop\kavita_capstone\dataset\W\CW\7117-6.jpg,dataset/W/CW/7117-6.jpg,W,Wall,CW,Cracked,1,W/CW
C:\Users\sumit\Desktop\kavita_capstone\dataset\D\UD\7022-149.jpg,dataset/D/UD/7022-149.jpg,D,Deck,UD,Uncracked,0,D/UD
C:\Users\sumit\Desktop\kavita_capstone\dataset\W\CW\7082-15.jpg,dataset/W/CW/7082-15.jpg,W,Wall,CW,Cracked,1,W/CW
C:\Users\sumit\Desktop\kavita_capstone\dataset\P\CP\067-107.jpg,dataset/P/CP/067-107.jpg,P,Pavement,CP,Cracked,1,P/CP
C:\Users\sumit\Desktop\kavita_capstone\dataset\D\UD\7032-23.jpg,dataset/D/UD/7032-23.jpg,D,Deck,UD,Uncracked,0,D/UD
C:\Users\sumit\Desktop\kavita_capstone\dataset\D\UD\7050-11.jpg,dataset/D/UD/7050-11.jpg,D,Deck,UD,Uncracked,0,D/UD
C:\Users\sumit\Desktop\kavita_capstone\dataset\D\UD\7027-114.jpg,dataset/D/UD/7027-114.jpg,D,Deck,UD,Uncracked,0,D/UD
C:\Users\sumit\Desktop\kavita_capstone\dataset\P\UP\077-167.jpg,dataset/P/UP/077-167.jpg,P,Pavement,UP,Uncracked,0,P/UP
C:\Users\sumit\Desktop\kavita_capstone\dataset\P\UP\008-68.jpg,dataset/P/UP/008-68.jpg,P,Pavement,UP,Uncracked,0,P/UP
C:\Users\sumit\Desktop\kavita_capstone\dataset\W\CW\7126-75.jpg,dataset/W/CW/7126-75.jpg,W,Wall,CW,Cracked,1,W/CW
C:\Users\sumit\Desktop\kavita_capstone\dataset\W\UW\7126-111.jpg,dataset/W/UW/7126-111.jpg,W,Wall,UW,Uncracked,0,W/UW
C:\Users\sumit\Desktop\kavita_capstone\dataset\P\UP\098-59.jpg,dataset/P/UP/098-59.jpg,P,Pavement,UP,Uncracked,0,P/UP
C:\Users\sumit\Desktop\kavita_capstone\dataset\W\CW\7112-152.jpg,dataset/W/CW/7112-152.jpg,W,Wall,CW,Cracked,1,W/CW
C:\Users\sumit\Desktop\kavita_capstone\dataset\P\CP\093-160.jpg,dataset/P/CP/093-160.jpg,P,Pavement,CP,Cracked,1,P/CP
C:\Users\sumit\Desktop\kavita_capstone\dataset\P\UP\067-89.jpg,dataset/P/UP/067-89.jpg,P,Pavement,UP,Uncracked,0,P/UP
C:\Users\sumit\Desktop\kavita_capstone\dataset\D\CD\7019-173.jpg,dataset/D/CD/7019-173.jpg,D,Deck,CD,Cracked,1,D/CD
C:\Users\sumit\Desktop\kavita_capstone\dataset\D\CD\7037-145.jpg,dataset/D/CD/7037-145.jpg,D,Deck,CD,Cracked,1,D/CD
C:\Users\sumit\Desktop\kavita_capstone\dataset\W\UW\7105-2.jpg,dataset/W/UW/7105-2.jpg,W,Wall,UW,Uncracked,0,W/UW
C:\Users\sumit\Desktop\kavita_capstone\dataset\W\CW\7131-185.jpg,dataset/W/CW/7131-185.jpg,W,Wall,CW,Cracked,1,W/CW
C:\Users\sumit\Desktop\kavita_capstone\dataset\D\CD\7027-157.jpg,dataset/D/CD/7027-157.jpg,D,Deck,CD,Cracked,1,D/CD
C:\Users\sumit\Desktop\kavita_capstone\dataset\P\UP\081-82.jpg,dataset/P/UP/081-82.jpg,P,Pavement,UP,Uncracked,0,P/UP
C:\Users\sumit\Desktop\kavita_capstone\dataset\W\CW\7122-132.jpg,dataset/W/CW/7122-132.jpg,W,Wall,CW,Cracked,1,W/CW
C:\Users\sumit\Desktop\kavita_capstone\dataset\W\CW\7101-25.jpg,dataset/W/CW/7101-25.jpg,W,Wall,CW,Cracked,1,W/CW
C:\Users\sumit\Desktop\kavita_capstone\dataset\W\UW\7117-72.jpg,dataset/W/UW/7117-72.jpg,W,Wall,UW,Uncracked,0,W/UW
C:\Users\sumit\Desktop\kavita_capstone\dataset\P\UP\069-181.jpg,dataset/P/UP/069-181.jpg,P,Pavement,UP,Uncracked,0,P/UP
C:\Users\sumit\Desktop\kavita_capstone\dataset\W\UW\7129-192.jpg,dataset/W/UW/7129-192.jpg,W,Wall,UW,Uncracked,0,W/UW
C:\Users\sumit\Desktop\kavita_capstone\dataset\P\UP\092-29.jpg,dataset/P/UP/092-29.jpg,P,Pavement,UP,Uncracked,0,P/UP
C:\Users\sumit\Desktop\kavita_capstone\dataset\D\UD\7038-67.jpg,dataset/D/UD/7038-67.jpg,D,Deck,UD,Uncracked,0,D/UD
C:\Users\sumit\Desktop\kavita_capstone\dataset\D\CD\7009-141.jpg,dataset/D/CD/7009-141.jpg,D,Deck,CD,Cracked,1,D/CD
C:\Users\sumit\Desktop\kavita_capstone\dataset\P\UP\059-225.jpg,dataset/P/UP/059-225.jpg,P,Pavement,UP,Uncracked,0,P/UP
C:\Users\sumit\Desktop\kavita_capstone\dataset\P\UP\057-184.jpg,dataset/P/UP/057-184.jpg,P,Pavement,UP,Uncracked,0,P/UP
C:\Users\sumit\Desktop\kavita_capstone\dataset\W\CW\7111-40.jpg,dataset/W/CW/7111-40.jpg,W,Wall,CW,Cracked,1,W/CW
C:\Users\sumit\Desktop\kavita_capstone\dataset\P\UP\082-165.jpg,dataset/P/UP/082-165.jpg,P,Pavement,UP,Uncracked,0,P/UP
C:\Users\sumit\Desktop\kavita_capstone\dataset\W\CW\7071-66.jpg,dataset/W/CW/7071-66.jpg,W,Wall,CW,Cracked,1,W/CW
C:\Users\sumit\Desktop\kavita_capstone\dataset\D\UD\7003-116.jpg,dataset/D/UD/7003-116.jpg,D,Deck,UD,Uncracked,0,D/UD
C:\Users\sumit\Desktop\kavita_capstone\dataset\W\CW\7071-132.jpg,dataset/W/CW/7071-132.jpg,W,Wall,CW,Cracked,1,W/CW
C:\Users\sumit\Desktop\kavita_capstone\dataset\P\CP\087-3.jpg,dataset/P/CP/087-3.jpg,P,Pavement,CP,Cracked,1,P/CP
C:\Users\sumit\Desktop\kavita_capstone\dataset\D\CD\7028-53.jpg,dataset/D/CD/7028-53.jpg,D,Deck,CD,Cracked,1,D/CD
C:\Users\sumit\Desktop\kavita_capstone\dataset\D\CD\7012-222.jpg,dataset/D/CD/7012-222.jpg,D,Deck,CD,Cracked,1,D/CD
C:\Users\sumit\Desktop\kavita_capstone\dataset\W\CW\7081-89.jpg,dataset/W/CW/7081-89.jpg,W,Wall,CW,Cracked,1,W/CW
C:\Users\sumit\Desktop\kavita_capstone\dataset\D\CD\7044-13.jpg,dataset/D/CD/7044-13.jpg,D,Deck,CD,Cracked,1,D/CD
C:\Users\sumit\Desktop\kavita_capstone\dataset\P\CP\040-84.jpg,dataset/P/CP/040-84.jpg,P,Pavement,CP,Cracked,1,P/CP
C:\Users\sumit\Desktop\kavita_capstone\dataset\W\CW\7074-10.jpg,dataset/W/CW/7074-10.jpg,W,Wall,CW,Cracked,1,W/CW
C:\Users\sumit\Desktop\kavita_capstone\dataset\D\CD\7049-53.jpg,dataset/D/CD/7049-53.jpg,D,Deck,CD,Cracked,1,D/CD
C:\Users\sumit\Desktop\kavita_capstone\dataset\D\CD\7026-38.jpg,dataset/D/CD/7026-38.jpg,D,Deck,CD,Cracked,1,D/CD
C:\Users\sumit\Desktop\kavita_capstone\dataset\P\UP\019-89.jpg,dataset/P/UP/019-89.jpg,P,Pavement,UP,Uncracked,0,P/UP
C:\Users\sumit\Desktop\kavita_capstone\dataset\D\CD\7009-120.jpg,dataset/D/CD/7009-120.jpg,D,Deck,CD,Cracked,1,D/CD
C:\Users\sumit\Desktop\kavita_capstone\dataset\D\UD\7026-219.jpg,dataset/D/UD/7026-219.jpg,D,Deck,UD,Uncracked,0,D/UD
C:\Users\sumit\Desktop\kavita_capstone\dataset\P\UP\084-208.jpg,dataset/P/UP/084-208.jpg,P,Pavement,UP,Uncracked,0,P/UP
C:\Users\sumit\Desktop\kavita_capstone\dataset\D\CD\7011-210.jpg,dataset/D/CD/7011-210.jpg,D,Deck,CD,Cracked,1,D/CD
C:\Users\sumit\Desktop\kavita_capstone\dataset\D\UD\7012-38.jpg,dataset/D/UD/7012-38.jpg,D,Deck,UD,Uncracked,0,D/UD
C:\Users\sumit\Desktop\kavita_capstone\dataset\D\CD\7048-133.jpg,dataset/D/CD/7048-133.jpg,D,Deck,CD,Cracked,1,D/CD
C:\Users\sumit\Desktop\kavita_capstone\dataset\W\CW\7088-83.jpg,dataset/W/CW/7088-83.jpg,W,Wall,CW,Cracked,1,W/CW
C:\Users\sumit\Desktop\kavita_capstone\dataset\W\UW\7133-16.jpg,dataset/W/UW/7133-16.jpg,W,Wall,UW,Uncracked,0,W/UW
C:\Users\sumit\Desktop\kavita_capstone\dataset\D\CD\7016-136.jpg,dataset/D/CD/7016-136.jpg,D,Deck,CD,Cracked,1,D/CD
C:\Users\sumit\Desktop\kavita_capstone\dataset\P\CP\005-206.jpg,dataset/P/CP/005-206.jpg,P,Pavement,CP,Cracked,1,P/CP
C:\Users\sumit\Desktop\kavita_capstone\dataset\P\CP\053-100.jpg,dataset/P/CP/053-100.jpg,P,Pavement,CP,Cracked,1,P/CP
C:\Users\sumit\Desktop\kavita_capstone\dataset\W\UW\7085-4.jpg,dataset/W/UW/7085-4.jpg,W,Wall,UW,Uncracked,0,W/UW
C:\Users\sumit\Desktop\kavita_capstone\dataset\D\UD\7010-55.jpg,dataset/D/UD/7010-55.jpg,D,Deck,UD,Uncracked,0,D/UD
C:\Users\sumit\Desktop\kavita_capstone\dataset\P\CP\102-113.jpg,dataset/P/CP/102-113.jpg,P,Pavement,CP,Cracked,1,P/CP
C:\Users\sumit\Desktop\kavita_capstone\dataset\W\CW\7116-96.jpg,dataset/W/CW/7116-96.jpg,W,Wall,CW,Cracked,1,W/CW
C:\Users\sumit\Desktop\kavita_capstone\dataset\P\CP\058-69.jpg,dataset/P/CP/058-69.jpg,P,Pavement,CP,Cracked,1,P/CP
C:\Users\sumit\Desktop\kavita_capstone\dataset\D\UD\7003-101.jpg,dataset/D/UD/7003-101.jpg,D,Deck,UD,Uncracked,0,D/UD
C:\Users\sumit\Desktop\kavita_capstone\dataset\W\CW\7089-54.jpg,dataset/W/CW/7089-54.jpg,W,Wall,CW,Cracked,1,W/CW
C:\Users\sumit\Desktop\kavita_capstone\dataset\P\UP\011-96.jpg,dataset/P/UP/011-96.jpg,P,Pavement,UP,Uncracked,0,P/UP
C:\Users\sumit\Desktop\kavita_capstone\dataset\D\UD\7044-135.jpg,dataset/D/UD/7044-135.jpg,D,Deck,UD,Uncracked,0,D/UD
C:\Users\sumit\Desktop\kavita_capstone\dataset\D\UD\7015-221.jpg,dataset/D/UD/7015-221.jpg,D,Deck,UD,Uncracked,0,D/UD
C:\Users\sumit\Desktop\kavita_capstone\dataset\D\UD\7011-237.jpg,dataset/D/UD/7011-237.jpg,D,Deck,UD,Uncracked,0,D/UD
C:\Users\sumit\Desktop\kavita_capstone\dataset\D\UD\7010-23.jpg,dataset/D/UD/7010-23.jpg,D,Deck,UD,Uncracked,0,D/UD
C:\Users\sumit\Desktop\kavita_capstone\dataset\W\UW\7116-252.jpg,dataset/W/UW/7116-252.jpg,W,Wall,UW,Uncracked,0,W/UW
C:\Users\sumit\Desktop\kavita_capstone\dataset\D\CD\7052-18.jpg,dataset/D/CD/7052-18.jpg,D,Deck,CD,Cracked,1,D/CD
C:\Users\sumit\Desktop\kavita_capstone\dataset\P\CP\006-137.jpg,dataset/P/CP/006-137.jpg,P,Pavement,CP,Cracked,1,P/CP
C:\Users\sumit\Desktop\kavita_capstone\dataset\P\CP\007-93.jpg,dataset/P/CP/007-93.jpg,P,Pavement,CP,Cracked,1,P/CP
C:\Users\sumit\Desktop\kavita_capstone\dataset\W\CW\7092-223.jpg,dataset/W/CW/7092-223.jpg,W,Wall,CW,Cracked,1,W/CW
C:\Users\sumit\Desktop\kavita_capstone\dataset\W\UW\7070-185.jpg,dataset/W/UW/7070-185.jpg,W,Wall,UW,Uncracked,0,W/UW
C:\Users\sumit\Desktop\kavita_capstone\dataset\D\UD\7023-146.jpg,dataset/D/UD/7023-146.jpg,D,Deck,UD,Uncracked,0,D/UD
C:\Users\sumit\Desktop\kavita_capstone\dataset\D\UD\7012-96.jpg,dataset/D/UD/7012-96.jpg,D,Deck,UD,Uncracked,0,D/UD
C:\Users\sumit\Desktop\kavita_capstone\dataset\P\CP\006-219.jpg,dataset/P/CP/006-219.jpg,P,Pavement,CP,Cracked,1,P/CP
C:\Users\sumit\Desktop\kavita_capstone\dataset\D\UD\7039-172.jpg,dataset/D/UD/7039-172.jpg,D,Deck,UD,Uncracked,0,D/UD
C:\Users\sumit\Desktop\kavita_capstone\dataset\P\UP\026-112.jpg,dataset/P/UP/026-112.jpg,P,Pavement,UP,Uncracked,0,P/UP
C:\Users\sumit\Desktop\kavita_capstone\dataset\D\UD\7020-22.jpg,dataset/D/UD/7020-22.jpg,D,Deck,UD,Uncracked,0,D/UD
C:\Users\sumit\Desktop\kavita_capstone\dataset\P\UP\094-103.jpg,dataset/P/UP/094-103.jpg,P,Pavement,UP,Uncracked,0,P/UP
C:\Users\sumit\Desktop\kavita_capstone\dataset\W\UW\7118-191.jpg,dataset/W/UW/7118-191.jpg,W,Wall,UW,Uncracked,0,W/UW
C:\Users\sumit\Desktop\kavita_capstone\dataset\D\UD\7012-59.jpg,dataset/D/UD/7012-59.jpg,D,Deck,UD,Uncracked,0,D/UD
C:\Users\sumit\Desktop\kavita_capstone\dataset\W\CW\7095-118.jpg,dataset/W/CW/7095-118.jpg,W,Wall,CW,Cracked,1,W/CW
C:\Users\sumit\Desktop\kavita_capstone\dataset\W\CW\7086-208.jpg,dataset/W/CW/7086-208.jpg,W,Wall,CW,Cracked,1,W/CW
C:\Users\sumit\Desktop\kavita_capstone\dataset\P\CP\067-76.jpg,dataset/P/CP/067-76.jpg,P,Pavement,CP,Cracked,1,P/CP
C:\Users\sumit\Desktop\kavita_capstone\dataset\P\UP\035-47.jpg,dataset/P/UP/035-47.jpg,P,Pavement,UP,Uncracked,0,P/UP
C:\Users\sumit\Desktop\kavita_capstone\dataset\W\CW\7079-226.jpg,dataset/W/CW/7079-226.jpg,W,Wall,CW,Cracked,1,W/CW
C:\Users\sumit\Desktop\kavita_capstone\dataset\D\UD\7049-213.jpg,dataset/D/UD/7049-213.jpg,D,Deck,UD,Uncracked,0,D/UD
C:\Users\sumit\Desktop\kavita_capstone\dataset\P\CP\054-71.jpg,dataset/P/CP/054-71.jpg,P,Pavement,CP,Cracked,1,P/CP
C:\Users\sumit\Desktop\kavita_capstone\dataset\W\CW\7125-99.jpg,dataset/W/CW/7125-99.jpg,W,Wall,CW,Cracked,1,W/CW
C:\Users\sumit\Desktop\kavita_capstone\dataset\D\UD\7037-36.jpg,dataset/D/UD/7037-36.jpg,D,Deck,UD,Uncracked,0,D/UD
C:\Users\sumit\Desktop\kavita_capstone\dataset\D\CD\7048-230.jpg,dataset/D/CD/7048-230.jpg,D,Deck,CD,Cracked,1,D/CD
C:\Users\sumit\Desktop\kavita_capstone\dataset\W\UW\7110-115.jpg,dataset/W/UW/7110-115.jpg,W,Wall,UW,Uncracked,0,W/UW
C:\Users\sumit\Desktop\kavita_capstone\dataset\D\CD\7048-50.jpg,dataset/D/CD/7048-50.jpg,D,Deck,CD,Cracked,1,D/CD
C:\Users\sumit\Desktop\kavita_capstone\dataset\D\CD\7007-73.jpg,dataset/D/CD/7007-73.jpg,D,Deck,CD,Cracked,1,D/CD
C:\Users\sumit\Desktop\kavita_capstone\dataset\D\UD\7043-107.jpg,dataset/D/UD/7043-107.jpg,D,Deck,UD,Uncracked,0,D/UD
C:\Users\sumit\Desktop\kavita_capstone\dataset\W\CW\7072-215.jpg,dataset/W/CW/7072-215.jpg,W,Wall,CW,Cracked,1,W/CW
C:\Users\sumit\Desktop\kavita_capstone\dataset\P\CP\029-180.jpg,dataset/P/CP/029-180.jpg,P,Pavement,CP,Cracked,1,P/CP
C:\Users\sumit\Desktop\kavita_capstone\dataset\P\CP\035-102.jpg,dataset/P/CP/035-102.jpg,P,Pavement,CP,Cracked,1,P/CP
C:\Users\sumit\Desktop\kavita_capstone\dataset\W\CW\7113-60.jpg,dataset/W/CW/7113-60.jpg,W,Wall,CW,Cracked,1,W/CW
C:\Users\sumit\Desktop\kavita_capstone\dataset\P\UP\003-195.jpg,dataset/P/UP/003-195.jpg,P,Pavement,UP,Uncracked,0,P/UP
C:\Users\sumit\Desktop\kavita_capstone\dataset\W\CW\7115-102.jpg,dataset/W/CW/7115-102.jpg,W,Wall,CW,Cracked,1,W/CW
C:\Users\sumit\Desktop\kavita_capstone\dataset\D\CD\7016-82.jpg,dataset/D/CD/7016-82.jpg,D,Deck,CD,Cracked,1,D/CD
C:\Users\sumit\Desktop\kavita_capstone\dataset\W\CW\7074-55.jpg,dataset/W/CW/7074-55.jpg,W,Wall,CW,Cracked,1,W/CW
C:\Users\sumit\Desktop\kavita_capstone\dataset\P\UP\027-203.jpg,dataset/P/UP/027-203.jpg,P,Pavement,UP,Uncracked,0,P/UP
C:\Users\sumit\Desktop\kavita_capstone\dataset\D\CD\7011-114.jpg,dataset/D/CD/7011-114.jpg,D,Deck,CD,Cracked,1,D/CD
C:\Users\sumit\Desktop\kavita_capstone\dataset\D\UD\7016-145.jpg,dataset/D/UD/7016-145.jpg,D,Deck,UD,Uncracked,0,D/UD
C:\Users\sumit\Desktop\kavita_capstone\dataset\W\UW\7069-70.jpg,dataset/W/UW/7069-70.jpg,W,Wall,UW,Uncracked,0,W/UW
C:\Users\sumit\Desktop\kavita_capstone\dataset\W\UW\7080-122.jpg,dataset/W/UW/7080-122.jpg,W,Wall,UW,Uncracked,0,W/UW
C:\Users\sumit\Desktop\kavita_capstone\dataset\D\UD\7018-127.jpg,dataset/D/UD/7018-127.jpg,D,Deck,UD,Uncracked,0,D/UD
C:\Users\sumit\Desktop\kavita_capstone\dataset\P\UP\099-150.jpg,dataset/P/UP/099-150.jpg,P,Pavement,UP,Uncracked,0,P/UP
C:\Users\sumit\Desktop\kavita_capstone\dataset\W\CW\7122-185.jpg,dataset/W/CW/7122-185.jpg,W,Wall,CW,Cracked,1,W/CW
C:\Users\sumit\Desktop\kavita_capstone\dataset\W\UW\7115-127.jpg,dataset/W/UW/7115-127.jpg,W,Wall,UW,Uncracked,0,W/UW
C:\Users\sumit\Desktop\kavita_capstone\dataset\P\CP\050-101.jpg,dataset/P/CP/050-101.jpg,P,Pavement,CP,Cracked,1,P/CP
C:\Users\sumit\Desktop\kavita_capstone\dataset\W\UW\7072-91.jpg,dataset/W/UW/7072-91.jpg,W,Wall,UW,Uncracked,0,W/UW
C:\Users\sumit\Desktop\kavita_capstone\dataset\W\CW\7078-148.jpg,dataset/W/CW/7078-148.jpg,W,Wall,CW,Cracked,1,W/CW
C:\Users\sumit\Desktop\kavita_capstone\dataset\W\UW\7092-24.jpg,dataset/W/UW/7092-24.jpg,W,Wall,UW,Uncracked,0,W/UW
C:\Users\sumit\Desktop\kavita_capstone\dataset\P\CP\062-98.jpg,dataset/P/CP/062-98.jpg,P,Pavement,CP,Cracked,1,P/CP
C:\Users\sumit\Desktop\kavita_capstone\dataset\W\UW\7116-142.jpg,dataset/W/UW/7116-142.jpg,W,Wall,UW,Uncracked,0,W/UW
C:\Users\sumit\Desktop\kavita_capstone\dataset\W\CW\7095-208.jpg,dataset/W/CW/7095-208.jpg,W,Wall,CW,Cracked,1,W/CW
C:\Users\sumit\Desktop\kavita_capstone\dataset\W\CW\7075-222.jpg,dataset/W/CW/7075-222.jpg,W,Wall,CW,Cracked,1,W/CW
C:\Users\sumit\Desktop\kavita_capstone\dataset\D\UD\7051-219.jpg,dataset/D/UD/7051-219.jpg,D,Deck,UD,Uncracked,0,D/UD
C:\Users\sumit\Desktop\kavita_capstone\dataset\D\CD\7040-236.jpg,dataset/D/CD/7040-236.jpg,D,Deck,CD,Cracked,1,D/CD
C:\Users\sumit\Desktop\kavita_capstone\dataset\D\UD\7023-129.jpg,dataset/D/UD/7023-129.jpg,D,Deck,UD,Uncracked,0,D/UD
C:\Users\sumit\Desktop\kavita_capstone\dataset\P\UP\077-125.jpg,dataset/P/UP/077-125.jpg,P,Pavement,UP,Uncracked,0,P/UP
C:\Users\sumit\Desktop\kavita_capstone\dataset\P\UP\059-56.jpg,dataset/P/UP/059-56.jpg,P,Pavement,UP,Uncracked,0,P/UP
C:\Users\sumit\Desktop\kavita_capstone\dataset\P\UP\055-220.jpg,dataset/P/UP/055-220.jpg,P,Pavement,UP,Uncracked,0,P/UP
C:\Users\sumit\Desktop\kavita_capstone\dataset\P\UP\055-226.jpg,dataset/P/UP/055-226.jpg,P,Pavement,UP,Uncracked,0,P/UP
C:\Users\sumit\Desktop\kavita_capstone\dataset\W\CW\7126-103.jpg,dataset/W/CW/7126-103.jpg,W,Wall,CW,Cracked,1,W/CW
C:\Users\sumit\Desktop\kavita_capstone\dataset\P\UP\080-34.jpg,dataset/P/UP/080-34.jpg,P,Pavement,UP,Uncracked,0,P/UP
C:\Users\sumit\Desktop\kavita_capstone\dataset\W\CW\7092-153.jpg,dataset/W/CW/7092-153.jpg,W,Wall,CW,Cracked,1,W/CW
C:\Users\sumit\Desktop\kavita_capstone\dataset\D\CD\7008-127.jpg,dataset/D/CD/7008-127.jpg,D,Deck,CD,Cracked,1,D/CD
C:\Users\sumit\Desktop\kavita_capstone\dataset\P\CP\095-100.jpg,dataset/P/CP/095-100.jpg,P,Pavement,CP,Cracked,1,P/CP
C:\Users\sumit\Desktop\kavita_capstone\dataset\D\UD\7019-29.jpg,dataset/D/UD/7019-29.jpg,D,Deck,UD,Uncracked,0,D/UD
C:\Users\sumit\Desktop\kavita_capstone\dataset\P\CP\036-77.jpg,dataset/P/CP/036-77.jpg,P,Pavement,CP,Cracked,1,P/CP
C:\Users\sumit\Desktop\kavita_capstone\dataset\P\UP\023-176.jpg,dataset/P/UP/023-176.jpg,P,Pavement,UP,Uncracked,0,P/UP
C:\Users\sumit\Desktop\kavita_capstone\dataset\D\CD\7019-55.jpg,dataset/D/CD/7019-55.jpg,D,Deck,CD,Cracked,1,D/CD
C:\Users\sumit\Desktop\kavita_capstone\dataset\P\UP\020-160.jpg,dataset/P/UP/020-160.jpg,P,Pavement,UP,Uncracked,0,P/UP
C:\Users\sumit\Desktop\kavita_capstone\dataset\D\CD\7048-212.jpg,dataset/D/CD/7048-212.jpg,D,Deck,CD,Cracked,1,D/CD
C:\Users\sumit\Desktop\kavita_capstone\dataset\D\CD\7006-115.jpg,dataset/D/CD/7006-115.jpg,D,Deck,CD,Cracked,1,D/CD
C:\Users\sumit\Desktop\kavita_capstone\dataset\D\CD\7011-134.jpg,dataset/D/CD/7011-134.jpg,D,Deck,CD,Cracked,1,D/CD
C:\Users\sumit\Desktop\kavita_capstone\dataset\D\UD\7021-119.jpg,dataset/D/UD/7021-119.jpg,D,Deck,UD,Uncracked,0,D/UD
C:\Users\sumit\Desktop\kavita_capstone\dataset\W\CW\7081-93.jpg,dataset/W/CW/7081-93.jpg,W,Wall,CW,Cracked,1,W/CW
C:\Users\sumit\Desktop\kavita_capstone\dataset\D\CD\7049-117.jpg,dataset/D/CD/7049-117.jpg,D,Deck,CD,Cracked,1,D/CD
C:\Users\sumit\Desktop\kavita_capstone\dataset\W\UW\7126-140.jpg,dataset/W/UW/7126-140.jpg,W,Wall,UW,Uncracked,0,W/UW
C:\Users\sumit\Desktop\kavita_capstone\dataset\P\UP\016-224.jpg,dataset/P/UP/016-224.jpg,P,Pavement,UP,Uncracked,0,P/UP
C:\Users\sumit\Desktop\kavita_capstone\dataset\D\UD\7053-106.jpg,dataset/D/UD/7053-106.jpg,D,Deck,UD,Uncracked,0,D/UD
C:\Users\sumit\Desktop\kavita_capstone\dataset\P\UP\008-144.jpg,dataset/P/UP/008-144.jpg,P,Pavement,UP,Uncracked,0,P/UP
C:\Users\sumit\Desktop\kavita_capstone\dataset\W\CW\7091-159.jpg,dataset/W/CW/7091-159.jpg,W,Wall,CW,Cracked,1,W/CW
C:\Users\sumit\Desktop\kavita_capstone\dataset\P\UP\013-204.jpg,dataset/P/UP/013-204.jpg,P,Pavement,UP,Uncracked,0,P/UP
C:\Users\sumit\Desktop\kavita_capstone\dataset\P\UP\050-65.jpg,dataset/P/UP/050-65.jpg,P,Pavement,UP,Uncracked,0,P/UP
C:\Users\sumit\Desktop\kavita_capstone\dataset\P\CP\009-57.jpg,dataset/P/CP/009-57.jpg,P,Pavement,CP,Cracked,1,P/CP
C:\Users\sumit\Desktop\kavita_capstone\dataset\P\CP\091-62.jpg,dataset/P/CP/091-62.jpg,P,Pavement,CP,Cracked,1,P/CP
C:\Users\sumit\Desktop\kavita_capstone\dataset\P\CP\104-80.jpg,dataset/P/CP/104-80.jpg,P,Pavement,CP,Cracked,1,P/CP
C:\Users\sumit\Desktop\kavita_capstone\dataset\P\CP\068-72.jpg,dataset/P/CP/068-72.jpg,P,Pavement,CP,Cracked,1,P/CP
C:\Users\sumit\Desktop\kavita_capstone\dataset\W\CW\7119-231.jpg,dataset/W/CW/7119-231.jpg,W,Wall,CW,Cracked,1,W/CW
C:\Users\sumit\Desktop\kavita_capstone\dataset\P\UP\027-198.jpg,dataset/P/UP/027-198.jpg,P,Pavement,UP,Uncracked,0,P/UP
C:\Users\sumit\Desktop\kavita_capstone\dataset\D\UD\7005-84.jpg,dataset/D/UD/7005-84.jpg,D,Deck,UD,Uncracked,0,D/UD
C:\Users\sumit\Desktop\kavita_capstone\dataset\D\UD\7050-64.jpg,dataset/D/UD/7050-64.jpg,D,Deck,UD,Uncracked,0,D/UD
C:\Users\sumit\Desktop\kavita_capstone\dataset\P\UP\031-46.jpg,dataset/P/UP/031-46.jpg,P,Pavement,UP,Uncracked,0,P/UP
C:\Users\sumit\Desktop\kavita_capstone\dataset\W\UW\7139-104.jpg,dataset/W/UW/7139-104.jpg,W,Wall,UW,Uncracked,0,W/UW
C:\Users\sumit\Desktop\kavita_capstone\dataset\D\UD\7014-101.jpg,dataset/D/UD/7014-101.jpg,D,Deck,UD,Uncracked,0,D/UD
C:\Users\sumit\Desktop\kavita_capstone\dataset\W\CW\7136-11.jpg,dataset/W/CW/7136-11.jpg,W,Wall,CW,Cracked,1,W/CW
C:\Users\sumit\Desktop\kavita_capstone\dataset\W\UW\7087-133.jpg,dataset/W/UW/7087-133.jpg,W,Wall,UW,Uncracked,0,W/UW
C:\Users\sumit\Desktop\kavita_capstone\dataset\W\CW\7083-34.jpg,dataset/W/CW/7083-34.jpg,W,Wall,CW,Cracked,1,W/CW
C:\Users\sumit\Desktop\kavita_capstone\dataset\D\UD\7001-114.jpg,dataset/D/UD/7001-114.jpg,D,Deck,UD,Uncracked,0,D/UD
C:\Users\sumit\Desktop\kavita_capstone\dataset\P\UP\012-173.jpg,dataset/P/UP/012-173.jpg,P,Pavement,UP,Uncracked,0,P/UP
C:\Users\sumit\Desktop\kavita_capstone\dataset\D\UD\7016-240.jpg,dataset/D/UD/7016-240.jpg,D,Deck,UD,Uncracked,0,D/UD
C:\Users\sumit\Desktop\kavita_capstone\dataset\W\UW\7080-140.jpg,dataset/W/UW/7080-140.jpg,W,Wall,UW,Uncracked,0,W/UW
C:\Users\sumit\Desktop\kavita_capstone\dataset\P\CP\088-76.jpg,dataset/P/CP/088-76.jpg,P,Pavement,CP,Cracked,1,P/CP
C:\Users\sumit\Desktop\kavita_capstone\dataset\D\UD\7052-36.jpg,dataset/D/UD/7052-36.jpg,D,Deck,UD,Uncracked,0,D/UD
C:\Users\sumit\Desktop\kavita_capstone\dataset\D\CD\7029-157.jpg,dataset/D/CD/7029-157.jpg,D,Deck,CD,Cracked,1,D/CD
C:\Users\sumit\Desktop\kavita_capstone\dataset\W\CW\7088-137.jpg,dataset/W/CW/7088-137.jpg,W,Wall,CW,Cracked,1,W/CW
C:\Users\sumit\Desktop\kavita_capstone\dataset\W\CW\7140-201.jpg,dataset/W/CW/7140-201.jpg,W,Wall,CW,Cracked,1,W/CW
C:\Users\sumit\Desktop\kavita_capstone\dataset\W\CW\7122-181.jpg,dataset/W/CW/7122-181.jpg,W,Wall,CW,Cracked,1,W/CW
C:\Users\sumit\Desktop\kavita_capstone\dataset\P\UP\071-80.jpg,dataset/P/UP/071-80.jpg,P,Pavement,UP,Uncracked,0,P/UP
C:\Users\sumit\Desktop\kavita_capstone\dataset\W\CW\7071-96.jpg,dataset/W/CW/7071-96.jpg,W,Wall,CW,Cracked,1,W/CW
C:\Users\sumit\Desktop\kavita_capstone\dataset\P\CP\104-20.jpg,dataset/P/CP/104-20.jpg,P,Pavement,CP,Cracked,1,P/CP
C:\Users\sumit\Desktop\kavita_capstone\dataset\W\UW\7131-113.jpg,dataset/W/UW/7131-113.jpg,W,Wall,UW,Uncracked,0,W/UW
C:\Users\sumit\Desktop\kavita_capstone\dataset\P\UP\089-117.jpg,dataset/P/UP/089-117.jpg,P,Pavement,UP,Uncracked,0,P/UP
C:\Users\sumit\Desktop\kavita_capstone\dataset\P\UP\069-15.jpg,dataset/P/UP/069-15.jpg,P,Pavement,UP,Uncracked,0,P/UP
C:\Users\sumit\Desktop\kavita_capstone\dataset\W\UW\7128-247.jpg,dataset/W/UW/7128-247.jpg,W,Wall,UW,Uncracked,0,W/UW
C:\Users\sumit\Desktop\kavita_capstone\dataset\W\UW\7070-4.jpg,dataset/W/UW/7070-4.jpg,W,Wall,UW,Uncracked,0,W/UW
C:\Users\sumit\Desktop\kavita_capstone\dataset\P\CP\082-121.jpg,dataset/P/CP/082-121.jpg,P,Pavement,CP,Cracked,1,P/CP
C:\Users\sumit\Desktop\kavita_capstone\dataset\W\CW\7115-63.jpg,dataset/W/CW/7115-63.jpg,W,Wall,CW,Cracked,1,W/CW
C:\Users\sumit\Desktop\kavita_capstone\dataset\P\CP\010-134.jpg,dataset/P/CP/010-134.jpg,P,Pavement,CP,Cracked,1,P/CP
C:\Users\sumit\Desktop\kavita_capstone\dataset\D\UD\7045-238.jpg,dataset/D/UD/7045-238.jpg,D,Deck,UD,Uncracked,0,D/UD
C:\Users\sumit\Desktop\kavita_capstone\dataset\D\CD\7015-141.jpg,dataset/D/CD/7015-141.jpg,D,Deck,CD,Cracked,1,D/CD
C:\Users\sumit\Desktop\kavita_capstone\dataset\P\CP\049-85.jpg,dataset/P/CP/049-85.jpg,P,Pavement,CP,Cracked,1,P/CP
C:\Users\sumit\Desktop\kavita_capstone\dataset\D\CD\7053-98.jpg,dataset/D/CD/7053-98.jpg,D,Deck,CD,Cracked,1,D/CD
C:\Users\sumit\Desktop\kavita_capstone\dataset\W\UW\7116-17.jpg,dataset/W/UW/7116-17.jpg,W,Wall,UW,Uncracked,0,W/UW
C:\Users\sumit\Desktop\kavita_capstone\dataset\D\UD\7050-252.jpg,dataset/D/UD/7050-252.jpg,D,Deck,UD,Uncracked,0,D/UD
C:\Users\sumit\Desktop\kavita_capstone\dataset\P\CP\045-100.jpg,dataset/P/CP/045-100.jpg,P,Pavement,CP,Cracked,1,P/CP
C:\Users\sumit\Desktop\kavita_capstone\dataset\D\CD\7020-143.jpg,dataset/D/CD/7020-143.jpg,D,Deck,CD,Cracked,1,D/CD
C:\Users\sumit\Desktop\kavita_capstone\dataset\D\UD\7044-148.jpg,dataset/D/UD/7044-148.jpg,D,Deck,UD,Uncracked,0,D/UD
C:\Users\sumit\Desktop\kavita_capstone\dataset\P\CP\035-38.jpg,dataset/P/CP/035-38.jpg,P,Pavement,CP,Cracked,1,P/CP
C:\Users\sumit\Desktop\kavita_capstone\dataset\P\UP\052-123.jpg,dataset/P/UP/052-123.jpg,P,Pavement,UP,Uncracked,0,P/UP
C:\Users\sumit\Desktop\kavita_capstone\dataset\D\CD\7011-18.jpg,dataset/D/CD/7011-18.jpg,D,Deck,CD,Cracked,1,D/CD
C:\Users\sumit\Desktop\kavita_capstone\dataset\W\CW\7080-203.jpg,dataset/W/CW/7080-203.jpg,W,Wall,CW,Cracked,1,W/CW
C:\Users\sumit\Desktop\kavita_capstone\dataset\P\CP\086-110.jpg,dataset/P/CP/086-110.jpg,P,Pavement,CP,Cracked,1,P/CP
C:\Users\sumit\Desktop\kavita_capstone\dataset\W\CW\7077-128.jpg,dataset/W/CW/7077-128.jpg,W,Wall,CW,Cracked,1,W/CW
C:\Users\sumit\Desktop\kavita_capstone\dataset\W\UW\7098-135.jpg,dataset/W/UW/7098-135.jpg,W,Wall,UW,Uncracked,0,W/UW
C:\Users\sumit\Desktop\kavita_capstone\dataset\W\CW\7131-237.jpg,dataset/W/CW/7131-237.jpg,W,Wall,CW,Cracked,1,W/CW
C:\Users\sumit\Desktop\kavita_capstone\dataset\W\UW\7134-76.jpg,dataset/W/UW/7134-76.jpg,W,Wall,UW,Uncracked,0,W/UW
C:\Users\sumit\Desktop\kavita_capstone\dataset\D\CD\7003-166.jpg,dataset/D/CD/7003-166.jpg,D,Deck,CD,Cracked,1,D/CD
C:\Users\sumit\Desktop\kavita_capstone\dataset\W\CW\7129-188.jpg,dataset/W/CW/7129-188.jpg,W,Wall,CW,Cracked,1,W/CW
C:\Users\sumit\Desktop\kavita_capstone\dataset\D\UD\7050-61.jpg,dataset/D/UD/7050-61.jpg,D,Deck,UD,Uncracked,0,D/UD
C:\Users\sumit\Desktop\kavita_capstone\dataset\P\CP\045-63.jpg,dataset/P/CP/045-63.jpg,P,Pavement,CP,Cracked,1,P/CP
C:\Users\sumit\Desktop\kavita_capstone\dataset\P\CP\045-161.jpg,dataset/P/CP/045-161.jpg,P,Pavement,CP,Cracked,1,P/CP
C:\Users\sumit\Desktop\kavita_capstone\dataset\P\CP\012-91.jpg,dataset/P/CP/012-91.jpg,P,Pavement,CP,Cracked,1,P/CP
C:\Users\sumit\Desktop\kavita_capstone\dataset\P\CP\023-101.jpg,dataset/P/CP/023-101.jpg,P,Pavement,CP,Cracked,1,P/CP
C:\Users\sumit\Desktop\kavita_capstone\dataset\W\CW\7092-134.jpg,dataset/W/CW/7092-134.jpg,W,Wall,CW,Cracked,1,W/CW
C:\Users\sumit\Desktop\kavita_capstone\dataset\P\UP\073-180.jpg,dataset/P/UP/073-180.jpg,P,Pavement,UP,Uncracked,0,P/UP
C:\Users\sumit\Desktop\kavita_capstone\dataset\P\UP\057-95.jpg,dataset/P/UP/057-95.jpg,P,Pavement,UP,Uncracked,0,P/UP
C:\Users\sumit\Desktop\kavita_capstone\dataset\W\CW\7071-72.jpg,dataset/W/CW/7071-72.jpg,W,Wall,CW,Cracked,1,W/CW
C:\Users\sumit\Desktop\kavita_capstone\dataset\D\UD\7008-232.jpg,dataset/D/UD/7008-232.jpg,D,Deck,UD,Uncracked,0,D/UD
C:\Users\sumit\Desktop\kavita_capstone\dataset\P\CP\078-89.jpg,dataset/P/CP/078-89.jpg,P,Pavement,CP,Cracked,1,P/CP
C:\Users\sumit\Desktop\kavita_capstone\dataset\P\CP\050-108.jpg,dataset/P/CP/050-108.jpg,P,Pavement,CP,Cracked,1,P/CP
C:\Users\sumit\Desktop\kavita_capstone\dataset\W\CW\7123-42.jpg,dataset/W/CW/7123-42.jpg,W,Wall,CW,Cracked,1,W/CW
C:\Users\sumit\Desktop\kavita_capstone\dataset\P\CP\083-91.jpg,dataset/P/CP/083-91.jpg,P,Pavement,CP,Cracked,1,P/CP
C:\Users\sumit\Desktop\kavita_capstone\dataset\D\UD\7032-222.jpg,dataset/D/UD/7032-222.jpg,D,Deck,UD,Uncracked,0,D/UD
C:\Users\sumit\Desktop\kavita_capstone\dataset\P\UP\030-75.jpg,dataset/P/UP/030-75.jpg,P,Pavement,UP,Uncracked,0,P/UP
C:\Users\sumit\Desktop\kavita_capstone\dataset\P\CP\034-74.jpg,dataset/P/CP/034-74.jpg,P,Pavement,CP,Cracked,1,P/CP
C:\Users\sumit\Desktop\kavita_capstone\dataset\W\CW\7087-163.jpg,dataset/W/CW/7087-163.jpg,W,Wall,CW,Cracked,1,W/CW
C:\Users\sumit\Desktop\kavita_capstone\dataset\D\CD\7037-14.jpg,dataset/D/CD/7037-14.jpg,D,Deck,CD,Cracked,1,D/CD
C:\Users\sumit\Desktop\kavita_capstone\dataset\W\CW\7112-91.jpg,dataset/W/CW/7112-91.jpg,W,Wall,CW,Cracked,1,W/CW
C:\Users\sumit\Desktop\kavita_capstone\dataset\P\UP\091-11.jpg,dataset/P/UP/091-11.jpg,P,Pavement,UP,Uncracked,0,P/UP
C:\Users\sumit\Desktop\kavita_capstone\dataset\D\UD\7023-172.jpg,dataset/D/UD/7023-172.jpg,D,Deck,UD,Uncracked,0,D/UD
C:\Users\sumit\Desktop\kavita_capstone\dataset\D\UD\7032-218.jpg,dataset/D/UD/7032-218.jpg,D,Deck,UD,Uncracked,0,D/UD
C:\Users\sumit\Desktop\kavita_capstone\dataset\P\CP\043-82.jpg,dataset/P/CP/043-82.jpg,P,Pavement,CP,Cracked,1,P/CP
C:\Users\sumit\Desktop\kavita_capstone\dataset\P\UP\039-93.jpg,dataset/P/UP/039-93.jpg,P,Pavement,UP,Uncracked,0,P/UP
C:\Users\sumit\Desktop\kavita_capstone\dataset\P\UP\077-77.jpg,dataset/P/UP/077-77.jpg,P,Pavement,UP,Uncracked,0,P/UP
C:\Users\sumit\Desktop\kavita_capstone\dataset\P\UP\031-201.jpg,dataset/P/UP/031-201.jpg,P,Pavement,UP,Uncracked,0,P/UP
C:\Users\sumit\Desktop\kavita_capstone\dataset\W\UW\7092-7.jpg,dataset/W/UW/7092-7.jpg,W,Wall,UW,Uncracked,0,W/UW
C:\Users\sumit\Desktop\kavita_capstone\dataset\W\UW\7081-164.jpg,dataset/W/UW/7081-164.jpg,W,Wall,UW,Uncracked,0,W/UW
C:\Users\sumit\Desktop\kavita_capstone\dataset\P\UP\024-64.jpg,dataset/P/UP/024-64.jpg,P,Pavement,UP,Uncracked,0,P/UP
C:\Users\sumit\Desktop\kavita_capstone\dataset\P\UP\065-32.jpg,dataset/P/UP/065-32.jpg,P,Pavement,UP,Uncracked,0,P/UP
C:\Users\sumit\Desktop\kavita_capstone\dataset\D\CD\7019-39.jpg,dataset/D/CD/7019-39.jpg,D,Deck,CD,Cracked,1,D/CD
C:\Users\sumit\Desktop\kavita_capstone\dataset\D\UD\7029-168.jpg,dataset/D/UD/7029-168.jpg,D,Deck,UD,Uncracked,0,D/UD
C:\Users\sumit\Desktop\kavita_capstone\dataset\P\UP\006-206.jpg,dataset/P/UP/006-206.jpg,P,Pavement,UP,Uncracked,0,P/UP
C:\Users\sumit\Desktop\kavita_capstone\dataset\D\UD\7014-174.jpg,dataset/D/UD/7014-174.jpg,D,Deck,UD,Uncracked,0,D/UD
C:\Users\sumit\Desktop\kavita_capstone\dataset\W\CW\7127-1.jpg,dataset/W/CW/7127-1.jpg,W,Wall,CW,Cracked,1,W/CW
C:\Users\sumit\Desktop\kavita_capstone\dataset\D\CD\7028-219.jpg,dataset/D/CD/7028-219.jpg,D,Deck,CD,Cracked,1,D/CD
C:\Users\sumit\Desktop\kavita_capstone\dataset\W\CW\7112-114.jpg,dataset/W/CW/7112-114.jpg,W,Wall,CW,Cracked,1,W/CW
C:\Users\sumit\Desktop\kavita_capstone\dataset\W\CW\7087-31.jpg,dataset/W/CW/7087-31.jpg,W,Wall,CW,Cracked,1,W/CW
C:\Users\sumit\Desktop\kavita_capstone\dataset\D\CD\7039-136.jpg,dataset/D/CD/7039-136.jpg,D,Deck,CD,Cracked,1,D/CD
C:\Users\sumit\Desktop\kavita_capstone\dataset\W\UW\7083-183.jpg,dataset/W/UW/7083-183.jpg,W,Wall,UW,Uncracked,0,W/UW
C:\Users\sumit\Desktop\kavita_capstone\dataset\W\CW\7084-159.jpg,dataset/W/CW/7084-159.jpg,W,Wall,CW,Cracked,1,W/CW
C:\Users\sumit\Desktop\kavita_capstone\dataset\W\UW\7102-239.jpg,dataset/W/UW/7102-239.jpg,W,Wall,UW,Uncracked,0,W/UW
C:\Users\sumit\Desktop\kavita_capstone\dataset\W\UW\7133-66.jpg,dataset/W/UW/7133-66.jpg,W,Wall,UW,Uncracked,0,W/UW
C:\Users\sumit\Desktop\kavita_capstone\dataset\D\UD\7049-60.jpg,dataset/D/UD/7049-60.jpg,D,Deck,UD,Uncracked,0,D/UD
C:\Users\sumit\Desktop\kavita_capstone\dataset\P\UP\089-184.jpg,dataset/P/UP/089-184.jpg,P,Pavement,UP,Uncracked,0,P/UP
C:\Users\sumit\Desktop\kavita_capstone\dataset\D\UD\7024-16.jpg,dataset/D/UD/7024-16.jpg,D,Deck,UD,Uncracked,0,D/UD
C:\Users\sumit\Desktop\kavita_capstone\dataset\P\UP\012-31.jpg,dataset/P/UP/012-31.jpg,P,Pavement,UP,Uncracked,0,P/UP
C:\Users\sumit\Desktop\kavita_capstone\dataset\P\CP\080-190.jpg,dataset/P/CP/080-190.jpg,P,Pavement,CP,Cracked,1,P/CP
C:\Users\sumit\Desktop\kavita_capstone\dataset\W\CW\7113-112.jpg,dataset/W/CW/7113-112.jpg,W,Wall,CW,Cracked,1,W/CW
C:\Users\sumit\Desktop\kavita_capstone\dataset\D\CD\7009-93.jpg,dataset/D/CD/7009-93.jpg,D,Deck,CD,Cracked,1,D/CD
C:\Users\sumit\Desktop\kavita_capstone\dataset\P\CP\072-46.jpg,dataset/P/CP/072-46.jpg,P,Pavement,CP,Cracked,1,P/CP
C:\Users\sumit\Desktop\kavita_capstone\dataset\W\CW\7081-219.jpg,dataset/W/CW/7081-219.jpg,W,Wall,CW,Cracked,1,W/CW
C:\Users\sumit\Desktop\kavita_capstone\dataset\P\CP\028-156.jpg,dataset/P/CP/028-156.jpg,P,Pavement,CP,Cracked,1,P/CP
C:\Users\sumit\Desktop\kavita_capstone\dataset\D\UD\7017-145.jpg,dataset/D/UD/7017-145.jpg,D,Deck,UD,Uncracked,0,D/UD
C:\Users\sumit\Desktop\kavita_capstone\dataset\P\UP\024-66.jpg,dataset/P/UP/024-66.jpg,P,Pavement,UP,Uncracked,0,P/UP
C:\Users\sumit\Desktop\kavita_capstone\dataset\W\CW\7080-178.jpg,dataset/W/CW/7080-178.jpg,W,Wall,CW,Cracked,1,W/CW
C:\Users\sumit\Desktop\kavita_capstone\dataset\D\UD\7027-234.jpg,dataset/D/UD/7027-234.jpg,D,Deck,UD,Uncracked,0,D/UD
C:\Users\sumit\Desktop\kavita_capstone\dataset\P\UP\020-45.jpg,dataset/P/UP/020-45.jpg,P,Pavement,UP,Uncracked,0,P/UP
C:\Users\sumit\Desktop\kavita_capstone\dataset\P\CP\093-169.jpg,dataset/P/CP/093-169.jpg,P,Pavement,CP,Cracked,1,P/CP
C:\Users\sumit\Desktop\kavita_capstone\dataset\D\CD\7052-33.jpg,dataset/D/CD/7052-33.jpg,D,Deck,CD,Cracked,1,D/CD
C:\Users\sumit\Desktop\kavita_capstone\dataset\D\CD\7029-167.jpg,dataset/D/CD/7029-167.jpg,D,Deck,CD,Cracked,1,D/CD
C:\Users\sumit\Desktop\kavita_capstone\dataset\D\CD\7009-81.jpg,dataset/D/CD/7009-81.jpg,D,Deck,CD,Cracked,1,D/CD
C:\Users\sumit\Desktop\kavita_capstone\dataset\D\UD\7014-156.jpg,dataset/D/UD/7014-156.jpg,D,Deck,UD,Uncracked,0,D/UD
C:\Users\sumit\Desktop\kavita_capstone\dataset\P\UP\027-130.jpg,dataset/P/UP/027-130.jpg,P,Pavement,UP,Uncracked,0,P/UP
C:\Users\sumit\Desktop\kavita_capstone\dataset\W\UW\7077-86.jpg,dataset/W/UW/7077-86.jpg,W,Wall,UW,Uncracked,0,W/UW
C:\Users\sumit\Desktop\kavita_capstone\dataset\P\CP\030-61.jpg,dataset/P/CP/030-61.jpg,P,Pavement,CP,Cracked,1,P/CP
C:\Users\sumit\Desktop\kavita_capstone\dataset\D\CD\7004-113.jpg,dataset/D/CD/7004-113.jpg,D,Deck,CD,Cracked,1,D/CD
C:\Users\sumit\Desktop\kavita_capstone\dataset\D\UD\7004-79.jpg,dataset/D/UD/7004-79.jpg,D,Deck,UD,Uncracked,0,D/UD
C:\Users\sumit\Desktop\kavita_capstone\dataset\P\UP\079-184.jpg,dataset/P/UP/079-184.jpg,P,Pavement,UP,Uncracked,0,P/UP
C:\Users\sumit\Desktop\kavita_capstone\dataset\D\CD\7043-186.jpg,dataset/D/CD/7043-186.jpg,D,Deck,CD,Cracked,1,D/CD
C:\Users\sumit\Desktop\kavita_capstone\dataset\D\CD\7049-47.jpg,dataset/D/CD/7049-47.jpg,D,Deck,CD,Cracked,1,D/CD
C:\Users\sumit\Desktop\kavita_capstone\dataset\W\CW\7092-222.jpg,dataset/W/CW/7092-222.jpg,W,Wall,CW,Cracked,1,W/CW
C:\Users\sumit\Desktop\kavita_capstone\dataset\D\UD\7052-105.jpg,dataset/D/UD/7052-105.jpg,D,Deck,UD,Uncracked,0,D/UD
C:\Users\sumit\Desktop\kavita_capstone\dataset\W\UW\7081-250.jpg,dataset/W/UW/7081-250.jpg,W,Wall,UW,Uncracked,0,W/UW
C:\Users\sumit\Desktop\kavita_capstone\dataset\W\CW\7129-206.jpg,dataset/W/CW/7129-206.jpg,W,Wall,CW,Cracked,1,W/CW
C:\Users\sumit\Desktop\kavita_capstone\dataset\P\CP\099-97.jpg,dataset/P/CP/099-97.jpg,P,Pavement,CP,Cracked,1,P/CP
C:\Users\sumit\Desktop\kavita_capstone\dataset\D\UD\7051-113.jpg,dataset/D/UD/7051-113.jpg,D,Deck,UD,Uncracked,0,D/UD
C:\Users\sumit\Desktop\kavita_capstone\dataset\D\UD\7013-110.jpg,dataset/D/UD/7013-110.jpg,D,Deck,UD,Uncracked,0,D/UD
C:\Users\sumit\Desktop\kavita_capstone\dataset\W\UW\7110-221.jpg,dataset/W/UW/7110-221.jpg,W,Wall,UW,Uncracked,0,W/UW
C:\Users\sumit\Desktop\kavita_capstone\dataset\P\UP\020-162.jpg,dataset/P/UP/020-162.jpg,P,Pavement,UP,Uncracked,0,P/UP
C:\Users\sumit\Desktop\kavita_capstone\dataset\P\UP\018-57.jpg,dataset/P/UP/018-57.jpg,P,Pavement,UP,Uncracked,0,P/UP
C:\Users\sumit\Desktop\kavita_capstone\dataset\P\UP\085-11.jpg,dataset/P/UP/085-11.jpg,P,Pavement,UP,Uncracked,0,P/UP
C:\Users\sumit\Desktop\kavita_capstone\dataset\D\CD\7007-37.jpg,dataset/D/CD/7007-37.jpg,D,Deck,CD,Cracked,1,D/CD
C:\Users\sumit\Desktop\kavita_capstone\dataset\W\UW\7097-46.jpg,dataset/W/UW/7097-46.jpg,W,Wall,UW,Uncracked,0,W/UW
C:\Users\sumit\Desktop\kavita_capstone\dataset\W\UW\7072-78.jpg,dataset/W/UW/7072-78.jpg,W,Wall,UW,Uncracked,0,W/UW
C:\Users\sumit\Desktop\kavita_capstone\dataset\D\UD\7037-50.jpg,dataset/D/UD/7037-50.jpg,D,Deck,UD,Uncracked,0,D/UD
C:\Users\sumit\Desktop\kavita_capstone\dataset\W\CW\7129-81.jpg,dataset/W/CW/7129-81.jpg,W,Wall,CW,Cracked,1,W/CW
C:\Users\sumit\Desktop\kavita_capstone\dataset\W\CW\7086-123.jpg,dataset/W/CW/7086-123.jpg,W,Wall,CW,Cracked,1,W/CW
C:\Users\sumit\Desktop\kavita_capstone\dataset\W\UW\7084-195.jpg,dataset/W/UW/7084-195.jpg,W,Wall,UW,Uncracked,0,W/UW
C:\Users\sumit\Desktop\kavita_capstone\dataset\W\UW\7106-215.jpg,dataset/W/UW/7106-215.jpg,W,Wall,UW,Uncracked,0,W/UW
C:\Users\sumit\Desktop\kavita_capstone\dataset\P\UP\023-60.jpg,dataset/P/UP/023-60.jpg,P,Pavement,UP,Uncracked,0,P/UP
C:\Users\sumit\Desktop\kavita_capstone\dataset\P\CP\091-137.jpg,dataset/P/CP/091-137.jpg,P,Pavement,CP,Cracked,1,P/CP
C:\Users\sumit\Desktop\kavita_capstone\dataset\W\UW\7122-166.jpg,dataset/W/UW/7122-166.jpg,W,Wall,UW,Uncracked,0,W/UW
C:\Users\sumit\Desktop\kavita_capstone\dataset\P\UP\011-174.jpg,dataset/P/UP/011-174.jpg,P,Pavement,UP,Uncracked,0,P/UP
C:\Users\sumit\Desktop\kavita_capstone\dataset\D\UD\7044-8.jpg,dataset/D/UD/7044-8.jpg,D,Deck,UD,Uncracked,0,D/UD
C:\Users\sumit\Desktop\kavita_capstone\dataset\W\UW\7111-54.jpg,dataset/W/UW/7111-54.jpg,W,Wall,UW,Uncracked,0,W/UW
C:\Users\sumit\Desktop\kavita_capstone\dataset\W\UW\7130-19.jpg,dataset/W/UW/7130-19.jpg,W,Wall,UW,Uncracked,0,W/UW
C:\Users\sumit\Desktop\kavita_capstone\dataset\W\UW\7133-61.jpg,dataset/W/UW/7133-61.jpg,W,Wall,UW,Uncracked,0,W/UW
C:\Users\sumit\Desktop\kavita_capstone\dataset\D\UD\7008-97.jpg,dataset/D/UD/7008-97.jpg,D,Deck,UD,Uncracked,0,D/UD
C:\Users\sumit\Desktop\kavita_capstone\dataset\W\CW\7075-228.jpg,dataset/W/CW/7075-228.jpg,W,Wall,CW,Cracked,1,W/CW
C:\Users\sumit\Desktop\kavita_capstone\dataset\W\CW\7116-116.jpg,dataset/W/CW/7116-116.jpg,W,Wall,CW,Cracked,1,W/CW
C:\Users\sumit\Desktop\kavita_capstone\dataset\D\UD\7057-113.jpg,dataset/D/UD/7057-113.jpg,D,Deck,UD,Uncracked,0,D/UD
C:\Users\sumit\Desktop\kavita_capstone\dataset\D\UD\7037-102.jpg,dataset/D/UD/7037-102.jpg,D,Deck,UD,Uncracked,0,D/UD
C:\Users\sumit\Desktop\kavita_capstone\dataset\D\UD\7034-188.jpg,dataset/D/UD/7034-188.jpg,D,Deck,UD,Uncracked,0,D/UD
C:\Users\sumit\Desktop\kavita_capstone\dataset\P\UP\006-68.jpg,dataset/P/UP/006-68.jpg,P,Pavement,UP,Uncracked,0,P/UP
C:\Users\sumit\Desktop\kavita_capstone\dataset\P\UP\073-65.jpg,dataset/P/UP/073-65.jpg,P,Pavement,UP,Uncracked,0,P/UP
C:\Users\sumit\Desktop\kavita_capstone\dataset\W\UW\7112-219.jpg,dataset/W/UW/7112-219.jpg,W,Wall,UW,Uncracked,0,W/UW
C:\Users\sumit\Desktop\kavita_capstone\dataset\D\CD\7002-99.jpg,dataset/D/CD/7002-99.jpg,D,Deck,CD,Cracked,1,D/CD
C:\Users\sumit\Desktop\kavita_capstone\dataset\D\CD\7017-100.jpg,dataset/D/CD/7017-100.jpg,D,Deck,CD,Cracked,1,D/CD
C:\Users\sumit\Desktop\kavita_capstone\dataset\W\UW\7105-35.jpg,dataset/W/UW/7105-35.jpg,W,Wall,UW,Uncracked,0,W/UW
C:\Users\sumit\Desktop\kavita_capstone\dataset\W\UW\7095-112.jpg,dataset/W/UW/7095-112.jpg,W,Wall,UW,Uncracked,0,W/UW
C:\Users\sumit\Desktop\kavita_capstone\dataset\D\UD\7048-31.jpg,dataset/D/UD/7048-31.jpg,D,Deck,UD,Uncracked,0,D/UD
C:\Users\sumit\Desktop\kavita_capstone\dataset\D\UD\7030-121.jpg,dataset/D/UD/7030-121.jpg,D,Deck,UD,Uncracked,0,D/UD
C:\Users\sumit\Desktop\kavita_capstone\dataset\W\UW\7137-187.jpg,dataset/W/UW/7137-187.jpg,W,Wall,UW,Uncracked,0,W/UW
C:\Users\sumit\Desktop\kavita_capstone\dataset\P\UP\084-144.jpg,dataset/P/UP/084-144.jpg,P,Pavement,UP,Uncracked,0,P/UP
C:\Users\sumit\Desktop\kavita_capstone\dataset\P\UP\027-91.jpg,dataset/P/UP/027-91.jpg,P,Pavement,UP,Uncracked,0,P/UP
C:\Users\sumit\Desktop\kavita_capstone\dataset\W\UW\7111-83.jpg,dataset/W/UW/7111-83.jpg,W,Wall,UW,Uncracked,0,W/UW
C:\Users\sumit\Desktop\kavita_capstone\dataset\W\CW\7070-43.jpg,dataset/W/CW/7070-43.jpg,W,Wall,CW,Cracked,1,W/CW
C:\Users\sumit\Desktop\kavita_capstone\dataset\P\CP\085-136.jpg,dataset/P/CP/085-136.jpg,P,Pavement,CP,Cracked,1,P/CP
C:\Users\sumit\Desktop\kavita_capstone\dataset\P\UP\024-96.jpg,dataset/P/UP/024-96.jpg,P,Pavement,UP,Uncracked,0,P/UP
C:\Users\sumit\Desktop\kavita_capstone\dataset\P\CP\033-120.jpg,dataset/P/CP/033-120.jpg,P,Pavement,CP,Cracked,1,P/CP
C:\Users\sumit\Desktop\kavita_capstone\dataset\W\UW\7115-32.jpg,dataset/W/UW/7115-32.jpg,W,Wall,UW,Uncracked,0,W/UW
C:\Users\sumit\Desktop\kavita_capstone\dataset\P\UP\019-15.jpg,dataset/P/UP/019-15.jpg,P,Pavement,UP,Uncracked,0,P/UP
C:\Users\sumit\Desktop\kavita_capstone\dataset\W\CW\7093-27.jpg,dataset/W/CW/7093-27.jpg,W,Wall,CW,Cracked,1,W/CW
C:\Users\sumit\Desktop\kavita_capstone\dataset\W\UW\7073-227.jpg,dataset/W/UW/7073-227.jpg,W,Wall,UW,Uncracked,0,W/UW
C:\Users\sumit\Desktop\kavita_capstone\dataset\P\UP\085-72.jpg,dataset/P/UP/085-72.jpg,P,Pavement,UP,Uncracked,0,P/UP
C:\Users\sumit\Desktop\kavita_capstone\dataset\D\CD\7004-43.jpg,dataset/D/CD/7004-43.jpg,D,Deck,CD,Cracked,1,D/CD
C:\Users\sumit\Desktop\kavita_capstone\dataset\D\UD\7041-28.jpg,dataset/D/UD/7041-28.jpg,D,Deck,UD,Uncracked,0,D/UD
C:\Users\sumit\Desktop\kavita_capstone\dataset\P\CP\030-42.jpg,dataset/P/CP/030-42.jpg,P,Pavement,CP,Cracked,1,P/CP
C:\Users\sumit\Desktop\kavita_capstone\dataset\P\UP\047-173.jpg,dataset/P/UP/047-173.jpg,P,Pavement,UP,Uncracked,0,P/UP
C:\Users\sumit\Desktop\kavita_capstone\dataset\D\UD\7039-88.jpg,dataset/D/UD/7039-88.jpg,D,Deck,UD,Uncracked,0,D/UD
C:\Users\sumit\Desktop\kavita_capstone\dataset\W\UW\7112-226.jpg,dataset/W/UW/7112-226.jpg,W,Wall,UW,Uncracked,0,W/UW
C:\Users\sumit\Desktop\kavita_capstone\dataset\W\UW\7117-94.jpg,dataset/W/UW/7117-94.jpg,W,Wall,UW,Uncracked,0,W/UW
C:\Users\sumit\Desktop\kavita_capstone\dataset\P\UP\082-210.jpg,dataset/P/UP/082-210.jpg,P,Pavement,UP,Uncracked,0,P/UP
C:\Users\sumit\Desktop\kavita_capstone\dataset\P\UP\047-122.jpg,dataset/P/UP/047-122.jpg,P,Pavement,UP,Uncracked,0,P/UP
C:\Users\sumit\Desktop\kavita_capstone\dataset\W\UW\7111-192.jpg,dataset/W/UW/7111-192.jpg,W,Wall,UW,Uncracked,0,W/UW
C:\Users\sumit\Desktop\kavita_capstone\dataset\W\UW\7116-141.jpg,dataset/W/UW/7116-141.jpg,W,Wall,UW,Uncracked,0,W/UW
C:\Users\sumit\Desktop\kavita_capstone\dataset\D\CD\7048-182.jpg,dataset/D/CD/7048-182.jpg,D,Deck,CD,Cracked,1,D/CD
C:\Users\sumit\Desktop\kavita_capstone\dataset\P\CP\022-159.jpg,dataset/P/CP/022-159.jpg,P,Pavement,CP,Cracked,1,P/CP
C:\Users\sumit\Desktop\kavita_capstone\dataset\D\CD\7049-92.jpg,dataset/D/CD/7049-92.jpg,D,Deck,CD,Cracked,1,D/CD
C:\Users\sumit\Desktop\kavita_capstone\dataset\W\CW\7126-156.jpg,dataset/W/CW/7126-156.jpg,W,Wall,CW,Cracked,1,W/CW
C:\Users\sumit\Desktop\kavita_capstone\dataset\D\UD\7030-178.jpg,dataset/D/UD/7030-178.jpg,D,Deck,UD,Uncracked,0,D/UD
C:\Users\sumit\Desktop\kavita_capstone\dataset\D\UD\7022-87.jpg,dataset/D/UD/7022-87.jpg,D,Deck,UD,Uncracked,0,D/UD
C:\Users\sumit\Desktop\kavita_capstone\dataset\P\UP\060-66.jpg,dataset/P/UP/060-66.jpg,P,Pavement,UP,Uncracked,0,P/UP
C:\Users\sumit\Desktop\kavita_capstone\dataset\D\CD\7005-157.jpg,dataset/D/CD/7005-157.jpg,D,Deck,CD,Cracked,1,D/CD
C:\Users\sumit\Desktop\kavita_capstone\dataset\W\CW\7132-81.jpg,dataset/W/CW/7132-81.jpg,W,Wall,CW,Cracked,1,W/CW
C:\Users\sumit\Desktop\kavita_capstone\dataset\W\CW\7090-170.jpg,dataset/W/CW/7090-170.jpg,W,Wall,CW,Cracked,1,W/CW
C:\Users\sumit\Desktop\kavita_capstone\dataset\P\UP\011-142.jpg,dataset/P/UP/011-142.jpg,P,Pavement,UP,Uncracked,0,P/UP
C:\Users\sumit\Desktop\kavita_capstone\dataset\W\UW\7122-126.jpg,dataset/W/UW/7122-126.jpg,W,Wall,UW,Uncracked,0,W/UW
C:\Users\sumit\Desktop\kavita_capstone\dataset\W\UW\7117-45.jpg,dataset/W/UW/7117-45.jpg,W,Wall,UW,Uncracked,0,W/UW
C:\Users\sumit\Desktop\kavita_capstone\dataset\D\UD\7047-10.jpg,dataset/D/UD/7047-10.jpg,D,Deck,UD,Uncracked,0,D/UD
C:\Users\sumit\Desktop\kavita_capstone\dataset\P\CP\094-116.jpg,dataset/P/CP/094-116.jpg,P,Pavement,CP,Cracked,1,P/CP
C:\Users\sumit\Desktop\kavita_capstone\dataset\D\CD\7041-95.jpg,dataset/D/CD/7041-95.jpg,D,Deck,CD,Cracked,1,D/CD
C:\Users\sumit\Desktop\kavita_capstone\dataset\W\CW\7087-105.jpg,dataset/W/CW/7087-105.jpg,W,Wall,CW,Cracked,1,W/CW
C:\Users\sumit\Desktop\kavita_capstone\dataset\W\UW\7128-160.jpg,dataset/W/UW/7128-160.jpg,W,Wall,UW,Uncracked,0,W/UW
C:\Users\sumit\Desktop\kavita_capstone\dataset\D\UD\7032-232.jpg,dataset/D/UD/7032-232.jpg,D,Deck,UD,Uncracked,0,D/UD
C:\Users\sumit\Desktop\kavita_capstone\dataset\W\CW\7126-27.jpg,dataset/W/CW/7126-27.jpg,W,Wall,CW,Cracked,1,W/CW
C:\Users\sumit\Desktop\kavita_capstone\dataset\P\UP\103-102.jpg,dataset/P/UP/103-102.jpg,P,Pavement,UP,Uncracked,0,P/UP
C:\Users\sumit\Desktop\kavita_capstone\dataset\P\UP\074-109.jpg,dataset/P/UP/074-109.jpg,P,Pavement,UP,Uncracked,0,P/UP
C:\Users\sumit\Desktop\kavita_capstone\dataset\W\UW\7140-37.jpg,dataset/W/UW/7140-37.jpg,W,Wall,UW,Uncracked,0,W/UW
C:\Users\sumit\Desktop\kavita_capstone\dataset\W\UW\7076-59.jpg,dataset/W/UW/7076-59.jpg,W,Wall,UW,Uncracked,0,W/UW
C:\Users\sumit\Desktop\kavita_capstone\dataset\W\CW\7078-106.jpg,dataset/W/CW/7078-106.jpg,W,Wall,CW,Cracked,1,W/CW
C:\Users\sumit\Desktop\kavita_capstone\dataset\W\CW\7115-132.jpg,dataset/W/CW/7115-132.jpg,W,Wall,CW,Cracked,1,W/CW
C:\Users\sumit\Desktop\kavita_capstone\dataset\P\CP\063-99.jpg,dataset/P/CP/063-99.jpg,P,Pavement,CP,Cracked,1,P/CP
C:\Users\sumit\Desktop\kavita_capstone\dataset\P\UP\079-120.jpg,dataset/P/UP/079-120.jpg,P,Pavement,UP,Uncracked,0,P/UP
C:\Users\sumit\Desktop\kavita_capstone\dataset\P\CP\001-126.jpg,dataset/P/CP/001-126.jpg,P,Pavement,CP,Cracked,1,P/CP
C:\Users\sumit\Desktop\kavita_capstone\dataset\P\UP\005-115.jpg,dataset/P/UP/005-115.jpg,P,Pavement,UP,Uncracked,0,P/UP
C:\Users\sumit\Desktop\kavita_capstone\dataset\D\UD\7038-179.jpg,dataset/D/UD/7038-179.jpg,D,Deck,UD,Uncracked,0,D/UD
C:\Users\sumit\Desktop\kavita_capstone\dataset\D\CD\7049-11.jpg,dataset/D/CD/7049-11.jpg,D,Deck,CD,Cracked,1,D/CD
C:\Users\sumit\Desktop\kavita_capstone\dataset\W\UW\7138-133.jpg,dataset/W/UW/7138-133.jpg,W,Wall,UW,Uncracked,0,W/UW
C:\Users\sumit\Desktop\kavita_capstone\dataset\W\UW\7093-18.jpg,dataset/W/UW/7093-18.jpg,W,Wall,UW,Uncracked,0,W/UW
C:\Users\sumit\Desktop\kavita_capstone\dataset\D\UD\7044-159.jpg,dataset/D/UD/7044-159.jpg,D,Deck,UD,Uncracked,0,D/UD
C:\Users\sumit\Desktop\kavita_capstone\dataset\W\UW\7108-56.jpg,dataset/W/UW/7108-56.jpg,W,Wall,UW,Uncracked,0,W/UW
C:\Users\sumit\Desktop\kavita_capstone\dataset\W\UW\7105-20.jpg,dataset/W/UW/7105-20.jpg,W,Wall,UW,Uncracked,0,W/UW
C:\Users\sumit\Desktop\kavita_capstone\dataset\W\CW\7122-199.jpg,dataset/W/CW/7122-199.jpg,W,Wall,CW,Cracked,1,W/CW
C:\Users\sumit\Desktop\kavita_capstone\dataset\P\UP\002-231.jpg,dataset/P/UP/002-231.jpg,P,Pavement,UP,Uncracked,0,P/UP
C:\Users\sumit\Desktop\kavita_capstone\dataset\D\CD\7011-97.jpg,dataset/D/CD/7011-97.jpg,D,Deck,CD,Cracked,1,D/CD
C:\Users\sumit\Desktop\kavita_capstone\dataset\P\UP\054-136.jpg,dataset/P/UP/054-136.jpg,P,Pavement,UP,Uncracked,0,P/UP
C:\Users\sumit\Desktop\kavita_capstone\dataset\P\UP\081-167.jpg,dataset/P/UP/081-167.jpg,P,Pavement,UP,Uncracked,0,P/UP
C:\Users\sumit\Desktop\kavita_capstone\dataset\D\CD\7005-80.jpg,dataset/D/CD/7005-80.jpg,D,Deck,CD,Cracked,1,D/CD
C:\Users\sumit\Desktop\kavita_capstone\dataset\W\UW\7100-36.jpg,dataset/W/UW/7100-36.jpg,W,Wall,UW,Uncracked,0,W/UW
C:\Users\sumit\Desktop\kavita_capstone\dataset\P\CP\093-120.jpg,dataset/P/CP/093-120.jpg,P,Pavement,CP,Cracked,1,P/CP
C:\Users\sumit\Desktop\kavita_capstone\dataset\D\CD\7027-15.jpg,dataset/D/CD/7027-15.jpg,D,Deck,CD,Cracked,1,D/CD
C:\Users\sumit\Desktop\kavita_capstone\dataset\P\UP\056-128.jpg,dataset/P/UP/056-128.jpg,P,Pavement,UP,Uncracked,0,P/UP
C:\Users\sumit\Desktop\kavita_capstone\dataset\D\UD\7050-63.jpg,dataset/D/UD/7050-63.jpg,D,Deck,UD,Uncracked,0,D/UD
C:\Users\sumit\Desktop\kavita_capstone\dataset\D\UD\7048-140.jpg,dataset/D/UD/7048-140.jpg,D,Deck,UD,Uncracked,0,D/UD
C:\Users\sumit\Desktop\kavita_capstone\dataset\D\CD\7035-114.jpg,dataset/D/CD/7035-114.jpg,D,Deck,CD,Cracked,1,D/CD
C:\Users\sumit\Desktop\kavita_capstone\dataset\P\UP\014-139.jpg,dataset/P/UP/014-139.jpg,P,Pavement,UP,Uncracked,0,P/UP
C:\Users\sumit\Desktop\kavita_capstone\dataset\W\UW\7140-63.jpg,dataset/W/UW/7140-63.jpg,W,Wall,UW,Uncracked,0,W/UW
C:\Users\sumit\Desktop\kavita_capstone\dataset\D\CD\7041-191.jpg,dataset/D/CD/7041-191.jpg,D,Deck,CD,Cracked,1,D/CD
C:\Users\sumit\Desktop\kavita_capstone\dataset\D\UD\7013-42.jpg,dataset/D/UD/7013-42.jpg,D,Deck,UD,Uncracked,0,D/UD
C:\Users\sumit\Desktop\kavita_capstone\dataset\P\CP\003-168.jpg,dataset/P/CP/003-168.jpg,P,Pavement,CP,Cracked,1,P/CP
C:\Users\sumit\Desktop\kavita_capstone\dataset\P\CP\048-110.jpg,dataset/P/CP/048-110.jpg,P,Pavement,CP,Cracked,1,P/CP
C:\Users\sumit\Desktop\kavita_capstone\dataset\D\CD\7022-24.jpg,dataset/D/CD/7022-24.jpg,D,Deck,CD,Cracked,1,D/CD
C:\Users\sumit\Desktop\kavita_capstone\dataset\P\CP\020-5.jpg,dataset/P/CP/020-5.jpg,P,Pavement,CP,Cracked,1,P/CP
C:\Users\sumit\Desktop\kavita_capstone\dataset\W\UW\7131-252.jpg,dataset/W/UW/7131-252.jpg,W,Wall,UW,Uncracked,0,W/UW
C:\Users\sumit\Desktop\kavita_capstone\dataset\P\UP\025-70.jpg,dataset/P/UP/025-70.jpg,P,Pavement,UP,Uncracked,0,P/UP
C:\Users\sumit\Desktop\kavita_capstone\dataset\P\UP\084-79.jpg,dataset/P/UP/084-79.jpg,P,Pavement,UP,Uncracked,0,P/UP
C:\Users\sumit\Desktop\kavita_capstone\dataset\P\CP\048-102.jpg,dataset/P/CP/048-102.jpg,P,Pavement,CP,Cracked,1,P/CP
C:\Users\sumit\Desktop\kavita_capstone\dataset\D\CD\7005-191.jpg,dataset/D/CD/7005-191.jpg,D,Deck,CD,Cracked,1,D/CD
C:\Users\sumit\Desktop\kavita_capstone\dataset\W\CW\7116-99.jpg,dataset/W/CW/7116-99.jpg,W,Wall,CW,Cracked,1,W/CW
C:\Users\sumit\Desktop\kavita_capstone\dataset\W\UW\7118-250.jpg,dataset/W/UW/7118-250.jpg,W,Wall,UW,Uncracked,0,W/UW
C:\Users\sumit\Desktop\kavita_capstone\dataset\P\CP\030-80.jpg,dataset/P/CP/030-80.jpg,P,Pavement,CP,Cracked,1,P/CP
C:\Users\sumit\Desktop\kavita_capstone\dataset\P\UP\035-148.jpg,dataset/P/UP/035-148.jpg,P,Pavement,UP,Uncracked,0,P/UP
C:\Users\sumit\Desktop\kavita_capstone\dataset\W\CW\7137-116.jpg,dataset/W/CW/7137-116.jpg,W,Wall,CW,Cracked,1,W/CW
C:\Users\sumit\Desktop\kavita_capstone\dataset\D\CD\7021-182.jpg,dataset/D/CD/7021-182.jpg,D,Deck,CD,Cracked,1,D/CD
C:\Users\sumit\Desktop\kavita_capstone\dataset\W\CW\7087-188.jpg,dataset/W/CW/7087-188.jpg,W,Wall,CW,Cracked,1,W/CW
C:\Users\sumit\Desktop\kavita_capstone\dataset\P\UP\036-196.jpg,dataset/P/UP/036-196.jpg,P,Pavement,UP,Uncracked,0,P/UP
C:\Users\sumit\Desktop\kavita_capstone\dataset\W\UW\7099-108.jpg,dataset/W/UW/7099-108.jpg,W,Wall,UW,Uncracked,0,W/UW
C:\Users\sumit\Desktop\kavita_capstone\dataset\P\UP\062-154.jpg,dataset/P/UP/062-154.jpg,P,Pavement,UP,Uncracked,0,P/UP
C:\Users\sumit\Desktop\kavita_capstone\dataset\P\CP\037-57.jpg,dataset/P/CP/037-57.jpg,P,Pavement,CP,Cracked,1,P/CP
C:\Users\sumit\Desktop\kavita_capstone\dataset\P\CP\088-63.jpg,dataset/P/CP/088-63.jpg,P,Pavement,CP,Cracked,1,P/CP
C:\Users\sumit\Desktop\kavita_capstone\dataset\P\CP\048-123.jpg,dataset/P/CP/048-123.jpg,P,Pavement,CP,Cracked,1,P/CP
C:\Users\sumit\Desktop\kavita_capstone\dataset\P\UP\007-89.jpg,dataset/P/UP/007-89.jpg,P,Pavement,UP,Uncracked,0,P/UP
C:\Users\sumit\Desktop\kavita_capstone\dataset\P\UP\041-67.jpg,dataset/P/UP/041-67.jpg,P,Pavement,UP,Uncracked,0,P/UP
C:\Users\sumit\Desktop\kavita_capstone\dataset\D\UD\7031-242.jpg,dataset/D/UD/7031-242.jpg,D,Deck,UD,Uncracked,0,D/UD
C:\Users\sumit\Desktop\kavita_capstone\dataset\W\CW\7137-150.jpg,dataset/W/CW/7137-150.jpg,W,Wall,CW,Cracked,1,W/CW
C:\Users\sumit\Desktop\kavita_capstone\dataset\W\CW\7092-95.jpg,dataset/W/CW/7092-95.jpg,W,Wall,CW,Cracked,1,W/CW
C:\Users\sumit\Desktop\kavita_capstone\dataset\W\UW\7075-152.jpg,dataset/W/UW/7075-152.jpg,W,Wall,UW,Uncracked,0,W/UW
C:\Users\sumit\Desktop\kavita_capstone\dataset\W\UW\7112-125.jpg,dataset/W/UW/7112-125.jpg,W,Wall,UW,Uncracked,0,W/UW
C:\Users\sumit\Desktop\kavita_capstone\dataset\D\UD\7045-196.jpg,dataset/D/UD/7045-196.jpg,D,Deck,UD,Uncracked,0,D/UD
C:\Users\sumit\Desktop\kavita_capstone\dataset\D\CD\7015-94.jpg,dataset/D/CD/7015-94.jpg,D,Deck,CD,Cracked,1,D/CD
C:\Users\sumit\Desktop\kavita_capstone\dataset\P\UP\059-30.jpg,dataset/P/UP/059-30.jpg,P,Pavement,UP,Uncracked,0,P/UP
C:\Users\sumit\Desktop\kavita_capstone\dataset\P\UP\061-214.jpg,dataset/P/UP/061-214.jpg,P,Pavement,UP,Uncracked,0,P/UP
C:\Users\sumit\Desktop\kavita_capstone\dataset\D\CD\7026-85.jpg,dataset/D/CD/7026-85.jpg,D,Deck,CD,Cracked,1,D/CD
C:\Users\sumit\Desktop\kavita_capstone\dataset\D\CD\7004-193.jpg,dataset/D/CD/7004-193.jpg,D,Deck,CD,Cracked,1,D/CD
C:\Users\sumit\Desktop\kavita_capstone\dataset\W\UW\7115-147.jpg,dataset/W/UW/7115-147.jpg,W,Wall,UW,Uncracked,0,W/UW
C:\Users\sumit\Desktop\kavita_capstone\dataset\W\UW\7104-7.jpg,dataset/W/UW/7104-7.jpg,W,Wall,UW,Uncracked,0,W/UW
C:\Users\sumit\Desktop\kavita_capstone\dataset\D\UD\7001-5.jpg,dataset/D/UD/7001-5.jpg,D,Deck,UD,Uncracked,0,D/UD
C:\Users\sumit\Desktop\kavita_capstone\dataset\D\CD\7026-127.jpg,dataset/D/CD/7026-127.jpg,D,Deck,CD,Cracked,1,D/CD
C:\Users\sumit\Desktop\kavita_capstone\dataset\D\CD\7021-7.jpg,dataset/D/CD/7021-7.jpg,D,Deck,CD,Cracked,1,D/CD
C:\Users\sumit\Desktop\kavita_capstone\dataset\P\UP\043-124.jpg,dataset/P/UP/043-124.jpg,P,Pavement,UP,Uncracked,0,P/UP
C:\Users\sumit\Desktop\kavita_capstone\dataset\W\CW\7124-206.jpg,dataset/W/CW/7124-206.jpg,W,Wall,CW,Cracked,1,W/CW
C:\Users\sumit\Desktop\kavita_capstone\dataset\D\UD\7032-90.jpg,dataset/D/UD/7032-90.jpg,D,Deck,UD,Uncracked,0,D/UD
C:\Users\sumit\Desktop\kavita_capstone\dataset\W\CW\7080-240.jpg,dataset/W/CW/7080-240.jpg,W,Wall,CW,Cracked,1,W/CW
C:\Users\sumit\Desktop\kavita_capstone\dataset\P\CP\100-119.jpg,dataset/P/CP/100-119.jpg,P,Pavement,CP,Cracked,1,P/CP
C:\Users\sumit\Desktop\kavita_capstone\dataset\D\UD\7003-20.jpg,dataset/D/UD/7003-20.jpg,D,Deck,UD,Uncracked,0,D/UD
C:\Users\sumit\Desktop\kavita_capstone\dataset\D\CD\7054-183.jpg,dataset/D/CD/7054-183.jpg,D,Deck,CD,Cracked,1,D/CD
C:\Users\sumit\Desktop\kavita_capstone\dataset\D\CD\7021-130.jpg,dataset/D/CD/7021-130.jpg,D,Deck,CD,Cracked,1,D/CD
C:\Users\sumit\Desktop\kavita_capstone\dataset\P\UP\037-148.jpg,dataset/P/UP/037-148.jpg,P,Pavement,UP,Uncracked,0,P/UP
C:\Users\sumit\Desktop\kavita_capstone\dataset\D\CD\7028-155.jpg,dataset/D/CD/7028-155.jpg,D,Deck,CD,Cracked,1,D/CD
C:\Users\sumit\Desktop\kavita_capstone\dataset\W\CW\7086-35.jpg,dataset/W/CW/7086-35.jpg,W,Wall,CW,Cracked,1,W/CW
C:\Users\sumit\Desktop\kavita_capstone\dataset\W\CW\7115-198.jpg,dataset/W/CW/7115-198.jpg,W,Wall,CW,Cracked,1,W/CW
C:\Users\sumit\Desktop\kavita_capstone\dataset\W\UW\7133-178.jpg,dataset/W/UW/7133-178.jpg,W,Wall,UW,Uncracked,0,W/UW
C:\Users\sumit\Desktop\kavita_capstone\dataset\P\CP\066-98.jpg,dataset/P/CP/066-98.jpg,P,Pavement,CP,Cracked,1,P/CP
C:\Users\sumit\Desktop\kavita_capstone\dataset\W\UW\7095-74.jpg,dataset/W/UW/7095-74.jpg,W,Wall,UW,Uncracked,0,W/UW
C:\Users\sumit\Desktop\kavita_capstone\dataset\P\UP\019-163.jpg,dataset/P/UP/019-163.jpg,P,Pavement,UP,Uncracked,0,P/UP
C:\Users\sumit\Desktop\kavita_capstone\dataset\P\UP\078-125.jpg,dataset/P/UP/078-125.jpg,P,Pavement,UP,Uncracked,0,P/UP
C:\Users\sumit\Desktop\kavita_capstone\dataset\P\UP\067-128.jpg,dataset/P/UP/067-128.jpg,P,Pavement,UP,Uncracked,0,P/UP
C:\Users\sumit\Desktop\kavita_capstone\dataset\P\CP\005-63.jpg,dataset/P/CP/005-63.jpg,P,Pavement,CP,Cracked,1,P/CP
C:\Users\sumit\Desktop\kavita_capstone\dataset\W\UW\7105-1.jpg,dataset/W/UW/7105-1.jpg,W,Wall,UW,Uncracked,0,W/UW
C:\Users\sumit\Desktop\kavita_capstone\dataset\P\CP\048-94.jpg,dataset/P/CP/048-94.jpg,P,Pavement,CP,Cracked,1,P/CP
C:\Users\sumit\Desktop\kavita_capstone\dataset\P\CP\051-109.jpg,dataset/P/CP/051-109.jpg,P,Pavement,CP,Cracked,1,P/CP
C:\Users\sumit\Desktop\kavita_capstone\dataset\W\UW\7112-154.jpg,dataset/W/UW/7112-154.jpg,W,Wall,UW,Uncracked,0,W/UW
C:\Users\sumit\Desktop\kavita_capstone\dataset\D\CD\7020-148.jpg,dataset/D/CD/7020-148.jpg,D,Deck,CD,Cracked,1,D/CD
C:\Users\sumit\Desktop\kavita_capstone\dataset\P\CP\088-60.jpg,dataset/P/CP/088-60.jpg,P,Pavement,CP,Cracked,1,P/CP
C:\Users\sumit\Desktop\kavita_capstone\dataset\D\UD\7053-78.jpg,dataset/D/UD/7053-78.jpg,D,Deck,UD,Uncracked,0,D/UD
C:\Users\sumit\Desktop\kavita_capstone\dataset\P\UP\099-190.jpg,dataset/P/UP/099-190.jpg,P,Pavement,UP,Uncracked,0,P/UP
C:\Users\sumit\Desktop\kavita_capstone\dataset\P\CP\003-132.jpg,dataset/P/CP/003-132.jpg,P,Pavement,CP,Cracked,1,P/CP
C:\Users\sumit\Desktop\kavita_capstone\dataset\W\UW\7124-250.jpg,dataset/W/UW/7124-250.jpg,W,Wall,UW,Uncracked,0,W/UW
C:\Users\sumit\Desktop\kavita_capstone\dataset\D\UD\7043-12.jpg,dataset/D/UD/7043-12.jpg,D,Deck,UD,Uncracked,0,D/UD
C:\Users\sumit\Desktop\kavita_capstone\dataset\P\CP\063-84.jpg,dataset/P/CP/063-84.jpg,P,Pavement,CP,Cracked,1,P/CP
C:\Users\sumit\Desktop\kavita_capstone\dataset\W\UW\7071-128.jpg,dataset/W/UW/7071-128.jpg,W,Wall,UW,Uncracked,0,W/UW
C:\Users\sumit\Desktop\kavita_capstone\dataset\P\CP\005-171.jpg,dataset/P/CP/005-171.jpg,P,Pavement,CP,Cracked,1,P/CP
C:\Users\sumit\Desktop\kavita_capstone\dataset\D\UD\7021-252.jpg,dataset/D/UD/7021-252.jpg,D,Deck,UD,Uncracked,0,D/UD
C:\Users\sumit\Desktop\kavita_capstone\dataset\D\CD\7039-113_2.jpg,dataset/D/CD/7039-113_2.jpg,D,Deck,CD,Cracked,1,D/CD
C:\Users\sumit\Desktop\kavita_capstone\dataset\D\CD\7008-79.jpg,dataset/D/CD/7008-79.jpg,D,Deck,CD,Cracked,1,D/CD
C:\Users\sumit\Desktop\kavita_capstone\dataset\P\UP\036-29.jpg,dataset/P/UP/036-29.jpg,P,Pavement,UP,Uncracked,0,P/UP
C:\Users\sumit\Desktop\kavita_capstone\dataset\W\UW\7112-79.jpg,dataset/W/UW/7112-79.jpg,W,Wall,UW,Uncracked,0,W/UW
C:\Users\sumit\Desktop\kavita_capstone\dataset\D\CD\7015-79.jpg,dataset/D/CD/7015-79.jpg,D,Deck,CD,Cracked,1,D/CD
C:\Users\sumit\Desktop\kavita_capstone\dataset\D\UD\7039-50.jpg,dataset/D/UD/7039-50.jpg,D,Deck,UD,Uncracked,0,D/UD
C:\Users\sumit\Desktop\kavita_capstone\dataset\D\CD\7039-115.jpg,dataset/D/CD/7039-115.jpg,D,Deck,CD,Cracked,1,D/CD
C:\Users\sumit\Desktop\kavita_capstone\dataset\W\UW\7135-179.jpg,dataset/W/UW/7135-179.jpg,W,Wall,UW,Uncracked,0,W/UW
C:\Users\sumit\Desktop\kavita_capstone\dataset\D\UD\7015-46.jpg,dataset/D/UD/7015-46.jpg,D,Deck,UD,Uncracked,0,D/UD
C:\Users\sumit\Desktop\kavita_capstone\dataset\D\CD\7009-23.jpg,dataset/D/CD/7009-23.jpg,D,Deck,CD,Cracked,1,D/CD
C:\Users\sumit\Desktop\kavita_capstone\dataset\P\UP\093-202.jpg,dataset/P/UP/093-202.jpg,P,Pavement,UP,Uncracked,0,P/UP
C:\Users\sumit\Desktop\kavita_capstone\dataset\P\CP\078-111.jpg,dataset/P/CP/078-111.jpg,P,Pavement,CP,Cracked,1,P/CP
C:\Users\sumit\Desktop\kavita_capstone\dataset\D\UD\7038-226.jpg,dataset/D/UD/7038-226.jpg,D,Deck,UD,Uncracked,0,D/UD
C:\Users\sumit\Desktop\kavita_capstone\dataset\P\UP\042-141.jpg,dataset/P/UP/042-141.jpg,P,Pavement,UP,Uncracked,0,P/UP
C:\Users\sumit\Desktop\kavita_capstone\dataset\P\CP\090-24.jpg,dataset/P/CP/090-24.jpg,P,Pavement,CP,Cracked,1,P/CP
C:\Users\sumit\Desktop\kavita_capstone\dataset\W\CW\7083-13.jpg,dataset/W/CW/7083-13.jpg,W,Wall,CW,Cracked,1,W/CW
C:\Users\sumit\Desktop\kavita_capstone\dataset\D\UD\7043-133.jpg,dataset/D/UD/7043-133.jpg,D,Deck,UD,Uncracked,0,D/UD
C:\Users\sumit\Desktop\kavita_capstone\dataset\D\CD\7051-202.jpg,dataset/D/CD/7051-202.jpg,D,Deck,CD,Cracked,1,D/CD
C:\Users\sumit\Desktop\kavita_capstone\dataset\D\UD\7019-36.jpg,dataset/D/UD/7019-36.jpg,D,Deck,UD,Uncracked,0,D/UD
C:\Users\sumit\Desktop\kavita_capstone\dataset\W\UW\7105-235.jpg,dataset/W/UW/7105-235.jpg,W,Wall,UW,Uncracked,0,W/UW
C:\Users\sumit\Desktop\kavita_capstone\dataset\P\CP\100-78.jpg,dataset/P/CP/100-78.jpg,P,Pavement,CP,Cracked,1,P/CP
C:\Users\sumit\Desktop\kavita_capstone\dataset\P\UP\071-176.jpg,dataset/P/UP/071-176.jpg,P,Pavement,UP,Uncracked,0,P/UP
C:\Users\sumit\Desktop\kavita_capstone\dataset\W\CW\7084-66.jpg,dataset/W/CW/7084-66.jpg,W,Wall,CW,Cracked,1,W/CW
C:\Users\sumit\Desktop\kavita_capstone\dataset\D\CD\7022-127.jpg,dataset/D/CD/7022-127.jpg,D,Deck,CD,Cracked,1,D/CD
C:\Users\sumit\Desktop\kavita_capstone\dataset\W\CW\7092-143.jpg,dataset/W/CW/7092-143.jpg,W,Wall,CW,Cracked,1,W/CW
C:\Users\sumit\Desktop\kavita_capstone\dataset\P\UP\048-43.jpg,dataset/P/UP/048-43.jpg,P,Pavement,UP,Uncracked,0,P/UP
C:\Users\sumit\Desktop\kavita_capstone\dataset\D\UD\7030-15.jpg,dataset/D/UD/7030-15.jpg,D,Deck,UD,Uncracked,0,D/UD
C:\Users\sumit\Desktop\kavita_capstone\dataset\P\CP\092-45.jpg,dataset/P/CP/092-45.jpg,P,Pavement,CP,Cracked,1,P/CP
C:\Users\sumit\Desktop\kavita_capstone\dataset\P\CP\083-124.jpg,dataset/P/CP/083-124.jpg,P,Pavement,CP,Cracked,1,P/CP
C:\Users\sumit\Desktop\kavita_capstone\dataset\W\CW\7077-191.jpg,dataset/W/CW/7077-191.jpg,W,Wall,CW,Cracked,1,W/CW
C:\Users\sumit\Desktop\kavita_capstone\dataset\D\UD\7013-136.jpg,dataset/D/UD/7013-136.jpg,D,Deck,UD,Uncracked,0,D/UD
C:\Users\sumit\Desktop\kavita_capstone\dataset\D\CD\7027-25.jpg,dataset/D/CD/7027-25.jpg,D,Deck,CD,Cracked,1,D/CD
C:\Users\sumit\Desktop\kavita_capstone\dataset\W\UW\7083-95.jpg,dataset/W/UW/7083-95.jpg,W,Wall,UW,Uncracked,0,W/UW
C:\Users\sumit\Desktop\kavita_capstone\dataset\W\UW\7071-12.jpg,dataset/W/UW/7071-12.jpg,W,Wall,UW,Uncracked,0,W/UW
C:\Users\sumit\Desktop\kavita_capstone\dataset\W\CW\7075-81.jpg,dataset/W/CW/7075-81.jpg,W,Wall,CW,Cracked,1,W/CW
C:\Users\sumit\Desktop\kavita_capstone\dataset\P\UP\012-84.jpg,dataset/P/UP/012-84.jpg,P,Pavement,UP,Uncracked,0,P/UP
C:\Users\sumit\Desktop\kavita_capstone\dataset\W\CW\7081-66.jpg,dataset/W/CW/7081-66.jpg,W,Wall,CW,Cracked,1,W/CW
C:\Users\sumit\Desktop\kavita_capstone\dataset\P\UP\009-221.jpg,dataset/P/UP/009-221.jpg,P,Pavement,UP,Uncracked,0,P/UP
C:\Users\sumit\Desktop\kavita_capstone\dataset\D\CD\7002-216.jpg,dataset/D/CD/7002-216.jpg,D,Deck,CD,Cracked,1,D/CD
C:\Users\sumit\Desktop\kavita_capstone\dataset\P\UP\073-56.jpg,dataset/P/UP/073-56.jpg,P,Pavement,UP,Uncracked,0,P/UP
C:\Users\sumit\Desktop\kavita_capstone\dataset\W\UW\7130-197.jpg,dataset/W/UW/7130-197.jpg,W,Wall,UW,Uncracked,0,W/UW
C:\Users\sumit\Desktop\kavita_capstone\dataset\D\CD\7026-215.jpg,dataset/D/CD/7026-215.jpg,D,Deck,CD,Cracked,1,D/CD
C:\Users\sumit\Desktop\kavita_capstone\dataset\W\UW\7137-5.jpg,dataset/W/UW/7137-5.jpg,W,Wall,UW,Uncracked,0,W/UW
C:\Users\sumit\Desktop\kavita_capstone\dataset\P\CP\063-132.jpg,dataset/P/CP/063-132.jpg,P,Pavement,CP,Cracked,1,P/CP
C:\Users\sumit\Desktop\kavita_capstone\dataset\W\CW\7072-109.jpg,dataset/W/CW/7072-109.jpg,W,Wall,CW,Cracked,1,W/CW
C:\Users\sumit\Desktop\kavita_capstone\dataset\P\CP\029-112.jpg,dataset/P/CP/029-112.jpg,P,Pavement,CP,Cracked,1,P/CP
C:\Users\sumit\Desktop\kavita_capstone\dataset\P\UP\062-64.jpg,dataset/P/UP/062-64.jpg,P,Pavement,UP,Uncracked,0,P/UP
C:\Users\sumit\Desktop\kavita_capstone\dataset\P\UP\077-29.jpg,dataset/P/UP/077-29.jpg,P,Pavement,UP,Uncracked,0,P/UP
C:\Users\sumit\Desktop\kavita_capstone\dataset\W\UW\7080-2.jpg,dataset/W/UW/7080-2.jpg,W,Wall,UW,Uncracked,0,W/UW
C:\Users\sumit\Desktop\kavita_capstone\dataset\D\UD\7027-238.jpg,dataset/D/UD/7027-238.jpg,D,Deck,UD,Uncracked,0,D/UD
C:\Users\sumit\Desktop\kavita_capstone\dataset\D\CD\7001-115.jpg,dataset/D/CD/7001-115.jpg,D,Deck,CD,Cracked,1,D/CD
C:\Users\sumit\Desktop\kavita_capstone\dataset\D\UD\7024-161.jpg,dataset/D/UD/7024-161.jpg,D,Deck,UD,Uncracked,0,D/UD
C:\Users\sumit\Desktop\kavita_capstone\dataset\D\CD\7052-41.jpg,dataset/D/CD/7052-41.jpg,D,Deck,CD,Cracked,1,D/CD
C:\Users\sumit\Desktop\kavita_capstone\dataset\P\CP\062-108.jpg,dataset/P/CP/062-108.jpg,P,Pavement,CP,Cracked,1,P/CP
C:\Users\sumit\Desktop\kavita_capstone\dataset\P\CP\042-78.jpg,dataset/P/CP/042-78.jpg,P,Pavement,CP,Cracked,1,P/CP
C:\Users\sumit\Desktop\kavita_capstone\dataset\W\UW\7082-131.jpg,dataset/W/UW/7082-131.jpg,W,Wall,UW,Uncracked,0,W/UW
C:\Users\sumit\Desktop\kavita_capstone\dataset\P\UP\089-107.jpg,dataset/P/UP/089-107.jpg,P,Pavement,UP,Uncracked,0,P/UP
C:\Users\sumit\Desktop\kavita_capstone\dataset\P\CP\013-66.jpg,dataset/P/CP/013-66.jpg,P,Pavement,CP,Cracked,1,P/CP
C:\Users\sumit\Desktop\kavita_capstone\dataset\W\UW\7072-230.jpg,dataset/W/UW/7072-230.jpg,W,Wall,UW,Uncracked,0,W/UW
C:\Users\sumit\Desktop\kavita_capstone\dataset\W\UW\7128-136.jpg,dataset/W/UW/7128-136.jpg,W,Wall,UW,Uncracked,0,W/UW
C:\Users\sumit\Desktop\kavita_capstone\dataset\P\UP\045-220.jpg,dataset/P/UP/045-220.jpg,P,Pavement,UP,Uncracked,0,P/UP
C:\Users\sumit\Desktop\kavita_capstone\dataset\W\UW\7117-168.jpg,dataset/W/UW/7117-168.jpg,W,Wall,UW,Uncracked,0,W/UW
C:\Users\sumit\Desktop\kavita_capstone\dataset\P\CP\022-139.jpg,dataset/P/CP/022-139.jpg,P,Pavement,CP,Cracked,1,P/CP
C:\Users\sumit\Desktop\kavita_capstone\dataset\P\UP\039-74.jpg,dataset/P/UP/039-74.jpg,P,Pavement,UP,Uncracked,0,P/UP
C:\Users\sumit\Desktop\kavita_capstone\dataset\D\CD\7057-215.jpg,dataset/D/CD/7057-215.jpg,D,Deck,CD,Cracked,1,D/CD
C:\Users\sumit\Desktop\kavita_capstone\dataset\W\UW\7105-215.jpg,dataset/W/UW/7105-215.jpg,W,Wall,UW,Uncracked,0,W/UW
C:\Users\sumit\Desktop\kavita_capstone\dataset\P\CP\069-62.jpg,dataset/P/CP/069-62.jpg,P,Pavement,CP,Cracked,1,P/CP
C:\Users\sumit\Desktop\kavita_capstone\dataset\P\UP\054-208.jpg,dataset/P/UP/054-208.jpg,P,Pavement,UP,Uncracked,0,P/UP
C:\Users\sumit\Desktop\kavita_capstone\dataset\W\UW\7107-149.jpg,dataset/W/UW/7107-149.jpg,W,Wall,UW,Uncracked,0,W/UW
C:\Users\sumit\Desktop\kavita_capstone\dataset\W\UW\7102-148.jpg,dataset/W/UW/7102-148.jpg,W,Wall,UW,Uncracked,0,W/UW
C:\Users\sumit\Desktop\kavita_capstone\dataset\D\UD\7009-104.jpg,dataset/D/UD/7009-104.jpg,D,Deck,UD,Uncracked,0,D/UD
C:\Users\sumit\Desktop\kavita_capstone\dataset\D\CD\7041-86.jpg,dataset/D/CD/7041-86.jpg,D,Deck,CD,Cracked,1,D/CD
C:\Users\sumit\Desktop\kavita_capstone\dataset\D\UD\7006-201.jpg,dataset/D/UD/7006-201.jpg,D,Deck,UD,Uncracked,0,D/UD
C:\Users\sumit\Desktop\kavita_capstone\dataset\D\UD\7033-228.jpg,dataset/D/UD/7033-228.jpg,D,Deck,UD,Uncracked,0,D/UD
C:\Users\sumit\Desktop\kavita_capstone\dataset\P\UP\080-14.jpg,dataset/P/UP/080-14.jpg,P,Pavement,UP,Uncracked,0,P/UP
C:\Users\sumit\Desktop\kavita_capstone\dataset\P\CP\061-102.jpg,dataset/P/CP/061-102.jpg,P,Pavement,CP,Cracked,1,P/CP
C:\Users\sumit\Desktop\kavita_capstone\dataset\W\UW\7095-222.jpg,dataset/W/UW/7095-222.jpg,W,Wall,UW,Uncracked,0,W/UW
C:\Users\sumit\Desktop\kavita_capstone\dataset\W\CW\7102-116.jpg,dataset/W/CW/7102-116.jpg,W,Wall,CW,Cracked,1,W/CW
C:\Users\sumit\Desktop\kavita_capstone\dataset\D\CD\7028-194.jpg,dataset/D/CD/7028-194.jpg,D,Deck,CD,Cracked,1,D/CD
C:\Users\sumit\Desktop\kavita_capstone\dataset\W\CW\7104-189.jpg,dataset/W/CW/7104-189.jpg,W,Wall,CW,Cracked,1,W/CW
C:\Users\sumit\Desktop\kavita_capstone\dataset\W\CW\7072-86.jpg,dataset/W/CW/7072-86.jpg,W,Wall,CW,Cracked,1,W/CW
C:\Users\sumit\Desktop\kavita_capstone\dataset\W\UW\7140-126.jpg,dataset/W/UW/7140-126.jpg,W,Wall,UW,Uncracked,0,W/UW
C:\Users\sumit\Desktop\kavita_capstone\dataset\W\UW\7122-103.jpg,dataset/W/UW/7122-103.jpg,W,Wall,UW,Uncracked,0,W/UW
C:\Users\sumit\Desktop\kavita_capstone\dataset\P\UP\056-130.jpg,dataset/P/UP/056-130.jpg,P,Pavement,UP,Uncracked,0,P/UP
C:\Users\sumit\Desktop\kavita_capstone\dataset\D\CD\7021-249.jpg,dataset/D/CD/7021-249.jpg,D,Deck,CD,Cracked,1,D/CD
C:\Users\sumit\Desktop\kavita_capstone\dataset\W\UW\7123-23.jpg,dataset/W/UW/7123-23.jpg,W,Wall,UW,Uncracked,0,W/UW
C:\Users\sumit\Desktop\kavita_capstone\dataset\W\CW\7093-84.jpg,dataset/W/CW/7093-84.jpg,W,Wall,CW,Cracked,1,W/CW
C:\Users\sumit\Desktop\kavita_capstone\dataset\D\CD\7016-83.jpg,dataset/D/CD/7016-83.jpg,D,Deck,CD,Cracked,1,D/CD
C:\Users\sumit\Desktop\kavita_capstone\dataset\W\CW\7133-135.jpg,dataset/W/CW/7133-135.jpg,W,Wall,CW,Cracked,1,W/CW
C:\Users\sumit\Desktop\kavita_capstone\dataset\P\CP\006-90.jpg,dataset/P/CP/006-90.jpg,P,Pavement,CP,Cracked,1,P/CP
C:\Users\sumit\Desktop\kavita_capstone\dataset\P\UP\080-184.jpg,dataset/P/UP/080-184.jpg,P,Pavement,UP,Uncracked,0,P/UP
C:\Users\sumit\Desktop\kavita_capstone\dataset\W\CW\7091-63.jpg,dataset/W/CW/7091-63.jpg,W,Wall,CW,Cracked,1,W/CW
C:\Users\sumit\Desktop\kavita_capstone\dataset\P\UP\097-21.jpg,dataset/P/UP/097-21.jpg,P,Pavement,UP,Uncracked,0,P/UP
C:\Users\sumit\Desktop\kavita_capstone\dataset\P\CP\041-116.jpg,dataset/P/CP/041-116.jpg,P,Pavement,CP,Cracked,1,P/CP
C:\Users\sumit\Desktop\kavita_capstone\dataset\W\CW\7077-193.jpg,dataset/W/CW/7077-193.jpg,W,Wall,CW,Cracked,1,W/CW
C:\Users\sumit\Desktop\kavita_capstone\dataset\D\UD\7004-45.jpg,dataset/D/UD/7004-45.jpg,D,Deck,UD,Uncracked,0,D/UD
C:\Users\sumit\Desktop\kavita_capstone\dataset\P\UP\025-107.jpg,dataset/P/UP/025-107.jpg,P,Pavement,UP,Uncracked,0,P/UP
C:\Users\sumit\Desktop\kavita_capstone\dataset\P\CP\036-124.jpg,dataset/P/CP/036-124.jpg,P,Pavement,CP,Cracked,1,P/CP
C:\Users\sumit\Desktop\kavita_capstone\dataset\P\CP\061-106.jpg,dataset/P/CP/061-106.jpg,P,Pavement,CP,Cracked,1,P/CP
C:\Users\sumit\Desktop\kavita_capstone\dataset\P\CP\068-94.jpg,dataset/P/CP/068-94.jpg,P,Pavement,CP,Cracked,1,P/CP
C:\Users\sumit\Desktop\kavita_capstone\dataset\P\CP\014-82.jpg,dataset/P/CP/014-82.jpg,P,Pavement,CP,Cracked,1,P/CP
C:\Users\sumit\Desktop\kavita_capstone\dataset\W\UW\7126-152.jpg,dataset/W/UW/7126-152.jpg,W,Wall,UW,Uncracked,0,W/UW
C:\Users\sumit\Desktop\kavita_capstone\dataset\W\UW\7103-30.jpg,dataset/W/UW/7103-30.jpg,W,Wall,UW,Uncracked,0,W/UW
C:\Users\sumit\Desktop\kavita_capstone\dataset\W\CW\7122-128.jpg,dataset/W/CW/7122-128.jpg,W,Wall,CW,Cracked,1,W/CW
C:\Users\sumit\Desktop\kavita_capstone\dataset\W\UW\7135-38.jpg,dataset/W/UW/7135-38.jpg,W,Wall,UW,Uncracked,0,W/UW
C:\Users\sumit\Desktop\kavita_capstone\dataset\D\UD\7026-191.jpg,dataset/D/UD/7026-191.jpg,D,Deck,UD,Uncracked,0,D/UD
C:\Users\sumit\Desktop\kavita_capstone\dataset\W\UW\7108-3.jpg,dataset/W/UW/7108-3.jpg,W,Wall,UW,Uncracked,0,W/UW
C:\Users\sumit\Desktop\kavita_capstone\dataset\P\UP\025-87.jpg,dataset/P/UP/025-87.jpg,P,Pavement,UP,Uncracked,0,P/UP
C:\Users\sumit\Desktop\kavita_capstone\dataset\D\UD\7057-182.jpg,dataset/D/UD/7057-182.jpg,D,Deck,UD,Uncracked,0,D/UD
C:\Users\sumit\Desktop\kavita_capstone\dataset\P\CP\084-47.jpg,dataset/P/CP/084-47.jpg,P,Pavement,CP,Cracked,1,P/CP
C:\Users\sumit\Desktop\kavita_capstone\dataset\D\CD\7026-161.jpg,dataset/D/CD/7026-161.jpg,D,Deck,CD,Cracked,1,D/CD
C:\Users\sumit\Desktop\kavita_capstone\dataset\W\UW\7138-204.jpg,dataset/W/UW/7138-204.jpg,W,Wall,UW,Uncracked,0,W/UW
C:\Users\sumit\Desktop\kavita_capstone\dataset\D\UD\7028-90.jpg,dataset/D/UD/7028-90.jpg,D,Deck,UD,Uncracked,0,D/UD
C:\Users\sumit\Desktop\kavita_capstone\dataset\W\CW\7071-73.jpg,dataset/W/CW/7071-73.jpg,W,Wall,CW,Cracked,1,W/CW
C:\Users\sumit\Desktop\kavita_capstone\dataset\P\CP\072-115.jpg,dataset/P/CP/072-115.jpg,P,Pavement,CP,Cracked,1,P/CP
C:\Users\sumit\Desktop\kavita_capstone\dataset\D\UD\7036-150.jpg,dataset/D/UD/7036-150.jpg,D,Deck,UD,Uncracked,0,D/UD
C:\Users\sumit\Desktop\kavita_capstone\dataset\W\CW\7090-157.jpg,dataset/W/CW/7090-157.jpg,W,Wall,CW,Cracked,1,W/CW
C:\Users\sumit\Desktop\kavita_capstone\dataset\P\CP\095-218.jpg,dataset/P/CP/095-218.jpg,P,Pavement,CP,Cracked,1,P/CP
C:\Users\sumit\Desktop\kavita_capstone\dataset\D\CD\7033-193.jpg,dataset/D/CD/7033-193.jpg,D,Deck,CD,Cracked,1,D/CD
C:\Users\sumit\Desktop\kavita_capstone\dataset\D\UD\7036-71.jpg,dataset/D/UD/7036-71.jpg,D,Deck,UD,Uncracked,0,D/UD
C:\Users\sumit\Desktop\kavita_capstone\dataset\W\UW\7131-100.jpg,dataset/W/UW/7131-100.jpg,W,Wall,UW,Uncracked,0,W/UW
C:\Users\sumit\Desktop\kavita_capstone\dataset\P\CP\006-186.jpg,dataset/P/CP/006-186.jpg,P,Pavement,CP,Cracked,1,P/CP
C:\Users\sumit\Desktop\kavita_capstone\dataset\D\CD\7040-237.jpg,dataset/D/CD/7040-237.jpg,D,Deck,CD,Cracked,1,D/CD
C:\Users\sumit\Desktop\kavita_capstone\dataset\W\UW\7096-188.jpg,dataset/W/UW/7096-188.jpg,W,Wall,UW,Uncracked,0,W/UW
C:\Users\sumit\Desktop\kavita_capstone\dataset\W\UW\7071-43.jpg,dataset/W/UW/7071-43.jpg,W,Wall,UW,Uncracked,0,W/UW
C:\Users\sumit\Desktop\kavita_capstone\dataset\D\CD\7045-44.jpg,dataset/D/CD/7045-44.jpg,D,Deck,CD,Cracked,1,D/CD
C:\Users\sumit\Desktop\kavita_capstone\dataset\P\CP\006-9.jpg,dataset/P/CP/006-9.jpg,P,Pavement,CP,Cracked,1,P/CP
C:\Users\sumit\Desktop\kavita_capstone\dataset\D\UD\7047-127.jpg,dataset/D/UD/7047-127.jpg,D,Deck,UD,Uncracked,0,D/UD
C:\Users\sumit\Desktop\kavita_capstone\dataset\W\CW\7104-170.jpg,dataset/W/CW/7104-170.jpg,W,Wall,CW,Cracked,1,W/CW
C:\Users\sumit\Desktop\kavita_capstone\dataset\W\UW\7120-232.jpg,dataset/W/UW/7120-232.jpg,W,Wall,UW,Uncracked,0,W/UW
C:\Users\sumit\Desktop\kavita_capstone\dataset\D\CD\7009-150.jpg,dataset/D/CD/7009-150.jpg,D,Deck,CD,Cracked,1,D/CD
C:\Users\sumit\Desktop\kavita_capstone\dataset\P\CP\021-102.jpg,dataset/P/CP/021-102.jpg,P,Pavement,CP,Cracked,1,P/CP
C:\Users\sumit\Desktop\kavita_capstone\dataset\P\CP\022-117.jpg,dataset/P/CP/022-117.jpg,P,Pavement,CP,Cracked,1,P/CP
C:\Users\sumit\Desktop\kavita_capstone\dataset\D\CD\7026-22.jpg,dataset/D/CD/7026-22.jpg,D,Deck,CD,Cracked,1,D/CD
C:\Users\sumit\Desktop\kavita_capstone\dataset\D\CD\7044-12.jpg,dataset/D/CD/7044-12.jpg,D,Deck,CD,Cracked,1,D/CD
C:\Users\sumit\Desktop\kavita_capstone\dataset\D\CD\7031-105.jpg,dataset/D/CD/7031-105.jpg,D,Deck,CD,Cracked,1,D/CD
C:\Users\sumit\Desktop\kavita_capstone\dataset\P\CP\066-93.jpg,dataset/P/CP/066-93.jpg,P,Pavement,CP,Cracked,1,P/CP
C:\Users\sumit\Desktop\kavita_capstone\dataset\D\UD\7013-188.jpg,dataset/D/UD/7013-188.jpg,D,Deck,UD,Uncracked,0,D/UD
C:\Users\sumit\Desktop\kavita_capstone\dataset\W\UW\7129-210.jpg,dataset/W/UW/7129-210.jpg,W,Wall,UW,Uncracked,0,W/UW
C:\Users\sumit\Desktop\kavita_capstone\dataset\W\CW\7121-215.jpg,dataset/W/CW/7121-215.jpg,W,Wall,CW,Cracked,1,W/CW
C:\Users\sumit\Desktop\kavita_capstone\dataset\W\UW\7078-209.jpg,dataset/W/UW/7078-209.jpg,W,Wall,UW,Uncracked,0,W/UW
C:\Users\sumit\Desktop\kavita_capstone\dataset\P\CP\029-50.jpg,dataset/P/CP/029-50.jpg,P,Pavement,CP,Cracked,1,P/CP
C:\Users\sumit\Desktop\kavita_capstone\dataset\P\CP\054-84.jpg,dataset/P/CP/054-84.jpg,P,Pavement,CP,Cracked,1,P/CP
C:\Users\sumit\Desktop\kavita_capstone\dataset\W\UW\7113-12.jpg,dataset/W/UW/7113-12.jpg,W,Wall,UW,Uncracked,0,W/UW
C:\Users\sumit\Desktop\kavita_capstone\dataset\D\UD\7048-216.jpg,dataset/D/UD/7048-216.jpg,D,Deck,UD,Uncracked,0,D/UD
C:\Users\sumit\Desktop\kavita_capstone\dataset\D\CD\7037-94.jpg,dataset/D/CD/7037-94.jpg,D,Deck,CD,Cracked,1,D/CD
C:\Users\sumit\Desktop\kavita_capstone\dataset\D\UD\7022-86.jpg,dataset/D/UD/7022-86.jpg,D,Deck,UD,Uncracked,0,D/UD
C:\Users\sumit\Desktop\kavita_capstone\dataset\W\UW\7128-45.jpg,dataset/W/UW/7128-45.jpg,W,Wall,UW,Uncracked,0,W/UW
C:\Users\sumit\Desktop\kavita_capstone\dataset\P\CP\089-81.jpg,dataset/P/CP/089-81.jpg,P,Pavement,CP,Cracked,1,P/CP
C:\Users\sumit\Desktop\kavita_capstone\dataset\P\CP\095-112.jpg,dataset/P/CP/095-112.jpg,P,Pavement,CP,Cracked,1,P/CP
C:\Users\sumit\Desktop\kavita_capstone\dataset\W\CW\7076-1.jpg,dataset/W/CW/7076-1.jpg,W,Wall,CW,Cracked,1,W/CW
C:\Users\sumit\Desktop\kavita_capstone\dataset\P\CP\060-80.jpg,dataset/P/CP/060-80.jpg,P,Pavement,CP,Cracked,1,P/CP
C:\Users\sumit\Desktop\kavita_capstone\dataset\D\UD\7053-171.jpg,dataset/D/UD/7053-171.jpg,D,Deck,UD,Uncracked,0,D/UD
C:\Users\sumit\Desktop\kavita_capstone\dataset\P\UP\073-20.jpg,dataset/P/UP/073-20.jpg,P,Pavement,UP,Uncracked,0,P/UP
C:\Users\sumit\Desktop\kavita_capstone\dataset\W\UW\7099-148.jpg,dataset/W/UW/7099-148.jpg,W,Wall,UW,Uncracked,0,W/UW
C:\Users\sumit\Desktop\kavita_capstone\dataset\D\CD\7054-149.jpg,dataset/D/CD/7054-149.jpg,D,Deck,CD,Cracked,1,D/CD
C:\Users\sumit\Desktop\kavita_capstone\dataset\P\CP\037-60.jpg,dataset/P/CP/037-60.jpg,P,Pavement,CP,Cracked,1,P/CP
C:\Users\sumit\Desktop\kavita_capstone\dataset\P\UP\093-181.jpg,dataset/P/UP/093-181.jpg,P,Pavement,UP,Uncracked,0,P/UP
C:\Users\sumit\Desktop\kavita_capstone\dataset\P\UP\034-52.jpg,dataset/P/UP/034-52.jpg,P,Pavement,UP,Uncracked,0,P/UP
C:\Users\sumit\Desktop\kavita_capstone\dataset\W\UW\7096-151.jpg,dataset/W/UW/7096-151.jpg,W,Wall,UW,Uncracked,0,W/UW
C:\Users\sumit\Desktop\kavita_capstone\dataset\W\UW\7097-40.jpg,dataset/W/UW/7097-40.jpg,W,Wall,UW,Uncracked,0,W/UW
C:\Users\sumit\Desktop\kavita_capstone\dataset\P\UP\084-89.jpg,dataset/P/UP/084-89.jpg,P,Pavement,UP,Uncracked,0,P/UP
C:\Users\sumit\Desktop\kavita_capstone\dataset\W\CW\7092-160.jpg,dataset/W/CW/7092-160.jpg,W,Wall,CW,Cracked,1,W/CW
C:\Users\sumit\Desktop\kavita_capstone\dataset\P\CP\043-52.jpg,dataset/P/CP/043-52.jpg,P,Pavement,CP,Cracked,1,P/CP
C:\Users\sumit\Desktop\kavita_capstone\dataset\D\UD\7029-58.jpg,dataset/D/UD/7029-58.jpg,D,Deck,UD,Uncracked,0,D/UD
C:\Users\sumit\Desktop\kavita_capstone\dataset\P\UP\011-196.jpg,dataset/P/UP/011-196.jpg,P,Pavement,UP,Uncracked,0,P/UP
C:\Users\sumit\Desktop\kavita_capstone\dataset\P\CP\079-77.jpg,dataset/P/CP/079-77.jpg,P,Pavement,CP,Cracked,1,P/CP
C:\Users\sumit\Desktop\kavita_capstone\dataset\D\UD\7002-22.jpg,dataset/D/UD/7002-22.jpg,D,Deck,UD,Uncracked,0,D/UD
C:\Users\sumit\Desktop\kavita_capstone\dataset\D\UD\7043-197.jpg,dataset/D/UD/7043-197.jpg,D,Deck,UD,Uncracked,0,D/UD
C:\Users\sumit\Desktop\kavita_capstone\dataset\P\CP\034-75.jpg,dataset/P/CP/034-75.jpg,P,Pavement,CP,Cracked,1,P/CP
C:\Users\sumit\Desktop\kavita_capstone\dataset\W\CW\7109-249.jpg,dataset/W/CW/7109-249.jpg,W,Wall,CW,Cracked,1,W/CW
C:\Users\sumit\Desktop\kavita_capstone\dataset\W\UW\7091-52.jpg,dataset/W/UW/7091-52.jpg,W,Wall,UW,Uncracked,0,W/UW
C:\Users\sumit\Desktop\kavita_capstone\dataset\D\UD\7049-233.jpg,dataset/D/UD/7049-233.jpg,D,Deck,UD,Uncracked,0,D/UD
C:\Users\sumit\Desktop\kavita_capstone\dataset\D\CD\7034-9.jpg,dataset/D/CD/7034-9.jpg,D,Deck,CD,Cracked,1,D/CD
C:\Users\sumit\Desktop\kavita_capstone\dataset\P\CP\063-104.jpg,dataset/P/CP/063-104.jpg,P,Pavement,CP,Cracked,1,P/CP
C:\Users\sumit\Desktop\kavita_capstone\dataset\W\CW\7069-87.jpg,dataset/W/CW/7069-87.jpg,W,Wall,CW,Cracked,1,W/CW
C:\Users\sumit\Desktop\kavita_capstone\dataset\D\CD\7023-136.jpg,dataset/D/CD/7023-136.jpg,D,Deck,CD,Cracked,1,D/CD
C:\Users\sumit\Desktop\kavita_capstone\dataset\P\UP\054-167.jpg,dataset/P/UP/054-167.jpg,P,Pavement,UP,Uncracked,0,P/UP
C:\Users\sumit\Desktop\kavita_capstone\dataset\W\CW\7092-6.jpg,dataset/W/CW/7092-6.jpg,W,Wall,CW,Cracked,1,W/CW
C:\Users\sumit\Desktop\kavita_capstone\dataset\W\CW\7086-251.jpg,dataset/W/CW/7086-251.jpg,W,Wall,CW,Cracked,1,W/CW
C:\Users\sumit\Desktop\kavita_capstone\dataset\D\CD\7016-206.jpg,dataset/D/CD/7016-206.jpg,D,Deck,CD,Cracked,1,D/CD
C:\Users\sumit\Desktop\kavita_capstone\dataset\P\CP\098-113.jpg,dataset/P/CP/098-113.jpg,P,Pavement,CP,Cracked,1,P/CP
C:\Users\sumit\Desktop\kavita_capstone\dataset\P\CP\087-207.jpg,dataset/P/CP/087-207.jpg,P,Pavement,CP,Cracked,1,P/CP
C:\Users\sumit\Desktop\kavita_capstone\dataset\P\UP\026-205.jpg,dataset/P/UP/026-205.jpg,P,Pavement,UP,Uncracked,0,P/UP
C:\Users\sumit\Desktop\kavita_capstone\dataset\D\CD\7045-24.jpg,dataset/D/CD/7045-24.jpg,D,Deck,CD,Cracked,1,D/CD
C:\Users\sumit\Desktop\kavita_capstone\dataset\D\CD\7007-141.jpg,dataset/D/CD/7007-141.jpg,D,Deck,CD,Cracked,1,D/CD
C:\Users\sumit\Desktop\kavita_capstone\dataset\D\UD\7019-98.jpg,dataset/D/UD/7019-98.jpg,D,Deck,UD,Uncracked,0,D/UD
C:\Users\sumit\Desktop\kavita_capstone\dataset\D\UD\7030-29.jpg,dataset/D/UD/7030-29.jpg,D,Deck,UD,Uncracked,0,D/UD
C:\Users\sumit\Desktop\kavita_capstone\dataset\D\UD\7053-198.jpg,dataset/D/UD/7053-198.jpg,D,Deck,UD,Uncracked,0,D/UD
C:\Users\sumit\Desktop\kavita_capstone\dataset\P\CP\095-28.jpg,dataset/P/CP/095-28.jpg,P,Pavement,CP,Cracked,1,P/CP
C:\Users\sumit\Desktop\kavita_capstone\dataset\W\CW\7077-29.jpg,dataset/W/CW/7077-29.jpg,W,Wall,CW,Cracked,1,W/CW
C:\Users\sumit\Desktop\kavita_capstone\dataset\W\UW\7122-21.jpg,dataset/W/UW/7122-21.jpg,W,Wall,UW,Uncracked,0,W/UW
C:\Users\sumit\Desktop\kavita_capstone\dataset\P\CP\049-128.jpg,dataset/P/CP/049-128.jpg,P,Pavement,CP,Cracked,1,P/CP
C:\Users\sumit\Desktop\kavita_capstone\dataset\W\UW\7103-190.jpg,dataset/W/UW/7103-190.jpg,W,Wall,UW,Uncracked,0,W/UW
C:\Users\sumit\Desktop\kavita_capstone\dataset\W\UW\7120-34.jpg,dataset/W/UW/7120-34.jpg,W,Wall,UW,Uncracked,0,W/UW
C:\Users\sumit\Desktop\kavita_capstone\dataset\W\UW\7132-185.jpg,dataset/W/UW/7132-185.jpg,W,Wall,UW,Uncracked,0,W/UW
C:\Users\sumit\Desktop\kavita_capstone\dataset\W\CW\7074-226.jpg,dataset/W/CW/7074-226.jpg,W,Wall,CW,Cracked,1,W/CW
C:\Users\sumit\Desktop\kavita_capstone\dataset\W\CW\7070-42.jpg,dataset/W/CW/7070-42.jpg,W,Wall,CW,Cracked,1,W/CW
C:\Users\sumit\Desktop\kavita_capstone\dataset\W\CW\7081-195.jpg,dataset/W/CW/7081-195.jpg,W,Wall,CW,Cracked,1,W/CW
C:\Users\sumit\Desktop\kavita_capstone\dataset\D\UD\7049-7.jpg,dataset/D/UD/7049-7.jpg,D,Deck,UD,Uncracked,0,D/UD
C:\Users\sumit\Desktop\kavita_capstone\dataset\P\UP\090-165.jpg,dataset/P/UP/090-165.jpg,P,Pavement,UP,Uncracked,0,P/UP
C:\Users\sumit\Desktop\kavita_capstone\dataset\W\UW\7106-49.jpg,dataset/W/UW/7106-49.jpg,W,Wall,UW,Uncracked,0,W/UW
C:\Users\sumit\Desktop\kavita_capstone\dataset\W\UW\7098-137.jpg,dataset/W/UW/7098-137.jpg,W,Wall,UW,Uncracked,0,W/UW
C:\Users\sumit\Desktop\kavita_capstone\dataset\P\UP\078-203.jpg,dataset/P/UP/078-203.jpg,P,Pavement,UP,Uncracked,0,P/UP
C:\Users\sumit\Desktop\kavita_capstone\dataset\D\UD\7027-95.jpg,dataset/D/UD/7027-95.jpg,D,Deck,UD,Uncracked,0,D/UD
C:\Users\sumit\Desktop\kavita_capstone\dataset\P\UP\023-49.jpg,dataset/P/UP/023-49.jpg,P,Pavement,UP,Uncracked,0,P/UP
C:\Users\sumit\Desktop\kavita_capstone\dataset\W\CW\7069-212.jpg,dataset/W/CW/7069-212.jpg,W,Wall,CW,Cracked,1,W/CW
C:\Users\sumit\Desktop\kavita_capstone\dataset\D\UD\7017-202.jpg,dataset/D/UD/7017-202.jpg,D,Deck,UD,Uncracked,0,D/UD
C:\Users\sumit\Desktop\kavita_capstone\dataset\W\CW\7084-82.jpg,dataset/W/CW/7084-82.jpg,W,Wall,CW,Cracked,1,W/CW
C:\Users\sumit\Desktop\kavita_capstone\dataset\D\UD\7003-107.jpg,dataset/D/UD/7003-107.jpg,D,Deck,UD,Uncracked,0,D/UD
C:\Users\sumit\Desktop\kavita_capstone\dataset\P\CP\013-30.jpg,dataset/P/CP/013-30.jpg,P,Pavement,CP,Cracked,1,P/CP
C:\Users\sumit\Desktop\kavita_capstone\dataset\P\UP\029-136.jpg,dataset/P/UP/029-136.jpg,P,Pavement,UP,Uncracked,0,P/UP
C:\Users\sumit\Desktop\kavita_capstone\dataset\W\UW\7133-35.jpg,dataset/W/UW/7133-35.jpg,W,Wall,UW,Uncracked,0,W/UW
C:\Users\sumit\Desktop\kavita_capstone\dataset\P\CP\061-15.jpg,dataset/P/CP/061-15.jpg,P,Pavement,CP,Cracked,1,P/CP
C:\Users\sumit\Desktop\kavita_capstone\dataset\P\UP\102-1.jpg,dataset/P/UP/102-1.jpg,P,Pavement,UP,Uncracked,0,P/UP
C:\Users\sumit\Desktop\kavita_capstone\dataset\W\CW\7111-1.jpg,dataset/W/CW/7111-1.jpg,W,Wall,CW,Cracked,1,W/CW
C:\Users\sumit\Desktop\kavita_capstone\dataset\D\UD\7048-158.jpg,dataset/D/UD/7048-158.jpg,D,Deck,UD,Uncracked,0,D/UD
C:\Users\sumit\Desktop\kavita_capstone\dataset\P\UP\021-159.jpg,dataset/P/UP/021-159.jpg,P,Pavement,UP,Uncracked,0,P/UP
C:\Users\sumit\Desktop\kavita_capstone\dataset\P\CP\009-81.jpg,dataset/P/CP/009-81.jpg,P,Pavement,CP,Cracked,1,P/CP
C:\Users\sumit\Desktop\kavita_capstone\dataset\P\UP\018-23.jpg,dataset/P/UP/018-23.jpg,P,Pavement,UP,Uncracked,0,P/UP
C:\Users\sumit\Desktop\kavita_capstone\dataset\D\CD\7029-124.jpg,dataset/D/CD/7029-124.jpg,D,Deck,CD,Cracked,1,D/CD
C:\Users\sumit\Desktop\kavita_capstone\dataset\P\CP\014-162.jpg,dataset/P/CP/014-162.jpg,P,Pavement,CP,Cracked,1,P/CP
C:\Users\sumit\Desktop\kavita_capstone\dataset\P\CP\101-208.jpg,dataset/P/CP/101-208.jpg,P,Pavement,CP,Cracked,1,P/CP
C:\Users\sumit\Desktop\kavita_capstone\dataset\D\UD\7030-135.jpg,dataset/D/UD/7030-135.jpg,D,Deck,UD,Uncracked,0,D/UD
C:\Users\sumit\Desktop\kavita_capstone\dataset\W\UW\7114-185.jpg,dataset/W/UW/7114-185.jpg,W,Wall,UW,Uncracked,0,W/UW
C:\Users\sumit\Desktop\kavita_capstone\dataset\P\UP\063-120.jpg,dataset/P/UP/063-120.jpg,P,Pavement,UP,Uncracked,0,P/UP
C:\Users\sumit\Desktop\kavita_capstone\dataset\P\CP\101-140.jpg,dataset/P/CP/101-140.jpg,P,Pavement,CP,Cracked,1,P/CP
C:\Users\sumit\Desktop\kavita_capstone\dataset\D\UD\7048-236.jpg,dataset/D/UD/7048-236.jpg,D,Deck,UD,Uncracked,0,D/UD
C:\Users\sumit\Desktop\kavita_capstone\dataset\P\CP\050-73.jpg,dataset/P/CP/050-73.jpg,P,Pavement,CP,Cracked,1,P/CP
C:\Users\sumit\Desktop\kavita_capstone\dataset\P\CP\038-84.jpg,dataset/P/CP/038-84.jpg,P,Pavement,CP,Cracked,1,P/CP
C:\Users\sumit\Desktop\kavita_capstone\dataset\D\UD\7004-250.jpg,dataset/D/UD/7004-250.jpg,D,Deck,UD,Uncracked,0,D/UD
C:\Users\sumit\Desktop\kavita_capstone\dataset\W\CW\7075-103.jpg,dataset/W/CW/7075-103.jpg,W,Wall,CW,Cracked,1,W/CW
C:\Users\sumit\Desktop\kavita_capstone\dataset\W\CW\7125-171.jpg,dataset/W/CW/7125-171.jpg,W,Wall,CW,Cracked,1,W/CW
C:\Users\sumit\Desktop\kavita_capstone\dataset\D\CD\7006-75.jpg,dataset/D/CD/7006-75.jpg,D,Deck,CD,Cracked,1,D/CD
C:\Users\sumit\Desktop\kavita_capstone\dataset\D\UD\7005-218.jpg,dataset/D/UD/7005-218.jpg,D,Deck,UD,Uncracked,0,D/UD
C:\Users\sumit\Desktop\kavita_capstone\dataset\P\UP\061-140.jpg,dataset/P/UP/061-140.jpg,P,Pavement,UP,Uncracked,0,P/UP
C:\Users\sumit\Desktop\kavita_capstone\dataset\P\CP\096-105.jpg,dataset/P/CP/096-105.jpg,P,Pavement,CP,Cracked,1,P/CP
C:\Users\sumit\Desktop\kavita_capstone\dataset\P\UP\054-172.jpg,dataset/P/UP/054-172.jpg,P,Pavement,UP,Uncracked,0,P/UP
C:\Users\sumit\Desktop\kavita_capstone\dataset\P\CP\028-78.jpg,dataset/P/CP/028-78.jpg,P,Pavement,CP,Cracked,1,P/CP
C:\Users\sumit\Desktop\kavita_capstone\dataset\P\UP\066-195.jpg,dataset/P/UP/066-195.jpg,P,Pavement,UP,Uncracked,0,P/UP
C:\Users\sumit\Desktop\kavita_capstone\dataset\W\UW\7108-230.jpg,dataset/W/UW/7108-230.jpg,W,Wall,UW,Uncracked,0,W/UW
C:\Users\sumit\Desktop\kavita_capstone\dataset\W\UW\7108-52.jpg,dataset/W/UW/7108-52.jpg,W,Wall,UW,Uncracked,0,W/UW
C:\Users\sumit\Desktop\kavita_capstone\dataset\P\UP\012-156.jpg,dataset/P/UP/012-156.jpg,P,Pavement,UP,Uncracked,0,P/UP
C:\Users\sumit\Desktop\kavita_capstone\dataset\P\CP\095-163.jpg,dataset/P/CP/095-163.jpg,P,Pavement,CP,Cracked,1,P/CP
C:\Users\sumit\Desktop\kavita_capstone\dataset\D\CD\7028-230.jpg,dataset/D/CD/7028-230.jpg,D,Deck,CD,Cracked,1,D/CD
C:\Users\sumit\Desktop\kavita_capstone\dataset\P\UP\006-61.jpg,dataset/P/UP/006-61.jpg,P,Pavement,UP,Uncracked,0,P/UP
C:\Users\sumit\Desktop\kavita_capstone\dataset\W\UW\7113-27.jpg,dataset/W/UW/7113-27.jpg,W,Wall,UW,Uncracked,0,W/UW
C:\Users\sumit\Desktop\kavita_capstone\dataset\P\UP\057-68.jpg,dataset/P/UP/057-68.jpg,P,Pavement,UP,Uncracked,0,P/UP
C:\Users\sumit\Desktop\kavita_capstone\dataset\P\CP\081-139.jpg,dataset/P/CP/081-139.jpg,P,Pavement,CP,Cracked,1,P/CP
C:\Users\sumit\Desktop\kavita_capstone\dataset\W\UW\7097-102.jpg,dataset/W/UW/7097-102.jpg,W,Wall,UW,Uncracked,0,W/UW
C:\Users\sumit\Desktop\kavita_capstone\dataset\D\CD\7010-120.jpg,dataset/D/CD/7010-120.jpg,D,Deck,CD,Cracked,1,D/CD
C:\Users\sumit\Desktop\kavita_capstone\dataset\P\UP\047-186.jpg,dataset/P/UP/047-186.jpg,P,Pavement,UP,Uncracked,0,P/UP
C:\Users\sumit\Desktop\kavita_capstone\dataset\D\CD\7027-219.jpg,dataset/D/CD/7027-219.jpg,D,Deck,CD,Cracked,1,D/CD
C:\Users\sumit\Desktop\kavita_capstone\dataset\D\UD\7032-137.jpg,dataset/D/UD/7032-137.jpg,D,Deck,UD,Uncracked,0,D/UD
C:\Users\sumit\Desktop\kavita_capstone\dataset\D\CD\7009-38.jpg,dataset/D/CD/7009-38.jpg,D,Deck,CD,Cracked,1,D/CD
C:\Users\sumit\Desktop\kavita_capstone\dataset\D\UD\7043-99.jpg,dataset/D/UD/7043-99.jpg,D,Deck,UD,Uncracked,0,D/UD
C:\Users\sumit\Desktop\kavita_capstone\dataset\W\UW\7073-196.jpg,dataset/W/UW/7073-196.jpg,W,Wall,UW,Uncracked,0,W/UW
C:\Users\sumit\Desktop\kavita_capstone\dataset\D\CD\7018-139.jpg,dataset/D/CD/7018-139.jpg,D,Deck,CD,Cracked,1,D/CD
C:\Users\sumit\Desktop\kavita_capstone\dataset\P\CP\029-118.jpg,dataset/P/CP/029-118.jpg,P,Pavement,CP,Cracked,1,P/CP
C:\Users\sumit\Desktop\kavita_capstone\dataset\W\CW\7084-150.jpg,dataset/W/CW/7084-150.jpg,W,Wall,CW,Cracked,1,W/CW
C:\Users\sumit\Desktop\kavita_capstone\dataset\D\CD\7044-53.jpg,dataset/D/CD/7044-53.jpg,D,Deck,CD,Cracked,1,D/CD
C:\Users\sumit\Desktop\kavita_capstone\dataset\W\UW\7118-177.jpg,dataset/W/UW/7118-177.jpg,W,Wall,UW,Uncracked,0,W/UW
C:\Users\sumit\Desktop\kavita_capstone\dataset\D\CD\7039-80.jpg,dataset/D/CD/7039-80.jpg,D,Deck,CD,Cracked,1,D/CD
C:\Users\sumit\Desktop\kavita_capstone\dataset\D\CD\7028-177.jpg,dataset/D/CD/7028-177.jpg,D,Deck,CD,Cracked,1,D/CD
C:\Users\sumit\Desktop\kavita_capstone\dataset\W\CW\7087-68.jpg,dataset/W/CW/7087-68.jpg,W,Wall,CW,Cracked,1,W/CW
C:\Users\sumit\Desktop\kavita_capstone\dataset\P\UP\010-206.jpg,dataset/P/UP/010-206.jpg,P,Pavement,UP,Uncracked,0,P/UP
C:\Users\sumit\Desktop\kavita_capstone\dataset\P\CP\094-78.jpg,dataset/P/CP/094-78.jpg,P,Pavement,CP,Cracked,1,P/CP
C:\Users\sumit\Desktop\kavita_capstone\dataset\W\CW\7086-225.jpg,dataset/W/CW/7086-225.jpg,W,Wall,CW,Cracked,1,W/CW
C:\Users\sumit\Desktop\kavita_capstone\dataset\D\CD\7006-41.jpg,dataset/D/CD/7006-41.jpg,D,Deck,CD,Cracked,1,D/CD
C:\Users\sumit\Desktop\kavita_capstone\dataset\D\CD\7048-41.jpg,dataset/D/CD/7048-41.jpg,D,Deck,CD,Cracked,1,D/CD
C:\Users\sumit\Desktop\kavita_capstone\dataset\P\UP\057-100.jpg,dataset/P/UP/057-100.jpg,P,Pavement,UP,Uncracked,0,P/UP
C:\Users\sumit\Desktop\kavita_capstone\dataset\D\UD\7007-192.jpg,dataset/D/UD/7007-192.jpg,D,Deck,UD,Uncracked,0,D/UD
C:\Users\sumit\Desktop\kavita_capstone\dataset\W\UW\7133-88.jpg,dataset/W/UW/7133-88.jpg,W,Wall,UW,Uncracked,0,W/UW
C:\Users\sumit\Desktop\kavita_capstone\dataset\P\UP\008-157.jpg,dataset/P/UP/008-157.jpg,P,Pavement,UP,Uncracked,0,P/UP
C:\Users\sumit\Desktop\kavita_capstone\dataset\D\CD\7048-217.jpg,dataset/D/CD/7048-217.jpg,D,Deck,CD,Cracked,1,D/CD
C:\Users\sumit\Desktop\kavita_capstone\dataset\P\UP\012-32.jpg,dataset/P/UP/012-32.jpg,P,Pavement,UP,Uncracked,0,P/UP
C:\Users\sumit\Desktop\kavita_capstone\dataset\P\UP\009-216.jpg,dataset/P/UP/009-216.jpg,P,Pavement,UP,Uncracked,0,P/UP
C:\Users\sumit\Desktop\kavita_capstone\dataset\W\CW\7087-192.jpg,dataset/W/CW/7087-192.jpg,W,Wall,CW,Cracked,1,W/CW
C:\Users\sumit\Desktop\kavita_capstone\dataset\W\UW\7123-56.jpg,dataset/W/UW/7123-56.jpg,W,Wall,UW,Uncracked,0,W/UW
C:\Users\sumit\Desktop\kavita_capstone\dataset\W\CW\7102-172.jpg,dataset/W/CW/7102-172.jpg,W,Wall,CW,Cracked,1,W/CW
C:\Users\sumit\Desktop\kavita_capstone\dataset\W\CW\7092-187.jpg,dataset/W/CW/7092-187.jpg,W,Wall,CW,Cracked,1,W/CW
C:\Users\sumit\Desktop\kavita_capstone\dataset\W\CW\7124-44.jpg,dataset/W/CW/7124-44.jpg,W,Wall,CW,Cracked,1,W/CW
C:\Users\sumit\Desktop\kavita_capstone\dataset\P\CP\061-104.jpg,dataset/P/CP/061-104.jpg,P,Pavement,CP,Cracked,1,P/CP
C:\Users\sumit\Desktop\kavita_capstone\dataset\W\UW\7072-204.jpg,dataset/W/UW/7072-204.jpg,W,Wall,UW,Uncracked,0,W/UW
C:\Users\sumit\Desktop\kavita_capstone\dataset\W\CW\7134-153.jpg,dataset/W/CW/7134-153.jpg,W,Wall,CW,Cracked,1,W/CW
C:\Users\sumit\Desktop\kavita_capstone\dataset\D\CD\7007-79.jpg,dataset/D/CD/7007-79.jpg,D,Deck,CD,Cracked,1,D/CD
C:\Users\sumit\Desktop\kavita_capstone\dataset\D\CD\7038-131.jpg,dataset/D/CD/7038-131.jpg,D,Deck,CD,Cracked,1,D/CD
C:\Users\sumit\Desktop\kavita_capstone\dataset\P\UP\065-3.jpg,dataset/P/UP/065-3.jpg,P,Pavement,UP,Uncracked,0,P/UP
C:\Users\sumit\Desktop\kavita_capstone\dataset\P\UP\009-19.jpg,dataset/P/UP/009-19.jpg,P,Pavement,UP,Uncracked,0,P/UP
C:\Users\sumit\Desktop\kavita_capstone\dataset\P\UP\082-156.jpg,dataset/P/UP/082-156.jpg,P,Pavement,UP,Uncracked,0,P/UP
C:\Users\sumit\Desktop\kavita_capstone\dataset\D\CD\7028-197.jpg,dataset/D/CD/7028-197.jpg,D,Deck,CD,Cracked,1,D/CD
C:\Users\sumit\Desktop\kavita_capstone\dataset\W\UW\7080-11.jpg,dataset/W/UW/7080-11.jpg,W,Wall,UW,Uncracked,0,W/UW
C:\Users\sumit\Desktop\kavita_capstone\dataset\P\CP\043-175.jpg,dataset/P/CP/043-175.jpg,P,Pavement,CP,Cracked,1,P/CP
C:\Users\sumit\Desktop\kavita_capstone\dataset\W\CW\7126-89.jpg,dataset/W/CW/7126-89.jpg,W,Wall,CW,Cracked,1,W/CW
C:\Users\sumit\Desktop\kavita_capstone\dataset\P\CP\054-98.jpg,dataset/P/CP/054-98.jpg,P,Pavement,CP,Cracked,1,P/CP
C:\Users\sumit\Desktop\kavita_capstone\dataset\W\CW\7076-42.jpg,dataset/W/CW/7076-42.jpg,W,Wall,CW,Cracked,1,W/CW
C:\Users\sumit\Desktop\kavita_capstone\dataset\W\UW\7125-36.jpg,dataset/W/UW/7125-36.jpg,W,Wall,UW,Uncracked,0,W/UW
C:\Users\sumit\Desktop\kavita_capstone\dataset\D\UD\7008-244.jpg,dataset/D/UD/7008-244.jpg,D,Deck,UD,Uncracked,0,D/UD
C:\Users\sumit\Desktop\kavita_capstone\dataset\D\UD\7054-166.jpg,dataset/D/UD/7054-166.jpg,D,Deck,UD,Uncracked,0,D/UD
C:\Users\sumit\Desktop\kavita_capstone\dataset\W\UW\7134-211.jpg,dataset/W/UW/7134-211.jpg,W,Wall,UW,Uncracked,0,W/UW
C:\Users\sumit\Desktop\kavita_capstone\dataset\P\UP\037-198.jpg,dataset/P/UP/037-198.jpg,P,Pavement,UP,Uncracked,0,P/UP
C:\Users\sumit\Desktop\kavita_capstone\dataset\P\CP\058-89.jpg,dataset/P/CP/058-89.jpg,P,Pavement,CP,Cracked,1,P/CP
C:\Users\sumit\Desktop\kavita_capstone\dataset\P\UP\100-163.jpg,dataset/P/UP/100-163.jpg,P,Pavement,UP,Uncracked,0,P/UP
C:\Users\sumit\Desktop\kavita_capstone\dataset\P\UP\075-90.jpg,dataset/P/UP/075-90.jpg,P,Pavement,UP,Uncracked,0,P/UP
C:\Users\sumit\Desktop\kavita_capstone\dataset\D\UD\7005-197.jpg,dataset/D/UD/7005-197.jpg,D,Deck,UD,Uncracked,0,D/UD
C:\Users\sumit\Desktop\kavita_capstone\dataset\W\CW\7081-142.jpg,dataset/W/CW/7081-142.jpg,W,Wall,CW,Cracked,1,W/CW
C:\Users\sumit\Desktop\kavita_capstone\dataset\W\UW\7137-38.jpg,dataset/W/UW/7137-38.jpg,W,Wall,UW,Uncracked,0,W/UW
C:\Users\sumit\Desktop\kavita_capstone\dataset\W\CW\7133-28.jpg,dataset/W/CW/7133-28.jpg,W,Wall,CW,Cracked,1,W/CW
C:\Users\sumit\Desktop\kavita_capstone\dataset\W\CW\7110-100.jpg,dataset/W/CW/7110-100.jpg,W,Wall,CW,Cracked,1,W/CW
C:\Users\sumit\Desktop\kavita_capstone\dataset\W\CW\7113-122.jpg,dataset/W/CW/7113-122.jpg,W,Wall,CW,Cracked,1,W/CW
C:\Users\sumit\Desktop\kavita_capstone\dataset\D\CD\7006-173.jpg,dataset/D/CD/7006-173.jpg,D,Deck,CD,Cracked,1,D/CD
C:\Users\sumit\Desktop\kavita_capstone\dataset\P\CP\084-116.jpg,dataset/P/CP/084-116.jpg,P,Pavement,CP,Cracked,1,P/CP
C:\Users\sumit\Desktop\kavita_capstone\dataset\D\CD\7036-85.jpg,dataset/D/CD/7036-85.jpg,D,Deck,CD,Cracked,1,D/CD
C:\Users\sumit\Desktop\kavita_capstone\dataset\P\CP\075-137.jpg,dataset/P/CP/075-137.jpg,P,Pavement,CP,Cracked,1,P/CP
C:\Users\sumit\Desktop\kavita_capstone\dataset\P\CP\098-91.jpg,dataset/P/CP/098-91.jpg,P,Pavement,CP,Cracked,1,P/CP
C:\Users\sumit\Desktop\kavita_capstone\dataset\P\CP\077-99.jpg,dataset/P/CP/077-99.jpg,P,Pavement,CP,Cracked,1,P/CP
C:\Users\sumit\Desktop\kavita_capstone\dataset\D\CD\7040-187.jpg,dataset/D/CD/7040-187.jpg,D,Deck,CD,Cracked,1,D/CD
C:\Users\sumit\Desktop\kavita_capstone\dataset\D\UD\7005-88.jpg,dataset/D/UD/7005-88.jpg,D,Deck,UD,Uncracked,0,D/UD
C:\Users\sumit\Desktop\kavita_capstone\dataset\D\UD\7034-143.jpg,dataset/D/UD/7034-143.jpg,D,Deck,UD,Uncracked,0,D/UD
C:\Users\sumit\Desktop\kavita_capstone\dataset\W\CW\7076-156.jpg,dataset/W/CW/7076-156.jpg,W,Wall,CW,Cracked,1,W/CW
C:\Users\sumit\Desktop\kavita_capstone\dataset\P\UP\072-148.jpg,dataset/P/UP/072-148.jpg,P,Pavement,UP,Uncracked,0,P/UP
C:\Users\sumit\Desktop\kavita_capstone\dataset\W\UW\7081-159.jpg,dataset/W/UW/7081-159.jpg,W,Wall,UW,Uncracked,0,W/UW
C:\Users\sumit\Desktop\kavita_capstone\dataset\P\UP\066-155.jpg,dataset/P/UP/066-155.jpg,P,Pavement,UP,Uncracked,0,P/UP
C:\Users\sumit\Desktop\kavita_capstone\dataset\D\CD\7002-85.jpg,dataset/D/CD/7002-85.jpg,D,Deck,CD,Cracked,1,D/CD
C:\Users\sumit\Desktop\kavita_capstone\dataset\W\CW\7070-48.jpg,dataset/W/CW/7070-48.jpg,W,Wall,CW,Cracked,1,W/CW
C:\Users\sumit\Desktop\kavita_capstone\dataset\W\CW\7091-160.jpg,dataset/W/CW/7091-160.jpg,W,Wall,CW,Cracked,1,W/CW
C:\Users\sumit\Desktop\kavita_capstone\dataset\P\UP\058-30.jpg,dataset/P/UP/058-30.jpg,P,Pavement,UP,Uncracked,0,P/UP
C:\Users\sumit\Desktop\kavita_capstone\dataset\W\UW\7097-116.jpg,dataset/W/UW/7097-116.jpg,W,Wall,UW,Uncracked,0,W/UW
C:\Users\sumit\Desktop\kavita_capstone\dataset\W\CW\7090-132.jpg,dataset/W/CW/7090-132.jpg,W,Wall,CW,Cracked,1,W/CW
C:\Users\sumit\Desktop\kavita_capstone\dataset\D\UD\7057-54.jpg,dataset/D/UD/7057-54.jpg,D,Deck,UD,Uncracked,0,D/UD
C:\Users\sumit\Desktop\kavita_capstone\dataset\P\UP\014-27.jpg,dataset/P/UP/014-27.jpg,P,Pavement,UP,Uncracked,0,P/UP
C:\Users\sumit\Desktop\kavita_capstone\dataset\W\UW\7112-52.jpg,dataset/W/UW/7112-52.jpg,W,Wall,UW,Uncracked,0,W/UW
C:\Users\sumit\Desktop\kavita_capstone\dataset\P\CP\073-38.jpg,dataset/P/CP/073-38.jpg,P,Pavement,CP,Cracked,1,P/CP
C:\Users\sumit\Desktop\kavita_capstone\dataset\P\UP\020-97.jpg,dataset/P/UP/020-97.jpg,P,Pavement,UP,Uncracked,0,P/UP
C:\Users\sumit\Desktop\kavita_capstone\dataset\W\CW\7116-59.jpg,dataset/W/CW/7116-59.jpg,W,Wall,CW,Cracked,1,W/CW
C:\Users\sumit\Desktop\kavita_capstone\dataset\D\UD\7044-28.jpg,dataset/D/UD/7044-28.jpg,D,Deck,UD,Uncracked,0,D/UD
C:\Users\sumit\Desktop\kavita_capstone\dataset\W\CW\7114-134.jpg,dataset/W/CW/7114-134.jpg,W,Wall,CW,Cracked,1,W/CW
C:\Users\sumit\Desktop\kavita_capstone\dataset\D\CD\7026-186.jpg,dataset/D/CD/7026-186.jpg,D,Deck,CD,Cracked,1,D/CD
C:\Users\sumit\Desktop\kavita_capstone\dataset\D\UD\7020-97.jpg,dataset/D/UD/7020-97.jpg,D,Deck,UD,Uncracked,0,D/UD
C:\Users\sumit\Desktop\kavita_capstone\dataset\W\CW\7073-80.jpg,dataset/W/CW/7073-80.jpg,W,Wall,CW,Cracked,1,W/CW
C:\Users\sumit\Desktop\kavita_capstone\dataset\P\UP\104-193.jpg,dataset/P/UP/104-193.jpg,P,Pavement,UP,Uncracked,0,P/UP
C:\Users\sumit\Desktop\kavita_capstone\dataset\W\UW\7072-39.jpg,dataset/W/UW/7072-39.jpg,W,Wall,UW,Uncracked,0,W/UW
C:\Users\sumit\Desktop\kavita_capstone\dataset\W\UW\7095-169.jpg,dataset/W/UW/7095-169.jpg,W,Wall,UW,Uncracked,0,W/UW
C:\Users\sumit\Desktop\kavita_capstone\dataset\W\UW\7078-46.jpg,dataset/W/UW/7078-46.jpg,W,Wall,UW,Uncracked,0,W/UW
C:\Users\sumit\Desktop\kavita_capstone\dataset\W\UW\7127-75.jpg,dataset/W/UW/7127-75.jpg,W,Wall,UW,Uncracked,0,W/UW
C:\Users\sumit\Desktop\kavita_capstone\dataset\D\CD\7041-183.jpg,dataset/D/CD/7041-183.jpg,D,Deck,CD,Cracked,1,D/CD
C:\Users\sumit\Desktop\kavita_capstone\dataset\D\CD\7051-47.jpg,dataset/D/CD/7051-47.jpg,D,Deck,CD,Cracked,1,D/CD
C:\Users\sumit\Desktop\kavita_capstone\dataset\D\CD\7013-116.jpg,dataset/D/CD/7013-116.jpg,D,Deck,CD,Cracked,1,D/CD
C:\Users\sumit\Desktop\kavita_capstone\dataset\W\UW\7140-227.jpg,dataset/W/UW/7140-227.jpg,W,Wall,UW,Uncracked,0,W/UW
C:\Users\sumit\Desktop\kavita_capstone\dataset\P\CP\071-14.jpg,dataset/P/CP/071-14.jpg,P,Pavement,CP,Cracked,1,P/CP
C:\Users\sumit\Desktop\kavita_capstone\dataset\D\UD\7047-230.jpg,dataset/D/UD/7047-230.jpg,D,Deck,UD,Uncracked,0,D/UD
C:\Users\sumit\Desktop\kavita_capstone\dataset\P\CP\077-110.jpg,dataset/P/CP/077-110.jpg,P,Pavement,CP,Cracked,1,P/CP
C:\Users\sumit\Desktop\kavita_capstone\dataset\W\UW\7121-187.jpg,dataset/W/UW/7121-187.jpg,W,Wall,UW,Uncracked,0,W/UW
C:\Users\sumit\Desktop\kavita_capstone\dataset\P\CP\086-232.jpg,dataset/P/CP/086-232.jpg,P,Pavement,CP,Cracked,1,P/CP
C:\Users\sumit\Desktop\kavita_capstone\dataset\D\UD\7040-225.jpg,dataset/D/UD/7040-225.jpg,D,Deck,UD,Uncracked,0,D/UD
C:\Users\sumit\Desktop\kavita_capstone\dataset\D\UD\7013-161.jpg,dataset/D/UD/7013-161.jpg,D,Deck,UD,Uncracked,0,D/UD
C:\Users\sumit\Desktop\kavita_capstone\dataset\P\UP\010-183.jpg,dataset/P/UP/010-183.jpg,P,Pavement,UP,Uncracked,0,P/UP
C:\Users\sumit\Desktop\kavita_capstone\dataset\D\CD\7043-114.jpg,dataset/D/CD/7043-114.jpg,D,Deck,CD,Cracked,1,D/CD
C:\Users\sumit\Desktop\kavita_capstone\dataset\W\CW\7077-192.jpg,dataset/W/CW/7077-192.jpg,W,Wall,CW,Cracked,1,W/CW
C:\Users\sumit\Desktop\kavita_capstone\dataset\W\CW\7116-7.jpg,dataset/W/CW/7116-7.jpg,W,Wall,CW,Cracked,1,W/CW
C:\Users\sumit\Desktop\kavita_capstone\dataset\D\UD\7046-183.jpg,dataset/D/UD/7046-183.jpg,D,Deck,UD,Uncracked,0,D/UD
C:\Users\sumit\Desktop\kavita_capstone\dataset\P\CP\069-119.jpg,dataset/P/CP/069-119.jpg,P,Pavement,CP,Cracked,1,P/CP
C:\Users\sumit\Desktop\kavita_capstone\dataset\P\CP\066-99.jpg,dataset/P/CP/066-99.jpg,P,Pavement,CP,Cracked,1,P/CP
C:\Users\sumit\Desktop\kavita_capstone\dataset\W\UW\7107-30.jpg,dataset/W/UW/7107-30.jpg,W,Wall,UW,Uncracked,0,W/UW
C:\Users\sumit\Desktop\kavita_capstone\dataset\W\CW\7072-148.jpg,dataset/W/CW/7072-148.jpg,W,Wall,CW,Cracked,1,W/CW
C:\Users\sumit\Desktop\kavita_capstone\dataset\P\CP\041-20.jpg,dataset/P/CP/041-20.jpg,P,Pavement,CP,Cracked,1,P/CP
C:\Users\sumit\Desktop\kavita_capstone\dataset\D\CD\7052-42.jpg,dataset/D/CD/7052-42.jpg,D,Deck,CD,Cracked,1,D/CD
C:\Users\sumit\Desktop\kavita_capstone\dataset\D\CD\7011-168.jpg,dataset/D/CD/7011-168.jpg,D,Deck,CD,Cracked,1,D/CD
C:\Users\sumit\Desktop\kavita_capstone\dataset\P\UP\097-61.jpg,dataset/P/UP/097-61.jpg,P,Pavement,UP,Uncracked,0,P/UP
C:\Users\sumit\Desktop\kavita_capstone\dataset\D\CD\7027-113.jpg,dataset/D/CD/7027-113.jpg,D,Deck,CD,Cracked,1,D/CD
C:\Users\sumit\Desktop\kavita_capstone\dataset\W\UW\7078-242.jpg,dataset/W/UW/7078-242.jpg,W,Wall,UW,Uncracked,0,W/UW
C:\Users\sumit\Desktop\kavita_capstone\dataset\D\CD\7015-235.jpg,dataset/D/CD/7015-235.jpg,D,Deck,CD,Cracked,1,D/CD
C:\Users\sumit\Desktop\kavita_capstone\dataset\D\CD\7025-141.jpg,dataset/D/CD/7025-141.jpg,D,Deck,CD,Cracked,1,D/CD
C:\Users\sumit\Desktop\kavita_capstone\dataset\P\CP\083-74.jpg,dataset/P/CP/083-74.jpg,P,Pavement,CP,Cracked,1,P/CP
C:\Users\sumit\Desktop\kavita_capstone\dataset\W\UW\7110-218.jpg,dataset/W/UW/7110-218.jpg,W,Wall,UW,Uncracked,0,W/UW
C:\Users\sumit\Desktop\kavita_capstone\dataset\D\CD\7017-53.jpg,dataset/D/CD/7017-53.jpg,D,Deck,CD,Cracked,1,D/CD
C:\Users\sumit\Desktop\kavita_capstone\dataset\P\CP\031-39.jpg,dataset/P/CP/031-39.jpg,P,Pavement,CP,Cracked,1,P/CP
C:\Users\sumit\Desktop\kavita_capstone\dataset\D\CD\7028-40.jpg,dataset/D/CD/7028-40.jpg,D,Deck,CD,Cracked,1,D/CD
C:\Users\sumit\Desktop\kavita_capstone\dataset\D\UD\7036-69.jpg,dataset/D/UD/7036-69.jpg,D,Deck,UD,Uncracked,0,D/UD
C:\Users\sumit\Desktop\kavita_capstone\dataset\W\UW\7088-166.jpg,dataset/W/UW/7088-166.jpg,W,Wall,UW,Uncracked,0,W/UW
C:\Users\sumit\Desktop\kavita_capstone\dataset\W\UW\7078-213.jpg,dataset/W/UW/7078-213.jpg,W,Wall,UW,Uncracked,0,W/UW
C:\Users\sumit\Desktop\kavita_capstone\dataset\W\UW\7108-226.jpg,dataset/W/UW/7108-226.jpg,W,Wall,UW,Uncracked,0,W/UW
C:\Users\sumit\Desktop\kavita_capstone\dataset\P\UP\011-166.jpg,dataset/P/UP/011-166.jpg,P,Pavement,UP,Uncracked,0,P/UP
C:\Users\sumit\Desktop\kavita_capstone\dataset\W\UW\7094-180.jpg,dataset/W/UW/7094-180.jpg,W,Wall,UW,Uncracked,0,W/UW
C:\Users\sumit\Desktop\kavita_capstone\dataset\W\UW\7074-197.jpg,dataset/W/UW/7074-197.jpg,W,Wall,UW,Uncracked,0,W/UW
C:\Users\sumit\Desktop\kavita_capstone\dataset\P\UP\038-158.jpg,dataset/P/UP/038-158.jpg,P,Pavement,UP,Uncracked,0,P/UP
C:\Users\sumit\Desktop\kavita_capstone\dataset\W\CW\7090-190.jpg,dataset/W/CW/7090-190.jpg,W,Wall,CW,Cracked,1,W/CW
C:\Users\sumit\Desktop\kavita_capstone\dataset\P\UP\097-117.jpg,dataset/P/UP/097-117.jpg,P,Pavement,UP,Uncracked,0,P/UP
C:\Users\sumit\Desktop\kavita_capstone\dataset\D\CD\7029-108.jpg,dataset/D/CD/7029-108.jpg,D,Deck,CD,Cracked,1,D/CD
C:\Users\sumit\Desktop\kavita_capstone\dataset\P\CP\091-94.jpg,dataset/P/CP/091-94.jpg,P,Pavement,CP,Cracked,1,P/CP
C:\Users\sumit\Desktop\kavita_capstone\dataset\W\CW\7118-67.jpg,dataset/W/CW/7118-67.jpg,W,Wall,CW,Cracked,1,W/CW
C:\Users\sumit\Desktop\kavita_capstone\dataset\P\CP\092-64.jpg,dataset/P/CP/092-64.jpg,P,Pavement,CP,Cracked,1,P/CP
C:\Users\sumit\Desktop\kavita_capstone\dataset\D\UD\7053-69.jpg,dataset/D/UD/7053-69.jpg,D,Deck,UD,Uncracked,0,D/UD
C:\Users\sumit\Desktop\kavita_capstone\dataset\W\CW\7128-8.jpg,dataset/W/CW/7128-8.jpg,W,Wall,CW,Cracked,1,W/CW
C:\Users\sumit\Desktop\kavita_capstone\dataset\D\CD\7021-129.jpg,dataset/D/CD/7021-129.jpg,D,Deck,CD,Cracked,1,D/CD
C:\Users\sumit\Desktop\kavita_capstone\dataset\P\CP\046-36.jpg,dataset/P/CP/046-36.jpg,P,Pavement,CP,Cracked,1,P/CP
C:\Users\sumit\Desktop\kavita_capstone\dataset\W\UW\7090-23.jpg,dataset/W/UW/7090-23.jpg,W,Wall,UW,Uncracked,0,W/UW
C:\Users\sumit\Desktop\kavita_capstone\dataset\W\UW\7121-24.jpg,dataset/W/UW/7121-24.jpg,W,Wall,UW,Uncracked,0,W/UW
C:\Users\sumit\Desktop\kavita_capstone\dataset\P\UP\063-226.jpg,dataset/P/UP/063-226.jpg,P,Pavement,UP,Uncracked,0,P/UP
C:\Users\sumit\Desktop\kavita_capstone\dataset\P\UP\011-181.jpg,dataset/P/UP/011-181.jpg,P,Pavement,UP,Uncracked,0,P/UP
C:\Users\sumit\Desktop\kavita_capstone\dataset\D\CD\7005-195.jpg,dataset/D/CD/7005-195.jpg,D,Deck,CD,Cracked,1,D/CD
C:\Users\sumit\Desktop\kavita_capstone\dataset\W\CW\7107-189_2.jpg,dataset/W/CW/7107-189_2.jpg,W,Wall,CW,Cracked,1,W/CW
C:\Users\sumit\Desktop\kavita_capstone\dataset\P\CP\087-42.jpg,dataset/P/CP/087-42.jpg,P,Pavement,CP,Cracked,1,P/CP
C:\Users\sumit\Desktop\kavita_capstone\dataset\P\UP\092-201.jpg,dataset/P/UP/092-201.jpg,P,Pavement,UP,Uncracked,0,P/UP
C:\Users\sumit\Desktop\kavita_capstone\dataset\P\UP\036-220.jpg,dataset/P/UP/036-220.jpg,P,Pavement,UP,Uncracked,0,P/UP
C:\Users\sumit\Desktop\kavita_capstone\dataset\W\CW\7080-28.jpg,dataset/W/CW/7080-28.jpg,W,Wall,CW,Cracked,1,W/CW
C:\Users\sumit\Desktop\kavita_capstone\dataset\W\CW\7086-224.jpg,dataset/W/CW/7086-224.jpg,W,Wall,CW,Cracked,1,W/CW
C:\Users\sumit\Desktop\kavita_capstone\dataset\D\CD\7049-132.jpg,dataset/D/CD/7049-132.jpg,D,Deck,CD,Cracked,1,D/CD
C:\Users\sumit\Desktop\kavita_capstone\dataset\P\CP\095-109.jpg,dataset/P/CP/095-109.jpg,P,Pavement,CP,Cracked,1,P/CP
C:\Users\sumit\Desktop\kavita_capstone\dataset\P\UP\051-221.jpg,dataset/P/UP/051-221.jpg,P,Pavement,UP,Uncracked,0,P/UP
C:\Users\sumit\Desktop\kavita_capstone\dataset\P\UP\029-128.jpg,dataset/P/UP/029-128.jpg,P,Pavement,UP,Uncracked,0,P/UP
C:\Users\sumit\Desktop\kavita_capstone\dataset\P\CP\103-130.jpg,dataset/P/CP/103-130.jpg,P,Pavement,CP,Cracked,1,P/CP
C:\Users\sumit\Desktop\kavita_capstone\dataset\D\UD\7039-160.jpg,dataset/D/UD/7039-160.jpg,D,Deck,UD,Uncracked,0,D/UD
C:\Users\sumit\Desktop\kavita_capstone\dataset\D\CD\7045-103.jpg,dataset/D/CD/7045-103.jpg,D,Deck,CD,Cracked,1,D/CD
C:\Users\sumit\Desktop\kavita_capstone\dataset\W\UW\7111-64.jpg,dataset/W/UW/7111-64.jpg,W,Wall,UW,Uncracked,0,W/UW
C:\Users\sumit\Desktop\kavita_capstone\dataset\D\UD\7036-202.jpg,dataset/D/UD/7036-202.jpg,D,Deck,UD,Uncracked,0,D/UD
C:\Users\sumit\Desktop\kavita_capstone\dataset\P\CP\071-65.jpg,dataset/P/CP/071-65.jpg,P,Pavement,CP,Cracked,1,P/CP
C:\Users\sumit\Desktop\kavita_capstone\dataset\P\UP\104-88.jpg,dataset/P/UP/104-88.jpg,P,Pavement,UP,Uncracked,0,P/UP
C:\Users\sumit\Desktop\kavita_capstone\dataset\D\UD\7012-91.jpg,dataset/D/UD/7012-91.jpg,D,Deck,UD,Uncracked,0,D/UD
C:\Users\sumit\Desktop\kavita_capstone\dataset\W\CW\7070-100.jpg,dataset/W/CW/7070-100.jpg,W,Wall,CW,Cracked,1,W/CW
C:\Users\sumit\Desktop\kavita_capstone\dataset\W\CW\7121-98.jpg,dataset/W/CW/7121-98.jpg,W,Wall,CW,Cracked,1,W/CW
C:\Users\sumit\Desktop\kavita_capstone\dataset\P\UP\026-128.jpg,dataset/P/UP/026-128.jpg,P,Pavement,UP,Uncracked,0,P/UP
C:\Users\sumit\Desktop\kavita_capstone\dataset\D\CD\7016-86.jpg,dataset/D/CD/7016-86.jpg,D,Deck,CD,Cracked,1,D/CD
C:\Users\sumit\Desktop\kavita_capstone\dataset\D\UD\7006-85.jpg,dataset/D/UD/7006-85.jpg,D,Deck,UD,Uncracked,0,D/UD
C:\Users\sumit\Desktop\kavita_capstone\dataset\P\CP\065-120.jpg,dataset/P/CP/065-120.jpg,P,Pavement,CP,Cracked,1,P/CP
C:\Users\sumit\Desktop\kavita_capstone\dataset\W\UW\7134-210.jpg,dataset/W/UW/7134-210.jpg,W,Wall,UW,Uncracked,0,W/UW
C:\Users\sumit\Desktop\kavita_capstone\dataset\W\UW\7128-197.jpg,dataset/W/UW/7128-197.jpg,W,Wall,UW,Uncracked,0,W/UW
C:\Users\sumit\Desktop\kavita_capstone\dataset\P\CP\068-115.jpg,dataset/P/CP/068-115.jpg,P,Pavement,CP,Cracked,1,P/CP
C:\Users\sumit\Desktop\kavita_capstone\dataset\P\UP\096-69.jpg,dataset/P/UP/096-69.jpg,P,Pavement,UP,Uncracked,0,P/UP
C:\Users\sumit\Desktop\kavita_capstone\dataset\P\UP\073-79.jpg,dataset/P/UP/073-79.jpg,P,Pavement,UP,Uncracked,0,P/UP
C:\Users\sumit\Desktop\kavita_capstone\dataset\D\UD\7015-232.jpg,dataset/D/UD/7015-232.jpg,D,Deck,UD,Uncracked,0,D/UD
C:\Users\sumit\Desktop\kavita_capstone\dataset\W\UW\7110-9.jpg,dataset/W/UW/7110-9.jpg,W,Wall,UW,Uncracked,0,W/UW
C:\Users\sumit\Desktop\kavita_capstone\dataset\D\CD\7015-199.jpg,dataset/D/CD/7015-199.jpg,D,Deck,CD,Cracked,1,D/CD
C:\Users\sumit\Desktop\kavita_capstone\dataset\P\CP\071-70.jpg,dataset/P/CP/071-70.jpg,P,Pavement,CP,Cracked,1,P/CP
C:\Users\sumit\Desktop\kavita_capstone\dataset\P\UP\055-150.jpg,dataset/P/UP/055-150.jpg,P,Pavement,UP,Uncracked,0,P/UP
C:\Users\sumit\Desktop\kavita_capstone\dataset\W\CW\7116-81.jpg,dataset/W/CW/7116-81.jpg,W,Wall,CW,Cracked,1,W/CW
C:\Users\sumit\Desktop\kavita_capstone\dataset\W\UW\7096-66.jpg,dataset/W/UW/7096-66.jpg,W,Wall,UW,Uncracked,0,W/UW
C:\Users\sumit\Desktop\kavita_capstone\dataset\W\UW\7079-52.jpg,dataset/W/UW/7079-52.jpg,W,Wall,UW,Uncracked,0,W/UW
C:\Users\sumit\Desktop\kavita_capstone\dataset\D\UD\7022-88.jpg,dataset/D/UD/7022-88.jpg,D,Deck,UD,Uncracked,0,D/UD
C:\Users\sumit\Desktop\kavita_capstone\dataset\P\UP\063-207.jpg,dataset/P/UP/063-207.jpg,P,Pavement,UP,Uncracked,0,P/UP
C:\Users\sumit\Desktop\kavita_capstone\dataset\D\UD\7027-94.jpg,dataset/D/UD/7027-94.jpg,D,Deck,UD,Uncracked,0,D/UD
C:\Users\sumit\Desktop\kavita_capstone\dataset\W\CW\7098-190.jpg,dataset/W/CW/7098-190.jpg,W,Wall,CW,Cracked,1,W/CW
C:\Users\sumit\Desktop\kavita_capstone\dataset\W\CW\7117-153.jpg,dataset/W/CW/7117-153.jpg,W,Wall,CW,Cracked,1,W/CW
C:\Users\sumit\Desktop\kavita_capstone\dataset\D\UD\7039-186.jpg,dataset/D/UD/7039-186.jpg,D,Deck,UD,Uncracked,0,D/UD
C:\Users\sumit\Desktop\kavita_capstone\dataset\P\CP\038-106.jpg,dataset/P/CP/038-106.jpg,P,Pavement,CP,Cracked,1,P/CP
C:\Users\sumit\Desktop\kavita_capstone\dataset\D\UD\7016-76.jpg,dataset/D/UD/7016-76.jpg,D,Deck,UD,Uncracked,0,D/UD
C:\Users\sumit\Desktop\kavita_capstone\dataset\D\UD\7007-71.jpg,dataset/D/UD/7007-71.jpg,D,Deck,UD,Uncracked,0,D/UD
C:\Users\sumit\Desktop\kavita_capstone\dataset\P\CP\095-102.jpg,dataset/P/CP/095-102.jpg,P,Pavement,CP,Cracked,1,P/CP
C:\Users\sumit\Desktop\kavita_capstone\dataset\D\UD\7001-190.jpg,dataset/D/UD/7001-190.jpg,D,Deck,UD,Uncracked,0,D/UD
C:\Users\sumit\Desktop\kavita_capstone\dataset\W\CW\7093-40.jpg,dataset/W/CW/7093-40.jpg,W,Wall,CW,Cracked,1,W/CW
C:\Users\sumit\Desktop\kavita_capstone\dataset\W\UW\7099-194.jpg,dataset/W/UW/7099-194.jpg,W,Wall,UW,Uncracked,0,W/UW
C:\Users\sumit\Desktop\kavita_capstone\dataset\D\UD\7032-94.jpg,dataset/D/UD/7032-94.jpg,D,Deck,UD,Uncracked,0,D/UD
C:\Users\sumit\Desktop\kavita_capstone\dataset\D\CD\7002-190.jpg,dataset/D/CD/7002-190.jpg,D,Deck,CD,Cracked,1,D/CD
C:\Users\sumit\Desktop\kavita_capstone\dataset\D\UD\7028-154.jpg,dataset/D/UD/7028-154.jpg,D,Deck,UD,Uncracked,0,D/UD
C:\Users\sumit\Desktop\kavita_capstone\dataset\P\UP\050-152.jpg,dataset/P/UP/050-152.jpg,P,Pavement,UP,Uncracked,0,P/UP
C:\Users\sumit\Desktop\kavita_capstone\dataset\W\CW\7073-69.jpg,dataset/W/CW/7073-69.jpg,W,Wall,CW,Cracked,1,W/CW
C:\Users\sumit\Desktop\kavita_capstone\dataset\D\UD\7032-126.jpg,dataset/D/UD/7032-126.jpg,D,Deck,UD,Uncracked,0,D/UD
C:\Users\sumit\Desktop\kavita_capstone\dataset\W\UW\7123-158.jpg,dataset/W/UW/7123-158.jpg,W,Wall,UW,Uncracked,0,W/UW
C:\Users\sumit\Desktop\kavita_capstone\dataset\D\CD\7049-74.jpg,dataset/D/CD/7049-74.jpg,D,Deck,CD,Cracked,1,D/CD
C:\Users\sumit\Desktop\kavita_capstone\dataset\W\UW\7075-51.jpg,dataset/W/UW/7075-51.jpg,W,Wall,UW,Uncracked,0,W/UW
C:\Users\sumit\Desktop\kavita_capstone\dataset\P\CP\009-109.jpg,dataset/P/CP/009-109.jpg,P,Pavement,CP,Cracked,1,P/CP
C:\Users\sumit\Desktop\kavita_capstone\dataset\W\UW\7112-32.jpg,dataset/W/UW/7112-32.jpg,W,Wall,UW,Uncracked,0,W/UW
C:\Users\sumit\Desktop\kavita_capstone\dataset\D\UD\7033-219.jpg,dataset/D/UD/7033-219.jpg,D,Deck,UD,Uncracked,0,D/UD
C:\Users\sumit\Desktop\kavita_capstone\dataset\P\UP\076-7.jpg,dataset/P/UP/076-7.jpg,P,Pavement,UP,Uncracked,0,P/UP
C:\Users\sumit\Desktop\kavita_capstone\dataset\P\CP\049-144.jpg,dataset/P/CP/049-144.jpg,P,Pavement,CP,Cracked,1,P/CP
C:\Users\sumit\Desktop\kavita_capstone\dataset\D\CD\7038-103.jpg,dataset/D/CD/7038-103.jpg,D,Deck,CD,Cracked,1,D/CD
C:\Users\sumit\Desktop\kavita_capstone\dataset\P\CP\063-115.jpg,dataset/P/CP/063-115.jpg,P,Pavement,CP,Cracked,1,P/CP
C:\Users\sumit\Desktop\kavita_capstone\dataset\P\UP\097-205.jpg,dataset/P/UP/097-205.jpg,P,Pavement,UP,Uncracked,0,P/UP
C:\Users\sumit\Desktop\kavita_capstone\dataset\P\UP\021-213.jpg,dataset/P/UP/021-213.jpg,P,Pavement,UP,Uncracked,0,P/UP
C:\Users\sumit\Desktop\kavita_capstone\dataset\W\CW\7115-82.jpg,dataset/W/CW/7115-82.jpg,W,Wall,CW,Cracked,1,W/CW
C:\Users\sumit\Desktop\kavita_capstone\dataset\D\UD\7038-210.jpg,dataset/D/UD/7038-210.jpg,D,Deck,UD,Uncracked,0,D/UD
C:\Users\sumit\Desktop\kavita_capstone\dataset\P\UP\084-21.jpg,dataset/P/UP/084-21.jpg,P,Pavement,UP,Uncracked,0,P/UP
C:\Users\sumit\Desktop\kavita_capstone\dataset\P\UP\004-17.jpg,dataset/P/UP/004-17.jpg,P,Pavement,UP,Uncracked,0,P/UP
C:\Users\sumit\Desktop\kavita_capstone\dataset\W\CW\7074-78.jpg,dataset/W/CW/7074-78.jpg,W,Wall,CW,Cracked,1,W/CW
C:\Users\sumit\Desktop\kavita_capstone\dataset\W\UW\7139-54.jpg,dataset/W/UW/7139-54.jpg,W,Wall,UW,Uncracked,0,W/UW
C:\Users\sumit\Desktop\kavita_capstone\dataset\W\CW\7087-174.jpg,dataset/W/CW/7087-174.jpg,W,Wall,CW,Cracked,1,W/CW
C:\Users\sumit\Desktop\kavita_capstone\dataset\W\UW\7119-94.jpg,dataset/W/UW/7119-94.jpg,W,Wall,UW,Uncracked,0,W/UW
C:\Users\sumit\Desktop\kavita_capstone\dataset\D\CD\7040-64.jpg,dataset/D/CD/7040-64.jpg,D,Deck,CD,Cracked,1,D/CD
C:\Users\sumit\Desktop\kavita_capstone\dataset\P\UP\088-51.jpg,dataset/P/UP/088-51.jpg,P,Pavement,UP,Uncracked,0,P/UP
C:\Users\sumit\Desktop\kavita_capstone\dataset\D\CD\7010-121.jpg,dataset/D/CD/7010-121.jpg,D,Deck,CD,Cracked,1,D/CD
C:\Users\sumit\Desktop\kavita_capstone\dataset\P\CP\068-114.jpg,dataset/P/CP/068-114.jpg,P,Pavement,CP,Cracked,1,P/CP
C:\Users\sumit\Desktop\kavita_capstone\dataset\D\UD\7015-188.jpg,dataset/D/UD/7015-188.jpg,D,Deck,UD,Uncracked,0,D/UD
C:\Users\sumit\Desktop\kavita_capstone\dataset\W\UW\7076-79.jpg,dataset/W/UW/7076-79.jpg,W,Wall,UW,Uncracked,0,W/UW
C:\Users\sumit\Desktop\kavita_capstone\dataset\W\UW\7123-163.jpg,dataset/W/UW/7123-163.jpg,W,Wall,UW,Uncracked,0,W/UW
C:\Users\sumit\Desktop\kavita_capstone\dataset\P\CP\074-103.jpg,dataset/P/CP/074-103.jpg,P,Pavement,CP,Cracked,1,P/CP
C:\Users\sumit\Desktop\kavita_capstone\dataset\D\CD\7021-74.jpg,dataset/D/CD/7021-74.jpg,D,Deck,CD,Cracked,1,D/CD
C:\Users\sumit\Desktop\kavita_capstone\dataset\W\CW\7069-120.jpg,dataset/W/CW/7069-120.jpg,W,Wall,CW,Cracked,1,W/CW
C:\Users\sumit\Desktop\kavita_capstone\dataset\D\UD\7049-173.jpg,dataset/D/UD/7049-173.jpg,D,Deck,UD,Uncracked,0,D/UD
C:\Users\sumit\Desktop\kavita_capstone\dataset\P\UP\013-140.jpg,dataset/P/UP/013-140.jpg,P,Pavement,UP,Uncracked,0,P/UP
C:\Users\sumit\Desktop\kavita_capstone\dataset\P\CP\051-91.jpg,dataset/P/CP/051-91.jpg,P,Pavement,CP,Cracked,1,P/CP
C:\Users\sumit\Desktop\kavita_capstone\dataset\P\CP\091-124.jpg,dataset/P/CP/091-124.jpg,P,Pavement,CP,Cracked,1,P/CP
C:\Users\sumit\Desktop\kavita_capstone\dataset\D\UD\7001-123.jpg,dataset/D/UD/7001-123.jpg,D,Deck,UD,Uncracked,0,D/UD
C:\Users\sumit\Desktop\kavita_capstone\dataset\W\UW\7080-68.jpg,dataset/W/UW/7080-68.jpg,W,Wall,UW,Uncracked,0,W/UW
C:\Users\sumit\Desktop\kavita_capstone\dataset\D\UD\7032-36.jpg,dataset/D/UD/7032-36.jpg,D,Deck,UD,Uncracked,0,D/UD
C:\Users\sumit\Desktop\kavita_capstone\dataset\D\CD\7010-219.jpg,dataset/D/CD/7010-219.jpg,D,Deck,CD,Cracked,1,D/CD
C:\Users\sumit\Desktop\kavita_capstone\dataset\P\CP\043-83.jpg,dataset/P/CP/043-83.jpg,P,Pavement,CP,Cracked,1,P/CP
C:\Users\sumit\Desktop\kavita_capstone\dataset\P\UP\100-201.jpg,dataset/P/UP/100-201.jpg,P,Pavement,UP,Uncracked,0,P/UP
C:\Users\sumit\Desktop\kavita_capstone\dataset\P\UP\030-222.jpg,dataset/P/UP/030-222.jpg,P,Pavement,UP,Uncracked,0,P/UP
C:\Users\sumit\Desktop\kavita_capstone\dataset\P\UP\082-152.jpg,dataset/P/UP/082-152.jpg,P,Pavement,UP,Uncracked,0,P/UP
C:\Users\sumit\Desktop\kavita_capstone\dataset\W\UW\7120-234.jpg,dataset/W/UW/7120-234.jpg,W,Wall,UW,Uncracked,0,W/UW
C:\Users\sumit\Desktop\kavita_capstone\dataset\W\CW\7088-206.jpg,dataset/W/CW/7088-206.jpg,W,Wall,CW,Cracked,1,W/CW
C:\Users\sumit\Desktop\kavita_capstone\dataset\W\CW\7071-235.jpg,dataset/W/CW/7071-235.jpg,W,Wall,CW,Cracked,1,W/CW
C:\Users\sumit\Desktop\kavita_capstone\dataset\D\CD\7037-149.jpg,dataset/D/CD/7037-149.jpg,D,Deck,CD,Cracked,1,D/CD
C:\Users\sumit\Desktop\kavita_capstone\dataset\W\UW\7100-86.jpg,dataset/W/UW/7100-86.jpg,W,Wall,UW,Uncracked,0,W/UW
C:\Users\sumit\Desktop\kavita_capstone\dataset\P\UP\093-69.jpg,dataset/P/UP/093-69.jpg,P,Pavement,UP,Uncracked,0,P/UP
C:\Users\sumit\Desktop\kavita_capstone\dataset\D\UD\7022-116.jpg,dataset/D/UD/7022-116.jpg,D,Deck,UD,Uncracked,0,D/UD
C:\Users\sumit\Desktop\kavita_capstone\dataset\P\UP\046-187.jpg,dataset/P/UP/046-187.jpg,P,Pavement,UP,Uncracked,0,P/UP
C:\Users\sumit\Desktop\kavita_capstone\dataset\P\CP\028-83.jpg,dataset/P/CP/028-83.jpg,P,Pavement,CP,Cracked,1,P/CP
C:\Users\sumit\Desktop\kavita_capstone\dataset\D\UD\7057-17.jpg,dataset/D/UD/7057-17.jpg,D,Deck,UD,Uncracked,0,D/UD
C:\Users\sumit\Desktop\kavita_capstone\dataset\W\CW\7079-71.jpg,dataset/W/CW/7079-71.jpg,W,Wall,CW,Cracked,1,W/CW
C:\Users\sumit\Desktop\kavita_capstone\dataset\P\CP\029-100.jpg,dataset/P/CP/029-100.jpg,P,Pavement,CP,Cracked,1,P/CP
C:\Users\sumit\Desktop\kavita_capstone\dataset\W\CW\7128-116.jpg,dataset/W/CW/7128-116.jpg,W,Wall,CW,Cracked,1,W/CW
C:\Users\sumit\Desktop\kavita_capstone\dataset\D\CD\7053-99.jpg,dataset/D/CD/7053-99.jpg,D,Deck,CD,Cracked,1,D/CD
C:\Users\sumit\Desktop\kavita_capstone\dataset\P\UP\100-114.jpg,dataset/P/UP/100-114.jpg,P,Pavement,UP,Uncracked,0,P/UP
C:\Users\sumit\Desktop\kavita_capstone\dataset\P\CP\005-14.jpg,dataset/P/CP/005-14.jpg,P,Pavement,CP,Cracked,1,P/CP
C:\Users\sumit\Desktop\kavita_capstone\dataset\D\UD\7032-61.jpg,dataset/D/UD/7032-61.jpg,D,Deck,UD,Uncracked,0,D/UD
C:\Users\sumit\Desktop\kavita_capstone\dataset\W\CW\7076-187.jpg,dataset/W/CW/7076-187.jpg,W,Wall,CW,Cracked,1,W/CW
C:\Users\sumit\Desktop\kavita_capstone\dataset\W\CW\7127-202.jpg,dataset/W/CW/7127-202.jpg,W,Wall,CW,Cracked,1,W/CW
C:\Users\sumit\Desktop\kavita_capstone\dataset\W\UW\7132-157.jpg,dataset/W/UW/7132-157.jpg,W,Wall,UW,Uncracked,0,W/UW
C:\Users\sumit\Desktop\kavita_capstone\dataset\D\UD\7008-213.jpg,dataset/D/UD/7008-213.jpg,D,Deck,UD,Uncracked,0,D/UD
C:\Users\sumit\Desktop\kavita_capstone\dataset\W\CW\7133-99.jpg,dataset/W/CW/7133-99.jpg,W,Wall,CW,Cracked,1,W/CW
C:\Users\sumit\Desktop\kavita_capstone\dataset\P\UP\005-174.jpg,dataset/P/UP/005-174.jpg,P,Pavement,UP,Uncracked,0,P/UP
C:\Users\sumit\Desktop\kavita_capstone\dataset\W\UW\7080-145.jpg,dataset/W/UW/7080-145.jpg,W,Wall,UW,Uncracked,0,W/UW
C:\Users\sumit\Desktop\kavita_capstone\dataset\D\UD\7002-12.jpg,dataset/D/UD/7002-12.jpg,D,Deck,UD,Uncracked,0,D/UD
C:\Users\sumit\Desktop\kavita_capstone\dataset\D\CD\7047-166.jpg,dataset/D/CD/7047-166.jpg,D,Deck,CD,Cracked,1,D/CD
C:\Users\sumit\Desktop\kavita_capstone\dataset\W\UW\7122-40.jpg,dataset/W/UW/7122-40.jpg,W,Wall,UW,Uncracked,0,W/UW
C:\Users\sumit\Desktop\kavita_capstone\dataset\D\UD\7045-2.jpg,dataset/D/UD/7045-2.jpg,D,Deck,UD,Uncracked,0,D/UD
C:\Users\sumit\Desktop\kavita_capstone\dataset\W\CW\7079-89.jpg,dataset/W/CW/7079-89.jpg,W,Wall,CW,Cracked,1,W/CW
C:\Users\sumit\Desktop\kavita_capstone\dataset\W\UW\7087-38.jpg,dataset/W/UW/7087-38.jpg,W,Wall,UW,Uncracked,0,W/UW
C:\Users\sumit\Desktop\kavita_capstone\dataset\W\CW\7125-155.jpg,dataset/W/CW/7125-155.jpg,W,Wall,CW,Cracked,1,W/CW
C:\Users\sumit\Desktop\kavita_capstone\dataset\P\UP\089-169.jpg,dataset/P/UP/089-169.jpg,P,Pavement,UP,Uncracked,0,P/UP
C:\Users\sumit\Desktop\kavita_capstone\dataset\D\CD\7029-131.jpg,dataset/D/CD/7029-131.jpg,D,Deck,CD,Cracked,1,D/CD
C:\Users\sumit\Desktop\kavita_capstone\dataset\P\UP\015-104.jpg,dataset/P/UP/015-104.jpg,P,Pavement,UP,Uncracked,0,P/UP
C:\Users\sumit\Desktop\kavita_capstone\dataset\W\CW\7095-7.jpg,dataset/W/CW/7095-7.jpg,W,Wall,CW,Cracked,1,W/CW
C:\Users\sumit\Desktop\kavita_capstone\dataset\W\CW\7089-141.jpg,dataset/W/CW/7089-141.jpg,W,Wall,CW,Cracked,1,W/CW
C:\Users\sumit\Desktop\kavita_capstone\dataset\D\CD\7043-53.jpg,dataset/D/CD/7043-53.jpg,D,Deck,CD,Cracked,1,D/CD
C:\Users\sumit\Desktop\kavita_capstone\dataset\W\UW\7072-144.jpg,dataset/W/UW/7072-144.jpg,W,Wall,UW,Uncracked,0,W/UW
C:\Users\sumit\Desktop\kavita_capstone\dataset\D\CD\7033-182.jpg,dataset/D/CD/7033-182.jpg,D,Deck,CD,Cracked,1,D/CD
C:\Users\sumit\Desktop\kavita_capstone\dataset\P\CP\077-92.jpg,dataset/P/CP/077-92.jpg,P,Pavement,CP,Cracked,1,P/CP
C:\Users\sumit\Desktop\kavita_capstone\dataset\W\UW\7072-62.jpg,dataset/W/UW/7072-62.jpg,W,Wall,UW,Uncracked,0,W/UW
C:\Users\sumit\Desktop\kavita_capstone\dataset\P\UP\103-6.jpg,dataset/P/UP/103-6.jpg,P,Pavement,UP,Uncracked,0,P/UP
C:\Users\sumit\Desktop\kavita_capstone\dataset\W\UW\7115-167.jpg,dataset/W/UW/7115-167.jpg,W,Wall,UW,Uncracked,0,W/UW
C:\Users\sumit\Desktop\kavita_capstone\dataset\D\UD\7053-151.jpg,dataset/D/UD/7053-151.jpg,D,Deck,UD,Uncracked,0,D/UD
C:\Users\sumit\Desktop\kavita_capstone\dataset\D\UD\7033-249.jpg,dataset/D/UD/7033-249.jpg,D,Deck,UD,Uncracked,0,D/UD
C:\Users\sumit\Desktop\kavita_capstone\dataset\W\UW\7135-155.jpg,dataset/W/UW/7135-155.jpg,W,Wall,UW,Uncracked,0,W/UW
C:\Users\sumit\Desktop\kavita_capstone\dataset\P\CP\007-67.jpg,dataset/P/CP/007-67.jpg,P,Pavement,CP,Cracked,1,P/CP
C:\Users\sumit\Desktop\kavita_capstone\dataset\W\UW\7101-44.jpg,dataset/W/UW/7101-44.jpg,W,Wall,UW,Uncracked,0,W/UW
C:\Users\sumit\Desktop\kavita_capstone\dataset\W\CW\7124-151.jpg,dataset/W/CW/7124-151.jpg,W,Wall,CW,Cracked,1,W/CW
C:\Users\sumit\Desktop\kavita_capstone\dataset\P\CP\071-84.jpg,dataset/P/CP/071-84.jpg,P,Pavement,CP,Cracked,1,P/CP
C:\Users\sumit\Desktop\kavita_capstone\dataset\W\CW\7092-103.jpg,dataset/W/CW/7092-103.jpg,W,Wall,CW,Cracked,1,W/CW
C:\Users\sumit\Desktop\kavita_capstone\dataset\P\CP\032-79.jpg,dataset/P/CP/032-79.jpg,P,Pavement,CP,Cracked,1,P/CP
C:\Users\sumit\Desktop\kavita_capstone\dataset\W\CW\7115-126.jpg,dataset/W/CW/7115-126.jpg,W,Wall,CW,Cracked,1,W/CW
C:\Users\sumit\Desktop\kavita_capstone\dataset\D\CD\7022-50.jpg,dataset/D/CD/7022-50.jpg,D,Deck,CD,Cracked,1,D/CD
C:\Users\sumit\Desktop\kavita_capstone\dataset\W\CW\7075-187.jpg,dataset/W/CW/7075-187.jpg,W,Wall,CW,Cracked,1,W/CW
C:\Users\sumit\Desktop\kavita_capstone\dataset\P\UP\068-199.jpg,dataset/P/UP/068-199.jpg,P,Pavement,UP,Uncracked,0,P/UP
C:\Users\sumit\Desktop\kavita_capstone\dataset\P\UP\004-83.jpg,dataset/P/UP/004-83.jpg,P,Pavement,UP,Uncracked,0,P/UP
C:\Users\sumit\Desktop\kavita_capstone\dataset\D\UD\7048-169.jpg,dataset/D/UD/7048-169.jpg,D,Deck,UD,Uncracked,0,D/UD
C:\Users\sumit\Desktop\kavita_capstone\dataset\D\UD\7051-182.jpg,dataset/D/UD/7051-182.jpg,D,Deck,UD,Uncracked,0,D/UD
C:\Users\sumit\Desktop\kavita_capstone\dataset\P\UP\037-45.jpg,dataset/P/UP/037-45.jpg,P,Pavement,UP,Uncracked,0,P/UP
C:\Users\sumit\Desktop\kavita_capstone\dataset\D\UD\7003-71.jpg,dataset/D/UD/7003-71.jpg,D,Deck,UD,Uncracked,0,D/UD
C:\Users\sumit\Desktop\kavita_capstone\dataset\W\UW\7097-226.jpg,dataset/W/UW/7097-226.jpg,W,Wall,UW,Uncracked,0,W/UW
C:\Users\sumit\Desktop\kavita_capstone\dataset\D\CD\7004-143.jpg,dataset/D/CD/7004-143.jpg,D,Deck,CD,Cracked,1,D/CD
C:\Users\sumit\Desktop\kavita_capstone\dataset\D\UD\7052-121.jpg,dataset/D/UD/7052-121.jpg,D,Deck,UD,Uncracked,0,D/UD
C:\Users\sumit\Desktop\kavita_capstone\dataset\P\UP\050-58.jpg,dataset/P/UP/050-58.jpg,P,Pavement,UP,Uncracked,0,P/UP
C:\Users\sumit\Desktop\kavita_capstone\dataset\W\UW\7132-56.jpg,dataset/W/UW/7132-56.jpg,W,Wall,UW,Uncracked,0,W/UW
C:\Users\sumit\Desktop\kavita_capstone\dataset\W\CW\7083-73.jpg,dataset/W/CW/7083-73.jpg,W,Wall,CW,Cracked,1,W/CW
C:\Users\sumit\Desktop\kavita_capstone\dataset\P\UP\063-172.jpg,dataset/P/UP/063-172.jpg,P,Pavement,UP,Uncracked,0,P/UP
C:\Users\sumit\Desktop\kavita_capstone\dataset\P\UP\085-208.jpg,dataset/P/UP/085-208.jpg,P,Pavement,UP,Uncracked,0,P/UP
C:\Users\sumit\Desktop\kavita_capstone\dataset\D\CD\7019-2.jpg,dataset/D/CD/7019-2.jpg,D,Deck,CD,Cracked,1,D/CD
C:\Users\sumit\Desktop\kavita_capstone\dataset\W\UW\7110-66.jpg,dataset/W/UW/7110-66.jpg,W,Wall,UW,Uncracked,0,W/UW
C:\Users\sumit\Desktop\kavita_capstone\dataset\W\CW\7078-43.jpg,dataset/W/CW/7078-43.jpg,W,Wall,CW,Cracked,1,W/CW
C:\Users\sumit\Desktop\kavita_capstone\dataset\W\UW\7108-195.jpg,dataset/W/UW/7108-195.jpg,W,Wall,UW,Uncracked,0,W/UW
C:\Users\sumit\Desktop\kavita_capstone\dataset\W\CW\7090-50.jpg,dataset/W/CW/7090-50.jpg,W,Wall,CW,Cracked,1,W/CW
C:\Users\sumit\Desktop\kavita_capstone\dataset\W\UW\7130-10.jpg,dataset/W/UW/7130-10.jpg,W,Wall,UW,Uncracked,0,W/UW
C:\Users\sumit\Desktop\kavita_capstone\dataset\D\CD\7054-108.jpg,dataset/D/CD/7054-108.jpg,D,Deck,CD,Cracked,1,D/CD
C:\Users\sumit\Desktop\kavita_capstone\dataset\W\UW\7111-131.jpg,dataset/W/UW/7111-131.jpg,W,Wall,UW,Uncracked,0,W/UW
C:\Users\sumit\Desktop\kavita_capstone\dataset\D\CD\7047-187.jpg,dataset/D/CD/7047-187.jpg,D,Deck,CD,Cracked,1,D/CD
C:\Users\sumit\Desktop\kavita_capstone\dataset\P\UP\057-11.jpg,dataset/P/UP/057-11.jpg,P,Pavement,UP,Uncracked,0,P/UP
C:\Users\sumit\Desktop\kavita_capstone\dataset\D\CD\7045-83.jpg,dataset/D/CD/7045-83.jpg,D,Deck,CD,Cracked,1,D/CD
C:\Users\sumit\Desktop\kavita_capstone\dataset\W\CW\7080-134.jpg,dataset/W/CW/7080-134.jpg,W,Wall,CW,Cracked,1,W/CW
C:\Users\sumit\Desktop\kavita_capstone\dataset\W\CW\7122-184.jpg,dataset/W/CW/7122-184.jpg,W,Wall,CW,Cracked,1,W/CW
C:\Users\sumit\Desktop\kavita_capstone\dataset\W\UW\7129-88.jpg,dataset/W/UW/7129-88.jpg,W,Wall,UW,Uncracked,0,W/UW
C:\Users\sumit\Desktop\kavita_capstone\dataset\P\CP\093-173.jpg,dataset/P/CP/093-173.jpg,P,Pavement,CP,Cracked,1,P/CP
C:\Users\sumit\Desktop\kavita_capstone\dataset\D\CD\7040-70.jpg,dataset/D/CD/7040-70.jpg,D,Deck,CD,Cracked,1,D/CD
C:\Users\sumit\Desktop\kavita_capstone\dataset\P\CP\047-116.jpg,dataset/P/CP/047-116.jpg,P,Pavement,CP,Cracked,1,P/CP
C:\Users\sumit\Desktop\kavita_capstone\dataset\W\UW\7080-185.jpg,dataset/W/UW/7080-185.jpg,W,Wall,UW,Uncracked,0,W/UW
C:\Users\sumit\Desktop\kavita_capstone\dataset\P\CP\014-142.jpg,dataset/P/CP/014-142.jpg,P,Pavement,CP,Cracked,1,P/CP
C:\Users\sumit\Desktop\kavita_capstone\dataset\D\UD\7031-207.jpg,dataset/D/UD/7031-207.jpg,D,Deck,UD,Uncracked,0,D/UD
C:\Users\sumit\Desktop\kavita_capstone\dataset\P\CP\102-137.jpg,dataset/P/CP/102-137.jpg,P,Pavement,CP,Cracked,1,P/CP
C:\Users\sumit\Desktop\kavita_capstone\dataset\W\UW\7107-193.jpg,dataset/W/UW/7107-193.jpg,W,Wall,UW,Uncracked,0,W/UW
C:\Users\sumit\Desktop\kavita_capstone\dataset\D\CD\7026-86.jpg,dataset/D/CD/7026-86.jpg,D,Deck,CD,Cracked,1,D/CD
C:\Users\sumit\Desktop\kavita_capstone\dataset\W\UW\7106-107.jpg,dataset/W/UW/7106-107.jpg,W,Wall,UW,Uncracked,0,W/UW
C:\Users\sumit\Desktop\kavita_capstone\dataset\P\UP\094-161.jpg,dataset/P/UP/094-161.jpg,P,Pavement,UP,Uncracked,0,P/UP
C:\Users\sumit\Desktop\kavita_capstone\dataset\W\CW\7134-189.jpg,dataset/W/CW/7134-189.jpg,W,Wall,CW,Cracked,1,W/CW
C:\Users\sumit\Desktop\kavita_capstone\dataset\W\CW\7125-117.jpg,dataset/W/CW/7125-117.jpg,W,Wall,CW,Cracked,1,W/CW
C:\Users\sumit\Desktop\kavita_capstone\dataset\D\UD\7005-164.jpg,dataset/D/UD/7005-164.jpg,D,Deck,UD,Uncracked,0,D/UD
C:\Users\sumit\Desktop\kavita_capstone\dataset\W\UW\7117-155.jpg,dataset/W/UW/7117-155.jpg,W,Wall,UW,Uncracked,0,W/UW
C:\Users\sumit\Desktop\kavita_capstone\dataset\W\UW\7069-123.jpg,dataset/W/UW/7069-123.jpg,W,Wall,UW,Uncracked,0,W/UW
C:\Users\sumit\Desktop\kavita_capstone\dataset\P\UP\067-143.jpg,dataset/P/UP/067-143.jpg,P,Pavement,UP,Uncracked,0,P/UP
C:\Users\sumit\Desktop\kavita_capstone\dataset\P\CP\065-91.jpg,dataset/P/CP/065-91.jpg,P,Pavement,CP,Cracked,1,P/CP
C:\Users\sumit\Desktop\kavita_capstone\dataset\P\CP\103-79.jpg,dataset/P/CP/103-79.jpg,P,Pavement,CP,Cracked,1,P/CP
C:\Users\sumit\Desktop\kavita_capstone\dataset\D\UD\7035-108.jpg,dataset/D/UD/7035-108.jpg,D,Deck,UD,Uncracked,0,D/UD
C:\Users\sumit\Desktop\kavita_capstone\dataset\D\CD\7053-101.jpg,dataset/D/CD/7053-101.jpg,D,Deck,CD,Cracked,1,D/CD
C:\Users\sumit\Desktop\kavita_capstone\dataset\W\UW\7137-199.jpg,dataset/W/UW/7137-199.jpg,W,Wall,UW,Uncracked,0,W/UW
C:\Users\sumit\Desktop\kavita_capstone\dataset\D\UD\7050-44.jpg,dataset/D/UD/7050-44.jpg,D,Deck,UD,Uncracked,0,D/UD
C:\Users\sumit\Desktop\kavita_capstone\dataset\P\UP\058-84.jpg,dataset/P/UP/058-84.jpg,P,Pavement,UP,Uncracked,0,P/UP
C:\Users\sumit\Desktop\kavita_capstone\dataset\P\CP\063-103.jpg,dataset/P/CP/063-103.jpg,P,Pavement,CP,Cracked,1,P/CP
C:\Users\sumit\Desktop\kavita_capstone\dataset\D\UD\7018-223.jpg,dataset/D/UD/7018-223.jpg,D,Deck,UD,Uncracked,0,D/UD
C:\Users\sumit\Desktop\kavita_capstone\dataset\D\CD\7012-213.jpg,dataset/D/CD/7012-213.jpg,D,Deck,CD,Cracked,1,D/CD
C:\Users\sumit\Desktop\kavita_capstone\dataset\D\UD\7030-137.jpg,dataset/D/UD/7030-137.jpg,D,Deck,UD,Uncracked,0,D/UD
C:\Users\sumit\Desktop\kavita_capstone\dataset\D\UD\7020-117.jpg,dataset/D/UD/7020-117.jpg,D,Deck,UD,Uncracked,0,D/UD
C:\Users\sumit\Desktop\kavita_capstone\dataset\W\UW\7094-121.jpg,dataset/W/UW/7094-121.jpg,W,Wall,UW,Uncracked,0,W/UW
C:\Users\sumit\Desktop\kavita_capstone\dataset\D\UD\7014-22.jpg,dataset/D/UD/7014-22.jpg,D,Deck,UD,Uncracked,0,D/UD
C:\Users\sumit\Desktop\kavita_capstone\dataset\W\CW\7140-166.jpg,dataset/W/CW/7140-166.jpg,W,Wall,CW,Cracked,1,W/CW
C:\Users\sumit\Desktop\kavita_capstone\dataset\P\CP\060-77.jpg,dataset/P/CP/060-77.jpg,P,Pavement,CP,Cracked,1,P/CP
C:\Users\sumit\Desktop\kavita_capstone\dataset\P\UP\048-56.jpg,dataset/P/UP/048-56.jpg,P,Pavement,UP,Uncracked,0,P/UP
C:\Users\sumit\Desktop\kavita_capstone\dataset\D\CD\7027-4.jpg,dataset/D/CD/7027-4.jpg,D,Deck,CD,Cracked,1,D/CD
C:\Users\sumit\Desktop\kavita_capstone\dataset\W\CW\7090-103.jpg,dataset/W/CW/7090-103.jpg,W,Wall,CW,Cracked,1,W/CW
C:\Users\sumit\Desktop\kavita_capstone\dataset\P\UP\052-197.jpg,dataset/P/UP/052-197.jpg,P,Pavement,UP,Uncracked,0,P/UP
C:\Users\sumit\Desktop\kavita_capstone\dataset\P\UP\087-172.jpg,dataset/P/UP/087-172.jpg,P,Pavement,UP,Uncracked,0,P/UP
C:\Users\sumit\Desktop\kavita_capstone\dataset\D\UD\7016-246.jpg,dataset/D/UD/7016-246.jpg,D,Deck,UD,Uncracked,0,D/UD
C:\Users\sumit\Desktop\kavita_capstone\dataset\W\CW\7125-147.jpg,dataset/W/CW/7125-147.jpg,W,Wall,CW,Cracked,1,W/CW
C:\Users\sumit\Desktop\kavita_capstone\dataset\D\CD\7028-144.jpg,dataset/D/CD/7028-144.jpg,D,Deck,CD,Cracked,1,D/CD
C:\Users\sumit\Desktop\kavita_capstone\dataset\D\UD\7023-175.jpg,dataset/D/UD/7023-175.jpg,D,Deck,UD,Uncracked,0,D/UD
C:\Users\sumit\Desktop\kavita_capstone\dataset\W\UW\7131-57.jpg,dataset/W/UW/7131-57.jpg,W,Wall,UW,Uncracked,0,W/UW
C:\Users\sumit\Desktop\kavita_capstone\dataset\P\UP\082-88.jpg,dataset/P/UP/082-88.jpg,P,Pavement,UP,Uncracked,0,P/UP
C:\Users\sumit\Desktop\kavita_capstone\dataset\P\UP\100-45.jpg,dataset/P/UP/100-45.jpg,P,Pavement,UP,Uncracked,0,P/UP
C:\Users\sumit\Desktop\kavita_capstone\dataset\D\CD\7049-49.jpg,dataset/D/CD/7049-49.jpg,D,Deck,CD,Cracked,1,D/CD
C:\Users\sumit\Desktop\kavita_capstone\dataset\W\CW\7086-194.jpg,dataset/W/CW/7086-194.jpg,W,Wall,CW,Cracked,1,W/CW
C:\Users\sumit\Desktop\kavita_capstone\dataset\W\CW\7091-87.jpg,dataset/W/CW/7091-87.jpg,W,Wall,CW,Cracked,1,W/CW
C:\Users\sumit\Desktop\kavita_capstone\dataset\P\UP\011-34.jpg,dataset/P/UP/011-34.jpg,P,Pavement,UP,Uncracked,0,P/UP
C:\Users\sumit\Desktop\kavita_capstone\dataset\P\UP\056-11.jpg,dataset/P/UP/056-11.jpg,P,Pavement,UP,Uncracked,0,P/UP
C:\Users\sumit\Desktop\kavita_capstone\dataset\D\CD\7021-192.jpg,dataset/D/CD/7021-192.jpg,D,Deck,CD,Cracked,1,D/CD
C:\Users\sumit\Desktop\kavita_capstone\dataset\W\UW\7078-1.jpg,dataset/W/UW/7078-1.jpg,W,Wall,UW,Uncracked,0,W/UW
